title,url,content
第27章 龟儿子给我站住！老菊刹不住车了！,https://www.biquh.com/678_678189/65638411.html,"
当那块魂骨出现在自己面前的时候，魔熊斗罗整个人都傻了。
从那魂骨上传来的能量波动，让魔熊斗罗这个九十四级的封号斗罗都感到心惊肉跳！
“这…这是…”他的声音都在颤抖，他伸出手想要触碰，却被鬼斗罗一巴掌拍开。
“八万年魂骨！”鬼斗罗的语气里带着掩不住的得意。
“地狱鬼影左臂骨！”
魔熊斗罗的声音都变了调，眼珠子瞪得像铜铃。
“八万年？！”
“老鬼……这……这魂骨是从哪儿得来的？”
他的眼神死死锁定在那块散发着恐怖气息的魂骨上，口水都快流出来了。
鬼斗罗看着魔熊斗罗那副震惊的表情，心里别提多得意了。
“想知道？“
他把魂骨在手里掂了掂，那叫一个臭屁。
“就是月关说的那个枫染亭！“
“我今天去那里吃了顿饭，然后抽奖就抽到了这个！“
魔熊斗罗瞬间石化。
“你说啥？吃顿饭就能抽到八万年魂骨？“
“老鬼，你是不是发烧了？”
魔熊斗罗上前一步，伸出那只蒲扇般的大手，就要往鬼斗罗额头上摸去。"
第27章 龟儿子给我站住！老菊刹不住车了！,https://www.biquh.com/678_678189/65638411_2.html,"
鬼斗罗一把拍开魔熊斗罗的手，整个人瞬间就炸了。
“靠！老子好心好意带你去发财，你还质疑我？！”
他的声音里带着明显的怒气。
“我发你大爷的烧！”
魔熊斗罗被这突如其来的暴怒吓了一跳，下意识后退两步。
“老鬼，你别激动啊！我就是觉得这事儿太离谱了……”
“离谱你个头！”
鬼斗罗气得脸都绿了，直接把那块价值连城的魂骨往储物魂导器里一塞。
“老子拿八万年魂骨给你看，你踏马还说我发烧？”
“不信拉倒！”
说完，鬼斗罗扭头就走，脚步声蹬蹬蹬的，那叫一个气势汹汹。
“诶诶！老鬼你别走啊！”
魔熊斗罗看着鬼斗罗要走，顿时急了。
刚才那块魂骨他看得很清楚，那绝对是真的八万年魂骨！
散发的气息骗不了人！
虽然不敢相信吃顿饭就能抽到这种宝贝，但事实摆在面前啊！
“等等，老鬼！老鬼！”"
第27章 龟儿子给我站住！老菊刹不住车了！,https://www.biquh.com/678_678189/65638411_3.html,"
魔熊斗罗一个箭步冲上前，伸手就要去拉鬼斗罗的胳膊。
结果鬼斗罗直接一个侧身闪开，冷冷瞪了他一眼。
“老子好心带你去捡机缘，你不稀罕就算了！”
鬼斗罗的语气里满是嫌弃。
“反正林前辈那里客人多的是，不差你一个！”
说着，他又往前走了两步。
“等等等等！”
魔熊斗罗彻底慌了，连忙跑到鬼斗罗前面拦住去路。
“老鬼，我错了还不行吗？”
“鬼哥！鬼哥！
“我刚才就是太震惊了，一时没反应过来！”
他搓着手，那张饱经风霜的脸上写满了讨好。
“你别生气，咱们是多年的老兄弟了！”
看着魔熊斗罗那副求人的样子，鬼斗罗心里的火气总算消了一些。
“算了，看在咱们多年兄弟的份上，我就再给你一次机会。”
“但是丑话说在前头！”
他指着魔熊斗罗的鼻子。
“到了林前辈那里，你给我老老实实的！”"
第27章 龟儿子给我站住！老菊刹不住车了！,https://www.biquh.com/678_678189/65638411_4.html,"
“那当然！那当然！”
魔熊斗罗连连点头，活像个小鸡啄米。
“我保证规规矩矩，绝对不给你添麻烦！”
得到魔熊的保证，鬼斗罗这才带着魔熊快速朝着枫染亭赶去。
两人一路狂奔，魔熊斗罗那蒲扇般的大手紧紧攥着，心里既紧张又期待。
八万年魂骨啊！
如果真的能抽到这种宝贝，那他魔熊斗罗这辈子都值了！
但是另一边的月关，却是不怎么顺利。
“鬼豹！你特么给我站住！”
菊斗罗虽说是九十五级封号斗罗，要比鬼豹高上一级，但是对方毕竟是敏攻系，速度本就比他这种强攻系要快上不少。
再加上鬼豹为了不挨打，更是开了增幅速度的魂技，甚至弥补了两人之间的登记差距，这就让菊斗罗更难追上他了。
卧槽！老子又没招惹你！“
鬼豹斗罗回头看了一眼，发现菊斗罗正在后面紧追不舍，而且脸上还带着一种急切的表情。
这表情，让鬼豹斗罗浑身鸡皮疙瘩都起来了。
“月关你疯了吗？！“
鬼豹斗罗一边跑一边回头喊道：“老子就是在会议山嘲笑了你几句，你至于追杀我吗？！“
“追杀你个锤子！“"
第27章 龟儿子给我站住！老菊刹不住车了！,https://www.biquh.com/678_678189/65638411_5.html,"
菊斗罗气喘吁吁地在后面追着，兰花指指着前方：“我这是为你好！“
“为我好？“
鬼豹斗罗差点没被这话给噎死：“你TM追我追得跟疯狗似的，还说是在为我好？你当我鬼豹是傻的？“
说罢，鬼豹的速度更上一层了，进一步拉大两人之间的距离。
“哎！你特么！”
菊斗罗气得脸都绿了，看着鬼豹斗罗那兔子般的身影越跑越远，心里那叫一个急啊！
这可是林前辈的顾客！
一个都不能少！
“老子跟你拼了！”
菊斗罗一咬牙，直接释放了武魂！
轰！
金光闪闪的奇茸通天菊瞬间绽放在他身后，九个魂环律动着恐怖的威压。
他就这么踩着武魂快速朝着鬼豹斗罗快速逼近。
看到菊斗罗连武魂都开了，鬼豹斗罗的眼珠子差点瞪出来！
“我靠！月关你玩真的？！”
那朵金灿灿的奇茸通天菊在阳光下闪闪发光，九个魂环律动着恐怖的威压，吓得街上的低级魂师纷纷躲避。
鬼豹斗罗心里彻底慌了。
妈的！这家伙是真想弄死我啊！"
第27章 龟儿子给我站住！老菊刹不住车了！,https://www.biquh.com/678_678189/65638411_6.html,"
眼看着菊斗罗越追越近，鬼豹斗罗彻底豁出去了。
“既然你要玩真的，那老子也不客气了！”
轰！
一道黑光冲天而起，鬼豹斗罗第七魂环一闪，身体瞬间开始变化。
武魂真身！
黑色的毛发如潮水般涌出，肌肉急剧膨胀，骨骼咔咔作响。
短短一眨眼的功夫，鬼豹斗罗就变成了一只足有十米长的巨大黑豹！
“嗷！”
黑豹仰天长啸，四肢发力，整个身体如离弦之箭般蹿了出去。
敏攻系封号斗罗的武魂真身，那速度简直快得离谱！
“我草泥马！”
菊斗罗气得破口大骂，但还是催动武魂拼命追赶。
“鬼豹你个龟儿子！给老子停下！“
正当两位封号斗罗在武魂城的街道上演着疯狂追逐戏时。
距离他们前方一公里处，一个身材火辣的女性身影正提着大包小包从一家精品店里走出来。
那正是武魂殿长老中唯一的女性，九十三级的灵鸢斗罗！
虽说她已经达到了封号斗罗级别，但是她和绝大多数女人一样，很喜欢逛街购物。"
第27章 龟儿子给我站住！老菊刹不住车了！,https://www.biquh.com/678_678189/65638411_7.html,"
今天难得有空闲时间，她就出来给自己买了一堆衣服首饰。
“今天的收获还不错呢。“
灵鸢斗罗看着手里提着的各种购物袋，脸上露出满意的笑容。
她正准备继续往前走，去下一家店铺看看，结果——
“轰！“
还没等灵鸢斗罗反应过来是怎么回事，一个巨大的黑色身影就这么“嗖“地从她面前掠过！
那速度快得惊人！
带起的风压差点把她整个人都给吹倒！
“刚刚好像有个大黑耗子飞过去了？”
灵鸢斗罗眨了眨眼，一脸懵逼地看着刚才那个黑影掠过的方向。
那速度快得她都没看清楚到底是什么东西。
正当她不去理会，转而继续前进的时候，突然听到一道妖娆的惊恐声从身后传来。
“灵鸢！快躲开啊！我刹不住车了！”"
第28章 菊斗罗强抢“民女”现场,https://www.biquh.com/678_678189/65638412.html,"
灵鸢斗罗猛然回头，瞳孔瞬间收缩到针尖大小。
一朵巨大的金色菊花正以雷霆万钧之势朝她冲来！
花瓣上还站着一个妖娆的身影，正是菊斗罗月关！
“我的妈呀！”
灵鸢斗罗的脸色瞬间惨白如纸，那双平日里冷艳的美眸中满是惊恐。
作为九十三级的封号斗罗，她什么大风大浪没见过？
可眼前这一幕实在太过震撼，仿佛有座大山朝她砸来！
情急之下，这个往日里脑子只知道莽的女人瞬间运转起那早已生锈的CPU。
“你往左，我往右！”
她声嘶力竭地大喊，声音都破了音。
菊斗罗虽然感觉哪里不太对劲，但还是下意识照做，拼了命让路线偏向左侧。
灵鸢斗罗也提着大包小包往右侧躲闪。
但是……
两人面对面，菊斗罗的左，可不就是灵鸢斗罗的右吗？
“轰！”
两人狠狠撞在一起，发出惊天动地的巨响！
灵鸢斗罗整个人如炮弹般倒飞而出，在空中划出一道优美的抛物线。
她手中的购物袋瞬间炸开，各种精美的衣服、首饰、化妆品如天女散花般洒向四面八方。"
第28章 菊斗罗强抢“民女”现场,https://www.biquh.com/678_678189/65638412_2.html,"
“砰！”
灵鸢斗罗重重砸在地上，激起一片尘土。
那些昂贵的丝绸被撕成碎片，珍贵的玉石首饰摔得粉碎，进口的香水瓶子更是碎了满地。
“我的宝贝们！”
灵鸢斗罗顾不上身上的疼痛，看着散落一地的“尸体”，心如刀割。
两道鲜红的血液从她的鼻孔中流淌而出，在那张精致的脸蛋上划出两道刺目的红线。
她颤抖着从地上捡起一块还算完整的丝巾，撕开塞住流血的鼻孔。
随后猛地从地上跳起，像只发疯的母豹子般扑向菊斗罗。
“月关！你个死变态！”
“赔我的衣服！赔我的首饰！”
“你知道这些东西多少钱吗？！”
她一边哭一边对着菊斗罗连踢带打，那叫一个凄惨。
菊斗罗下意识就想道歉，毕竟撞坏了人家的东西确实不好意思。
但很快他就眼神一亮，反应过来对方也是封号斗罗！
“对啊！这也是个韭菜啊！”
跑了个鬼豹，来了个灵鸢，不亏！
察觉到菊斗罗那突然兴奋起来的眼神，灵鸢斗罗瞬间警觉起来。"
第28章 菊斗罗强抢“民女”现场,https://www.biquh.com/678_678189/65638412_3.html,"
那眼神……怎么有种看到猎物的感觉？
太吓人了！
她下意识后退两步，也不敢再继续找菊斗罗的麻烦。
“你…你想干什么？”
灵鸢斗罗的声音都在颤抖，她感觉菊斗罗的眼神实在太危险了。
而菊斗罗则是兴奋得双眼放光，那张妖娆的脸上浮现出一抹诡异的笑容。
“灵鸢，你别怕！跟我走就行了！”
他搓着手，那副模样活像看到了什么稀世珍宝。
“保证让你体验到前所未有的快乐！”
这话在灵鸢斗罗听来，简直比恶魔的低语还要恐怖。
她浑身的鸡皮疙瘩都起来了，下意识地后退两步。
“月关，你冷静一点！”
灵鸢斗罗的声音都在颤抖，她感觉眼前的菊斗罗就像是换了个人似的。
“我们有话好好说，你别这样看着我！”
可菊斗罗哪里还听得进去？
他现在满脑子想的都是林前辈的话——体验人世间的生活。
前辈需要更多的客人！
而眼前的灵鸢斗罗，就是最好的韭菜…不对，是最尊贵的客人！"
第28章 菊斗罗强抢“民女”现场,https://www.biquh.com/678_678189/65638412_4.html,"
“别废话了！”
菊斗罗眼神一凝，身形瞬间消失在原地。
灵鸢斗罗心中警铃大作！
她想要后退，但菊斗罗和她之间的距离实在太近了。
更要命的是，两人之间整整两级的实力差距！
菊斗罗身形如鬼魅般闪现，一个标准的擒拿手直接将她制服。
“月关！你疯了吗？！”
灵鸢斗罗惊恐地扭动着身体，但根本无法挣脱菊斗罗的铁钳般的手掌。
“我错了！我真的错了！”
她的声音带上了惊恐。
那些昂贵的衣服首饰在此刻显得如此微不足道。
“我不需要你赔偿了！求你放了我吧！”
可菊斗罗根本不为所动。
他的眼神中闪烁着一种狂热的光芒。
那是对林前辈的绝对忠诚！
必须把灵鸢带到枫染亭！
这是为了林前辈能够体验到更丰富的人世间生活！"
第28章 菊斗罗强抢“民女”现场,https://www.biquh.com/678_678189/65638412_5.html,"
这是神圣的使命！
“别怕，我不会伤害你的。”
菊斗罗的声音难得温和了一些，但手上的力道丝毫没有放松。
他心中涌起一阵愧疚，但很快就被使命感压了下去。
“我只是带你去个地方，保证你会感谢我的。”
说着，他一把抓住灵鸢斗罗的胳膊。
拖着对方朝着枫染亭的方向快速移动。
“走！”
灵鸢斗罗绝望地看着周围的路人。
那些人看到是两位封号斗罗的“私人恩怨”，都远远地避开了。
没有人敢插手两位封号斗罗之间的事情。
更别说是武魂殿长老级别的存在！
“不要！我不去！”
灵鸢斗罗拼命挣扎，美丽的脸蛋因为恐惧而扭曲。
但在绝对的实力压制下，她的反抗显得那么苍白无力。
菊斗罗见状，心中一横。
时间不等人！
林前辈还在等着客人呢！"
第28章 菊斗罗强抢“民女”现场,https://www.biquh.com/678_678189/65638412_6.html,"
他直接召唤出奇茸通天菊，踩在上面飞了起来。
两人的身影瞬间消失在街道上。
只留下满地的购物袋残骸。
以及路人们震惊的议论声。
“刚才那是不是菊长老？”
“好像是的，他旁边那个女的是谁？”
“不知道，但看起来很惨的样子…”
“菊长老这是要做什么啊？”
而此时的灵鸢斗罗，正被菊斗罗强行带着在房屋间快速穿梭。
风声在耳边呼啸而过。
她的心中充满了恐惧和绝望。
难道今天真的要栽在这个变态手里了吗？
另一边，魔熊斗罗已经在鬼斗罗的带领下，来到了枫染亭门口。
还没进门，魔熊斗罗就被这家饭店的外观给震住了。
朴素得不能再朴素的店面，和武魂城其他大饭店完全不能比。
这就是老鬼说的神秘饭店？
魔熊斗罗心里直打鼓。"
第28章 菊斗罗强抢“民女”现场,https://www.biquh.com/678_678189/65638412_7.html,"
“老鬼，你确定没搞错地方？”
魔熊斗罗压低声音，小心翼翼地问道。
“这破地方看起来连个正经厨师都没有。”
鬼斗罗瞪了他一眼。
“你懂个屁！”
“越是这种不起眼的地方，越隐藏着大机缘！”
“待会儿见到林前辈，你给我老实点！”
说着，鬼斗罗推开了饭店的门。"
第29章 你个浓眉大眼的，居然这么会舔？,https://www.biquh.com/678_678189/65638413.html,"
叮铃铃——
清脆的铃声响起。
魔熊斗罗跟着鬼斗罗走进店内，第一眼就看到了那个慵懒地靠在摇椅上的年轻人。
看起来也就二十出头，普普通通的样子。
这…就是老鬼说的神秘前辈？
魔熊斗罗心中疑惑，下意识地想要用魂力探查一下。
结果——
什么都感受不到！
就像是在看一个普通人！
可越是这样，魔熊斗罗心中越是震撼。
能让他一个九十四级封号斗罗都看不透深浅的存在，那得是什么级别的强者？
九十八级？
还是九十九级？
魔熊斗罗瞬间收起了心中的轻视。
他偷偷看了一眼身旁的鬼斗罗，发现对方正用一种近乎虔诚的眼神看着摇椅上的年轻人。
那种眼神…
就像是在看神明！
“前辈，我回来了。“"
第29章 你个浓眉大眼的，居然这么会舔？,https://www.biquh.com/678_678189/65638413_2.html,"
鬼斗罗的声音里带着明显的敬畏。
“这位是魔熊斗罗，我的老兄弟。“
“我跟他说了您这里的神奇，他也想来体验一下。“
这一刻，魔熊斗罗彻底确认了。
眼前这个看似普通的年轻人，绝对是个超级高手！
“前辈好！”
他毫不犹豫地单膝跪地，抢在鬼斗罗前面开口。
“晚辈魔熊斗罗，武魂殿长老，九十四级强攻系封号斗罗！”
“久闻前辈大名，今日得见，实乃三生有幸！”
鬼斗罗愣了一下。
你个浓眉大眼的家伙，居然比我还会舔？
不对，这叫敬重！
对林前辈的敬重！
林枫慵懒地瞥了一眼跪在地上的魔熊斗罗，心中暗自吐槽。
我擦？这货怎么一上来就跪？
老子还没装逼呢，你就这么配合？
这届韭菜的觉悟这么高吗？"
第29章 你个浓眉大眼的，居然这么会舔？,https://www.biquh.com/678_678189/65638413_3.html,"
但表面上，林枫依然云淡风轻。
“起来吧。“
他的语气平淡如水，但在魔熊斗罗听来，却蕴含着不容置疑的威严。
“这里是饭店，不是什么宗门。“
“想吃饭就点菜，想抽奖就消费。“
“没那么多繁文缛节。”
闻言，魔熊斗罗先是看向鬼斗罗。
那双平日里凶狠的眼神中，此刻竟然带着几分小心翼翼的询问。
得到对方的点头示意后，这才让魔熊斗罗心中稍安。
他缓缓起身，动作比平时轻柔了不知道多少倍。
生怕发出一点声响，惊扰了这位神秘的前辈。
魔熊斗罗小心翼翼地走到座位边，恭敬地坐下。
那张平时粗犷的脸上，此刻写满了谨慎。
只不过当他伸手打开菜单的那一刻，整个人都愣住了。
这价格.....有点小贵啊？
随随便便一道菜就是上万金魂币？
他下意识地揉了揉眼睛，以为自己看错了。
可事实就摆在面前。"
第29章 你个浓眉大眼的，居然这么会舔？,https://www.biquh.com/678_678189/65638413_4.html,"
最便宜的都要八千金魂币！
“老鬼……”
魔熊斗罗的声音都在发颤，他偷偷瞄了一眼身边的鬼斗罗。
“这价格是不是搞错了？”
鬼斗罗看着对方那副震惊的表情，心中涌起一阵优越感。
想当初，他第一次看到这菜单的时候，也是这种反应。
“老熊，你这眼光太短浅了。”
鬼斗罗压低声音，语重心长地说道。
“这可是能抽到魂骨的饭店！”
“八万年魂骨啊！”
他拍了拍自己的储物魂导器，眼神中闪烁着得意的光芒。
“你觉得八万年魂骨值多少钱？”
轰！
这话如同醍醐灌顶，瞬间让魔熊斗罗清醒过来。
对啊！
这里不是普通的饭店！
这是能够抽到八万年魂骨的神奇之地！"
第29章 你个浓眉大眼的，居然这么会舔？,https://www.biquh.com/678_678189/65638413_5.html,"
八万年魂骨，那可是整个大陆都找不出几块的绝世珍宝！
别说几万金魂币了，就算是几十万、几百万金魂币，都有无数封号斗罗抢破头！
这样一想，眼前的价格简直就是白菜价！
魔熊斗罗的眼神瞬间变了。
从震惊变成了狂热！
“老鬼，你说得对！”
他激动地搓着手，那张粗犷的脸上写满了兴奋。
“这哪里是贵啊？这简直是太便宜了！”
“快！快给我推荐几道菜！”
鬼斗罗满意地点点头，心中暗自得意。
看吧，这就是有经验的好处。
他伸手指向菜单上的某一栏。
“老熊，以你的饭量，我建议点这几道菜......”
......
当然，在鬼斗罗与菊斗罗为枫染亭疯狂拉新的时候，黄金一代的三小只也一样没闲着。
他们来到了圣龙斗罗拓跋希的住处。
三人心知肚明，自己人微言轻。
如果直接说出枫染亭的神奇，肯定会和菊斗罗那样不被相信。"
第29章 你个浓眉大眼的，居然这么会舔？,https://www.biquh.com/678_678189/65638413_6.html,"
因此三人决定换个策略。
“你们三个要给我介绍一家饭店，还要请我吃饭？“
拓跋希看着面前目光真诚的胡列娜三人，忍不住笑了笑。
这三个小家伙平时可都是无事不登三宝殿的主儿。
那张饱经风霜的脸上写满了慈祥。
“是的是的，那家饭店的菜可香了！“
胡列娜眼神发亮，小手不自觉地比划着。
“拓跋爷爷您去了一定会爱上那里的！“
说着，胡列娜想起枫染亭的饭菜，几乎是下意识地咽了一口口水。
焱更是夸张地擦了擦嘴角，一副回味无穷的样子。
“拓跋长老，那里的菜真的太好吃了！”
“我活了这么多年，从来没吃过那么香的饭菜！”
邪月也在一旁点头附和。
“是啊，那家饭店的老板手艺绝了！”
“我感觉吃完之后，整个人都精神了不少！”
三人那副馋鬼的模样，看得拓跋希心中一软。
作为新晋封号的拓跋希，可以说是长老团里为数不多的老好人。"
第29章 你个浓眉大眼的，居然这么会舔？,https://www.biquh.com/678_678189/65638413_7.html,"
对待身边伙伴态度极好，更别说是这三个优秀的后辈了。
见到三小只这副馋鬼的表现，心中猜测这几个孩子怕是嘴馋了。
想要吃顿大餐却迫于囊中羞涩，这才打着介绍饭店的幌子想跟着大吃一顿吧？
也罢，大不了今天不修炼了。
带着孩子们去解解馋就是了。
“既然你们这么推荐，那我就陪你们去看看。“
拓跋希温和地摸了摸胡列娜的脑袋。
“不过可说好了，今天拓跋爷爷请客。“
“你们三个小鬼头，可别跟我客气！“
胡列娜三人对视一眼，眼中都闪过一丝得意。
计划成功！
“太好了！拓跋爷爷，您一定不会失望的！”
邪月也是满脸期待。
“等您尝过那里的菜，就知道我们没有夸大其词了！”
四人一路有说有笑，朝着枫染亭的方向走去。
拓跋希丝毫没有察觉到，自己即将经历一场颠覆三观的震撼体验。"
第30章 强扭的瓜超甜！女斗罗当场真香！,https://www.biquh.com/678_678189/65638414.html,"
叮铃铃——
伴随着又一阵清脆的铃声，菊斗罗拖着一个狼狈的身影冲了进来。
林枫偷偷掀开一条眼缝，扫了一眼，差点当场破功。
我趣，菊花关这是从哪儿捡回来的新韭菜？
这造型也太别致了。
头发乱得跟鸡窝似的，衣服上全是灰（之前被菊斗罗撞飞时沾上的），鼻孔里还塞着两坨不明物体……
等等，那玩意儿好像是染了血的丝绸？
好家伙，这是什么全新业务模式？
绑架、施暴、最后扭送进店消费一条龙服务？
你们武魂殿现在都玩得这么花了？
林枫内心疯狂吐槽，表面上依旧稳如老狗，继续在摇椅上晃悠。
灵鸢斗罗被菊斗罗像拖麻袋一样架着，一路风驰电掣，她肺都快气炸了。
她发誓，只要一落地，她就要让这个不知死活的死人妖知道，自己身为武魂殿唯一的女长老，可不是好惹的！
可就在她被拖进那间名为“枫染亭”的饭店门口时，一股无法用言语形容的霸道香气，竟是瞬间击溃了她所有的怒火与防备。
那不是凡间的食物香气。
那香味仿佛拥有生命，温柔又蛮横地钻入她的每一个毛孔，安抚了她体内暴走的魂力，同时唤醒了她灵魂深处最原始的，对食物的渴望。
“咕嘟。”
灵鸢斗罗的喉咙不受控制地滚动了一下，挣扎的动作也瞬间停了下来。"
第30章 强扭的瓜超甜！女斗罗当场真香！,https://www.biquh.com/678_678189/65638414_2.html,"
她那双充满怒火的美眸，此刻只剩下茫然与震惊。
这是……什么味道？
好香……
突然，她感觉鼻子有点不得劲。
她低头一看，这才想起那两团用来止鼻血的丝绸还死死地塞在鼻孔里。
此刻在这股浓郁香气的强烈冲击下，这两个塞子反而成了最大的阻碍。
“这味道……“
灵鸢斗罗下意识地抬起手，小心翼翼地捏住露在外面的丝绸一角，轻轻往外一拽。
第一团丝绸被拽出来的瞬间，更加清晰、更加浓烈的香味争先恐后地涌入鼻腔。
她忍不住又拽出了另一团。
然后，她大大地吸了一口。
“嘶——哈——”
那股霸道的香味如潮水般涌入，让她整个人都陶醉得微微摇晃，双颊泛起不正常的红晕。
菊斗罗在一旁看着她这副小心翼翼又陶醉无比的模样，嘴角勾起一抹得意的弧度。
看吧，没有人能够抵挡得住林前辈饭店的魅力！
随后灵鸢斗罗转动脖颈，视线缓缓投向店内。
然后，她就看到了让她毕生难忘的一幕。"
第30章 强扭的瓜超甜！女斗罗当场真香！,https://www.biquh.com/678_678189/65638414_3.html,"
只见店内的一张桌子旁，那个以皮糙肉厚、性格暴躁著称的魔熊斗罗，正抱着一个比他脸还大的饭碗，狼吞虎咽。
那根本不是在吃饭！
那是在朝圣！
晶莹的米饭混着肉汁被他大口大口地塞进嘴里，滚烫的泪水顺着他粗犷的脸颊不断滑落，嘴里还发出含混不清的呜咽。
“呜……好吃……太好吃了……”
“老子活了快一百年……今天才知道什么叫真正的美食……”
那副如痴如醉、幸福到哭出来的模样，哪里还有半点封号斗罗的威严？
分明就是一个迷途百年，终于找到家的孩子。
仅仅是闻着空气中的余香，看着魔熊斗罗那夸张的吃相，灵鸢斗罗肚子里的馋虫就像是活了过来，开始疯狂地嘶吼、翻滚。
这一刻，什么被强行掳来的屈辱，什么被撞坏的衣服首饰，全都被她抛到了九霄云外。
她的脑子里，只剩下一个念头。
吃！
老娘也要吃！
“月关？”
鬼斗罗的声音将灵鸢斗罗从失神中拉了回来，他看着被菊斗罗架着的灵鸢，眼中闪过一丝错愕。
“怎么把她带来了？鬼豹那家伙呢？”
菊斗罗随手将已经彻底变乖的灵鸢斗罗推到一张椅子上坐好，这才翘着兰花指，没好气地撇了撇嘴。
“别提了！”"
第30章 强扭的瓜超甜！女斗罗当场真香！,https://www.biquh.com/678_678189/65638414_4.html,"
“那个没品位的蠢豹子，跑得比兔子还快，我懒得跟他一般见识！”
他用眼角的余光瞥了一眼灵鸢斗罗，语气中带着几分施舍般的骄傲。
“算她运气好，半路撞上了我，这天大的机缘，就便宜她了！”
“哼，有机缘都不知道珍惜，活该那头蠢豹子一辈子卡在九十三级！永远别想进步！”
随后，菊斗罗清了清嗓子，那张妖娆的脸上堆满了谄媚的笑意，对着摇椅上的林枫，毕恭毕敬地介绍起来。
“前辈。”
他的腰几乎弯成了九十度，姿态放得极低。
“这根新的韭菜……啊呸！这位新的客人，也是我们武魂殿的长老，九十三级的灵鸢斗罗。”
闻言，林枫懒洋洋地掀开一条眼缝。
视线在灵鸢斗罗那狼狈不堪的身上轻轻扫过，最后又慢悠悠地合上，只从鼻腔里发出一个微不可闻的“嗯”声。
一套行云流水的操作，轻描淡写，却又充满了难以言喻的压迫感。
这一下，直接把灵鸢斗罗看傻了。
月关你疯了？
你一个九十五级的封号斗罗，武魂殿位高权重的长老，居然对一个看起来普普通通的年轻人这么恭敬？
你们俩的身份是不是搞反了？
还有那个年轻人！
被一位封号斗罗如此恭维，他居然连眼皮都懒得抬一下？这世上还有这么狂的人？"
第30章 强扭的瓜超甜！女斗罗当场真香！,https://www.biquh.com/678_678189/65638414_5.html,"
然而，所有的疑惑和不忿，在闻到空气中那愈发霸道的香气时，都显得那么微不足道。
灵鸢斗罗此刻也懒得计较这些了。
她现在满脑子，只有一个念头。
干饭！
只不过，当她颤抖着手拿起那本看起来平平无奇的菜单时，整个人瞬间如遭雷击。
这价格……是认真的吗？
一碗最普通的面，就要将近上万金魂币？
店家怎么不去抢？！
见到灵鸢斗罗脸上那副经典的、见了鬼似的震惊表情，菊斗罗瞬间就懂了。
他清了清嗓子，兰花指翘得老高，气沉丹田，正准备开始他那套已经跟魔熊斗罗演练过一遍的“价值投资学”演讲。
这套话术，他已经烂熟于心。
“灵鸢啊，你可千万别被这个价格吓到，我跟你说，前辈这里真正的价值在于……”
然而，接下来发生的一幕，让所有人都始料未及。
只见灵鸢斗罗猛地抬头，视线越过菊斗罗，死死地钉在邻桌那个抱着饭碗、哭得稀里哗啦的魔熊斗罗身上。
那可是魔熊斗罗！
以皮糙肉厚、脾气火爆著称的莽夫！
此刻却像个三岁孩子一样，被一碗饭感动得涕泗横流。
这种视觉冲击力，比任何话语都有说服力。"
第30章 强扭的瓜超甜！女斗罗当场真香！,https://www.biquh.com/678_678189/65638414_6.html,"
下一秒，她做出了决断。
“老板。”
灵鸢斗罗的声音不大，却异常坚定，像一把利刃，直接斩断了菊斗罗激情澎湃的开场白。
“来一份凤髓百料干拌面。”
“一份千劫涅槃羽衣酥。”
“再来一份冰焰朱雀翅。”
菊斗罗：“……”"
第31章 纯粹吃货vs功利韭菜,https://www.biquh.com/678_678189/65638415.html,"
闻言，菊斗罗整个人，直接当场宕机。
他精心准备的腹稿，那洋洋洒洒数千字，从八万年魂骨的震撼出场，到奇茸通天菊的失而复得，再升华到林前辈宅心仁厚的无上格局……
所有感人肺腑、催人消费的核心卖点，此刻全部被这三道冰冷的菜名，死死地堵在了喉咙里。
不……
这剧本不对啊！
流程不应该是这样的！
我还没开始给你洗脑……啊不，还没开始给你介绍这里的旷世机缘，你怎么就把钱给花了？！
察觉到菊斗罗那副活像见了鬼的呆滞表情，灵鸢斗罗凤眉一挑，狠狠地瞪了他一眼，眼神中满是毫不掩饰的嫌弃。
“看什么看？”
“撞坏了我那么多新买的宝贝，我还没找你要赔偿呢！”
菊斗罗终于回过神，下意识地就想启动备用方案，急忙开口：“灵鸢，你误会了，我不是这个意思，我是想说，前辈这里真正的价值，在于那无上的机缘……”
他话还没说完，就被灵鸢斗罗不耐烦地挥手打断。
“机缘？”
灵鸢斗罗嗤笑一声，那眼神仿佛在看一个不懂事的孩子。
她伸出纤纤玉指，点了点菜单，又指了指自己那依旧在咕咕作响的肚子，理直气壮地说道：
“现在，我的肚子告诉我，它想吃！”
“这就是眼下最大的机缘！”
“至于你说的那些，等我吃饱了再说！”"
第31章 纯粹吃货vs功利韭菜,https://www.biquh.com/678_678189/65638415_2.html,"
这番话，说得是那么的纯粹，那么的……有道理。
菊斗罗张了张嘴，发现自己竟无言以对。
可他还是不死心，指着菜单上那天文数字般的价格，提醒道：“可是……这价格……”
“贵？”
灵鸢斗罗像是听到了什么天大的笑话，嘴角一撇。
“就是因为它贵，我才要点！”
“你懂什么，这叫一分钱一分货！能开出这种价格，又能让魔熊那个夯货吃得一把鼻涕一把泪，本身就说明了一切！”
“为此，花多少钱都是值得的！”
她顿了顿，又补充了一句，彻底击碎了菊斗罗最后的话术。
“当然，确实是贵了点，所以老娘就先点三道菜，浅尝一下，有问题吗？”
菊斗罗：“……”
没问题。
是我有问题。
有趣。
躺在摇椅上的林枫，眼底深处，悄然划过一丝玩味的光芒。
他原本以为，来他这儿的顾客，都该是菊斗罗和鬼斗罗那种类型。
一个个被“抽奖”和“旷世机缘”冲昏了头脑。"
第31章 纯粹吃货vs功利韭菜,https://www.biquh.com/678_678189/65638415_3.html,"
满脑子想的都是魂骨、仙草，是修为的精进。
堪称教科书级别的功利主义韭菜。
简单，纯粹，好收割。
却没想到，今天居然让他捕获了一个全新的品种。
一个……纯粹的吃货。
不为机缘，不为奖励，仅仅是因为闻到了香味，看到了价格，就认定这是无上美味。
这种韭菜……
似乎比前面那些，更有格调一些。
可就在林枫饶有兴致地给新韭菜打上标签时，脑海中，系统那冰冷又熟悉的毒舌声，如约而至。
【叮！杂鱼宿主，别在那自我良好了，收起你那没见过世面的表情。】
【这个女人现在看着像个纯粹的饭桶，对价格也毫不在意，那是因为她还没见过真正的好东西。】
【人性是贪婪的，宿主。】
系统的声音里，带着一丝不易察觉的嘲弄。
【一旦让她尝到了抽奖的甜头，体验过那种一步登天、命运被瞬间改写的极致快感……】
【你猜，她会不会变成和你脚下那两根忠心耿耿的老韭菜，一个德行？】
林枫嘴角的弧度微微一僵。
狗系统这张嘴，还是那么的欠。
但不得不承认，它说的或许没错。"
第31章 纯粹吃货vs功利韭菜,https://www.biquh.com/678_678189/65638415_4.html,"
人性本贪。
在魂骨、仙草这种能逆天改命的机缘面前，所谓的“吃货”属性，恐怕脆弱得不堪一击。
可那又如何？
林枫心中冷笑一声。
管她是什么动机，馋嘴的韭菜也好，贪婪的韭菜也罢。
只要能被他收割，能给他贡献积分，那就是一根好韭菜。
至于韭菜们的心路历程？
他懒得关心。
【想那么多做什么，你一个破系统，还想当人生导师不成？】
林枫在心里默默回怼了一句。
他收敛心神，那副慵懒淡漠的神情再次挂回脸上，仿佛刚才的一切心理活动都未曾发生。
他缓缓从摇椅上起身，动作不带一丝烟火气，对着灵鸢斗罗的方向，也是对着所有人，淡淡地吐出两个字。
“稍等。”
话音落下，他便转身走向后厨，留给众人一个高深莫测的背影。
待到林枫那道看似寻常的身影消失在后厨的门帘后。
菊斗罗这才施施然地挪动脚步，径直走到了鬼斗罗的身边，紧挨着坐了下来。
两人几乎是肩膀贴着肩膀，脑袋凑在一起，低声私语，神态亲昵得不像话。"
第31章 纯粹吃货vs功利韭菜,https://www.biquh.com/678_678189/65638415_5.html,"
“呕——”
隔壁桌，正抱着大碗，吃得泪流满面的魔熊斗罗，恰好瞥见了这一幕，胃里顿时一阵翻江倒海。
嘴里的绝世美味，都差点被这辣眼睛的画面给逼出来。
这两个老东西，是真不把别人当外人啊！
他赶紧闭上眼睛，嘴里咀嚼的动作却不敢停，心中疯狂默念。
看不见！我看不见！
只要我吃得够快，就没人能影响我干饭！
叮铃铃——
饭店门口那清脆的风铃声，再次响起。
黄金一代的三小只，正满脸期待地簇拥着一位面容慈祥，气度不凡的老者走了进来。
来者，正是圣龙斗罗，拓跋希。
刚一踏入店门，拓跋希的脚步便猛地一顿。
一股霸道绝伦的香气，仿佛拥有生命一般，瞬间钻入他的鼻腔，蛮横地冲刷着他的四肢百骸！
好香！
仅仅是闻到这股味道，拓跋希就感觉自己体内的魂力都开始隐隐躁动，腹中更是传来一阵雷鸣。
难怪这几个小家伙会馋成那个样子！
他心中暗笑，眼神中充满了对后辈的宠溺，随即抬眼望向店内。
然而，下一秒。"
第31章 纯粹吃货vs功利韭菜,https://www.biquh.com/678_678189/65638415_6.html,"
拓跋希脸上的笑容，彻底僵住。
他看见了什么？
那个以脾气火爆、皮糙肉厚著称的魔熊斗罗，正闭着眼睛，抱着一个比他脸还大的碗，一边狼吞虎咽，一边泪流满面，嘴里还发出意义不明的呜咽。
那副模样，哪里还有半点封号斗罗的威严！
视线再一转。
他又看到了长老团里唯一的女长老，灵鸢斗罗！
此刻的她，发髻散乱，衣衫沾灰，鼻孔里似乎还残留着血迹，形象狼狈到了极点。
可她那双美丽的眼睛里，却看不到丝毫愤怒，只有一种近乎痴迷的渴望，死死盯着后厨的方向。
这……这又是什么情况？！
拓跋希感觉自己的大脑已经有些不够用了。
而最让他感到头皮发麻的……
是角落里的菊斗罗和鬼斗罗！
这两个长老殿最顶尖、最出名的封号斗罗，此刻正……正旁若无人地腻在一起说悄悄话？
拓跋希的瞳孔，在这一刻，发生了八级地震。
他身后的胡列娜，在看到菊、鬼二人的亲密互动后，眼睛却瞬间亮了起来，死死捂住嘴巴，才没让自己发出奇怪的尖叫声。"
第32章 拓跋希：咱武魂殿啥时候这么穷了？,https://www.biquh.com/678_678189/65638917.html,"
拓跋希好不容易才将视线，从菊斗罗与鬼斗罗那过分亲昵的角落里，艰难地挪开。
他感觉自己的眼睛像是被什么污秽之物给玷污了。
这位圣龙斗罗强迫自己冷静下来，试图重新整理一下脑子里那团已经彻底乱成麻线的思绪。
也就在这一刻，他浑身一僵，终于意识到了一个让他头皮发麻的事实。
他开始在心里默默地点名。
魔熊斗罗，那个性如烈火的莽夫……在。
灵鸢斗罗，长老殿里最高傲的雌鹰……也在。
鬼斗罗……在。
菊斗罗……也在。
拓跋希的眼角狠狠抽搐了一下。
他飞快地在脑海中过了一遍长老殿的名单。
除了常年驻扎在天斗帝国执行任务的蛇矛与刺豚两位长老，以及不知所踪的鬼豹斗罗……
他们长老殿的封号斗罗，此刻，竟然全都诡异地聚集在了这个小小的饭馆里！
这……是什么情况？
一瞬间，一个荒谬的念头，不受控制地从拓跋希的脑海中冒了出来。
难道是长老殿在这里召开什么绝密会议？
可这个念头刚一升起，就被他自己给掐灭了。
开什么玩笑！"
第32章 拓跋希：咱武魂殿啥时候这么穷了？,https://www.biquh.com/678_678189/65638917_2.html,"
他们武魂殿长老殿，乃是整个斗罗大陆权力与实力的巅峰之一！
就算要开会，也该是在那金碧辉煌、威严肃穆的长老殿中进行！
怎么可能选在这种……
简陋、朴素、甚至可以说是寒酸的小饭馆里？！
他脸上的肌肉，开始不受控制地抽搐起来。
不是。
咱武魂殿……
什么时候穷到这个地步了？！
就在拓跋希的世界观即将崩塌重组之际，一股先前被震惊所忽略的霸道香气，终于冲破了他脑海中的混沌，强行接管了他的所有感官。
那香味，仿佛拥有生命。
仅仅是吸入一口，就让他感觉自己体内的魂力都开始欢呼雀跃，腹中更是传来一阵擂鼓般的轰鸣。
拓跋希猛地一怔。
他僵硬地转动脖颈，重新审视着眼前这光怪陆离的一切。
视线落在了那个抱着大碗，哭得稀里哗啦的魔熊斗罗身上。
那副模样，简直就像是一种……吃到了毕生所求的绝世珍馐后，发自灵魂深处的感动与朝圣！
他的目光又转向了形象狼狈的灵鸢斗罗。
对方那双美丽的眼睛里，只有一种近乎痴迷的渴望，死死地盯着后厨的方向，仿佛在等待神迹的降临！"
第32章 拓跋希：咱武魂殿啥时候这么穷了？,https://www.biquh.com/678_678189/65638917_3.html,"
拓跋希彻底明白了。
合着……他们来这里，真的就只是为了……吃饭啊！
想通了这一点，他只觉得比刚才的“绝密会议”猜想，还要来得更加荒诞！
究竟是什么样的饭菜，能让一群站在大陆顶点的封号斗罗，集体失态到如此地步？！
难怪！
难怪这几个小家伙会馋成那个样子！
拓跋希心中最后的一丝疑虑，也彻底烟消云散。
他甚至觉得，如果今天自己没有吃上这里的一顿饭，那将会是这辈子最大的遗憾！
想通了所有关节，拓跋希先是朝着魔熊、灵鸢等人的方向点了点头，算是打了个招呼。
随后，他转过身，脸上重新挂上了那慈祥温和的笑容，对着胡列娜三人招了招手。
“看来，你们给我介绍的地方还真不得了啊。”
“走吧，孩子们，我们也找个位置坐下。”
“今天这顿饭，拓跋爷爷请客！”
说着，拓跋希便带着那份长辈的从容与宠溺，率先走向一张空桌，泰然落座。
胡列娜三人交换了一个心照不宣的眼神，却没有跟着坐下。
他们恭恭敬敬地侍立在拓跋希的身后。
开玩笑。
前辈的规矩，一天只能吃一顿。"
第32章 拓跋希：咱武魂殿啥时候这么穷了？,https://www.biquh.com/678_678189/65638917_4.html,"
更何况，在这位神秘莫测的前辈面前，他们哪里敢造次？
能站着见证一位封号斗罗被前辈的饭菜所征服，本身就是一种荣幸！
拓跋希对此并未在意，只当是孩子们尊敬自己。
他拿起桌上那本看起来朴实无华的菜单，随意地翻了开来。
脸上的笑容，依旧温和慈祥。
然而，下一秒。
他脸上的笑容，凝固了。
他的视线，死死地钉在菜单上，瞳孔在刹那间收缩到了极致！
一行行菜名，他看得懂。
可菜名后面跟着的那一串串数字，他却感觉自己的大脑完全无法理解！
一碗面，八千金魂币？
随随便便一瓶酒，上万金魂币？！
拓跋希的手，开始不受控制地微微颤抖。
他猛地闭上眼，深吸一口气，然后再次睁开！
价格，没有变。
那一排排零，像是在无情地嘲笑着他的认知。
幻觉？"
第32章 拓跋希：咱武魂殿啥时候这么穷了？,https://www.biquh.com/678_678189/65638917_5.html,"
不！
以他封号斗罗的精神力，怎么可能出现幻觉！
拓跋希感觉自己的喉咙有些发干，他下意识地抬起头，想问问胡列娜这到底是怎么回事。
可话到嘴边，他又硬生生咽了回去。
不行！
自己堂堂圣龙斗罗，长老殿的长老，刚刚才夸下海口要请孩子们吃饭。
现在要是被区区一个菜单吓到，这张老脸往哪儿搁？！
他强行挤出一个比哭还难看的笑容，只是那僵硬的嘴角，已经彻底出卖了他内心的惊涛骇浪。
只是这……
这开的不是饭店。
这他妈是在抢钱啊！！！
拓跋希心中所想，又怎会逃过胡列娜那双狐狸般敏锐的眼睛。
她看到拓跋希那僵硬的笑容和微微颤抖的手指，心中暗笑，面上却恰到好处地流露出一丝惶恐与歉意。
她轻轻拉了拉拓跋希的衣袖，用一种愧疚又懂事的语气，低声开口。
“拓跋爷爷，要不……我们还是走吧？”
声音不大，却清晰地传到了拓跋希的耳中。
“是我们不懂事，毕竟这里的菜……也太贵了些。”
胡列娜微微低下头，那模样，仿佛是一个做错了事，怕长辈责罚的孩子。"
第32章 拓跋希：咱武魂殿啥时候这么穷了？,https://www.biquh.com/678_678189/65638917_6.html,"
“啊？就走吗？”
一旁的焱则完美扮演了猪队友的角色，他眼巴巴地望着后厨的方向，下意识地咽了口唾沫，脸上满是纯粹的渴望与不舍。
“可是……真的好香啊……”
这一下，更是让拓跋希骑虎难下。
他堂堂圣龙斗罗，武魂殿的长老，刚刚才夸下海口要请客，现在难道要因为价格，在几个小辈面前灰溜溜地逃走吗？
就在拓跋希准备拍着胸脯表示小意思时，一直沉默的邪月上前一步。
他的神情比胡列娜和焱都要严肃、真诚。
“拓跋长老，娜娜说得对，我们不该让您如此破费。”
“只是……”
邪月话锋一转，眼神变得深邃起来，仿佛蕴含着什么重大的秘密。
“我们之所以斗胆请您来此，并不仅仅是因为这里的饭菜好吃。”
他压低了声音，目光扫过邻桌那哭得稀里哗啦的魔熊斗罗，以及角落里腻在一起的菊鬼斗罗。
“我们亲眼看到，菊长老与鬼长老……他们在这里，获得了难以想象的……机缘。”
“我们觉得，这种天大的好事，理应最先告诉您这位最疼爱我们的长辈。”
“所以……才冒昧前来。”
这番话，有理有据，进退有度。
既给了拓跋希台阶下，又成功将一个巨大的诱惑，摆在了他的面前。"
第32章 拓跋希：咱武魂殿啥时候这么穷了？,https://www.biquh.com/678_678189/65638917_7.html,"
走？
走了，丢的是他圣龙斗罗的脸面。
不走？
那就不仅仅是吃饭，更是对一场可能存在的“天大机缘”的探索！
一瞬间，拓跋希眼中的震撼，尽数化为了浓厚的兴趣与决断！"
第33章 灵鸢斗罗：月关撞的这一下太值了！,https://www.biquh.com/678_678189/65638918.html,"
见到拓跋希脸上那由震惊转为决断的神情，胡列娜嘴角的弧度，勾起得愈发明显。
成了！
她与身旁的焱和邪月飞快地交换了一个心照不宣的眼神。
三人的眼底，都闪烁着坏笑。
作战，大成功！
也就在这时。
后厨那朴素的门帘被轻轻掀开，一道身影不疾不徐地走了出来。
正是林枫。
他手中端着一个木制托盘，上面摆放着几道精致得不像凡间之物的菜肴，正是灵鸢斗罗方才所点。
他刚一走出，那双看似慵懒的眸子便随意地在店内扫过。
当目光掠过胡列娜三人，以及他们身边那位气息沉凝的老者时，有了一瞬微不可察的停顿。
哟呵。
林枫心底轻笑一声，眉梢微不可见地向上挑了挑。
不错嘛。
这三个小家伙，业务能力见长啊。
居然这么快，就又给自己的饭店，拉来了一根……封号斗罗级别的老韭菜。
当然，内心开心归开心，他表面上依旧是那副万事不萦于心、云淡风轻的模样。
林枫迈着平稳的步伐，径直走向灵鸢斗罗的桌前。"
第33章 灵鸢斗罗：月关撞的这一下太值了！,https://www.biquh.com/678_678189/65638918_2.html,"
随着他的靠近，那股本就霸道绝伦的香气陡然浓烈了十倍，仿佛化作了实质，疯狂地钻入灵鸢斗罗的鼻腔，让她几乎要当场失态。
他将托盘上的几道菜品，如行云流水般，一一摆放在灵鸢斗罗面前。
“请慢用。”
他淡淡地开口，声音不大，却清晰地传入每一个人耳中，仿佛带着某种言出法随的魔力，瞬间安抚了众人躁动的心绪。
美食当前，灵鸢斗罗哪里还顾得上什么长老的威严与仪态。
她一把将那盘“凤髓百料干拌面”揽到自己面前，拿起筷子，卷起一大团色泽诱人、香气扑鼻的面条，便迫不及待地送入口中。
面条入口的瞬间。
一股无法用言语形容的极致鲜香，如同宇宙大爆炸般，在她味蕾的中心轰然引爆！
筋道的面条仿佛拥有生命，在齿间弹跳。
而那浓郁的酱汁，更是蕴含了百种难以分辨却又完美融合的滋味，层层递进，一浪高过一浪，疯狂冲刷着她的灵魂！
“唔——！”
灵鸢斗罗的双眼瞬间瞪得滚圆，脸上浮现出一种近乎于痴傻的陶醉与震撼。
她感觉自己体内那九十三级的魂力，都在这股霸道的食气冲击下，开始沸腾、欢呼！
她又夹起一块晶莹剔透、状若羽翼的“千劫涅槃羽衣酥”。
轻轻一咬。
“咔嚓——”
酥脆的外皮应声而裂，内里那股滚烫而精纯的能量，如同火山喷发，瞬间填满了她的四肢百骸！"
第33章 灵鸢斗罗：月关撞的这一下太值了！,https://www.biquh.com/678_678189/65638918_3.html,"
最后，她品尝了那道“冰焰朱雀翅”。
冷热交织的极致口感，让她几乎要落下泪来。
好吃！
这已经不是“好吃”两个字能够形容的了！
这是神迹！是恩赐！
灵鸢斗罗抬起头，那张狼狈的俏脸上，此刻写满了前所未有的满足与感动，她甚至忘了去看来一眼林枫。
她的目光，直直地投向了不远处的菊斗罗，对他竖起了一个毫无杂质的大拇指。
“月关！”
她的声音带着一丝品尝到绝世美味后的颤抖与沙哑。
“干得漂亮！”
“我原谅你了！不，我谢谢你！你撞坏我那些东西，撞得太值了！”
目睹了这堪称魔幻的一幕，拓跋希心中的震撼，早已攀升到了顶点。
他再也按捺不住。
“点菜！”
拓跋希深吸一口气，努力让自己表现得像一个见过大世面的长辈，豪气干云地说道。
“孩子们想吃什么随便点，今天拓跋爷爷买单！”
眼见他一副准备把菜单包圆了的架势，一直沉默的邪月终于上前一步。
他凑到拓跋希耳边，神情前所未有的凝重。"
第33章 灵鸢斗罗：月关撞的这一下太值了！,https://www.biquh.com/678_678189/65638918_4.html,"
“拓跋长老，这里......”
不知听到邪月说了什么，拓跋希眼睛瞬间瞪大。
他难以置信地看着邪月，又下意识地将目光投向了吃得满脸是泪，却打着饱嗝的魔熊斗罗。
魔熊的桌上，确实只摆着两三个空盘。
堂堂九十四级的强攻系封号斗罗，饭量竟如此“秀气”？
“咳。”
拓跋希收回手，尴尬地清了清嗓子，强行挽尊。
“既然这样，那老夫就按照常人的饭量点菜……”
“至于你们几个小家伙……既然今日已经不能再点，那老夫改日再请你们。“
正当拓跋希强装镇定地研究菜单时，隔壁桌的魔熊斗罗，终于从那极致的美味中回过神来。
他长长地呼出了一口浊气，那口气息中，竟都带着诱人的肉香。
只见他小心翼翼地放下碗筷，动作轻柔得仿佛在对待一件稀世珍宝。
随即，他站起身，一抹嘴，竟是直接无视了同为长老的拓跋希等人，径直朝着柜台后那道慵懒的身影走去。
他的每一步，都走得无比沉稳。
那张粗犷的脸上，此刻写满了虔诚与讨好，哪里还有半分封号斗罗的凶悍。
“前辈。”
魔熊斗罗走到林枫面前，腰杆不自觉地弯了下来，声音都带着一丝谄媚的颤抖。"
第33章 灵鸢斗罗：月关撞的这一下太值了！,https://www.biquh.com/678_678189/65638918_5.html,"
“晚辈得知您这里不收金卡，因此……特地为您备好了现金。”
话音落下，他从储物魂导器中，小心翼翼地捧出了一个沉甸甸的钱袋。
那模样，不像是在付饭钱，更像是在上供！
他将钱袋轻轻地、无比郑重地放在柜台上，生怕弄出一点声响，惊扰了这位前辈的清净。
“三万八千金魂币，请前辈过目。”
林枫眼皮都未曾抬一下，仿佛那足以让任何魂师疯狂的金魂币，在他眼中不过是些无用的金属。
他只是轻轻“嗯”了一声。
下一秒，柜台上的钱袋便凭空消失。
整个过程，写意得如同拂去一点尘埃。
魔熊斗罗看得心头一紧，姿态愈发恭敬，大气都不敢喘一口。
而林枫的脑海中，系统的声音准时响起。
【叮！消费：38000金魂币。】
【系统评价：这头蠢熊还算上道，勉强算得上优质韭菜，可以给予不错的奖励。】
【随机奖励：五万年魂骨——暗金恐爪熊之右臂外附魂骨！】
【宿主奖励：美食积分3800。】
饶是林枫，心头也猛地一跳。
暗金恐爪熊！
还是最稀有的外附魂骨！"
第33章 灵鸢斗罗：月关撞的这一下太值了！,https://www.biquh.com/678_678189/65638918_6.html,"
这破系统今天转性了？居然爆出了这种极品！
但他表面上，依旧是那副古井无波的模样，甚至懒洋洋地打了个哈欠。
所有人的目光，都死死地钉在他身上。
特别是拓跋希，他倒要看看，胡列娜他们口中的大机缘究竟有多“大”！
林枫薄唇轻启，声音不大，却清晰地传入每个人耳中。
“你的运气，还算不错。”
魔熊斗罗的心瞬间提到了嗓子眼！
林枫慢悠悠地说道：“奖励是……一块魂骨。”"
第34章 事已至此，先吃饭吧。,https://www.biquh.com/678_678189/65640666.html,"
“奖励是……一块魂骨。”
魂骨！
魔熊斗罗那魁梧的身躯猛地一僵，呼吸都在瞬间停滞！
仅仅是一顿饭的消费，奖励竟然真的是魂骨！
他甚至怀疑自己出现了幻听！
一直暗中观察的拓跋希，瞳孔更是骤然收缩成针尖大小！
他死死盯着林枫那张慵懒到过分的脸，试图从上面找到一丝一毫开玩笑的神色。
没有！
完全没有！
只有那种仿佛在谈论一块路边石子的淡漠！
而还在狂炫面条的灵鸢斗罗，只是隐约听见了“魂骨”两个字。
她趁着咀嚼的空隙，飞快地抬头扫了一眼，发现什么也没发生。
便理所当然地认为是自己听错了，又再次低头，与碗里的美食展开新一轮的殊死搏斗。
“年限，五万年。”
林枫的下一句话，轻描淡写地飘了出来。
轰！
如果说刚才只是惊雷，那么现在，就是天塌地陷！
五万年魂骨？！"
第34章 事已至此，先吃饭吧。,https://www.biquh.com/678_678189/65640666_2.html,"
“咕咚。”
拓跋希艰难地咽了一口唾沫，感觉自己的喉咙干得像是要冒火。
魔熊斗罗的眼睛瞬间红了，整张脸都因为极致的狂喜而涨成了猪肝色，他甚至无法呼吸！
林枫仿佛没有看到众人的失态，继续用那平淡的语调，说出更恐怖的事实。
“暗金恐爪熊的。”
此话一出，整个饭店内的空气，仿佛都被抽干了！
死寂！
针落可闻的死寂！
在场的哪一个不是魂师？谁不知道暗金恐爪熊这五个字代表着什么？！
那是传说中的超级魂兽！
百年修为便可搏杀寻常万年魂兽的恐怖存在！
五万年的暗金恐爪熊魂骨……其价值，恐怕足以让整个大陆的封号斗罗都为之疯狂！
这一次，灵鸢斗罗听得清清楚楚！
“唰！”
她的目光终于从美食里拔了出来，像两道利剑，死死地钉在了林枫的身上。
当然，与此同时，她还不忘把整个盘子都端到嘴边，一边警惕地看着，一边飞快地往嘴里扒拉，生怕自己看戏的时候，面被人抢了。
就在所有人的心脏都快要跳出胸膛时，林枫又淡定地吐出了四个字。"
第34章 事已至此，先吃饭吧。,https://www.biquh.com/678_678189/65640666_3.html,"
“外附魂骨。”
话音落下的瞬间。
他随意地对着魔熊斗罗的方向，淡淡一挥手。
嗡——！
一抹浓郁到极致的暗金色光芒凭空出现，悬浮在魔熊斗罗的面前。
那是一块类似于利爪的魂骨，通体呈现着暗沉的金色，上面布满了玄奥的纹路。
一股无坚不摧、撕裂一切的锋锐气息疯狂四溢，让在场所有封号斗罗的皮肤都感到一阵刺痛！
“扑通！”
魔熊斗罗双腿一软，再也支撑不住那庞大的身躯，竟是真的直挺挺地跪了下去！
不是敬畏，而是身体在面对这无法想象的巨大狂喜时，最本能的反应！
角落里，菊斗罗和鬼斗罗两人，更是惊得死死攥住了对方的手，指甲深陷进肉里都毫无察觉！
拓跋希“霍”地一下，直接从座位上站了起来，满脸的震撼与骇然！
然而，反应最大，或者说最奇葩的，还得是灵鸢斗罗。
她本来还在疯狂吸入面条，听到“外附魂骨”四个字，又亲眼看到那块魂骨的瞬间，大脑一片空白。
“噗——”
她下意识地就想把嘴里的面喷出去，以表达自己的震惊。
可在千钧一发之际，吃货那守护食物的本能，战胜了身体的应激反应！
她猛地闭紧了嘴巴！"
第34章 事已至此，先吃饭吧。,https://www.biquh.com/678_678189/65640666_4.html,"
于是，在一阵诡异的压力下……
两条沾满酱汁、油光发亮的面条，无比精准地从她的两个鼻孔里，喷了出来。
最终，软趴趴地挂在了她那张因震惊而呆滞的俏脸上，轻轻摇晃。
就在这死寂到令人窒海外的时刻。
“噗——！”
一声完全无法抑制的喷笑声，毫无征兆的打破了这种气氛！
是焱！
这货正一手死死捂着嘴，另一只手指着灵鸢斗罗的方向，整个人剧烈地颤抖着，像一只犯了癫痫的狒狒。
可那穿透力极强的笑声，依旧从他的指缝里疯狂地、不受控制地泄露出来。
“哈哈哈哈……嗝！……面……面条……哈哈哈哈……”
他笑得上气不接下气，眼泪狂飙，整个人几乎要瘫倒在地。
这道石破天惊的笑声，像是一道指令。
瞬间将店内所有人的目光，如聚光灯般，死死地钉在了风暴的中心——灵鸢斗罗的身上。
更准确的说。
是钉在了她那张因震惊而呆滞的俏脸上，那两根依旧挂在鼻孔下方，沾满了浓郁酱汁，随着主人的呼吸微微摇晃的……油亮面条上。
灵鸢斗罗，终于从那极致的震撼中回过神来。
她感受到了。"
第34章 事已至此，先吃饭吧。,https://www.biquh.com/678_678189/65640666_5.html,"
感受到了自己鼻尖传来的，那既熟悉又陌生的触感！
轰！！！
一股滚烫的热血，仿佛火山喷发，瞬间从她的脚底板直冲天灵盖！
她那张本就因震惊而僵硬的俏脸，以肉眼可见的速度，从粉红变为涨红，再从涨红，化为一种近乎于紫黑的颜色！
完了！
她是谁？
她是武魂殿长老团中唯一的女性！是站在魂师界顶点的九十三级封号斗罗！
现在！
就在此刻！
她在武魂殿几乎所有同僚的面前！在三个前途无量的后辈面前！
鼻！孔！挂！面！
“啊——！”
一声无声的、足以撕裂灵魂的尖叫，在灵鸢斗罗的精神世界里疯狂回荡。
但她的身体，却僵硬得如同一座万年玄冰雕琢而成的塑像。
羞耻！
前所未有的羞耻感，如滔天巨浪，瞬间将她的理智与尊严彻底淹没、撕碎！
她猛地抬起头，那双本该充满威严的凤眸，此刻燃烧着足以焚尽八荒的怒火，恶狠狠地扫向那个始作俑者——焱！
然而……"
第34章 事已至此，先吃饭吧。,https://www.biquh.com/678_678189/65640666_6.html,"
她忘了，自己鼻孔上还挂着那两根罪证。
这一记杀气腾腾的眼神，非但没有任何威慑力，反而因为那两根面条的滑稽摇摆，显得更加……充满了喜剧色彩。
“噗哈哈哈哈——我不行了！救命！邪月！快扶我一下！我笑岔气了！”
焱的笑声，已经彻底失控。
胡列娜死死地咬着自己的嘴唇，才没让自己笑出声来，但那剧烈耸动的香肩和憋到通红的脸蛋，早已出卖了她的内心。
她甚至有一种掏出留影魂导器，记录下这历史性一幕的冲动！
就连一向沉稳的邪月，也猛地转过身去，用一声剧烈的、撕心裂肺的咳嗽，来掩盖那已经扭曲的嘴角。
菊斗罗和鬼斗罗对视一眼，都在对方的眼中看到了一丝……幸灾乐祸。
拓跋希更是眼角狂抽，下意识地给自己倒了一杯茶，想要喝口水压压惊，结果手一抖，茶水直接洒了一裤子。
灵鸢斗罗眼中的怒火，在这一片快活的空气中，寸寸崩碎。
取而代之的，是无尽的绝望。
与茫然。
社会性死亡，原来是这种感觉。
她感觉自己的人生，在这一刻，彻底画上了句号。
她颤抖着抬起手，用一种告别世界的悲壮，揪掉了那两根罪魁祸首，看也不看地丢进了垃圾桶。
然后。
在所有人或是同情、或是憋笑、或是震撼的目光注视下。"
第34章 事已至此，先吃饭吧。,https://www.biquh.com/678_678189/65640666_7.html,"
她，灵鸢斗罗。
默默的叹了口气，再一次地，拿起了自己的筷子。
事已至此，先吃饭吧。"
第35章 灵鸢斗罗：我不想搭理他们！,https://www.biquh.com/678_678189/65640667.html,"
只是，灵鸢斗罗夹起一块“千劫涅槃羽衣酥”，送入口中的速度，却比之前……更快了。
仿佛只有食物，才能拯救她这已经彻底崩塌的世界。
而直挺挺跪在地上的魔熊斗罗，此刻却根本顾不上旁人的目光。
因为他的大脑，早已被一个冰冷而绝望的事实所占据。
外附魂骨！
这四个字带来的狂喜，此刻正被另一个铁律无情地浇灭。
吸收外附魂骨，必须以同种魂兽的魂环为引！
可他魔熊……毕生所猎杀的魂兽中，何曾有过暗金恐爪熊这种传说中的存在？
一瞬间，天堂到地狱。
无尽的狂喜，化为了更深邃的绝望与荒谬。
这就好像一个凡人乞求了一辈子神明，神明终于赐下了举世无双的神器，却告诉他，启动神器的钥匙，在世界的另一端。
何其讽刺！
何其残忍！
他那双熊目死死地盯着悬浮于眼前的暗金色魂骨，眼中布满了血丝，魁梧的身躯因为巨大的失落而剧烈颤抖。
“前……前辈……”
魔熊斗罗艰难地抬起头，声音嘶哑得如同破旧的风箱，每一个字都带着血淋淋的绝望。
“这……这外附魂骨，晚辈……吸收不了……”
他几乎是用尽了全身的力气，才说出这句足以让他心碎的话。"
第35章 灵鸢斗罗：我不想搭理他们！,https://www.biquh.com/678_678189/65640667_2.html,"
而刚才差点被灵鸢斗罗那滑稽一幕逗笑的林枫，也因为这句话，将飘散的思绪拉了回来。
他当然知道魔熊斗罗在难受什么。
事实上，从系统抽出这块魂骨的那一刻起，他就预料到了这一幕。
林枫甚至没有去看魔熊斗罗那张绝望的脸，只是伸出一根手指，对着那块散发着无尽锋芒的魂骨，随意地、轻轻一点。
仿佛只是在拂去一点微不足道的尘埃。
嗡——！
刹那间，那块暗金恐爪熊右臂骨爆发出刺眼的光芒，化作一道蛮横霸道的暗金色流光！
它没有给任何人反应的时间！
更没有遵循这个世界任何既定的规则！
“噗嗤！”
那道流光，无视了血肉的阻隔，更无视了那所谓吸收魂骨的铁律，就这么硬生生、蛮不讲理地，径直轰入了魔熊斗罗的右臂之中！
见到这一幕，角落里的菊斗罗和鬼斗罗两人死死攥着彼此的手，眼神中满是骇然与狂热。
强行融合！
这根本不是凡人能拥有的手段！这是神迹！
他们羡慕得眼睛都红了！
外附魂骨啊！那可是价值完全不亚于十万年魂骨的至宝！
为什么！为什么不是我！"
第35章 灵鸢斗罗：我不想搭理他们！,https://www.biquh.com/678_678189/65640667_3.html,"
而拓跋希，在目睹了这神乎其技的一幕后，身体猛地一震！
他僵硬地、一寸一寸地转过头，那双苍老的龙目之中，爆发出前所未有的璀璨精光，死死地锁定了胡列娜三人！
那眼神中，不再有丝毫长辈的慈祥与温和。
取而代之的，是震撼、是狂喜，更是一种发自灵魂深处的感激！
他从未想过，自己这一生都未曾奢求过的大机缘，竟被这三个孩子，如此轻易地……捧到了他的面前！
这哪是什么后辈啊？
这分明是将他从境界停滞不前的绝境中，硬生生拽出来的……恩人！
许久。
他终于长长地、长长地吐出了一口浊气，仿佛要将半生的蹉跎与迷茫，尽数呼出。
“你们这三个孩子啊……”
他伸出那只布满老茧、足以捏碎山岩的大手，却只是轻轻地、无比珍重地，拍了拍距离最近的邪月的肩膀。
“这份人情，老夫……怕是这辈子都还不清了。”
且不说拓跋希是什么反应，反正灵鸢斗罗在经历了社死的一幕。
又见证了神迹般的强行融合外附魂骨后，她……又重新低下了头。
她端起那盘“千劫涅槃羽衣酥”，张开红唇，狠狠地咬了一大口。
魂骨？机缘？
都等老娘吃完再说！
在我彻底忘掉这件事之前，我不想和他们任何一个人说话！"
第35章 灵鸢斗罗：我不想搭理他们！,https://www.biquh.com/678_678189/65640667_4.html,"
另一边，魔熊斗罗总算是回过神来，他下意识地握了握自己的右拳。
一股前所未有的，仿佛能撕裂苍穹的爆炸性力量，瞬间从掌心反馈而来！
那块暗金恐爪熊外附魂骨，已经与他的手臂完美融合，不分彼此，仿佛本就该生长在那里！
神迹！
这他妈就是神迹！
下一秒。
砰！
一声闷响传来。
魔熊斗罗，这个性子极为倔强的莽夫，此时竟是直接五体投地，结结实实地、无比虔诚地给林枫磕了一个！
“前辈再造之恩，魔熊……此生无以为报！”
他的声音嘶哑、颤抖，却带着一种不容置疑的决绝。
“从今往后，但凡前辈有所驱使，魔熊这条命，就是您的！”
然而，面对这足以让任何帝王都动容的效忠，林枫甚至连眼皮都未曾抬一下。
“谈不上恩情。”
林枫的声音平淡如水，不带丝毫情绪波澜，却像是一道至高无上的法旨，回荡在每个人的心间。
“你能抽到它，是你的运气，将它融入你的身体，也是我的规矩。“
”仅此而已。“"
第35章 灵鸢斗罗：我不想搭理他们！,https://www.biquh.com/678_678189/65640667_5.html,"
魔熊斗罗浑身剧震，看向林枫的眼神，已经从狂热的崇拜，化为了对神明的绝对敬畏。
他明白了。
在这位前辈眼中，自己这条命，根本毫无价值。
唯一有价值的，是遵守他定下的规矩！
另一边，亲眼见证了这一切的拓跋希，早已心神激荡，再也无法安坐。
他缓缓站起身，整理了一下自己的衣袍。
这位圣龙斗罗的脸上，再无半分平日里的慈祥与温和。
取而代之的，是一种破釜沉舟的决绝，一种将毕生修为与荣耀尽数押上的绝对觉悟！
他朝着林枫的方向，深深地、郑重地躬身一拜，其姿态之恭敬，远超之前见过的任何存在。
“晚辈拓跋希，见过前辈！”
林枫淡淡地“嗯”了一声，算是回应。
拓跋希缓缓直起身，深吸一口气，那双苍老的龙目之中，燃起了熄灭已久的火焰！
他来此，不是为了吃饭！
他是为了求道！
求一个能打破他十几年修为停滞不前的通天大道！
“晚辈斗胆，想点三道菜！”
他的声音，不再是询问，而是一种带着无尽渴望的宣告！
“黄金龙须面！”"
第35章 灵鸢斗罗：我不想搭理他们！,https://www.biquh.com/678_678189/65640667_6.html,"
“圣光麒麟臂！”
“再来一壶……万载龙血酿！”
“劳烦前辈成全！”"
第36章 魂骨真香定律，风骨脆如厕纸,https://www.biquh.com/678_678189/65647897.html,"
当拓跋希那夹杂着无尽渴望与决绝的声音落下，所有人的目光，都下意识地汇聚到他的身上。
林枫心中，早已乐开了花。
好家伙。
这根韭菜觉悟很高嘛！
点个菜都点出了朝圣般的史诗感。
然而，林枫的脸上，依旧是那副万年不变的淡漠。
他的目光，随意地，从拓跋希那张写满了紧张与期待的老脸上掠过。
“可。”
一个“可”字，轻描淡写，却重若千钧。
仿佛蕴含着言出法随的天地至理，瞬间便将拓跋希那颗悬在半空的心，稳稳地放回了胸膛。
林枫说完，便不再看他一眼。
他转身，迈着那不疾不徐的步伐，径直走向后厨。
那道背影，在众人眼中，愈发显得高深莫测，仿佛承载了整个世界的因果与机缘。
拓跋希长长地呼出了一口浊气。
那口气息，竟带着几分如释重负的颤抖。
他缓缓坐下，腰杆挺得笔直，那张苍老的脸上，所有的紧张与忐忑尽数褪去，只剩下一种绝对虔诚与期待。
另一边，灵鸢斗罗终于放下了手中的碗筷。
她满足地抹了把小嘴儿。"
第36章 魂骨真香定律，风骨脆如厕纸,https://www.biquh.com/678_678189/65647897_2.html,"
那张狼狈的俏脸上，因极致美味而泛起了红晕。
极致的美味，仿佛为她那刚刚被公开处刑、碎成一地的灵魂，打上了一层厚厚的石膏。
虽然走起路来依旧嘎吱作响，但好歹是拼凑起来了。
美食，果然是治愈一切的良药。
然而，当她下意识抬起头，目光再次与那道走向后厨的高深莫测的背影交汇时，脑海中却不受控制地浮现出另一幅画面。
那块悬浮于空的暗金色魂骨。
以及魔熊斗罗那近乎癫狂的狂喜与跪拜。
一个念头，如同深渊中探出的魔爪，悄无声息地缠上了她的灵魂。
“我……也消费了。”
她在心里，用一种自己都感到陌生的声音，喃喃自语。
既然消费了……
那么按照这里的规矩……
我，是不是也能去抽个奖？
抽个……像魔熊那样的……魂骨？
这个念头刚一诞生，便如同一颗被投进心湖的魔种，瞬间生根发芽，长出的藤蔓疯狂滋长，转眼就爬满了她的整个心房！
它贪婪地吞噬着那份“纯粹美食家”的矜持，挤占着每一寸属于理智的空间。
是的，这家店的食物好吃到让她愿意抛弃一切。"
第36章 魂骨真香定律，风骨脆如厕纸,https://www.biquh.com/678_678189/65647897_3.html,"
这是她唯一的慰藉。
但！
但是！
如果……
如果能在享受这无上美味的同时，再顺手获得一块足以让整个大陆所有封号斗罗都为之疯狂的魂骨……
那份快乐，岂不是要更高？
不！
那是双倍的快乐，乘以双倍的快乐！
灵鸢斗罗的呼吸，在这一刻，变得滚烫而急促。
她的大脑，不受控制地浮现出焱那张笑到抽搐的脸，浮现出拓跋希那想笑又不敢笑的古怪神情……
最后，画面定格在了自己那张挂着两条油亮面条的，呆滞而绝望的脸上！
但有了魂骨，一切就都不同了！
只要她灵鸢斗罗能拿到一块比魔熊那块更稀有、更强大的魂骨！
谁还敢在背后议论老娘鼻孔挂面的丑事？！
谁还敢记得那滑稽的一幕？！
力量！
足以碾压一切流言蜚语的绝对力量！
想到这里，灵鸢斗罗那双刚刚恢复神采的凤眸，瞬间被一种全新的、更加炽热的火焰所点燃！"
第36章 魂骨真香定律，风骨脆如厕纸,https://www.biquh.com/678_678189/65647897_4.html,"
她猛地一咬牙，几乎是瞬间便做出了决断。
下一秒，她毫不犹豫地从自己的储物魂导器中，开始清点起金魂币。
她的动作飞快，甚至带着一丝急不可耐的虔诚。
她要等着。
等着拓跋希那边结束。
然后，她就要立刻、马上，去柜台后面，去那位神秘的前辈面前……
迎接属于她的，那场天大的机缘！
后厨那朴素的门帘，被一只手轻轻掀开。
林枫的身影，再次不疾不徐地走了出来。
他手中端着一个平平无奇的木制托盘，但托盘之上，却仿佛承载着三轮太阳，绽放出令人不敢直视的璀璨光芒！
第一道菜，黄金龙须面。
那面条细若发丝，通体呈现出一种纯粹的、流动的金色，根根分明，仿佛是用神金抽丝而成。
仅仅是盛放在碗中，便有淡淡的龙威逸散而出，让空气都为之凝固！
第二道菜，圣光麒麟臂。
那是一截被烤制成完美琥珀色的兽臂，表皮上圣光流转，隐约能看到一枚枚玄奥的符文在其中沉浮生灭。
浓郁的肉香与圣洁的气息完美交织，形成一种让人灵魂都为之战栗的矛盾诱惑！
最后，是一壶酒。"
第36章 魂骨真香定律，风骨脆如厕纸,https://www.biquh.com/678_678189/65647897_5.html,"
万载龙血酿。
酒壶是普通的青瓷，可壶中盛放的，却是如同熔岩般粘稠、散发着磅礴生命气息的暗红色酒液！
当林枫将这三道菜，一一摆放在拓跋希面前时。
拓跋希那张饱经风霜的老脸，彻底僵住。
他甚至不敢呼吸！
生怕自己呼出的气息，会吹散菜品上萦绕的神光！
可这股肃穆的气氛，仅仅维持了不到三秒。
就被一声突兀的、夹杂着金魂币碰撞的沉闷巨响，给粗暴地撕碎了！
“砰！”
一道火辣的身影，几乎是带着一阵香风，不管不顾地冲到了柜台前。
正是灵鸢斗罗。
脸上依旧残留着红晕的她，将一个沉甸甸、鼓囊囊的钱袋，放在了柜台之上！
她的胸口剧烈地起伏着，呼吸急促，那双美丽的凤眸死死锁定了依旧慵懒地靠在摇椅上的林枫。
那眼神，不再是单纯的渴望，而是混杂了羞愤、不甘，以及一个赌徒将全部身家押上赌桌时的癫狂！
她要用一场更大的胜利，来洗刷掉刚才那足以载入史册的耻辱！
她的声音因为激动而微微发颤，却又异常清晰地响彻在每个人耳边。
“这位前辈，我也要抽奖！”
林枫掀开一条眼缝，那目光平静得像一汪古井，淡淡地扫过柜台前那个呼吸急促，满脸写着“我要翻本”的女人。"
第36章 魂骨真香定律，风骨脆如厕纸,https://www.biquh.com/678_678189/65647897_6.html,"
他心中，却早已是另一番光景。
【啧，这就破防了？】
【说好的纯粹美食家呢？我还以为这根韭菜品种多高贵，没想到还是没能逃过魂骨的真香定律。】
果不其然，下一秒，系统那冰冷又带着一丝愉悦的毒舌声，精准地在他脑海中响起。
【叮！杂鱼宿主，看到了吗？】
【本系统早就说过，在足以逆天改命的机缘面前，所谓的风骨与矜持，脆弱得就像一张厕纸。】
【你看她现在这个样子，像不像一个输光了所有筹码，连底裤都要押上来的赌徒？】
林枫嘴角的弧度，微不可察地向上扬了扬，随即又被他强行压了下去。
【闭嘴吧你，数钱。】
他在心里轻描淡写地回了一句。
面对灵鸢斗罗那几乎要燃烧起来的目光，林枫只是慵懒地抬了抬下巴。
一个微不可察的动作。
柜台上那个沉甸甸的钱袋，便在所有人的注视下，毫无征兆地、凭空消失了。"
第37章 系统暴击八倍爽，极致属性我全要！,https://www.biquh.com/678_678189/65647898.html,"
【叮！消费：35000金魂币。】
【系统评价：一根因社死而破防的韭菜，其消费动机充满了洗刷耻辱的迫切渴望，值得本系统一乐。】
【随机奖励：极致之火。】
【宿主奖励：美食积分3500。】
林枫嘴角控制不住地微微抽搐。
这狗系统，嘴还是那么的欠，评价还是那么的一针见血。
但很快，林枫就没工夫跟系统计较这些了。
因为，下一道提示音，让他的心神都为之一震！
【叮！恭喜宿主，您虔诚的韭菜与您慷慨的收割行为，成功触发了万分之一概率的“神恩暴击”！】
【奖励暴击倍数：八！】
【神恩奖励生成中……】
【恭喜宿主获得：八大极致属性精通！】
轰！！！
林枫的意识之海，仿佛在这一刻迎来了宇宙的开辟！
极致之火、极致之冰、极致之风、极致之雷、极致之光明、极致之黑暗、极致之力、极致之木！
八种构成世界本源的至高法则，化作八道贯穿天地的神链，蛮横地烙印进了他的灵魂深处！
这一刻，他不再仅仅是饭店领域内的言出法随。
一种明悟油然而生。"
第37章 系统暴击八倍爽，极致属性我全要！,https://www.biquh.com/678_678189/65647898_2.html,"
他，仿佛成了这些法则本身。
只要他想，弹指间，便可焚尽苍生，亦可冰封万里！
这是一种前所未有的，掌控一切的绝对力量感！
爽！
太他妈爽了！
要不是还有这么多双眼睛盯着，林枫高低得当场搓个融合魔法，看看是螺旋丸厉害还是佛怒火莲更胜一筹！
但表面上，他依旧是那个慵懒到骨子里的绝世高人。
他甚至连姿势都没换，只是那双半眯的眸子，淡淡地扫向柜台前满脸写着“我要翻本”的灵鸢斗罗。
那眼神，平静，淡漠，却又仿佛能洞穿古今未来。
“你的运气，还算不错。”
话音落下的瞬间，林枫随意地抬起手，对着灵鸢斗罗的方向，轻轻一弹。
没有惊天动地的异象。
只有一缕细微到几乎不可见的金色火星，悠悠地从他指尖飘出。
它无视了空间的距离，无视了魂力的阻隔，就这么轻飘飘地，印在了灵鸢斗罗的眉心。
灵鸢斗罗只觉得眉心一烫，还没来得及疑惑。
下一秒！
“唳——！”"
第37章 系统暴击八倍爽，极致属性我全要！,https://www.biquh.com/678_678189/65647898_3.html,"
一声高亢、清越，充满了无尽喜悦与威严的凤鸣，毫无征兆地从她体内爆发！
她的武魂，烈焰鸢，不受控制地破体而出！
但这一次出现的，不再是那燃烧着凡火的魂兽虚影！
那是一头通体燃烧着纯粹金色神焰的神鸟！
它的每一根翎羽，都仿佛是由太阳的内核锻造而成，散发出的不再是灼热，而是一种至高无上的净化与威严！
极致之火！
一股让在场所有封号斗罗都感到灵魂战栗的恐怖高温，瞬间以灵鸢斗罗为中心，轰然席卷开来！
空气在扭曲，空间在哀鸣！
拓跋希脸色骤变，第一时间停止了进食！
他一步踏出，雄浑的圣龙魂力化作壁垒，将黄金一代三小只死死护在身后。
然而，他引以为傲的魂力护盾，在那纯金色的神焰面前，竟发出不堪重负的碎裂声！
裂纹如蛛网般蔓延，仅仅是逸散出的余波，就让他这位九十一级的封号斗罗感到了致命的威胁！
“啊——！”
角落里，一声凄厉到变调的尖叫划破了空气！
是菊斗罗！
他那张妖娆的脸上此刻写满了惊恐与痛苦，他能清晰地感受到，自己的武魂奇茸通天菊，在这股神圣的火焰面前，正在本能地颤抖、畏缩，甚至有枯萎的迹象！
这已经不是魂力层面的压制！
这是生命位阶的绝对碾压！"
第37章 系统暴击八倍爽，极致属性我全要！,https://www.biquh.com/678_678189/65647898_4.html,"
“老鬼！”
菊斗罗的声音带着哭腔，充满了前所未有的绝望。
身旁的鬼斗罗，瞳孔收缩到了极致。
他甚至来不及思考，身体已经先于意志做出了反应。
他猛地将菊斗罗拽到自己身后，那件标志性的宽大黑袍轰然张开，如同乌鸦张开徒劳的羽翼，试图将那焚尽万物的神焰，挡在外面。
他当然知道，这毫无用处。
但这，是他唯一能做的事。
也就在这时。
摇椅上的林枫，那对半眯着的眼帘，终于掀开了一丝缝隙。
似乎，只是有些嫌吵了。
刹那间。
没有魂力波动，没有能量奔涌，更没有任何惊天动地的异象。
在所有人惊骇欲绝的目光中，一道薄如蝉翼、散发着极致冰蓝色幽光的冰晶之墙，就那么凭空出现，悄无声息地拔地而起！
“咔嚓——”
清脆的声响，如同法则的分割线。
冰墙的一侧，是灵鸢斗罗那焚尽万物的金色神焰，是足以扭曲空间、让封号斗罗都为之战栗的恐怖炼狱。
冰墙的另一侧，则是如沐春风的清凉与安宁。"
第37章 系统暴击八倍爽，极致属性我全要！,https://www.biquh.com/678_678189/65647898_5.html,"
那狂暴的神焰疯狂地拍打着薄薄的冰墙，却无法让其撼动分毫，甚至连一丝一毫的白雾都未能激起。
仿佛那不是一道墙。
而是两个被神明之手彻底隔绝开来的，永不相交的世界！
菊斗罗那凄厉的尖叫声戛然而止。
鬼斗罗那护在身前的黑袍也无力地垂下。
拓跋希更是僵在原地，满脸骇然。
所有人都死死地盯着那道分割了生与死的冰墙，又下意识地看向那个自始至终，连姿势都未曾变过的年轻人。
那份足以让世界都为之颤抖的伟力，于他而言，仿佛只是……
一个念头罢了。
最终，那焚尽万物的金色神焰，如倦鸟归林般，尽数收敛。
它们没有消失，而是化作了最本源的印记，彻底融入了灵鸢斗罗的武魂，烙印在了她的灵魂深处。
一切归于平静。
仿佛刚才那足以让封号斗罗都为之战栗的恐怖异象，从未发生过。
灵鸢斗罗缓缓地、缓缓地睁开了眼。
世界，还是那个世界。
但她的眼中，整个世界却已截然不同。
她下意识地抬起了自己的双手。
那是一双何等完美的手。"
第37章 系统暴击八倍爽，极致属性我全要！,https://www.biquh.com/678_678189/65647898_6.html,"
纤细、白皙，每一寸肌肤下，都仿佛流淌着金色的熔岩，蕴含着足以焚山煮海的恐怖力量！
“这……”
她的红唇微微张开，喉咙里发出一声梦呓般的轻吟。
极致之火！
这不再是武魂附带的火焰，而是与她生命同源，与她灵魂共鸣的……极致之权柄！
对于她而言，这哪里是什么魂骨能够比拟的？
魂骨终究是外物。
而这，是生命层次的跃迁！是神明对凡人最慷慨的恩赐！
心念微动。
一缕纯粹到不含一丝杂质的金色火焰，便乖巧地在她白皙的指尖，欢快地跳跃、舞动。
那不是力量。
那是她的意志，是她灵魂的延伸！
一股前所未有的自信与野望，如火山般从她心底轰然喷发！
她甚至产生了一种荒谬却又无比真实的感觉。
此刻的她，哪怕仅仅是九十三级。
却已然有资格，去挑战那高高在上的存在！
比如……降魔斗罗！千钧斗罗！"
第37章 系统暴击八倍爽，极致属性我全要！,https://www.biquh.com/678_678189/65647898_7.html,"
那两位已然达到九十六级，俯瞰众生的超级斗罗！
或许……
不！
是一定能，战而胜之！"
第38章 焱喜提封号斗罗当师父，未来一片黑暗！,https://www.biquh.com/678_678189/65650572.html,"
压下心中激动的心情，此刻灵鸢斗罗的脸上只剩下一种名为肃穆的神色。
她朝着柜台后那道慵懒身影，深深地、郑重地躬身一拜。
“多谢前辈，赐下这无上神火。”
她的声音，不再有半分先前的急切与狼狈，只剩下一种发自灵魂深处的敬畏与臣服。
摇椅上的林枫，眼皮都懒得抬一下，只是从鼻腔里发出一个微不可闻的“嗯”声。
仿佛那足以让整个大陆都为之震颤的极致之火，于他而言，不过是随手弹去的一点烟灰。
挥了挥手，示意她不必在意。
这副轻描淡写的姿态，却让灵鸢斗罗心中的敬畏，攀升到了顶点。
然而，就在这片肃穆的气氛中，一个不合时宜的声音，满怀着最纯粹的羡慕，突兀地响了起来。
“极致之火……这也太帅了吧！”
是焱。
这个铁憨憨的眼睛里，正闪烁着对那种纯粹力量的渴望，口水都快流下来了。
同样作为火系魂师，焱比谁都清楚极致之火的意味着什么。
他完全没有注意到，在他出声的瞬间，全场的气氛突然变得古怪。t
胡列娜“刷”的一下捂住了自己的脸。
邪月更是下意识地后退了半步，仿佛想和这个不知死活的同伴划清界限。
完了。
这个蠢货！"
第38章 焱喜提封号斗罗当师父，未来一片黑暗！,https://www.biquh.com/678_678189/65650572_2.html,"
果然。
灵鸢斗罗的动作，猛地一顿。
她缓缓地，一寸一寸地，转过了头。
那双燃烧着金色神焰的凤眸，精准地锁定了声音的来源——焱。
那一瞬间，她脸上所有的威严与神圣，都如潮水般褪去。
取而代之的，是一种似笑非笑的，充满了无尽玩味的表情。
就好像一头刚刚吃饱喝足的雌狮，饶有兴致地打量着一只自己送上门来的，活蹦乱跳的小羚羊。
“嘶——”
焱终于感觉到了不对劲。
那道目光，没有杀气，却比任何杀气都让他感到头皮发麻，腿肚子不受控制地开始打哆嗦。
他看见灵鸢斗罗，正迈着优雅的步伐，一步一步，朝着自己走来。
拓跋希见状，脸色微变，虽然明知自己如今绝非灵鸢的对手，但身为长辈的责任感，还是让他硬着头皮站了出来。
“灵鸢长老，焱他……并无恶意，还请您……”
“拓跋长老，您误会了。”
灵鸢斗罗的脸上，绽放出了一抹堪称和煦的、令人如沐春风的笑容。
那笑容，看得焱的灵魂都在尖叫。
只听她用一种无比温和的语气说道："
第38章 焱喜提封号斗罗当师父，未来一片黑暗！,https://www.biquh.com/678_678189/65650572_3.html,"
“我看焱的武魂也是火焰属性，这也算是与我有缘。”
“如此良才美玉，我心生爱才之意，想收他为徒，亲自教导，不知拓跋长老意下如何？”
此话一出，拓跋希直接愣住。
毕竟同为封号斗罗的灵鸢要收徒的话，他其实是没有任何理由，也没有权力干涉的。
因此，只是点了点头，便是让开了脚步。
而焱那根向来只懂得吃饭打架追胡列娜的脑筋，在这一刻，却爆发出前所未有的智慧之光！
收徒？
亲自教导？
这他妈分明是想借着“师徒”之名，光明正大地、合理合法地、变着花样地折磨自己，以报那“鼻孔挂面”之仇啊！
他几乎能想象到未来的场景了。
“焱啊，为师看你基础不牢，先去倒吊着修炼十天十夜吧。”
“焱啊，为师新创了一招，你来试试威力，放心，为师会控制力道的。”
“焱啊……”
焱的脸色，瞬间惨白如纸。
他下意识就想拒绝！
开什么玩笑！
他现在有了枫染亭这等神仙地方，只要老老实实攒钱吃饭抽奖，成为封号斗罗都不费吹灰之力，何须拜师受那份罪？
可当他的视线，对上灵鸢斗罗那双笑眯眯的眼睛时。"
第38章 焱喜提封号斗罗当师父，未来一片黑暗！,https://www.biquh.com/678_678189/65650572_4.html,"
一种野兽般的直觉疯狂地向他报警。
如果今天敢说一个“不”字，下场，绝对会比拜师凄惨一百倍！
一瞬间，焱的表情，变得比吃了黄连还要苦涩。
他僵硬地转过头，用一种求救的眼神看向胡列娜和邪月。
却只看到胡列娜眼中那抑制不住的、混合着同情的诡异光芒，和邪月那拼命忍着笑、剧烈抽搐的嘴角。
以及这对儿无良兄妹齐刷刷后退一步的动作。没救了。
等死了。
最终，在灵鸢斗罗那愈发“和善”的目光注视下，焱几乎用快要哭出来的语气，挤出了几个字。
“弟……弟子焱……拜见……师父……”
灵鸢斗罗脸上的笑意，却愈发灿烂，如同一朵盛开的、淬满了剧毒的食人花。
她伸出纤纤玉手，亲昵地拍了拍焱那僵硬的肩膀。
“好徒儿，不必多礼。”
“从今往后，为师一定会……好好’疼爱‘你的。”
那“疼爱”两个字，被她咬得极重，听在焱的耳中，不亚于地狱深处传来的魔鬼低语。
与焱那边“师慈徒孝”、其乐融融的悲伤氛围相比，拓跋希这边，可就快乐多了。
拓跋希首先端起了那碗“黄金龙须面”，他夹起一缕金丝，缓缓送入口中。
那一刻，拓跋希感受到一种极致的、温润的鲜香，顺着舌尖，瞬间流淌进四肢百骸，最终，直抵灵魂深处。"
第38章 焱喜提封号斗罗当师父，未来一片黑暗！,https://www.biquh.com/678_678189/65650572_5.html,"
他活了上百年，身为圣龙斗罗，自诩尝遍天下珍馐。
可直到今天他才明白，之前吃过的所有东西，都不过是果腹的饲料。
这，才是真正的“食物”！
他甚至忘记了自己长老的身份，忘记了来此的目的，如一个虔诚的信徒，一口接着一口，将整碗面吃得干干净净，连一滴汤汁都不愿剩下。
放下碗，他又将目光投向那道“圣光麒麟臂”。
表皮焦香酥脆，闪烁着温润的圣光，内里的肉质却嫩滑到了极致，仿佛轻轻一抿就会化开。
每一口，都是对味蕾的极致洗礼，搭配上那壶“万载龙血酿”。
足以让任何一个人彻底沉醉其中！
不知不觉中，拓跋希已经将面前所有的食物消灭殆尽，这时他才回过神来。
但他知道，这仅仅是前菜。
真正能决定他命运的时刻，现在才刚刚开始。
他缓缓站起身，动作中带着一种前所未有的庄重。
这位圣龙斗罗，整理了一下自己的衣袍，仿佛即将面见神明。
他从储物魂导器中，捧出了一个同样沉甸甸的钱袋。
随后来到柜台前，将准备好的三万六千金魂币奉上，虔诚道：
“求前辈赐下神恩！”"
第39章 女斗罗嫉妒心爆棚，竟当场虐徒？,https://www.biquh.com/678_678189/65650573.html,"
【消费：36000金魂币。】
【系统评价：这根老韭菜的态度不错，虔诚得像是来朝圣的，比刚才那个满脑子都是翻本的女赌徒有格调多了，本系统很满意，可以赐予些不错的奖励。】
【随机奖励：武魂本源进化——神圣巨龙血脉！】
【宿主奖励：美食积分3600。】
武魂……本源进化？
林枫的心头猛地一跳，眼底深处，终于划过了一丝真正的讶异。
这奖励，可比魂骨和极致属性要稀罕多了。
魂骨终究是外物，极致属性也只是某一途走到极致。
而武魂本源进化，那是在生命的最底层，进行的一场脱胎换骨的重塑！
是真正的逆天改命！
他缓缓掀开眼帘，那双古井无波的眸子，终于第一次，正眼落在了拓跋希的身上。
被这道目光注视的瞬间，拓跋希浑身一僵，只觉得自己的灵魂，连同武魂，都被瞬间看穿，再无半分秘密可言！
店内所有人，都屏住了呼吸。
他们知道，决定命运的时刻，到了。
林枫薄唇轻启，声音依旧是那副平淡的调子，却仿佛带着某种至高无上的法则律令。
“你的虔诚，我感受到了。”
仅仅一句话，拓跋希那苍老的身体，便激动得微微颤抖起来！
“只是……”"
第39章 女斗罗嫉妒心爆棚，竟当场虐徒？,https://www.biquh.com/678_678189/65650573_2.html,"
林枫话锋一转，声音里带上了一丝微不可察的……嫌弃。
“你这武魂，白甲地龙，血脉过于驳杂，不堪大用。”
此话一出，拓跋希脸色骤然一白！
不堪大用？
这可是让他屹立于大陆之巅的龙系武魂！虽然只是亚龙，却也是龙！
然而，在这位前辈口中，竟是如此的不值一提？
一股巨大的失落与不甘，瞬间涌上心头。
可还没等他绝望，林枫那平淡的声音，便再次响起，带着一种神明般的悲悯与恩赐。
“也罢。”
“今日，便赐你一场造化……”
林枫伸出一根手指，对着拓跋希的方向，随意地、轻轻一点。
“让你这地上的蜥蜴，也尝尝……化身为天上神龙的滋味。”
话音刚落，
一粒比星辰更璀璨的光点，瞬间没入拓跋希的身体！
“吼——！”
一声痛苦与狂喜交织的龙吟，从拓跋希的喉咙深处爆发！
他的武魂，白甲地龙，不受控制地破体而出！"
第39章 女斗罗嫉妒心爆棚，竟当场虐徒？,https://www.biquh.com/678_678189/65650573_3.html,"
那庞大的亚龙虚影，在那广点的洗礼下，发出了凄厉的哀嚎，身体竟在寸寸崩碎！
可崩碎之后，又有点点神圣的光辉，在飞速重组它的身躯！
鳞片由灰白化为璀璨的白金！
龙角变得更加峥嵘，宛若神金铸就！
原本粗壮的四肢，变得更加修长而充满力量，一对巨大光翼，从它的脊背之上，猛然展开！
属于亚龙的驳杂气息被尽数净化，取而代之的，是一种君临天下、审判万物的至高神圣龙威！
拓跋希的脸上，早已是老泪纵横！
“这……这是……”
他感受着自己武魂那脱胎换骨般的变化，激动得语无伦次。
店内，所有人都已经彻底石化！
灵鸢斗罗那双刚刚燃起神焰的凤眸，此刻写满了骇然！
在那股神圣龙威面前，她那刚刚获得极致之火的烈焰鸢武魂，竟都感到了本能的……臣服！
林枫看着那沐浴在神光中，即将完成最终蜕变的武魂，这才用那平淡的语调，说出了它的名字。
“记住。”
“它现在叫……”
“神圣巨龙。”
轰——！
话音落下的瞬间，一股恐怖绝伦的魂力风暴，以拓跋希为中心，轰然炸开！"
第39章 女斗罗嫉妒心爆棚，竟当场虐徒？,https://www.biquh.com/678_678189/65650573_4.html,"
那是武魂本源进化后，最纯粹、最磅礴的能量反哺！
九十一级的瓶颈，在这股神圣龙威面前，脆弱得如同一张薄纸，瞬息间便被撕得粉碎！
九十二级！
气息没有丝毫停滞，依旧在以一种近乎野蛮的姿态，疯狂攀升！
九十三级！
这股攀升的势头这才稍稍放缓，最终稳稳地停在了九十三级的顶峰，距离那九十四级的门槛，也仅仅只有一步之遥！
他甚至能清晰地感觉到，只要回去稍加闭关，一月之内，便可轻易踏入那个全新的境界！
当然，他不可能愚蠢到放弃吃饭抽奖，去傻乎乎的闭关就是了。
一旁，刚刚获得极致之火，还沉浸在力量暴增的喜悦中的灵鸢斗罗，脸上的笑容彻底僵住。
她……
被追平了？
而且，看对方那魂力圆融饱满的架势，恐怕要不了多久，就能将她这个“前辈”彻底甩在身后！
一想到此处，灵鸢斗罗心中就涌上一股名为不服输的念头。
不行！
绝对不行！
明天！
她要吃得更多！消费得更多！"
第39章 女斗罗嫉妒心爆棚，竟当场虐徒？,https://www.biquh.com/678_678189/65650573_5.html,"
她要抽出比神圣巨龙更恐怖、更逆天的奖励！
绝对不要成为长老团中垫底的存在！
“嘎巴——！”
可就当灵鸢斗罗死死盯着拓跋希时，一声突兀的骨骼错位声突然响起。
“哎我操！师……师父！手！您的手！”
焱那张原本因为拓跋希接连突破而震惊的脸，瞬间扭曲成了痛苦面具，发出了杀猪般的惨嚎。
“要断了！真的要断了！我感觉我的骨头在尖叫啊师父！”
灵鸢斗罗这才猛地回神。
她缓缓低头，视线落在了自己那只白皙如玉的纤手上。
不知何时，她的手已经死死地扣住了焱的肩膀。
五根青葱玉指，此刻正不受控制地，一寸一寸，往里收紧。
指尖之下，那令人牙酸的骨骼摩擦声，清晰可闻。
灵鸢斗罗的动作一顿，随即缓缓松开了手。
她抬起头，脸上那因嫉妒而扭曲的神情早已消失不见，取而代之的，是一抹如春风般和煦，却又让焱灵魂发冷的温柔笑意。
她轻轻拂去焱肩膀上不存在的灰尘，用一种无比关切的、长辈对晚辈的慈爱语气，柔声问道：
“哎呀，好徒儿，为师方才见拓跋长老神威大发，一时心有所感，没控制好力道。”
她的凤眸微微弯起，眼底深处，却跳动着一缕危险的金色神焰。
“为师不是故意的。”"
第39章 女斗罗嫉妒心爆棚，竟当场虐徒？,https://www.biquh.com/678_678189/65650573_6.html,"
“你，信吗？”
信？
我信你个鬼！
你这心眼比针尖还小的老妖婆！
焱的内心正在用这辈子最恶毒的语言疯狂咆哮，整张脸因为剧痛和恐惧，已经扭曲得不成样子。
不就是笑了你鼻孔挂面吗！
至于吗！
你这分明就是想借着“控制不好力道”，光明正大地报复！
然而，当他的视线，对上灵鸢斗罗那双“真诚”而“和善”的眼眸时，求生的本能瞬间压倒了一切。
焱的脸上，强行挤出一个比哭还难看的谄媚笑容。
他一边活动着自己那仿佛已经脱臼的肩膀，一边用快要哭出来的语气，大声说道：
“信！弟子当然信！”
“师父您这是刚刚获得无上神火，力量一时控制不住乃是人之常情！”
“弟子皮糙肉厚，能亲身感受您的强大，这是弟子三生修来的福分啊！”
“嘶……真的一点都不疼，师父您看，还能动呢！”"
第40章 关门打烊！清点奖励！,https://www.biquh.com/678_678189/65652231.html,"
当那场席卷整个饭店的魂力风暴缓缓平息，拓跋希终于睁开双眼。
那双原本苍老的龙目之中，此刻再无半分浑浊，只剩下如神金般璀璨的精光，以及一种重获新生的、难以言喻的激动与狂喜！
他感受着体内那奔腾如江海的神圣魂力，感受着武魂深处传来的那股君临天下的至高威严！
停滞了十几年的修为，一朝突破，连升两级！
困扰了他一生的血脉桎梏，就此烟消云散，化为真正的天上神龙！
这是再造之恩！
不！这比再造之恩，还要重！
下一秒。
在所有人震撼的目光中。
这位新晋的神圣巨龙斗罗，武魂殿的资深长老，竟是毫不犹豫地，双膝一软，朝着那道慵懒地靠在摇椅上的身影，直挺挺地跪了下去！
一个响亮无比的磕头声，在寂静的饭店内，清晰回荡！
砰！
“前辈赐我神龙之躯，予我通天大道，此等神恩，拓跋希……永世不忘！”
他的声音，不再是之前的恭敬，而是带上了一种近乎于狂信徒般的虔诚与颤抖！
“从今往后，我拓跋一脉，愿世代为前辈效犬马之劳，赴汤蹈火，万死不辞！”
这番话，掷地有声，每一个字都代表着一位封号斗罗，一个强大宗族的至高誓言。
然而，对此，林枫甚至看都没看他一眼，只是淡淡摆了摆手。
“这是你抽奖获得的奖励，与我无关。”"
第40章 关门打烊！清点奖励！,https://www.biquh.com/678_678189/65652231_2.html,"
声音平淡，冷漠，仿佛在驱赶一只聒噪的苍蝇。
闻言，拓跋希瞬间回过神来，不免有些自嘲的笑了笑。
是啊，在前辈的眼中，我这点微末实力恐怕与蝼蚁没什么区别，前辈自然是看不上我的。
他那点所谓的家族势力，在这位能够随手赐下神迹的存在面前，更是连尘埃都算不上。
不过无妨，我只要心底清楚，自己默默的效忠于前辈即可！
想通了这一点，拓跋希恭恭敬敬地再次磕了一个头，这才缓缓起身，退到了一旁，那眼神中的狂热，却是有增无减。
林枫懒洋洋地瞥了一眼窗外。
天色，已经彻底暗了下来，一轮弯月悄然挂上了天幕。
他打了个长长的哈欠，从摇椅上缓缓起身，伸了个懒腰，骨节发出一阵噼里啪啦的轻响。
“天晚了。”
他用一种毫无波澜的语气，对着店内还处于震撼中的众人说道。
“我准备休息了，本店今日的营业，到此结束。”
此话一出，众人这才如梦初醒。
这么早就关门了？
但没有一个人敢有异议，甚至连这样的念头都不敢有。
前辈这等存在，行事自然是随心所欲，岂是他们这些凡夫俗子能够揣度的？
前辈说要休息，那便是天地的意志！"
第40章 关门打烊！清点奖励！,https://www.biquh.com/678_678189/65652231_3.html,"
“晚辈等，遵前辈法旨。”
拓跋希第一个反应过来，再次深深一躬，姿态比面见教皇时还要虔诚百倍。
其余人也纷纷躬身行礼，大气都不敢喘一口。
灵鸢斗罗临走前，那双燃烧着金色神焰的凤眸，别有深意地瞥了一眼拓跋希，眼底深处的不服输一闪而逝。
当然，她还不忘像拎小鸡一样，提溜着自己那位新收的“好徒儿”。
“好徒儿，我们走吧。”
“为师已经迫不及待，想好好‘疼爱’你了。”
焱的身体，肉眼可见地打了个哆嗦。
焱的脸上，写满了生无可恋，一步三回头，用眼神向胡列娜和邪月发出最后的求救信号。
只可惜，那对无良兄妹早已别过头去，完全无视了焱的眼神。
死道友不死贫道的道理，他们还是懂得。
在众人那夹杂着同情、幸灾乐祸与敬畏的复杂目光中，一行人井然有序地退出了“枫染亭”。
直到店门外的风铃最后一次清脆地响起，店内才终于恢复了往日的宁静。
“呼——”
他长长地吐出一口浊气，脸上那高深莫测的淡漠神情瞬间垮掉，取而代之的，是一抹压抑不住的狂喜！
今天这波，血赚！
他迫不及待地在心中呼唤系统。
“系统，系统！快！给我盘点一下今天的收获！”"
第40章 关门打烊！清点奖励！,https://www.biquh.com/678_678189/65652231_4.html,"
【啧。】
脑海中，系统那冰冷又带着一丝鄙夷的声音，如约而至。
【看你那没出息的样，不就是几根封号斗罗级的韭菜么，至于把你乐成这样？】
林枫的嘴角狠狠一抽。
“少废话，赶紧报账！”
【叮！今日营业总结！】
【总消费额：149350金魂币！】
【获得积分:14935！】
听着这个数字，林枫的心情顿时无比舒畅，连带着看这毒舌系统都顺眼了几分。
当然，除了积分之外，还有另一样东西让林枫几乎要压抑不住自己嘴角的弧度。
那是在灵鸢斗罗获得极致之火时，系统悄然触发的，万分之一概率的“神恩暴击”！
【神恩奖励：八大极致属性精通！】
没错！
就是这个！
今天之所以这么早就关店，一方面固然是觉得不会再有更肥的韭菜上门。
但更重要的原因……
是林枫感觉自己快要压不住了！"
第40章 关门打烊！清点奖励！,https://www.biquh.com/678_678189/65652231_5.html,"
他的心神，早已完全沉浸在了那份由“神恩暴击”带来的，足以颠覆整个世界的恐怖奖励之中！
【神恩奖励：八大极致属性精通！】
这不再是技能，而是权柄！
是让他从饭店这个“绝对领域”的伪神，朝着真正执掌天地法则的真神，迈出的第一步！
他甚至感觉，自己的每一个细胞，都在因为这股全新的力量而疯狂地叫嚣、战栗！
林枫缓缓抬起自己的右手。
心念微动。
一缕纯粹到极致的金色神焰，在他的食指指尖欢快跳跃。
而同时，一片散发着绝对零度寒气的深蓝色冰晶，则在他的中指指尖悄然凝聚。
两种截然相反，本该相互湮灭的极致力量，此刻却无比和谐地，在他一念之间，同时显现！
它们温顺得，就像是他与生俱来的臂膀！
如果......
我将这两种截然相反，甚至可以说是绝对冲突的极致属性……强行融合在一起，会怎么样？
林枫的喉结，不受控制地上下滚动了一下，眼中爆发出前所未有的炽热光芒！
林枫缓缓地、一寸一寸地，将自己那托着金色神焰的食指，与凝聚着幽蓝冰晶的中指，慢慢靠近。
从他那兴奋的样子来看，今晚怕是要玩到很晚了......"
第41章 鬼豹斗罗终“落网”,https://www.biquh.com/678_678189/65652232.html,"
次日清晨，武魂城的大街上。
鬼豹斗罗正哼着小曲，百无聊赖地闲逛着。
昨天的惊魂一幕，现在想来还有些后怕。
不过，他觉得那菊斗罗也就是一时上头，不至于今天还来找他麻烦。
然而，这个念头刚从脑海中闪过。
他脚步一顿，瞳孔猛地收缩。
前方不远处，两道熟悉的身影肩并肩，正朝着他这边迎面走来。
菊斗罗，鬼斗罗！
鬼豹斗罗的心，咯噔一下！
不对劲！
虽然隔着老远，但他能清晰地感受到，那两人身上散发出的魂力气息，比昨天强横了不止一个档次！
那股威压，深沉如海，让他这位九十四级的封号斗罗都感到一阵心悸！
这对儿不要脸的两口子，居然……全都突破了？！
鬼豹斗罗哪里知道，菊、鬼二人正是靠着昨夜在枫染亭得到的仙草与魂骨，双双迈入了九十六级的门槛。
他还来不及细想，那边的菊斗罗和鬼斗罗已经发现了他。
两人对视一眼，那妖娆与阴沉的脸上，竟同时浮现出一抹如出一辙的喜色！
那眼神，就像是猎人看到了自己送上门的猎物。
又一根鲜嫩的韭菜！"
第41章 鬼豹斗罗终“落网”,https://www.biquh.com/678_678189/65652232_2.html,"
这抹喜色落在鬼豹斗罗眼中，却瞬间化为了极致的惊恐。
卧槽！
鬼豹斗罗头皮瞬间炸裂！
这菊斗罗真他妈是个小心眼儿啊！
都过了一天了！不光没消气，还他妈叫上老相好一起堵我？！
甚至为了揍我，还双双爆肝突破了？！
至于吗！
不行！
三十六计，走为上计！
于是，武魂城的大街上，便出现了极其荒诞的一幕。
“哟~鬼豹……”
菊斗罗那标志性的兰花指刚刚抬起，招呼的话才说出三个字。
对面的鬼豹斗罗，身形一晃，瞬间化作一道黑色残影，调头就跑！
那速度，比昨天见了鬼还快！
菊斗罗脸上的笑容，瞬间凝固。
下一秒，那张妖娆的脸蛋，阴沉得几乎能滴出水来。
“这特么的！”"
第41章 鬼豹斗罗终“落网”,https://www.biquh.com/678_678189/65652232_3.html,"
一旁的鬼斗罗瞥了一眼鬼豹斗罗那亡命飞逃的背影，平静地问道：“追吗？”
菊斗罗咬牙切齿，声音是从牙缝里挤出来的。
“追！”
“今天就算是打断他的腿，也必须把他给老子逮到前辈的饭店里去！”
话音未落，两人身形已然消失在原地！
突破到九十六级之后，两人的实力早已今非昔比。
更何况，鬼斗罗本身就是敏攻与诡秘系的行家，在武魂城里抓一个一心逃窜的鬼豹，简直易如反掌。
不出片刻。
“放开我！你们两个疯子！”
“我错了！我真的错了还不行吗！”
鬼豹斗罗被菊、鬼二人一左一右地架着，四肢疯狂扑腾，却根本挣脱不开那铁钳般的束缚，活像一只被逮住的野猫。
三人正朝着枫染亭的方向走去。
路上，却刚好碰见另一道风风火火的身影。
来人正是灵鸢斗罗。
只是她手里，还提溜着一个鼻青脸肿、眼眶乌黑，连眉毛都被烧得一干二净的“猪头”。
那猪头看见菊、鬼二人，还下意识地想挤出一个讨好的笑，结果扯动了伤口，疼得龇牙咧嘴。
那猪头.....
啊呸！"
第41章 鬼豹斗罗终“落网”,https://www.biquh.com/678_678189/65652232_4.html,"
那人好像是焱来着？
见到菊斗罗三人，灵鸢斗罗也不急着赶路了，反而笑意盈盈地与他们一同前行。
她看了一眼被架着、满脸生无可恋的鬼豹斗罗，脸上竟露出一抹真诚的、发自内心的感激。
“鬼豹，说起来，我真得好好谢谢你。”
“昨天要不是你跑得快，让月关撞上了我，我还真不知道这世上，竟有枫染亭这等神仙地方。”
“更得不到前辈赐下的那场无上机缘呢。”
灵鸢斗罗的声音，充满了喜悦与真诚。
可这番话听在鬼豹斗罗的耳朵里，却让他本就混乱的大脑，彻底宕机了。
啥玩意？
机缘？
灵鸢斗罗这女人，昨天怕不是也被菊斗罗那个疯子给揍了，而且还揍得不轻，直接把脑子给揍傻了吧？
可这个念头刚一升起，就被鬼豹斗罗自己掐灭了。
不对！
他死死盯着灵鸢斗罗，心脏不受控制地狂跳起来。
明明对方的魂力等级比自己还低上一级。
可此时此刻，从灵鸢斗罗身上散发出的那股气息，却让他这位九十四级的封号斗罗，感受到了一种源自灵魂深处的……恐惧！
仿佛他眼前的，不再是武魂殿的同僚，而是一头披着人皮的、足以焚山煮海的远古凶兽！"
第41章 鬼豹斗罗终“落网”,https://www.biquh.com/678_678189/65652232_5.html,"
这他妈到底是什么情况？！
菊、鬼二人完全没有理会鬼豹斗罗那已经彻底宕机的脑子，反倒是饶有兴致地看向灵鸢斗罗。
菊斗罗兰花指一翘，笑着问道。
“灵鸢，今天准备吃多少？”
闻言，灵鸢斗罗的嘴角，勾起一抹心满意足的弧度。
那双燃烧着金色神焰的凤眸中，满是愉悦。
“昨晚，本长老亲自下场，悉心‘指点’了我那新收的宝贝徒儿一夜。”
她伸出纤纤玉手，看似随意地拍了拍自己那平坦紧致的小腹，脸上的笑意更浓了。
“现在早就饥肠辘辘了。“
“今天，定要比昨天多点一道菜！”
此话一出，菊斗罗和鬼斗罗的目光，下意识地就落在了灵鸢身后那个几乎不成人形的“猪头”身上。
两人对视一眼，嘴角同时狠狠一抽。
“悉心指点”？
这他妈是指点了一整夜，还是单方面殴打了一整夜啊？！
两人看向焱的眼神里，那份同情，几乎要满溢出来。
就在这时，一道壮硕如山的身影，带着一阵沉闷而富有节奏的脚步声，吭哧吭哧地从几人身边跑过。
那身影，赫然是魔熊斗罗！
鬼豹斗罗那双本已绝望的眼睛，瞬间爆发出求生的光芒！"
第41章 鬼豹斗罗终“落网”,https://www.biquh.com/678_678189/65652232_6.html,"
“老熊！魔熊！救我啊！”
那声音凄厉无比，充满了无尽的委屈与绝望。
那壮硕的身影闻声一顿，缓缓转过头来。
当魔熊斗罗的目光落在被架着的鬼豹斗罗身上时，那张粗犷的脸上，非但没有半分同仇敌忾的愤怒，反而……
流露出了一丝高深莫测的、混杂着怜悯与欣慰的复杂神情。
鬼豹斗罗的心，咯噔一下，沉入了无底深渊。
这眼神……不对劲！
只见魔熊斗罗非但没动手，反而朝着鬼菊二人，露出了一个“我懂”的笑容。
“哟，总算把这滑不溜秋的豹子给逮住了？”
菊斗罗闻言，翘起兰花指，没好气地抱怨了一声。
“别提了，这倔驴，见了我俩就跟见了鬼似的。”
“今天要不是反应快，怕是又让他这桩天大的机缘，从指缝里溜走了！”
听到两人的对话，鬼豹斗罗点脑子里只剩下两个字。
完了！"
第42章 鬼豹斗罗：小丑竟是我自己？,https://www.biquh.com/678_678189/65654074.html,"
魔熊这么皮糙肉厚的家伙，竟然也……
鬼豹斗罗死死地盯着魔熊斗罗那张粗犷的脸，眼睛渐渐红了。
完了。
彻底完了。
连魔熊这个脑子里除了肌肉和莽，就再也装不下任何东西的铁憨憨，眼神都变得如此……高深莫测。
他也被那两个疯子，给打坏了脑子！
是我害了你啊，老熊！
是我因为害怕挨揍，把你丢在这两个疯子手里不管不顾！
“老熊啊——！”
鬼豹斗罗再也抑制不住内心的崩溃，当场发出一声撕心裂肺的哭嚎，那声音，闻者伤心，听者落泪。
“呜呜呜……我对不住你啊！”
他涕泗横流，用一种看着身患绝症、马上就要驾鹤西去的挚友般的眼神，悲痛欲绝地看着一脸懵逼的魔熊斗罗。
“都怪我！昨天我要是不跑，你怎么会……你怎么会被他们折磨成现在这个样子！”
“你看看你！你以前只是看着憨，脑子直了点，可现在……你这眼神都涣散了啊！”
“你这傻大个，彻底变成真傻子了啊！呜呜呜……”
听到这番颠三倒四的哭诉，魔熊斗罗那张粗犷的脸，先是茫然，随即僵硬，最后……以肉眼可见的速度，涨成了猪肝色！
他额头上的青筋，一根一根地爆起，像是扭曲的蚯蚓，浑身的魂力都开始不受控制地翻涌！
这个蠢豹子……在说你妈的什么批话呢？！"
第42章 鬼豹斗罗：小丑竟是我自己？,https://www.biquh.com/678_678189/65654074_2.html,"
“你他妈才傻！”
“你全家都傻！”
话音未落，魔熊斗罗那只蒲扇般的大手猛然一握！
嗡——！
一阵刺耳的金属颤音中，一抹浓郁到极致的暗金色光芒，瞬间覆盖了他的整个右手！
那不再是血肉之躯。
而是一只由最深沉的暗金铸就，布满了玄奥纹路，充满了无坚不摧、撕裂一切锋锐气息的狰狞熊爪！
五根利爪，每一根都如同神金锻造的短剑，尖端闪烁着足以轻易撕开空间的寒芒！
鬼豹斗罗的哭嚎声，戛然而止。
他脸上的悲怆与自责，瞬间凝固，被一种无法用言语形容的、发自灵魂最深处的恐惧所取代！
“你要是再敢从嘴里吐出半个‘傻’字……”
魔熊斗罗一字一顿，用一种近乎炫耀的、残忍的语调，缓缓说道。
“我就用这块……暗金恐爪熊的外附魂骨，把你这张破嘴，连同你的舌头，一起撕烂！”
鬼豹斗罗的眼珠子，几乎要从眼眶里瞪出来！
“暗金恐爪熊的……外附魂骨？！你哪来的？！”
这他妈不是只存在于传说中的东西吗？！
看着鬼豹斗罗那副见了鬼的表情，魔熊斗罗心中那股憋了一早上的闷气，瞬间烟消云散。"
第42章 鬼豹斗罗：小丑竟是我自己？,https://www.biquh.com/678_678189/65654074_3.html,"
取而代之的，是一种前所未有的、足以让他挺起胸膛的巨大满足感！
他爱不释手地抚摸着自己那只崭新的、无坚不摧的熊爪，感受着那股撕裂一切的力量，随后，才将目光转向了一旁神情淡漠的鬼斗罗。
那张粗犷的脸上，竟是浮现出了一抹……近乎于“羞愧”与“感激”的复杂神情。
“鬼豹，你昨天……是不是以为鬼哥他要害我？”
魔熊斗罗瓮声瓮气地问道，鬼豹斗罗下意识地点了点头。
“我昨天.......也这么以为的！”
魔熊斗罗一拍大腿，声音里充满了懊悔！
他猛地转向鬼斗罗，那魁梧的身躯竟是微微躬了下去，态度之诚恳，让鬼豹斗罗的大脑再次宕机！
“鬼哥！昨天是弟弟我的不对！”
“我还以为你要对我下黑手，心里还骂了你！”
“可我哪知道……您这哪里是想害我，您这分明是……是看不惯兄弟我实力太弱，硬拖着我去见一场天大的造化啊！”
而一直沉默的鬼斗罗，面对魔熊斗罗这番发自肺腑的“忏悔”，那张万年不变的阴沉脸庞上，终于露出了一丝极其罕见的、堪称和煦的笑意。
他缓缓抬手，轻轻拍了拍魔熊斗罗那比城墙还厚的肩膀。
“哎，说的这是什么话。”
“你我同为武魂殿长老，都是自家兄弟。”
鬼斗罗的声音依旧沙哑，却带上了一种前所未有的、令人信服的“长者之风”。
“有这等能让兄弟脱胎换骨的好事，我老鬼，又岂能独吞？”
这番话，听得鬼豹斗罗一愣一愣的。"
第42章 鬼豹斗罗：小丑竟是我自己？,https://www.biquh.com/678_678189/65654074_4.html,"
一个荒诞到让他灵魂都在颤抖的念头，疯狂地撞击着他的理智。
合着……
这特么还真是一场天大的机缘？！
就在他世界观崩塌重组的瞬间，一道带着几分慵懒与笑意的声音，从旁边悠悠传来。
是灵鸢斗罗。
她提溜着那个已经彻底放弃思考的“猪头”焱，饶有兴致地看着鬼豹斗罗，那眼神仿佛是在幸灾乐祸。f
“说起来，菊长老，昨天要不是你，我还真没这个福分呢。”
“这极致之火的机缘，我还没好好谢谢你呢。”
话音未落。
嗡——！
一缕纯粹到极致的金色神焰，便在她白皙的指尖，如一只温顺的精灵般，欢快地跳跃起来。
仅仅是一缕小小的火苗，却是让鬼豹斗罗的灵魂都在本能地尖叫、颤栗！
他甚至感觉，只要那朵小小的火苗轻轻一飘，自己就会瞬间被烧的连一丝灰烬都不会留下！
菊斗罗那标志性的兰花指一翘，用那条“月关的叹息，优雅地掩住嘴角，发出一阵悦耳的轻笑。
“哎呀~灵鸢妹子，你这话可就太见外了。”
“就像老鬼说的那样。”
“咱们，可都是相亲相爱的一家人啊。”"
第42章 鬼豹斗罗：小丑竟是我自己？,https://www.biquh.com/678_678189/65654074_5.html,"
“一家人，就该整整齐齐的，一起去见前辈，求一场大造化嘛。”
鬼豹斗罗：“……”
鬼豹斗罗的大脑，彻底变成了一锅浆糊。
他呆呆地看着魔熊斗罗那只闪烁着暗金色神光的狰狞熊爪。
又看了看灵鸢斗罗指尖那朵让他灵魂都在战栗的金色神焰。
所以……
昨天，菊斗罗那个死人妖，不是想揍我？
他昨天抓我，是……想强行把一场天大的机缘，塞到我的嘴里？！
而我……
我他妈的……
我以为他要害我，直接开了武魂真身，像条丧家之犬一样，跑了？！
一股滚烫的、混杂着无尽悔恨与羞耻的血液，猛地从脚底板直冲天灵盖！
鬼豹斗罗的脸，瞬间涨成了猪肝色，甚至比刚才魔熊斗罗的脸色还要难看百倍！
他想起来了。
昨天，他逃跑时，身后传来的，是菊斗罗那气急败坏的怒骂。
现在想来。
那哪里是胜利者的嘲讽！
那分明是……恨铁不成钢的痛心疾首啊！"
第42章 鬼豹斗罗：小丑竟是我自己？,https://www.biquh.com/678_678189/65654074_6.html,"
原来……
从头到尾……
小丑，竟是我自己？"
第43章 鬼豹斗罗：哥，我太想进步了！,https://www.biquh.com/678_678189/65654075.html,"
鬼斗罗和菊斗罗也察觉到了鬼豹斗罗那剧烈变幻的表情。
两人阴险地对视一眼。
这缺德两口子瞬间完成了神识交流，竟是同时松开了钳制着鬼豹斗罗的手。
鬼豹斗罗一个踉跄，差点没一屁股摔在地上。
但他根本没心思在意这些。
因为鬼斗罗接下来的话，让他如坠冰窟。
只听鬼斗罗幽幽叹了口气，声音里满是虚伪的惋惜。
“罢了。”
“既然鬼豹长老如此抗拒这场天大的机缘，我等……也不好强人所难啊。”
鬼豹：？
菊斗罗翘起兰花指，故作无奈地掩嘴轻笑。
“是啊，瞧瞧人家昨天那股子决心。”
“为了从我手里逃掉，可是连武魂真身都开了呢。”
“这份骨气，我等还是不要强求了。”
鬼豹：？？
灵鸢斗罗眼珠子一转，瞬间心领神会，挥手散去指尖的神焰，笑盈盈地接过话茬。
“既然如此，那便和昨日一样，咱们几个去就行了，莫要再为难鬼豹长老了。”
鬼豹：？？？"
第43章 鬼豹斗罗：哥，我太想进步了！,https://www.biquh.com/678_678189/65654075_2.html,"
最后，鬼豹斗罗只能将最后一丝希冀的目光，绝望地投向了看起来最老实的魔熊斗罗。
然而，魔熊斗罗显然还记着刚才鬼豹说他傻的事情，直接将那硕大的熊头撇向一边。
“看我干嘛？”
“老子要去干饭了！”
这一刻，鬼豹斗罗心中最后一根名为理智的弦，彻底崩断了。
于是。
在武魂城无数居民那见了鬼一般的注视下。
这位威震大陆、以速度著称的九十四级封号斗罗，竟是猛地一个前扑，当众死死抱住了菊斗罗的大腿，发出了惊天动地的凄厉哀嚎！
“哥！！”
“我滴亲哥啊！我错了！我真的错了啊！”
鬼豹斗罗一把鼻涕一把泪，整张脸都埋在了菊斗罗那华贵的长袍上，声音里充满了无尽的悔恨。
“我昨天不信您的话，我不是人！我是天下第一号的大傻子！是斗罗大陆万年不遇的蠢货啊！”
“您现在就打我！狠狠地打我一顿出气！我保证不躲一下！”
“求求您了！菊哥！带我一个吧！”
见到鬼豹斗罗这副尊严尽丧、哭得撕心裂肺的模样，菊斗罗那张妖娆的脸上，终于露出了那种大仇得报的、极致舒爽的快感。
“哟~”
他拖长了语调，居高临下地瞥着腿上的挂件。"
第43章 鬼豹斗罗：哥，我太想进步了！,https://www.biquh.com/678_678189/65654075_3.html,"
“不跑了？”
闻言，鬼豹斗罗的脑袋摇得像个拨浪鼓。
“不跑了！死也不跑了！从今往后，您就是我亲哥！您说什么我就做什么！”
“哥，求求您了，就带我去见见世面吧。”
他的声音带着哭腔，充满了无尽的卑微。
“我…..我太想进步了！”
就在这时，一道气息渊渟岳峙的中年男子，带着胡列娜与邪月，正好来到几人身边。
“你们不去前辈的店里吃饭，聚在这里做什么？”
来人正是拓跋希。
他的目光扫过众人，最后落在了那姿势极其不雅的鬼豹身上，眉头微皱。
“还有，鬼豹z长老，你抱着菊长老的腿干什么？”
听到这个熟悉的声音，鬼豹斗罗下意识地抬起头来。
“是拓跋长……”
可“老”字还没出口，他的声音便卡在了喉咙里，双眼瞬间瞪得滚圆，仿佛要从眼眶里掉出来！
因为此刻的拓跋希，不仅外貌比昨日年轻了至少三岁，身上那股浩瀚的龙威，更是压得他的鬼豹武魂在灵魂深处疯狂战栗、哀鸣！
鬼豹斗罗颤颤巍巍地伸出一根手指，指着拓跋希，声音都变了调。
“你……你别告诉我，你昨天……也获得了那场天大的机缘？！”
闻言，拓跋希那张威严的脸上，瞬间浮现出一种狂热到极致的虔诚之色！"
第43章 鬼豹斗罗：哥，我太想进步了！,https://www.biquh.com/678_678189/65654075_4.html,"
“机缘？”
他摇了摇头，声音肃穆，仿佛在宣告神谕。
“前辈赐予我的，岂是‘机缘’二字能够概括的？”
“那，是恩同再造！”
轰！！！
鬼豹斗罗瞬间石化。
他的大脑一片空白，只剩下一个念头在疯狂回荡。
合着……整个长老团里，除了我这个自作聪明的二逼，所有人都获得了难以想象的造化？！
就在他世界观崩塌的时刻，拓跋希从对林枫的敬畏中回过神来，看着呆滞的鬼豹斗罗，又在他那千疮百孔的心上，补上了最纯粹、也最残忍的一刀。
“说起来，鬼豹长老，昨天怎么没在前辈的店里见到你啊？”
“莫非……”
“你对那等逆天改命的造化，不感兴趣吗？”
闻言，鬼豹斗罗的世界，发出了“咔嚓”一声脆响。
然后，彻底崩碎成了一地齑粉。
“嗬嗬……”
他喉咙里发出一阵古怪的、像是漏气风箱般的嗬嗬声。
他笑了。"
第43章 鬼豹斗罗：哥，我太想进步了！,https://www.biquh.com/678_678189/65654075_5.html,"
笑得比哭还难看。
笑着笑着，两行滚烫的、饱含着无尽悔恨与羞耻的泪水，就这么不受控制地从他那双瞪得滚圆的豹眼里，狂涌而出。
啪！
一声无比清脆响亮的耳光，毫无征兆地炸响！
鬼豹斗罗猛地扬起手，狠狠一巴掌抽在了自己脸上！
力道之大，甚至抽出了一个清晰的五指印！
“我让你跑！”
啪！
又是一巴掌！
“我让你自作聪明！”
啪！啪！啪！
他像是疯了一样，左右开弓，一巴掌比一巴掌重，一巴掌比一巴掌响，仿佛那张脸不是自己的。
拓跋希第一个反应过来，连忙上前拉住他。
“豹子！算了算了！”
他一把抓住鬼豹斗罗那还在往自己脸上招呼的手腕，声音里带着一丝无奈。
其他人也是赶忙上前，免得鬼豹斗罗真把自己给抽成个猪头。
菊斗罗更是拿他那张宝贝得不行的“月关的叹息”，小心翼翼地，给鬼豹斗罗擦拭着那纵横交错的鼻涕和眼泪，焦急道：
“你看你，我们就是开个玩笑，你咋还急眼了呢。”"
第43章 鬼豹斗罗：哥，我太想进步了！,https://www.biquh.com/678_678189/65654075_6.html,"
“哇——！”
一声比之前更加凄厉、更加悔恨的哭嚎，冲天而起。
鬼豹斗罗整个人都软了下去，死死抱着菊斗罗，哭得像个三百斤的孩子。
“哥！菊哥！我不是急眼了！我是悔啊！”
他涕泗横流，把脸埋在菊斗罗的肩膀上，声音含糊不清，却充满了足以让闻者落泪的悲怆。
“我悔得肠子都青了啊！”
“我就是个傻逼！我就是个天字第一号的大蠢蛋！”
“你们是想拉兄弟一把，是想带我见一场天大的造化！可我呢？我他妈的以为你们要害我！我还开了武魂真身跑了！”
“我猪狗不如啊我！”"
第44章 前辈在睡觉？明明是悟道！,https://www.biquh.com/678_678189/65655049.html,"
“行了！别在这儿鬼哭狼嚎了，丢人现眼！”
一道阴冷沙哑，仿佛能刮掉人骨头上肉的声音，突兀地响起。
鬼豹斗罗的哭声戛然而止。
一只冰冷、干枯，如同铁爪般的手，不知何时已经搭在了他的肩膀上，将他硬生生从菊斗罗的怀里拽了出来。
是鬼斗罗。
他那张阴沉脸庞上，看不出任何情绪。
但周围的温度，却仿佛骤然下降了好几度。
鬼豹斗罗一个激灵，当即闭上了嘴，连抽泣声都硬生生憋了回去，只是身体还在不受控制地微微颤抖。
见此一幕，旁边的拓跋希和魔熊斗罗等人，都忍不住在心里对鬼斗罗竖起了大拇指。
还得是老鬼，治得了百病。
当然，鬼斗罗绝对不会承认。
他只是觉得，鬼豹那张涕泗横流的老脸，趴在月关那身华贵又干净的长袍上，有些碍眼。
非常碍眼。
月关的肩膀，也是这种蠢货能随便靠的？
他那双藏在阴影里的眸子，冷冷地瞥了一眼菊斗罗肩头那片被泪水和鼻涕浸湿的污渍，声音愈发沙哑刺骨。
“要想求得前辈的机缘，就给老夫……体面点。”
话音落下，他不再废话，铁钳般的大手提溜着鬼豹斗罗的后领，如同拖着一条死狗，径直朝着“枫染亭”的方向走去。
菊斗罗看着自己老伙计那决绝的背影，又低头看了看自己肩上的污渍。"
第44章 前辈在睡觉？明明是悟道！,https://www.biquh.com/678_678189/65655049_2.html,"
那张妖娆的脸上，嘴角却勾起了一抹谁也未曾察觉的、微不可查的愉悦弧度。
最终，在武魂城居民们那呆滞、惊恐、混杂着无尽同情的复杂目光中。
这场闹剧，总算是落下了帷幕。
枫染亭那古朴雅致的门前。
昨日那批尊贵无比的客人，今日，一个不少的，再次齐聚。
只是队伍的画风，变得有些……一言难尽。
鬼斗罗依旧走在最前面，那身标志性的黑袍无风自动，浑身散发着生人勿近的阴冷气息。
鬼斗罗依旧走在最前面，那身标志性的黑袍无风自动，浑身散发着生人勿近的阴冷气息。
唯一不同的是，他的手里，还提溜着一个失魂落魄的“挂件”。
而在他们身后。
菊斗罗翘着兰花指，用那张宝贝得不行的“月关的叹息”轻掩着嘴角，那看向鬼斗罗的背影的眼神中不知为何带着丝丝笑意。
灵鸢斗罗则饶有兴致地打量着鬼豹斗罗的惨状，那双燃烧着金色神焰的凤眸中，幸灾乐祸的神色几乎要满溢出来。
当然，她身边还亦步亦趋地跟着那个顶着“猪头”的、名为焱的“好徒儿”。
而队伍的最后，则是神情肃穆的拓跋希。
他两侧的胡列娜与邪月兄妹俩的眼神中，也满是即将面见神明的虔诚。
一行人，终于再次来到了那扇仿佛隔绝了凡尘与神域的店门前。
“前辈，我等……又来叨扰了。”"
第44章 前辈在睡觉？明明是悟道！,https://www.biquh.com/678_678189/65655049_3.html,"
被他提溜着的鬼豹斗罗，也连忙跟着弯腰行礼，姿态卑微到了尘埃里。
然而。
一秒。
两秒。
许久，店内都未曾传来任何回应。
死一般的寂静。
鬼斗罗深吸一口气，率先上前，恭恭敬敬地朝着店内那道躺在摇椅上的身影，深深一躬。
鬼斗罗心中一紧，缓缓抬起头，小心翼翼地朝着柜台后望去。
摇椅上，那道被他们视为神明、执掌天地造化的身影，此刻正双目紧闭，胸膛平稳地起伏着。
呼吸均匀，神态安详。
前辈他……
睡着了？
也就在这时，菊斗罗、灵鸢斗罗等人已经跟了上来，几乎是下意识地开口问安。
就在他们即将发出声响的一瞬间，鬼斗罗用尽了毕生最快的速度，将一道蕴含着极致惊恐与警告的意念，响彻在身后每一个人脑海中！
”噤声！“
所有人的脚步，都在这一刻，齐刷刷地停在了门外，仿佛门内有一道无形的、神圣的界限，他们不敢逾越分毫！
鬼斗罗那沙哑的神念，再次响起，这一次，带着一种发自灵魂深处的、绝对的敬畏。
“前辈……在休息。”"
第44章 前辈在睡觉？明明是悟道！,https://www.biquh.com/678_678189/65655049_4.html,"
“我等，不得惊扰！”
闻言，一众在外界足以搅动风云的封号斗罗，此刻却连大气不敢喘一声。
生怕自己呼出的一丝气息，都会化作惊扰神明安眠的罪孽。
休憩？
不！
这个凡俗的词汇，在他们脑海中仅仅是闪现了一瞬，便被一股发自灵魂深处的、更加极致的敬畏与骇然，彻底碾碎！
在亲眼见证了那足以逆天改命、重塑武魂、赐下神火的种种神迹之后，谁还会天真地以为，这位前辈会像凡人一样，需要简单的睡眠？
这绝非简单的休憩！
这分明是一种更高层次的、他们无法理解、甚至无法想象的……修行！
是在梦境中遨游太虚？
还是以神魂参悟天地至理？
我等凡夫俗子，岂能窥探神明万一？
能在此地，静静地、不发出半点声响地，为前辈护法。
这，本身就是一场……天大的荣幸！
一时间，所有人，都学着鬼斗罗的样子，朝着那扇小小的店门，恭敬地、无声地，躬身行礼。
姿态之虔诚，远超面见教皇！
就这样，武魂殿权势滔天的封号斗罗们，如同最虔诚的信徒，一动不动地肃立在枫染亭的店门外。"
第44章 前辈在睡觉？明明是悟道！,https://www.biquh.com/678_678189/65655049_5.html,"
他们甚至自发地形成了一道人墙，将这条街道彻底封锁。
任何试图靠近的行人，都会被那股无形中散发出的、足以让灵魂都冻结的恐怖气场，吓得屁滚尿流，仓皇逃窜。
时间，一分一秒地流逝。
两个小时，悄然而过。
这群跺一脚就能让大陆抖三抖的顶尖强者，竟没有一人露出半分不耐。
恰恰相反。
他们的神情，愈发恭敬，眼神中的敬畏，也愈发浓郁。
能为这等神明般的伟大存在“护法”，亲身感受其“修行”时逸散出的道韵，这本身就是一场万金难求的无上机缘！
虽然他们因为修行尚浅，感受不到那种道韵就是了......
店内。
摇椅上的林枫，终于发出一声满足的鼻音，从深度睡眠中悠悠转醒。
爽！
昨晚研究那“冰火两重天”的融合玩法，玩到半夜，这一觉睡得是真他妈的香！
他长长地呼出一口浊气，浑身上下的骨节都舒展开来，下意识地就想伸一个懒腰，美美的打个哈欠。
然而，就在他眼皮掀开一条缝隙的刹那。
他所有的动作，瞬间僵住！"
第45章 韭菜的自我修养,https://www.biquh.com/678_678189/65655050.html,"
林枫那即将出口的哈欠，硬生生被他吞回了肚子里，差点没把他自己给噎死！
卧槽？！
林枫的瞳孔，在眼皮底下，缩成了最危险的针尖！
只见店门外，鬼斗罗、菊斗罗、灵鸢斗罗、拓跋希、魔熊斗罗……一张张熟悉的面孔，跟站岗的兵马俑似的，整整齐齐地杵在那儿！
那眼神，那姿态，活像是等待神明降下法旨的狂信徒！
林枫的大脑，宕机了足足三秒。
下一秒，他在心中发出了足以掀翻自己灵魂的咆哮。
【系统！你他妈给我滚出来！】
【这到底是怎么回事？！这群韭菜什么时候来的？！】
系统那带着一丝愉悦的电子音，姗姗来迟。
【叮！杂鱼宿主，请注意你的言辞。】
【本系统监测到，这群虔诚的韭菜，已经在门口为你护法长达两个小时零十三分钟了。】
两个小时？！
林枫感觉自己的心跳都漏了一拍。
【那你为什么不叫醒我？！】
系统用一种理所当然的、甚至带着一丝鄙夷的语气，回应道。
【为什么要叫醒你？】
【你，是本系统的宿主。】"
第45章 韭菜的自我修养,https://www.biquh.com/678_678189/65655050_2.html,"
【而他们，不过是一群嗷嗷待割的韭菜。】
【难道尊贵的宿主的睡眠质量，还比不上一群韭菜的等待时间吗？】
林枫被这番歪理怼得一时间竟无言以对。
而就在他与系统在脑海中极限拉扯的瞬间，他那刚刚苏醒、还带着一丝慵懒的细微动作，却被门外始终保持着最高警惕的鬼斗罗，敏锐地捕捉到了！
鬼斗罗那藏在黑袍下的身躯猛地一震！
他立刻用眼神，向身后所有人发出了一个无声的、却充满了极致郑重的警告！
前辈……要从那至高的修行中，醒来了！
刹那间！
所有封号斗罗，呼吸为之一滞！
他们不约而同地，将腰弯得更低，姿态愈发谦卑，每一个人的脸上，都写满了即将面见神迹的、绝对的虔诚与狂热！
他们，在等待着……神明的苏醒！
林枫强行压下那股差点冲破喉咙的尴尬。
睡过头被一群顶级韭菜当场抓包，这叫什么事儿？
要是让他们知道，自己这位“前辈”只是单纯睡了个懒觉，那辛辛苦苦维持了这么久的高人形象岂不是瞬间崩塌？
不行。
绝对不行！
错的不是我，是这个世界。"
title,url,content
第45章 韭菜的自我修养,https://www.biquh.com/678_678189/65655050_2.html,"
【而他们，不过是一群嗷嗷待割的韭菜。】
【难道尊贵的宿主的睡眠质量，还比不上一群韭菜的等待时间吗？】
林枫被这番歪理怼得一时间竟无言以对。
而就在他与系统在脑海中极限拉扯的瞬间，他那刚刚苏醒、还带着一丝慵懒的细微动作，却被门外始终保持着最高警惕的鬼斗罗，敏锐地捕捉到了！
鬼斗罗那藏在黑袍下的身躯猛地一震！
他立刻用眼神，向身后所有人发出了一个无声的、却充满了极致郑重的警告！
前辈……要从那至高的修行中，醒来了！
刹那间！
所有封号斗罗，呼吸为之一滞！
他们不约而同地，将腰弯得更低，姿态愈发谦卑，每一个人的脸上，都写满了即将面见神迹的、绝对的虔诚与狂热！
他们，在等待着……神明的苏醒！
林枫强行压下那股差点冲破喉咙的尴尬。
睡过头被一群顶级韭菜当场抓包，这叫什么事儿？
要是让他们知道，自己这位“前辈”只是单纯睡了个懒觉，那辛辛苦苦维持了这么久的高人形象岂不是瞬间崩塌？
不行。
绝对不行！
错的不是我，是这个世界。"
第45章 韭菜的自我修养,https://www.biquh.com/678_678189/65655050_3.html,"
电光火石之间，林枫已经为自己的行为找到了完美的、神明级别的借口。
他缓缓睁开了那双半眯的眼眸。
没有半分刚睡醒的迷茫，更没有一丝被围观的惊讶。
那眼神，古井无波，仿佛刚刚从一场横跨万古的梦境中归来，带着俯瞰岁月流转的淡漠与沧桑。
他没有去看所有人，那淡漠的目光，只是随意地、轻飘飘地，落在了门外为首的那道阴冷身影之上。
“尔等......”
林枫的声音微微一顿，似是有些无奈。
“.......来得，有些早了。”
轰！！！
简简单单的一句话，却如同一道惊雷，在所有人的脑海中，轰然炸响！
来得早了？
前辈的意思是……
我等凡夫俗子，打扰了他遨游时间长河，参悟天地至理的修行？！
罪过！
天大的罪过！
鬼斗罗那颗早已古井无波的心，在这一刻，狠狠地抽搐了一下！
他那张阴沉的脸上，瞬间涌上了一股发自灵魂深处的惶恐与自责！
他猛地将头垂得更低，声音沙哑，却充满了前所未有的颤抖与敬畏。"
第45章 韭菜的自我修养,https://www.biquh.com/678_678189/65655050_4.html,"
“前辈恕罪！”
“是我等愚钝，不知前辈正在神游太虚，竟在此地惊扰了前辈的清修！”
“我等……罪该万死！”
他身后一众人也是齐刷刷单膝跪地，一个个脸色煞白，冷汗瞬间浸湿了后背。
他们身后，胡列娜、邪月、还有那个被揍成猪头的焱，更是连抬头的勇气都没有。
三颗脑袋死死地抵在冰冷的地面上，身体因恐惧而剧烈颤抖，恨不得当场刨个坑把自己埋进去！
生怕那神明随意的一瞥，就会让自己……形神俱灭！
林枫心中，早已是掀起了惊涛骇浪！
卧槽？
我就随口装一下而已，你们这反应是不是太夸张了点？！
还神游太虚……
我他妈就是单纯睡过头了啊！
【啧，瞧你那没见过世面的杂鱼样。】
系统那冰冷又带着一丝鄙夷的电子音，精准地在他脑海中响起。
【本系统早就说过，这是一群有着最高级自我修养的韭菜。】
【你只需要负责收割，他们自己就会把镰刀磨得锃亮，然后躺平了让你割，懂吗？】
【他们甚至能主动给自己施肥，本系统很欣慰。】"
title,url,content
第45章 韭菜的自我修养,https://www.biquh.com/678_678189/65655050_2.html,"
【而他们，不过是一群嗷嗷待割的韭菜。】
【难道尊贵的宿主的睡眠质量，还比不上一群韭菜的等待时间吗？】
林枫被这番歪理怼得一时间竟无言以对。
而就在他与系统在脑海中极限拉扯的瞬间，他那刚刚苏醒、还带着一丝慵懒的细微动作，却被门外始终保持着最高警惕的鬼斗罗，敏锐地捕捉到了！
鬼斗罗那藏在黑袍下的身躯猛地一震！
他立刻用眼神，向身后所有人发出了一个无声的、却充满了极致郑重的警告！
前辈……要从那至高的修行中，醒来了！
刹那间！
所有封号斗罗，呼吸为之一滞！
他们不约而同地，将腰弯得更低，姿态愈发谦卑，每一个人的脸上，都写满了即将面见神迹的、绝对的虔诚与狂热！
他们，在等待着……神明的苏醒！
林枫强行压下那股差点冲破喉咙的尴尬。
睡过头被一群顶级韭菜当场抓包，这叫什么事儿？
要是让他们知道，自己这位“前辈”只是单纯睡了个懒觉，那辛辛苦苦维持了这么久的高人形象岂不是瞬间崩塌？
不行。
绝对不行！
错的不是我，是这个世界。"
第45章 韭菜的自我修养,https://www.biquh.com/678_678189/65655050_3.html,"
电光火石之间，林枫已经为自己的行为找到了完美的、神明级别的借口。
他缓缓睁开了那双半眯的眼眸。
没有半分刚睡醒的迷茫，更没有一丝被围观的惊讶。
那眼神，古井无波，仿佛刚刚从一场横跨万古的梦境中归来，带着俯瞰岁月流转的淡漠与沧桑。
他没有去看所有人，那淡漠的目光，只是随意地、轻飘飘地，落在了门外为首的那道阴冷身影之上。
“尔等......”
林枫的声音微微一顿，似是有些无奈。
“.......来得，有些早了。”
轰！！！
简简单单的一句话，却如同一道惊雷，在所有人的脑海中，轰然炸响！
来得早了？
前辈的意思是……
我等凡夫俗子，打扰了他遨游时间长河，参悟天地至理的修行？！
罪过！
天大的罪过！
鬼斗罗那颗早已古井无波的心，在这一刻，狠狠地抽搐了一下！
他那张阴沉的脸上，瞬间涌上了一股发自灵魂深处的惶恐与自责！
他猛地将头垂得更低，声音沙哑，却充满了前所未有的颤抖与敬畏。"
第45章 韭菜的自我修养,https://www.biquh.com/678_678189/65655050_4.html,"
“前辈恕罪！”
“是我等愚钝，不知前辈正在神游太虚，竟在此地惊扰了前辈的清修！”
“我等……罪该万死！”
他身后一众人也是齐刷刷单膝跪地，一个个脸色煞白，冷汗瞬间浸湿了后背。
他们身后，胡列娜、邪月、还有那个被揍成猪头的焱，更是连抬头的勇气都没有。
三颗脑袋死死地抵在冰冷的地面上，身体因恐惧而剧烈颤抖，恨不得当场刨个坑把自己埋进去！
生怕那神明随意的一瞥，就会让自己……形神俱灭！
林枫心中，早已是掀起了惊涛骇浪！
卧槽？
我就随口装一下而已，你们这反应是不是太夸张了点？！
还神游太虚……
我他妈就是单纯睡过头了啊！
【啧，瞧你那没见过世面的杂鱼样。】
系统那冰冷又带着一丝鄙夷的电子音，精准地在他脑海中响起。
【本系统早就说过，这是一群有着最高级自我修养的韭菜。】
【你只需要负责收割，他们自己就会把镰刀磨得锃亮，然后躺平了让你割，懂吗？】
【他们甚至能主动给自己施肥，本系统很欣慰。】"
第45章 韭菜的自我修养,https://www.biquh.com/678_678189/65655050_5.html,"
林枫的嘴角，在心中疯狂抽搐。
这狗系统，虽然嘴巴毒了点，但总结得……还真是他妈的精辟。
他心中念头急转，表面上却依旧是那副俯瞰万古的淡漠。
最终，他只是轻轻抬了抬手。
“罢了。”
“不知者，无罪。”
那轻飘飘的一句话，落在众人耳中，却不亚于神明的赦令。
“多谢前辈！”
鬼斗罗那颗悬到嗓子眼的心，终于重重落回了胸腔，声音中的感激与后怕，几乎要满溢出来。
其余人也如蒙大赦，紧绷的身体瞬间松弛下来，却又不敢有丝毫的懈怠，依旧保持着最谦卑的姿态。
“进来吧。”
“今日的营业，现在开始。”
闻言，鬼斗罗那只干枯的手，依旧死死提溜着鬼豹斗罗的后领。
就这么拖着一条九十四级的封号斗罗，如同拖着一条待宰的死狗，上前一步。
“砰！”
一声闷响。
鬼斗罗竟是毫不留情地，将鬼豹斗罗整个人按得双膝跪地，面朝那道慵懒的身影，重重地跪了下去！
这个动作，充满了不容置疑的决绝！"
第45章 韭菜的自我修养,https://www.biquh.com/678_678189/65655050_6.html,"
仿佛在用行动宣告——在前辈面前，你连站着的资格都没有！
“前辈。”
鬼斗罗那沙哑的声音，带着一种近乎于献祭般的虔诚，在寂静的店内响起。
“此乃鬼豹。”
“昨日，他愚昧无知，被凡俗蒙蔽了双眼，竟敢质疑您的神迹，冒犯了您的天威。”
他微微侧头，那藏在阴影里的眸子，冷冷地瞥了一眼身旁抖如筛糠的鬼豹斗罗，声音愈发森寒。
“但今日，他已幡然醒悟，痛悔前非。”
“晚辈斗胆……恳请前辈，能看在他迷途知返的份上，赐他一个……赎罪的机会！”
话音落下，整个饭店的空气，都仿佛凝固了。
所有人的心，都提到了嗓子眼！
他们很清楚，在这枫染亭获得机缘的真正原因，绝不是单纯的交易那么简单。
那，是前辈对凡人降下的恩赐！
每一次抽奖，都是一场神圣的仪式！
而仪式的资格，则完全取决于前辈的一念之间！
你，有没有资格，被前辈“认可”？
这，才是关键！
（林枫：？？？）
鬼豹斗罗反应倒也也快，立刻明白过来鬼斗罗这是在帮自己。
立刻将脑袋深深的低下：“前辈，我知错了，求前辈给我一个机会！我愿意付出任何代价！求前辈开恩啊！”"
第46章 林枫麻了，这群韭菜又脑补了啥？！,https://www.biquh.com/678_678189/65656636.html,"
看着眼前这“感人至深”的一幕，林枫表面上依旧是那副神游万古、无悲无喜的淡漠神情。
但在内心深处，他早已乐开了花，甚至想当场给鬼斗罗颁发一个“年度最佳员工奖”！
好家伙！
这觉悟！
这业务能力！
都不需要自己亲自下场PUA，老韭菜就主动把新韭菜给安排得明明白白，甚至连跪地的姿势都帮忙按好了！
这哪里是顾客？
这分明是本店最忠诚、最懂事的金牌销售啊！
但表面上，他只是缓缓抬起眼帘，那双眸子淡漠地扫过跪在地上、抖如筛糠的鬼豹斗罗。
他用一种漫不经心的语调，从鼻腔里发出了一个微不可闻的音节。
“嗯。”
一个字。
轻描淡写。
但鬼豹斗罗只觉得自己的灵魂都在这一刻，被这声“嗯”字给彻底洗礼、升华！
那是神明对一个迷途羔羊的宽恕！是前辈对自己这只蝼蚁的……认可！
巨大的狂喜与劫后余生的激动，如同山洪海啸般瞬间淹没了他所有的理智！
“多谢前辈！多谢前辈开恩！”
他激动到语无伦次，竟是当场朝着林枫的方向，砰砰砰地磕起了响头，仿佛只有这样才能宣泄他心中那几乎要溢出来的虔诚与感激。"
第46章 林枫麻了，这群韭菜又脑补了啥？！,https://www.biquh.com/678_678189/65656636_2.html,"
磕完，他又猛地转向身旁的鬼斗罗，声音里带着浓重的哭腔。
“鬼哥！多谢鬼哥！您就是我亲哥，是我再生父母啊！”
对此，鬼斗罗却连看都没看他一眼。
那张黑漆漆的脸庞上，只有面对神明时才有的绝对虔诚。
他没有说话，只是伸出那只干枯的手，将鬼豹斗罗从地上扶起，动作中带着一种引路人般的庄重。
“跟上。”
他沙哑地传音道。
“看清楚，学明白，前辈这里的规矩，远比你想象的要深。”
“能得到多少造化，全看你自己的悟性与虔诚。”
说着，他便引领着还处于狂喜状态的鬼豹斗罗，径直走向了离柜台最近的那张桌子。
那不是一张普通的桌子。
那是……离前辈最近，最先沐浴神恩的，神圣之座！
这一幕，清晰地落在了身后每一个人的眼中。
灵鸢斗罗、拓跋希、魔熊斗罗……这些在外界呼风唤雨的封号斗罗，此刻先是齐齐一愣。
为什么是那张桌子？
然而，仅仅是零点一秒的迷茫过后，一道璀璨的灵光，如闪电般骤然劈开了他们脑海中的所有迷雾！
他们，悟了！"
第46章 林枫麻了，这群韭菜又脑补了啥？！,https://www.biquh.com/678_678189/65656636_3.html,"
原来如此！
座位，亦是一场无声的考验！
离前辈越近，便意味着……能沐浴到更多的神恩道韵！
而同坐一桌，更代表着团结、一心，是向神明展现自己虔诚态度的最佳方式！
昨日我等各自为政，分桌而坐，看似互不打扰，实则……是在前辈眼中，一种不够团结，不够虔诚的表现！
想到此处，灵鸢斗罗和拓跋希的背后，瞬间惊出了一层细密的冷汗！
他们再看向鬼斗罗的眼神，彻底变了！
那不再是看待同僚的眼神，而是带着一丝发自内心的敬佩与叹服！
不愧是鬼长老！
心思之缜密，悟性之高，竟能在这么短的时间内，就勘破了前辈布下的又一重神圣规则！
林枫的眼角，在无人察觉的角落，狠狠地抽搐了一下。
他感觉自己的CPU都快烧了。
看着这群人突然对着一张破木桌子露出了朝圣般的表情，内心满是黑人问号。
不就是一张离我近点的桌子么？
这眼神，这觉悟，这恨不得当场给桌子磕一个的架势……
你们到底又脑补了什么东西啊喂！
而且那是我平日里自己吃东西的地方啊！
刷！"
第46章 林枫麻了，这群韭菜又脑补了啥？！,https://www.biquh.com/678_678189/65656636_4.html,"
就在林枫内心疯狂吐槽之际，原本站在店门外，如同雕塑般肃穆的封号斗罗们。
仿佛一道道离弦的箭，瞬间冲向了柜台前的桌椅。
拓跋希率先抵达。
他如同朝圣般，庄重地坐了下来。
姿态笔挺。
眼神充满了虔诚。
灵鸢斗罗紧随其后。
她落座时，凤眸中闪过一丝不易察觉的懊恼。
似乎在不满自己的速度，没能抢到第一。
但她脸上，依然保持着对“神座”的敬畏。
魔熊斗罗魁梧的身躯，也笨拙而迅速地挤了过来。
他憨厚的脸上，此时满是难得的“机灵”。
仿佛生怕错过这场“神恩”的洗礼。
就连菊斗罗那妖娆的身影，也优雅地飘至桌边。
他翘着兰花指，唇角噙着一抹得意的笑意。
当那群平日里高高在上的长老们，如同饿了八百年的难民般疯狂涌入后，门外，瞬间变得空空荡荡。
只剩下胡列娜、邪月，以及那个顶着猪头的焱，三个人，如同三尊被世界遗忘的雕塑，孤零零地杵在原地。"
第46章 林枫麻了，这群韭菜又脑补了啥？！,https://www.biquh.com/678_678189/65656636_5.html,"
空气中，弥漫着一股名为“我是谁，我在哪，我刚才看到了什么”的极致茫然。
“娜娜……他们这是……”邪月嘴角疯狂抽搐，不知道这一众长老又在搞什么名堂。
胡列娜没有回答。
她那双妩媚的狐狸眼微微眯起，试图从这混乱的场面中，分析出哪怕一丝一毫的逻辑。
是前辈布下的新考验？
还是说……那张离前辈最近的桌子，有什么她无法理解的玄机？
然而，她还没想明白。
身旁，一道赤红色的残影已经“嗷”的一声，如同脱缰的野狗，猛地蹿了出去！
是焱！
这个铁憨憨的脑回路在这一刻，显得无比清奇且高效。
他看不懂，但他大受震撼！
他只知道一个最朴素的道理——连封号斗罗长老们都抢破头的东西，那绝对是天大的好东西！
抢不到第一，难道还抢不到第二吗？！
“可恶！”
胡列娜暗骂一声，但身体却比脑子更快！
她身形一晃，如同最优雅的赤色灵狐，在焱之后，也稳稳地占据了离林枫第二近那张桌子的一个绝佳位置。
紧接着，一脸无奈的邪月也火急火燎地挤了过来，生怕慢了一步，连汤都喝不上。
三人，就这么不明所以地，却又理直气壮地，抢占了这片在他们看来同样意义非凡的“神圣次席”。"
第46章 林枫麻了，这群韭菜又脑补了啥？！,https://www.biquh.com/678_678189/65656636_6.html,"
此刻的林枫已经近乎麻木了，面无表情地扫了一眼那两张桌子。
一桌，是正襟危坐、神情肃穆，仿佛在参加神明盛宴的长老团。
另一桌，是满脸茫然、却又强行装出“我懂了”表情的黄金一代。
整个饭店，弥漫着一种诡异到极致的、混合着狂热与荒诞的寂静。
最终，林枫缓缓抬起了手，轻轻叩了叩柜台的桌面。
“点菜。”"
第47章 林枫：要不咱招几个服务员吧？,https://www.biquh.com/678_678189/65656637.html,"
那平淡至极的两个字，落在众人耳中，却仿佛是神明敲响了开宴的钟声。
整个饭店，陷入了一种更加诡异的寂静。
所有人的目光，都不约而同地，聚焦在了那道最阴冷、也最深邃的身影之上。
鬼斗罗。
鬼斗罗的智慧，在所有封号斗罗眼中，如同拨开迷雾的指引。
他们不约而同地，将鬼斗罗视为这场“神圣宴席”的无形领袖。
那是一种发自灵魂深处的认可，无声的敬佩目光，纷纷汇聚在他身上。
鬼斗罗自然感受到了这些。
他那隐藏在黑袍下的脸庞，未露丝毫波澜。
他只是微微侧首，用那深不见底的眸光，扫了一眼身旁正襟危坐、神情紧张的鬼豹斗罗。
学着点。
那眼神，无声，却胜过千言万语。
随后，鬼斗罗的目光落向桌子中央，一本朴素的菜单，静静地躺在那里。
但在他眼中，那已不再是凡物而是承载着神明意志的至高法典。
鬼斗罗缓缓抬起他那只冰冷干枯的手，指尖微颤，小心翼翼地打开菜单。
他的脸上，写满了极致的虔诚。
许久，他才缓缓合上菜单，恭敬地将其放回桌面，随后对着那道慵懒的身影，深深一躬。
“前辈，晚辈……想好了。”"
第47章 林枫：要不咱招几个服务员吧？,https://www.biquh.com/678_678189/65656637_2.html,"
他的声音沙哑，却带着一种前所未有的庄重。
“一份蚀骨麒麟排。”
“一份深渊千喉肝。”
然而，林枫却并没有像昨日那般直接应下，他只是眼皮都懒得抬一下，从鼻腔里发出了一个微不可闻的音节。
“嗯。”
下一秒，他那淡漠的声音才缓缓响起。
“下一个。”
轰！
这两个字，在鬼斗罗听来，无异于神谕！
前辈的意思是……这场神圣的仪式，需所有人共同参与，方能开启？！
他悟了！
鬼斗罗不敢有丝毫怠慢，立刻将那本神圣的“法典”，郑重的双手递向了身旁的菊斗罗。
这一套行云流水的操作，看得后方的灵鸢、拓跋希等人，眼神再次一亮，心中对鬼斗罗的敬佩，又上了一个全新的台阶！
经过一轮庄重无比的、仪式感拉满的传递，那本承载了无数人希望的菜单，终于……落入了鬼豹斗罗的手中。
菜单入手的一瞬间，鬼豹斗罗激动的都在发抖。
他感觉自己捧着的，不是一本薄薄的册子，而是一座无法想象的巍峨神山！
是他昨天……愚蠢地、傲慢地、亲手推开的神山！"
第47章 林枫：要不咱招几个服务员吧？,https://www.biquh.com/678_678189/65656637_3.html,"
悔恨的泪水，差点又一次不争气地涌出眼眶。
他强忍着内心的激动与惶恐，颤抖着手，翻开了那本决定他命运的“神典”。
当他看到菜单上那些动辄数千上万金魂币的昂贵价格时。
他非但没有半分惊讶，反而……露出了一副理所当然、甚至觉得无比庆幸的表情！
便宜！
太便宜了啊！
与前辈随手赐下的、那足以逆天改命、重塑武魂的无上神迹相比！
区区几万金魂币，算得了什么？！
那简直跟白送没有任何区别！
这一刻，鬼豹斗罗心中，对菊斗罗和鬼斗罗的感激，攀升到了顶点！
若不是两位老哥拼了命也要把自己绑来，自己恐怕就要永远错过这场足以改变一生的天赐神恩了啊！
他学着前面几位长老的样子，将菜单恭敬地放好，随后猛地站起身，用尽全身的力气，朝着林枫的方向，深深一躬！
那声音，甚至带着一丝压抑不住的哭腔与颤抖！
“前……前辈！”
“晚辈……晚辈要一份飞云豹肉沫盖面，一份五珍烩肉排，还有……还有一壶兽血彼岸酒！”
他几乎是吼出来的，生怕自己声音小了，前辈会听不见他的忏悔与虔诚！
那张吱呀作响了半天的摇椅，终于停下了它那慵懒的节奏。
林枫起身了。"
第47章 林枫：要不咱招几个服务员吧？,https://www.biquh.com/678_678189/65656637_4.html,"
他甚至没有看那群神情肃穆的长老一眼，只是迈着不疾不徐的步子，转身走向后厨。
那背影，在众人眼中，仿佛即将踏入另一个次元，去亲手锻造足以逆天改命的奇迹。
就在他即将掀开后厨门帘的刹那，脚步微微一顿。
他没有回头。
一道平淡到不带丝毫感情的声音，却如同法则的低语，清晰地飘进了胡列娜、邪月，以及那个顶着猪头的焱的耳中。
“他们的‘菜’，需要一点时间。”
“在我回来之前，你们可以先想好点什么。”
话音落下。
林枫不疾不徐地迈开步子，最终消失在门帘之后。
只留下三人呆滞在原地，随后目光中是被前辈言语点燃的狂热火焰。
他们本以为前辈的神目，只会落在那些封号斗罗的身上。
可现在。
前辈竟然没有忽略他们！
甚至。
还主动出言。
点醒他们这些“小虾米”。
那是何等……神明般的慈悲？"
第47章 林枫：要不咱招几个服务员吧？,https://www.biquh.com/678_678189/65656637_5.html,"
那是何等……浩瀚的胸怀？
而林枫在进入后厨后，
整个人就像是被抽掉了骨头，瞬间从那副古井无波的“神明”姿态，垮成了一滩烂泥。
演！
接着演！
他感觉自己迟早要得奥斯卡。
应付这群封号斗罗，比他妈连续颠一千次大勺还要累！
尤其是心累！
“系统，我严重怀疑这群韭菜的脑回路是不是有什么大病。”
林枫一边麻利地从储物空间取出顶级的食材，一边在心里疯狂吐槽。
“瞧瞧他们刚才那眼神，我就是放个屁，他们都能当场顿悟，研究出屁里蕴含的十三种天地至理来！”
【啧。】
系统那熟悉的，带着三分鄙夷七分嫌弃的电子音，如约而至。
【莫非杂鱼宿主你已经废物到连割韭菜都觉得费劲了？】
“我不是那个意思！”
林枫的嘴角狠狠一抽，手起刀落，一块散发着奇异香气的麒麟排骨被完美分割。
”我只是觉得，这店里少了点什么？“
【比如呢？】"
第47章 林枫：要不咱招几个服务员吧？,https://www.biquh.com/678_678189/65656637_6.html,"
“你看，厨子是我自己当也就算了。”
“可上菜、打扫卫生这些活计，怎么还让我亲自动手？”
他抱怨道。
“我这店里，是不是可以招几个服务生了？”
这本是他随口一提。
权当是和系统抱怨两句。
毕竟，让一位“隐世前辈”亲自动手端盘子洗碗，听着就不太对劲。
他压根没指望系统能给出什么实际回应。
毕竟，这系统除了嘴毒和发任务，向来对这些“杂事”不屑一顾。
然而。
出乎意料的是。
系统这次，居然真的给了回应。
【宿主说的有道理。】
系统那冰冷又带着一丝傲娇的声音，破天荒地认同了林枫。
【今日营业结束后。】
【本系统会酌情考虑，为宿主招揽几位合适的“服务员”。】
（ps：收哪几个服务员，大家可以提提建议。）"
第48章 林枫：啥玩意儿？我还得发工资？,https://www.biquh.com/678_678189/65658247.html,"
后厨内，林枫的嘴角已经快要咧到耳根，全靠强大的意志力才没让自己笑出猪叫。
系统竟然真的松口了！
虽然只是“酌情考虑”，但以这系统的傲娇属性，说考虑，那基本就是板上钉钉的事了！
一想到以后自己只需要在后厨颠颠勺，装装逼，剩下所有的活儿全都有人代劳……
林枫就感觉自己的懒癌之魂，在熊熊燃烧！
心情大好的林枫，连带着看那些顶级食材都顺眼了许多。
时间，在众人虔诚的等待中，仿佛失去了意义。
不知过了多久。
后厨的门帘，被一只手掌轻轻掀开。
刹那间，一股无法用言语形容的浓郁香气，猛然冲出！
林枫的身影，就在这令人陶醉的香味中，不疾不徐地走出。
他的手中，托着一个看似寻常的乌木托盘。
然而，在众位封号斗罗的眼中，那托盘之上，仿佛承载着一方浓缩的小世界！
每一道菜，都萦绕着神曦与道韵，光华流转，异象纷呈！
那“蚀骨麒麟排”上，仿佛有一头威严的麒麟虚影在仰天咆哮！
那“深渊千喉肝”旁，似乎有无尽的深渊在缓缓旋转！
咕咚。
不知是谁，艰难地咽下了一口唾沫，那声音，在这死寂的大厅内，清晰得如同擂鼓！"
第48章 林枫：啥玩意儿？我还得发工资？,https://www.biquh.com/678_678189/65658247_2.html,"
林枫的动作，依旧是那副慵懒随意的模样。
他走到桌前，随意的将托盘上的菜肴轻轻放下，只淡淡的丢下一句：
“慢用。”
那句“慢用”落下，却无一人敢动筷。
仿佛那不是一句随意的嘱咐，而是神明开启盛宴的最终敕令。
以鬼斗罗为首，所有封号斗罗竟是再次不约而同地起身，朝着林枫那已经转身的背影，深深一躬。
“谢前辈赐宴！”
直到林枫的身影离开此地，他们才敢缓缓直起身，重新落座。
只不过当众人屁股接触座椅的那一瞬间，那股压抑到极致的、名为“虔诚”的氛围，轰然崩碎！
前一秒，他们还是面见神明的信徒。
下一秒，他们便化作了争抢神赐祭品的饿狼！
“铿锵！”
鬼斗罗那只干枯的手快如鬼魅，阴冷的黑气一闪而过，筷子已经精准地夹起一块萦绕着麒麟虚影的排骨！
他甚至来不及细细品味，便直接塞入口中！
菊斗罗那张妖娆的脸庞上，再无半分优雅！
他翘着兰花指的右手，此刻却以一种与优雅毫不沾边的速度疯狂舞动，嘴里塞得满满当当，腮帮子高高鼓起，活像一只偷食的仓鼠。
灵鸢斗罗凤眸中神焰爆闪，她吃的不是菜，是战意！是今天要超越拓跋希的决心！"
第48章 林枫：啥玩意儿？我还得发工资？,https://www.biquh.com/678_678189/65658247_3.html,"
魔熊斗罗更是直接放弃了筷子，蒲扇般的大手抓起肉排就往嘴里送，油脂顺着他粗犷的嘴角流下，他却浑然不觉，只顾着发出满足而含糊的咆哮！
整个饭桌，彻底化作了修罗场！
而在这片混乱的中心，鬼豹斗罗，这位新晋的“信徒”，才刚刚颤抖着，夹起了第一口飞云豹肉沫盖面。
那不是面，那是他昨天亲手推开的神恩！
面条入口的瞬间，鬼豹斗罗的大脑，一片空白。
那是一种无法用任何词汇去描绘，甚至连思考都无法触及的极致鲜美。
劲道爽滑的面条，裹挟着醇厚到仿佛能融化灵魂的汤汁，在舌尖上轰然炸开！
而那细碎的飞云豹肉沫，更是点睛之笔，入口即化，化作一股纯粹、霸道、却又温润无比的肉香，瞬间席卷了他所有的感官！
周围，菊斗罗等人的狼吞虎咽声，仿佛被隔绝在了另一个世界。
一股滚烫的热流，猛地从他心底涌上眼眶。
可他的嘴角，却咧开了一个比哭还难看的、极致狂喜的笑容。
好吃。
好吃到让他想把自己的舌头都吞下去。
好吃到让他觉得，自己之前那么多年的人生，吃的全都是猪食！
这，就是神恩的味道吗？
当林枫再次掀开门帘，回到后厨，外界那群封号斗罗的狂热与虔诚，才终于被彻底隔绝。
他脸上那副神游万古的淡漠神情，瞬间垮掉。
“呼——接下来就是胡列娜三人的菜了，三个人加在一起也就一百多积分，还真是......”"
第48章 林枫：啥玩意儿？我还得发工资？,https://www.biquh.com/678_678189/65658247_4.html,"
当然，林枫嘴上吐槽鬼吐槽，但是三个小家伙的点单，他还是会认真对待的。
毕竟没有这三颗优质的‘种子韭菜’，哪来今天这一整片绿油油的‘长老韭菜园’？
当林枫将胡列娜三人的菜品端上桌时，整个饭店的空气再次发生了微妙的变化。
与长老们那桌菜肴神光璀璨、异象纷呈的景象不同。
这三份菜，显得“朴实”了许多。
没有麒麟咆哮，也无深渊轮转。
有的，只是那几乎要化为实质，萦绕在餐盘之上，肉眼可见的浓郁香气。
可即便是这样，也足够三小只眼神冒光了。
“多……多谢前辈赐菜！”
林枫没有理会，只是重新走向了那张专属于他的摇椅。
吱呀——
当他重新躺回摇椅，整个人彻底放松下来的那一刻，一股前所未有的疲惫感，瞬间涌上了心头。
那不是身体上的劳累。
而是精神上的。
演！
接着演！
他瘫在摇椅上，这才想起了先前那桩天大的喜事。"
第48章 林枫：啥玩意儿？我还得发工资？,https://www.biquh.com/678_678189/65658247_5.html,"
“系统，系统，出来聊聊。”
他在心中呼唤。
“关于那个‘服务员’的事……”
林枫的语气里，带着一丝只有他自己能察觉的、小市民般的精明与期待。
“我先跟你说好啊。”
“咱这店，走的可是最高端的路线，讲究的是一个格调，一个牌面。”
“你给我找的服务员，颜值、气质方面，总不能太拉胯吧？”
他顿了顿，补充了一句。
“歪瓜裂枣什么的，我可不要啊，那会严重影响我这位‘前辈’的光辉形象。”
【呵。】
系统那冰冷又带着三分讥诮的电子音，如期而至。
【杂鱼宿主，你的眼界居然还停留在颜值这种肤浅的层面上吗，真是浅薄得可怜。】
林枫的嘴角狠狠一抽。
妈的，又被这破系统给鄙视了。
只不过，系统接下来的话，却让林枫脸上的表情微微一僵。
【而且现在你需要考虑的，已经不是员工质量的问题。】
系统那冰冷无情的电子音，带着一丝不易察觉的戏谑。
【而是你的积分，够不够给员工发工资的问题。】"
第48章 林枫：啥玩意儿？我还得发工资？,https://www.biquh.com/678_678189/65658247_6.html,"
林枫：“？”
他脑子里那正在播放的“美女服务员端茶送水，自己躺着收钱数到手软”的美好画面，瞬间卡顿，碎裂，化为了一片像素雪花。
等等。
刚才那句话里，是不是混进了什么奇怪的词汇？
工资？
什么工资？
林枫的瞳孔，在内心深处，狠狠地地震了一下。
他用一种极度危险的、试探性的语气，在脑海中一字一顿地问道：
“你的意思是……我还得……拿我辛辛苦苦赚来的积分，给她们发工资？！”
【？？？】
脑海中，系统那冰冷的电子音，只回荡过来三个充满了鄙夷与不解的问号。
仿佛在说：
不然呢？
你还想搞奴隶制不成？"
第49章 你特么要让神王端盘子？,https://www.biquh.com/678_678189/65658248.html,"
【不然呢？】
系统那冰冷中带着一丝“你是不是脑子有问题”的电子音，再次响起。
【招聘来的员工都是为宿主打工，宿主你负责支付报酬，天经地义。】
“我……”
林枫的喉结艰难地滚动了一下，一口老槽卡在胸口，差点当场心肌梗塞。
“我辛辛苦苦演戏！我费尽心机割韭菜！我赚的每一个积分都沾着我的汗水和演技！”
他在心中发出了撕心裂肺的咆哮。
“你现在告诉我，我得拿我卖命赚来的积分，去给别人发工资？！”
【纠正一下。】
系统的声音，依旧是那副冷漠到不带丝毫感情的调调。
【不是‘别人’。】
【是‘员工’。】
林枫沉默了。
他发现自己竟然无法反驳这该死的逻辑。
几秒后，他那财迷的本性再次占据了高地，开始和系统讨价还价。
“那……那工资能不能少点？”
“或者，有没有什么办法，让我少付点积分？”
【自然有。】"
第49章 你特么要让神王端盘子？,https://www.biquh.com/678_678189/65658248_2.html,"
系统这次倒是回答得很快。
【员工的薪酬，与其自身实力、稀有度、颜值、气质等综合条件挂钩。】
【如果宿主想支付更少的积分，本系统可以为你招募一些实力较为弱小的普通店员。】
闻言，林枫的眼睛瞬间一亮！
有门儿！
但他心里还是升起了一丝古怪。
以这狗系统一贯的尿性，它一开始的目标，绝对不是什么“普通店员”。
“那你……原来的目标人选，是哪些？”
林枫只是随口一问，纯属好奇。
然而，系统接下来的回答，却让他体会到了什么叫真正的语不惊人死不休。
【很简单。】
系统用一种仿佛在说“今天晚饭吃白菜还是萝卜”的平淡语气，缓缓道。
【生命女神，善良之神之类的。】
林枫的大脑，在听到那几个名字的瞬间，彻底死机了。
整个灵魂仿佛被抽离，飘在半空中，地看着自己那张石化的脸。
生命女神？
善良之神？"
第49章 你特么要让神王端盘子？,https://www.biquh.com/678_678189/65658248_3.html,"
这他妈不是神界传说中，地位最尊崇，实力最恐怖的那几位神王吗？！
你管这叫“之类的”？！
让神王来我这小破饭馆里端盘子？
你他妈怎么不干脆把创世神叫来给我扫厕所？！
下一秒，林枫那几乎停止运转的大脑，被一个更恐怖的念头瞬间激活。
工资！
他猛地想起了这个魔鬼般的词汇！
【叮！】
系统冰冷的电子音，仿佛是催命的符咒，精准地在他脑海中响起。
【根据本系统初步估算，若聘请生命女神为本店首席服务员，月薪标准为：999999积分或等价物品。】
将近一百万积分？
一个月？！
林枫感觉自己的呼吸，骤然停滞。
昨天一整天！
他又是当厨子又是当演员，差点把自己累到过劳死，总共才赚了多少？
一万四千九百三十五点积分！
每一个积分，都沾着他身为“神明”的汗水与演技！
结果现在，系统告诉他，请一位生命女神来端盘子，一个月就要烧掉他将近一百万的血汗积分？"
第49章 你特么要让神王端盘子？,https://www.biquh.com/678_678189/65658248_4.html,"
这哪里是请员工？
这他妈是请回来一尊吞金兽祖宗啊！
林枫眼前阵阵发黑，感觉自己辛辛苦苦种了一整年的韭菜地，还没来得及高兴，就被人连根带土地给铲走了！
“不对……”
一个更恐怖的念头，如同一道黑色的闪电，猛地劈开了他混乱的思绪。
他猛地打了个哆嗦，用一种近乎于梦呓的、颤抖的声音，在脑海中绝望地问道：
“这……这是一个人的工资？”
“狗系统原本的意思，好像是要是招好几个……”
林枫不敢想下去了。
他感觉自己要是再想下去，可能会当场心肌梗塞，成为史上第一个被员工工资吓死的系统宿主。
“不行！！！”
一声足以掀翻灵魂的咆哮，在他心底疯狂炸响！
“狗系统！我警告你！我不管你原来打算请什么生命女神，还是善良之神！”
“总之！从现在开始！这个计划，立刻！马上！给我作废！”
“不然的话我特么当场就把店给点了，咱们一拍两散，谁都别活！”
他的声音，带着一种倾家荡产的绝望与歇斯底里。
【啧。】"
第49章 你特么要让神王端盘子？,https://www.biquh.com/678_678189/65658248_5.html,"
系统发出一声轻微的咂嘴声。
【知道了。】
那敷衍的语气，让林枫的血压再次飙升。
“我不管！”
林枫在心中发出了土拨鼠般的尖叫！
“你给我听好了！招人可以！但工资必须往死里压！！”
就在林枫还在心里叮嘱系统时，店内的一众封号斗罗的用餐也已经接近尾声。
脸上透露着满足神色的他们没有交谈，却仿佛达成了一种神圣的默契。
所有人的目光，都不约而同地，汇聚到了那道最阴冷、也最深邃的身影之上。
鬼斗罗！
最先勘破前辈神意的“引路人”！
在众人那混杂着敬畏与期待的注视下，鬼斗罗缓缓放下了手中的筷子。
他，作为众人公认的“领袖”，当仁不让地，第一个上前。
去迎接前辈的……恩赐！
”前辈，晚辈准备好了！“
鬼斗罗那沙哑的声音，将林枫从与系统关于“员工薪资”的激烈辩论中，硬生生拽回了现实。
【消费：38000金魂币。】
【系统评价：这跟韭菜非常优秀，堪称韭菜中的劳模。本系统很满意，可以赐予对他来说较好的奖励。】"
第49章 你特么要让神王端盘子？,https://www.biquh.com/678_678189/65658248_6.html,"
【随机奖励：武魂溯源——归真！】
【宿主奖励：美食积分3800。】
林枫的眼皮懒洋洋地掀开一条缝。
归真？
听起来倒是个不错的彩头。
最终，他只是轻轻抬了抬手，对着鬼斗罗的方向，随意地、轻轻一挥。
一粒幽暗深邃，仿佛蕴藏着轮回尽头秘密的光点，悄无声息地，没入了鬼斗罗的眉心！
刹那间，鬼斗罗那常年笼罩在黑袍下的身躯，猛地一震！
他那张阴沉的面庞，正在以肉眼可见的速度，发生着翻天覆地的变化！
狰狞的黑纹，寸寸褪去。
取而代之的，是光洁如玉的皮肤。
那双常年干枯、如同鬼爪般的手掌，此刻正被一层柔和的幽光包裹，干瘪的血肉迅速变得饱满，苍白得没有一丝血色的皮肤，也渐渐恢复了温润的色泽。
他身上的阴森鬼气，如同被烈阳融化的冰雪，飞速消融。
整个过程，不过短短数息。
当光芒散尽。
那个笼罩在阴森鬼气中，半人半鬼的武魂殿鬼长老，消失了。
取而代之的，是一位面容俊朗、气质卓绝，眼眸深邃如星空的黑袍男子。"
第49章 你特么要让神王端盘子？,https://www.biquh.com/678_678189/65658248_7.html,"
他静静地立在那里，仿佛与身后的黑暗融为一体，却又有着令人无法忽视的、独特的风骨。
这，才是鬼魅斗罗，原本的模样！
“老……老鬼？”
菊斗罗那标志性的兰花指，僵在了半空中，那张妖娆的脸上，第一次出现了名为“失态”的表情。
他的声音，带着一丝连自己都未曾察觉的剧烈颤抖。"
第50章 菊斗罗：别来打扰我和老鬼,https://www.biquh.com/678_678189/65659329.html,"
听到菊斗罗的声音，鬼斗罗这才回过神来缓缓抬起自己的手。
那是一只骨节分明、修长有力的手，再无半分往日的干枯与可怖。
他怔怔地看着，然后，又难以置信地，轻轻抚摸过自己的脸颊。
触手所及，是温润而平滑的肌肤。
而非儿时死后觉醒武魂时，变成的狰狞模样！
一股滚烫的情绪，毫无征兆地从他那颗早已冰封的心脏最深处轰然炸开，瞬间冲垮了所有的理智与克制。
他猛地抬头，望向摇椅上那道慵懒的身影。
扑通！
一声闷响。
这位九十六级的巅峰斗罗，竟是毫不犹豫地，双膝跪地！
他没有说话。
也说不出话。
只是将额头死死叩在冰冷的地面上，一动不动。
他身后，所有人的呼吸都在此刻停滞。
他们的脸上，写满了无法用言语形容的骇然与狂热！
他们悟了！
他们终于悟了！
前辈赐予的，从来就不是单纯的力量！"
第50章 菊斗罗：别来打扰我和老鬼,https://www.biquh.com/678_678189/65659329_2.html,"
那是……救赎！
而面对着行此大礼的鬼斗罗，摇椅上的林枫，却连眼皮都未曾抬一下。
仿佛这足以让大陆震动的巅峰斗罗的跪拜，于他而言，不过是庭前花开花落，云卷云舒，不值一哂。
然而，这无声的默许，落在众人眼中，却比任何神谕都更加威严！
这，是神明对信徒的怜悯。
是前辈，对他这番虔诚的……认可！
终于，菊斗罗动了。
他脸上那份妖娆的媚态荡然无存，只剩下一种近乎扭曲的狂喜。
他一步一步，缓缓走到鬼斗罗身前。
伸出的手，不再是翘着兰花指的优雅，而是带着一丝连他自己都未曾察觉的、剧烈的颤抖。
“老鬼……”
菊斗罗的声音，嘶哑得不成样子，带着浓重的鼻音。
他将鬼斗罗从冰冷的地面上，轻轻搀扶起来。
看着那张既熟悉又陌生的、恢复了本貌的俊朗脸庞，菊斗罗的眼眶，也红了。
他从怀中取出那条宝贝得不行的丝帕，小心翼翼地，为鬼斗罗拭去眼角不受控制溢出的泪痕。
那擦去的，哪里是泪。
那分明是……困扰了他一生的诅咒，与永无天日的绝望！"
第50章 菊斗罗：别来打扰我和老鬼,https://www.biquh.com/678_678189/65659329_3.html,"
菊斗罗的嘴角，终于勉强勾起一抹比哭还难看的、妖娆的笑意。
“瞧你这点出息。”
他用那标志性的尖细嗓音轻声嗔怪，声音里却满是压抑不住的哽咽。
“变好看了，反倒哭得更丑了。”
见到这一幕，整个枫染亭都陷入了一种神圣的寂静。
终于，还是最为年长的拓跋希第一个反应过来。
他缓缓起身，郑重地整理了一下衣袍，没有上前打扰，只是朝着二人的方向，深深一躬。
“恭喜鬼长老，贺喜鬼长老。”
他的声音里，带着无法掩饰的感慨与敬畏。
“今日，得见鬼长老破除心魔，重获新生，实乃我等之幸！”
灵鸢斗罗和魔熊斗罗等人也立刻起身，躬身行礼。
“恭喜！”
这一声恭喜，不再是同僚间的客套。
而是对见证神迹的敬意，更是对那位摇椅上神明的、发自灵魂深处的崇拜。
菊斗罗没有回头，依旧痴痴地看着鬼斗罗的脸。
他只是抬起另一只手，朝身后众人随意地摆了摆。
那意思很明显。
别吵。"
第50章 菊斗罗：别来打扰我和老鬼,https://www.biquh.com/678_678189/65659329_4.html,"
别来打扰我和老鬼。
众人心领神会，识趣地保持着沉默。
然而，这份难得的温馨，却被一道慵懒淡漠的声音，毫不留情地打断了。
“下一个。”
林枫甚至连眼皮都懒得抬一下。
但他心里早已不耐烦到了极点。
腻歪完了没有？还让不让韭菜们抽奖了？我这积分还等着入账呢！
这轻描淡写的一句话，却让在场的所有封号斗罗，心头猛地一凛！
前辈果然是前辈！
心境早已超越了凡俗的爱恨情仇，我等在他眼中，竟是如此的耽于俗事，真是着相了！
众人心中，对林枫的崇拜，再次攀上了一个全新的高峰。
“前辈，晚辈……晚辈准备好了！”
一道沉闷如熊吼的声音响起，魔熊斗罗那魁梧如山的身躯，带着一股压迫性的气势，小心翼翼地上前一步。
他那张粗犷的脸上，满是憨厚的紧张，将一大袋金魂币重重地放在了柜台上，发出“咚”的一声闷响。
【消费：40000金魂币。】
【系统评价：这头熊脑子里除了肌肉就没别的了，简单粗暴的奖励最适合他。】
【随机奖励：武魂力量属性翻倍！】"
第50章 菊斗罗：别来打扰我和老鬼,https://www.biquh.com/678_678189/65659329_5.html,"
【宿主奖励：4000美食积分。】
眼见事态总算是回到正轨，林枫这才满意的点了点头。
“你的奖励，是力量属性翻倍。”他一指点出，一道淡淡金光便瞬间没入魔熊斗罗的眉心。
轰！！！
一股纯粹到极致的、蛮横霸道的恐怖力量，如同沉寂了亿万年的火山，在他体内轰然引爆！
他能清晰地感受到！
自己的每一寸筋骨，每一条肌肉纤维，甚至每一个细胞，都在这股神力之下变得更加强大！
魔熊斗罗呆呆地低下头，看着自己那只砂锅大的拳头。
他只是轻轻一握。
“噼里啪啦！”
空气，竟被他硬生生捏爆，发出一连串刺耳的气爆声！
他感觉，现在的自己，一拳，就能把之前的自己，活活打死！
扑通！
这位以肉身强横著称的九十五级封号斗罗，猛地单膝跪地，整个枫染亭都为之一震！
他将那只足以开山裂石的右拳，重重地捶在自己心脏的位置，用尽全身的力气，发出了震耳欲聋的咆哮！
“魔熊，谢前辈再造之恩！”
“此后，但凭前辈差遣，万死不辞！”
他不敢浪费前辈的时间，行此大礼后，便立刻起身，恭敬地退到一旁。"
第50章 菊斗罗：别来打扰我和老鬼,https://www.biquh.com/678_678189/65659329_6.html,"
就在这股震撼还未平息之际，一道高挑婀娜的身影，莲步轻移，缓缓上前。
是灵鸢斗罗。
她轻轻抚了抚自己那依旧平坦紧致，却感觉有些微微发胀的小肚子，脸上不由自主地浮现出一抹满足的红晕。
好吃。
真的太好吃了。
好吃到她完全忘记了自己身为封号斗罗的矜持，硬是比昨天多加了一道菜，吃得心满意足。
但此刻，她那双燃烧着金色神焰的凤眸中，更多的，却是无法遏制的灼热与好胜！
鬼长老得到了救赎。
魔熊那憨货得到了力量。
那么我呢？
她深吸一口气，将一大袋沉甸甸的金魂币，双手捧着，恭恭敬敬地放在了柜台之上。
“前辈。”
她微微躬身，声音清脆悦耳，充满了对即将到来的神恩的无限期待。
“晚辈，也准备好了。”"
第51章 老娘才是最终赢家！格局打开,https://www.biquh.com/678_678189/65659330.html,"
【消费金额：43000金魂币。】
【系统评价：此韭菜好胜心极强，且食量惊人，虚荣与食欲并存。简单的奖励已无法满足她日益膨胀的胃口与野心。】
【建议宿主，给予其一份足以让她在同伴面前，好好炫耀一番的奖励。】
【随机奖励：涅槃之羽（一片）。】
{宿主奖励：4300美食积分。】
林枫的内心，瞬间被这笔不菲的收入给填满了。
好家伙！
这娘们，居然比魔熊那个饭桶吃的还多！
真是人不可貌相！
他心中暗爽，表面上却依旧是那副俯瞰万古的淡漠。
他只是轻轻抬了抬手，对着灵鸢斗罗的方向，随意地、轻轻一挥。
一粒金色的光点，自林枫那随意挥动的手指间，轻飘飘地飞出。
它没有惊天动地的威势，也没有席卷一切的气浪。
就那么安静地，悠然地，仿佛一片被微风托起的落叶，缓缓飘向灵鸢斗罗。
然而，就是这不起眼的一粒光点，却让在场所有封号斗罗的武魂，都在灵魂深处，发出了前所未有的、源自本能的剧烈哀鸣！
那是一种低等生命，在面对至高神祇时，无法抑制的……臣服与战栗！
光点，在灵鸢斗罗面前停下。
嗡——！"
第51章 老娘才是最终赢家！格局打开,https://www.biquh.com/678_678189/65659330_2.html,"
刹那间，光芒绽放！
一根通体燃烧着璀璨神焰的赤金色羽毛，就这么凭空显现！
它不过三寸长短，静静悬浮，焰光流转，却仿佛比天空中的太阳更加耀眼，更加灼热！
仅仅是看上一眼，众人便感觉自己的灵魂都要被那股至高无上的神圣火焰，烧灼成虚无！
“这……这是……”
菊斗罗那张妖娆的脸上，血色尽褪，失声惊呼。
这绝非极致之火！
这是凌驾于极致之火上，一种他们根本无法理解、甚至无法想象的……神之焰！
而作为这根神羽的“主人”，灵鸢斗罗的感受，则更加直观，也更加恐怖！
一股浩瀚、磅礴、充满了涅槃与不朽真意的信息洪流，根本不容她思考，便强行涌入了她的脑海！
【涅槃之羽】
【神兽凤凰身上掉落的一根羽毛，蕴含一丝不朽神性。】
【持此羽者，可于身死道消之际，引动涅槃神火，重塑肉身与灵魂，逆死为生。】
【可将其视为……第二次生命。】
轰！！！
灵鸢斗罗的大脑，一片空白。
整个世界的声音，都在这一刻离她远去。"
第51章 老娘才是最终赢家！格局打开,https://www.biquh.com/678_678189/65659330_3.html,"
她的凤眸，死死地盯着那根悬浮在眼前的赤金神羽，瞳孔因极致的震撼与狂喜，缩成了最危险的针尖！
第……第二次生命？
前辈他……
随手一挥，就赐予了我……一次死而复生的机会？！
这已经不是“机缘”二字能够形容的了！
这是神明对凡人，最慷慨，也最仁慈的……恩赐！
是逆转生死，执掌轮回的无上神权！
一股难以言喻的狂喜，如同火山喷发，瞬间冲垮了她所有的理智！
她下意识地伸出手，用一种近乎于朝圣的姿态，颤抖着，将那根神羽轻轻握在掌心。
下一秒，那片羽毛便瞬间融入灵鸢斗罗的身体，Zara
这一刻，她那颗好胜的心，得到了前所未有的巨大满足！
她猛地抬起头，目光下意识地扫过鬼斗罗，扫过魔熊斗罗，扫过在场的所有人！
那双燃烧着金色神焰的凤眸中，充满了毫不掩饰的、极致的炫耀与得意！
看到了吗？
你们看清楚了吗？！
老鬼恢复了容貌又如何？
魔熊那憨货力量翻倍了又怎样？
前辈赐予我的，可是……第二条命啊！"
第51章 老娘才是最终赢家！格局打开,https://www.biquh.com/678_678189/65659330_4.html,"
在这场神恩的角逐中！
我，灵鸢，才是最终的胜利者！
灵鸢斗罗那毫不掩饰的炫耀与得意，如同一根根尖刺，扎在每一位封号斗罗的心头。
然而，当所有人的目光都汇聚到拓跋希身上时，却发现这位长老团中最为年长的存在，脸上并无半分嫉妒。
有的，只是更加极致的震撼，与一种发自灵魂深处的……明悟！
他看懂了！
前辈的恩赐，从来都不是随意的！
鬼长老的心魔，魔熊的力量，灵鸢的保命神物……
前辈赐下的，永远是每个人内心最深处，最渴望，也最欠缺的东西！
而他拓跋希，身为圣龙宗宗主，一生所求，早已不为自己！
他背负的，是整个宗门的兴衰，是那传承了数千年，却始终无法突破的血脉桎梏！
这一刻，拓跋希眼中的狂热，甚至超越了先前所有人！
他缓缓上前，步伐沉稳如山，每一步，都仿佛踏在了所有人的心跳之上。
他没有像魔熊斗罗那样将钱袋重重砸在柜台。
而是如同献上最珍贵的祭品一般，将一个沉甸甸的储物魂导器，双手捧着，恭恭敬敬地，轻轻放在了柜台的一角。
整个动作，充满了朝圣般的仪式感。
“前辈。”"
第51章 老娘才是最终赢家！格局打开,https://www.biquh.com/678_678189/65659330_5.html,"
拓跋希深深一躬，声音沙哑，却字字铿锵，仿佛在立下一生的誓言。
“晚辈，想为我圣龙宗……求一条通天之路！”
【消费：35000金魂币。】
【系统评价：此韭菜已进入最高级的自我修养境界，不再为个人得失所动，而是为整个族群的未来寻求希望。其虔诚度与格局，远超旁人。】
【建议宿主，满足他。】
【随机奖励：龙魂进化石。】
系统的电子音在林枫脑海中响起，第一次带上了一丝……赞许？
林枫心中一动。
好家伙。
连狗系统都认可的韭菜，这含金量，可就非同一般了。
林枫的目光，终于从摇椅的扶手上，缓缓抬起，落在了拓跋希那张写满虔诚与决绝的脸上。
他没有说话。
也没有像之前那样，随手一挥。
这一次，他只是伸出食指，对着空无一物的柜台桌面，轻轻一点。
咚。
一声轻响。
仿佛是亘古之前，一颗星辰陨落时，发出的第一声、也是最后一声明响。
没有光华万丈，亦无神曦流转。"
第51章 老娘才是最终赢家！格局打开,https://www.biquh.com/678_678189/65659330_6.html,"
一块通体暗沉，布满古朴龙鳞纹路，约莫拳头大小的石头，就那么凭空出现，静静地躺在柜台的乌木之上。
它看起来平平无奇。
甚至有些丑陋。
其余人看着这块石头并没有什么感觉，但是拓跋希在看到这块石头的瞬间，便彻底吸引了他的注意力。
【龙魂进化石。】
【沾染神兽青龙的一丝气息所成产物。】
【将其安放于宗门之内，其散发的龙之吐息，将潜移默化，洗涤血脉，补全根源。】
【可令宗门所有后辈子弟，血脉桎梏尽去，缓慢地……朝着更高层次的生命形态，不断进化。】"
第52章 全员强化！菊斗罗脸都白了！,https://www.biquh.com/678_678189/65661698.html,"
拓跋希的大脑，在看到那块石头信息的瞬间，彻底宕机。
他的身体，在不受控制地剧烈颤抖。
那不是恐惧，而是源自血脉最深处，那传承了数千年的渴望与执念，在这一刻得到回应时，所产生的极致共鸣！
通天之路！
前辈赐予的，竟真的是一条……通天之路！
扑通！
这位白甲圣龙宗的宗主，长老团中最年长的存在，竟是猛地后退一步，以一种五体投地的姿态，朝着那道慵懒的身影，行了拜天叩地之大礼！
“圣龙宗第三十七代宗主，拓跋希！”
他的声音，不再是沙哑，而是充满了金石交击般的铿锵与决绝，每一个字，都仿佛是用灵魂在燃烧！
“在此，以圣龙之名立誓！”
“自今日起，枫染亭，为我圣龙宗永世之圣地！”
“前辈之谕，即为我圣龙宗最高之法旨！”
“若违此誓，天地共弃，圣龙血脉，永世沉沦！”
轰！！！
在场所有人，包括刚刚恢复了本来面貌的鬼斗罗，全都骇然色变！
他们看着那块平平无奇的石头，眼神彻底变了！
那哪里是一块石头？
那分明是一份足以改变一个顶级宗门万世格局的……神之基石！"
第52章 全员强化！菊斗罗脸都白了！,https://www.biquh.com/678_678189/65661698_2.html,"
一时间，所有人看向那块丑陋石头的眼神，彻底变了！
那眼神中，充满了无法理解的骇然，与一种近乎于盲目的、更加极致的狂热！
而林枫，只是百无聊赖地打了个哈欠。
他甚至懒得去看那块石头一眼，只是轻轻地、随意地，将那块“龙魂进化石”推到了拓跋希的面前。
“你的东西。”
“拿走。”
“别耽误下一个。”
那轻描淡写的语气，仿佛他推出去的，不是一个宗门的万世基业，而是一盘吃剩的、毫不起眼的拍黄瓜。
拓跋希的身躯，猛地一震！
他缓缓抬起头，泪流满面地看着那块被推到眼前的石头，然后，又用一种仰望神明般的目光，看向那道慵懒的身影。
最终，他没有再多说一个字。
任何言语，在前辈这等神恩面前，都显得无比苍白，无比可笑。
他只是再次，重重地，叩首三次！
每一次，都用尽了全身的力气！
每一次，都代表着圣龙宗未来万代的无上敬意！
做完这一切，他才小心翼翼地、如同捧着整个世界一般，将那块“龙魂进化石”，收入自己的储物魂导器中，而后恭敬地退到一旁。
一道身影，带着满身的狼狈与悔恨，踉踉跄跄地，走到了柜台前。"
第52章 全员强化！菊斗罗脸都白了！,https://www.biquh.com/678_678189/65661698_3.html,"
是鬼豹斗罗。
他亲眼见证了鬼斗罗的“新生”，魔熊斗罗的“力量”，灵鸢斗罗的“不死”，以及拓跋希的“未来”。
每一场神迹，都像是一记响亮的耳光，狠狠抽在他那颗悔恨到扭曲的心上。
终于，轮到他了。
他将一个塞得满满当当的钱袋，用一种近乎于赎罪的姿态，双手颤抖着，放在了柜台上。
“前……前辈……”
他的声音，嘶哑、干涩，充满了无尽的卑微与乞求。
“晚辈……晚辈也准备好了。”
【消费：32000金魂币。】
【系统评价：一只跑得很快，但脑子不太好使的蠢豹子。昨日的愚蠢行为，已让他错失了一次机会。】
【念其悔意真诚，且有两位优秀韭菜为其担保，可酌情给予一份安慰奖。】
【随机奖励：幽影穿梭。】
【宿主奖励：3200美食积分。】
林枫的眼皮都懒得抬一下，只是对着鬼豹斗罗的方向，随意地屈指一弹。
一抹比夜色更加深邃的幽光，瞬间没入鬼豹斗罗的眉心。
“你的奖励，是幽影穿梭。”
轰！
鬼豹斗罗只觉得自己的灵魂，仿佛被硬生生拽进了一片由纯粹的影子构成的世界！"
第52章 全员强化！菊斗罗脸都白了！,https://www.biquh.com/678_678189/65661698_4.html,"
他看到了速度的本质！
那不是单纯的快！
而是一种对空间的理解，对影子的驾驭！
他的身体，在这一刻，仿佛失去了重量，化作了一道可以随意穿梭于现实与虚影之间的……幽魂！
唰！
在众人那惊骇的注视下，鬼豹斗罗的身影，毫无征兆地，凭空消失在了原地！
下一秒，他又出现在了原来的位置。
仿佛从未动过。
但他那双瞪得滚圆的豹眼里，却写满了极致的、难以置信的狂喜！
他……他刚才，不是在移动！
而是在……穿梭！
穿梭于影子的维度！
这已经完全超越了他对“速度”二字的理解！
鬼豹斗罗甚至来不及去感受体内那股新生力量的澎湃。
也来不及去回味那穿梭于影之维度的无上玄妙。
他猛地后退一步。
没有半分犹豫。"
第52章 全员强化！菊斗罗脸都白了！,https://www.biquh.com/678_678189/65661698_5.html,"
扑通！！！
昨日还在认为枫染亭是菊斗罗白日做梦的鬼豹，今日终于是以最虔诚的姿态，重重跪地！
“罪人……鬼豹……”
“谢前辈……再造神恩！”
“此身此命，皆由前辈执掌！”
林枫对着鬼豹斗罗的方向，随意地抬了抬手，轻轻摆了摆。
然而！
就是这一个在林枫看来再寻常不过的动作，落在众人眼中，却不亚于神明拨动了命运的琴弦！
那是……神明的许可！
是前辈对他这番忏悔与忠诚的……最终认可！
就在此时，一道妖娆的身影，莲步轻移，带着一阵若有若无的异香，飘然而至。
是菊斗罗。
当所有神迹的尘埃落定，长老团内，只剩下一道妖娆的身影，还未上前。
菊斗罗，月关。
他静静地站在那里，空气中仿佛还残留着他为老鬼拭去泪痕时，那丝帕上独有的馨香。
所有人的目光，都下意识地汇聚到了他的身上。
这位最先沐浴神恩，也是最先将这场天大造化带回武魂殿的菊长老，又将会得到何等惊世骇俗的恩赐？
然而，无人察觉。"
第52章 全员强化！菊斗罗脸都白了！,https://www.biquh.com/678_678189/65661698_6.html,"
菊斗罗那张妖娆的脸上，笑容已经前所未有的僵硬。
因为他还记得，之前他不小心破坏了店里的规矩，上了观察名单，奖励降级一事。
他的脑海中，如同魔咒般，一遍又一遍地回响着前辈那淡漠无情的话语。
“你的奖励之所以这么差，是因为还在观察名单上。”
“在观察期结束之前，你每次抽奖获得的奖励，等级都会被降低。”
要是今天他再抽到一条手帕，那可就丢脸丢大了！
就在这时，一只温暖而又异常沉稳的手，轻轻拍了拍他的肩膀。
是鬼斗罗。
他没有说话，只是用那双恢复了神采的、深邃如夜空的眸子，静静地看着他。
那眼神中，没有嘲笑，没有催促，只有一种无声的、坚定的鼓励。
去吧。
无论前辈赐下的是神恩还是考验，我们，一起面对。
菊斗罗的心，猛地安定了下来。
是啊，怕什么？
最差的结果，无非就是再得一条手帕罢了！
大不了，以后就用一条擦眼泪，一条擦鼻涕！"
第53章 老娘的爱心锤，这是何等卧槽的奖励！,https://www.biquh.com/678_678189/65661699.html,"
想通了这一点，他心底涌起一股破罐子破摔的豪情，迈着他那独有的、风情万种的步伐，莲步轻移，走到了柜台前。
他将一个沉甸甸的钱袋，双手捧着，用一种近乎于献祭的姿态，恭恭敬敬地放在了柜台上。
整整三万四千枚金魂币。
“前辈……”
他的声音带着一丝连自己都未曾察觉的颤抖与决然。
“晚辈，准备好了。”
林枫的眼皮都懒得抬一下，心中早已乐开了花。
来了来了！本店的压轴大戏，终于要开场了！
毕竟就算是林枫，也不知道这狗系统会拿出什么其他出乎预料的奖励。
【消费：34000金魂币。】
系统那幸灾乐祸的电子音，精准地在他脑海中响起。
【系统评价：这颗菊花韭菜的悔意倒是挺真诚，但可惜，观察期就是观察期，本系统向来铁面无私。】
【再说了，谁让他长得这么妖里妖气的，不给他来点特别的，都对不起本系统的审美。】
【随机奖励：阴阳逆转之“老娘的爱心（）锤”一把。】
【宿主奖励：美食积分3400。】
噗——！
林枫差点没当场破功。
老娘的爱心锤？"
第53章 老娘的爱心锤，这是何等卧槽的奖励！,https://www.biquh.com/678_678189/65661699_2.html,"
这狗系统，笋到家了！
他强行压下那股已经冲到喉咙口的狂笑，缓缓抬起眼帘，用一种悲天悯人的眼神，看着面前满脸写着“视死如归”的菊斗罗。
“你的奖励……”
林枫故意拉长了声音，享受着整个饭店瞬间凝固的空气。
“是‘老娘的爱心锤’。”
话音落下。
没有神光万丈，没有道韵流转。
只有“Duang”的一声，仿佛小孩子玩具掉在木板上的清脆声响。
一柄小巧玲珑，看起来甚至有些可笑的锤子，就这么凭空出现在了柜台上。
那锤子，通体呈现出一种廉价的、粉嫩的色泽。
小小的锤头被精准地一分为二。
一半是猛男见了都要落泪的死亡芭比粉，上面还用金漆标注着一个大大的“”符号。
另一半，则是忧郁深邃的天空蓝，同样标注着一个“”符号。
锤柄上，甚至还系着一个歪歪扭扭的、充满了少女情怀的蝴蝶结。
整个饭店，陷入了死一般的寂静。
所有人的目光，都死死地钉在那柄……粉色的小锤子上。
表情，从期待，到困惑，再到呆滞。"
第53章 老娘的爱心锤，这是何等卧槽的奖励！,https://www.biquh.com/678_678189/65661699_3.html,"
胡列娜、邪月、焱三人，眼珠子瞪得溜圆，嘴巴张成了“O”型，表情精彩到了极点！
噗嗤！
一直憋着笑的焱，再也忍不住了，一口气没上来，直接笑喷了！
“焱！”
邪月和胡列娜反应极快，一左一右，同时用胳膊肘狠狠地怼了焱一下，差点把他送走。
焱连忙捂住嘴，可那不断抖动的肩膀，已经彻底出卖了他。
菊斗罗脸上的表情，彻底僵住了。
他缓缓低下头，看着那柄无论从哪个角度看，都充满了无尽槽点的锤子，大脑一片空白。
老娘的……爱心锤？
这名字……
这造型……
这配色……
前辈，您是不是对晚辈有什么天大的误会？
“前……前辈……”
菊斗罗的声音都在发抖，他几乎是带着哭腔，用尽了全身的力气，才从喉咙里挤出这几个字。
“此物……究竟……有何神妙之处？”
他问出了所有人心中的疑惑。
鬼斗罗、灵鸢斗罗、拓跋希……所有人都竖起了耳朵，眼神里充满了探究。"
第53章 老娘的爱心锤，这是何等卧槽的奖励！,https://www.biquh.com/678_678189/65661699_4.html,"
他们坚信，前辈的恩赐，绝不会看表象。
这柄看似可笑的锤子，必然蕴含着他们无法理解的大道至理！
“哦，这个啊。”
他用一种介绍路边野草的、漫不经心的语调，缓缓开口。
“很简单。”
“看到锤子上那两个符号了吗？”
林枫伸出手指，随意地朝着那柄粉色小锤子点了点。
“用粉色的那一头，对准一个男人敲下去。”
他的声音微微一顿，用一种不带丝毫感情的语气，说出了足以让整个世界观崩塌的话。
“他，就会变成一个女人。”
轰！！！
整个饭店的空气，仿佛在这一刻被抽空了！
而一众封号斗罗，则是彻底石化在了原地。
他们的大脑，一片空白。
将……将男人……变成女人？！
这是何等卧槽的神通？！
这是何等变态的法则？！"
第53章 老娘的爱心锤，这是何等卧槽的奖励！,https://www.biquh.com/678_678189/65661699_5.html,"
除了鬼斗罗外，所有男性生物，从位高权重的封号斗罗，到还顶着猪头的焱。
都在这一刻，不约而同地，感到了一股发自灵魂深处的、无法言喻的彻骨寒意。
他们的目光，如同见了鬼一般，死死地钉在菊斗罗……以及他手中那柄粉蓝相间的小锤子上。
唰！
几乎是出于本能，拓跋希、魔熊斗罗、鬼豹斗罗，还有邪月和焱。
这群在外界跺一跺脚都能让大陆抖三抖的顶尖强者们，竟是整齐划一地，猛地向后退出了一大步！
那动作，迅捷、果断，充满了对未知危险的极致警惕。
他们看向菊斗罗的眼神，彻底变了。
那不再是看待同僚的眼神。
那是一种……混合了同情、恐惧、警惕，以及“你他妈千万别过来啊”的复杂情绪。
不过好在林枫下一句话就让他们的压力减小不少。
“当然，这种效果只能维持八个小时。”
“而且用蓝色那一头敲击的话，也可以提前结束效果。”
林枫说完，便不再言语，仿佛只是说了一件微不足道的小事，重新闭上了眼睛，摇椅吱呀作响。
但是林枫的内心，早已不是疯狂吐槽那么简单。
那简直是一场八级海啸裹挟着泥石流，在他的灵魂深处疯狂肆虐！
这狗系统，绝对是故意的！
绝对是！"
第53章 老娘的爱心锤，这是何等卧槽的奖励！,https://www.biquh.com/678_678189/65661699_6.html,"
而且他严重怀疑，这狗系统根本就是个乐子人！
而且是顶级乐子人！
这操作也太他妈的笋了！
前脚，刚把老鬼那张狰狞的鬼脸，给整成了能迷倒万千少女的绝世俊颜。
后脚，就给跟老鬼好得能穿一条裤子的老菊花，发了一把能把男人变成女人的“爱心锤”？
你特么的是想干啥啊？！
而得知爱心锤效果的菊斗罗，那双原本黯淡无光的桃花眼中，猛地……爆发出了一阵前所未有的、璀璨夺目的光芒！
他先是偷偷回头看了一眼恢复本来面貌，变得俊朗无比的鬼斗罗，然后猛然对着林枫深深一躬。
“多谢前辈！多谢前辈赐下如此神物！”
“晚辈……晚辈实在是……太喜欢了！”"
第54章 我只是嫌他们磕头烦，他们又脑补了什么？,https://www.biquh.com/678_678189/65663807.html,"
斗罗那一声发自肺腑，甚至可以说是欣喜若狂的感谢，像一记重锤，狠狠砸在了饭店里所有人的天灵盖上。
太喜欢了？
前辈赐下的这柄……能把男人变成女人的锤子……
月关长老他……太喜欢了？！
拓跋希、魔熊斗罗、鬼豹斗罗等人，看向菊斗罗的眼神，已经不能用复杂的来形容了。
那是一种看到了新世界大门的震撼，混合着“原来你还有这种爱好”的恍然大悟，以及“以后还是离他远点”的坚定决心。
“咳咳！”
林枫轻轻咳嗽了一声，打破了这诡异的氛围。
回过神来的众人，几乎是下意识的朝着林枫单膝跪地，虔诚道：“多谢前辈降下神恩！”
整个枫染亭，陷入了一种神圣而狂热的寂静。
唯有那张摇椅发出的“吱呀”声，如同亘古不变的天地节拍，不疾不徐，回荡在每个人的灵魂深处。
然而。
就在这极致的寂静中。
那摇椅的“吱呀”声，毫无征兆地，停了。
死寂。
一股无法形容的、仿佛来自九天之上的无形威压，瞬间笼罩了整个饭店！
所有跪伏在地的封号斗罗，心脏猛地一缩，连灵魂都在这股威压下，不受控制地剧烈颤抖！
前辈……不悦了？"
第54章 我只是嫌他们磕头烦，他们又脑补了什么？,https://www.biquh.com/678_678189/65663807_2.html,"
这个念头，如同一道黑色的闪电，瞬间劈开了所有人的脑海，让他们亡魂皆冒！
就在众人惶恐到极致，不知自己哪里触怒神明时，一道淡漠到不带丝毫情感的声音，从那摇椅的方向，缓缓飘来。
那声音不大，却仿佛是天地间的唯一法则，清晰地烙印在每一个人的神魂之上。
“尔等的道。”
“不在膝下。”
“而在心中。”
轰！！！
简简单单的一句话，却如同一道开天辟地的惊雷，在所有封号斗罗的脑海中，轰然炸响！
他们猛地抬起头，脸上写满了极致的震撼与……恍然大悟！
我等……悟了！
前辈的意思是……真正的虔诚与敬畏，并非流于表面的跪拜之礼，而是源自内心深处，那份坚不可摧的道心与信仰！
我等竟用如此粗鄙的凡俗之礼，来衡量对前辈的敬意，简直是……对神明的亵渎！
这，是前辈对我们的敲打！
一时间，所有人的脸上，都涌现出了一股发自灵魂深处的羞愧与自责。
但更多的，却是聆听了神明教诲后，那几乎要溢出来的狂喜与崇拜！
“我等……愚钝！”
鬼斗罗第一个反应过来，声音颤抖着，缓缓从地上站起，朝着那道慵懒的身影，更加恭敬地，深深一躬。"
第54章 我只是嫌他们磕头烦，他们又脑补了什么？,https://www.biquh.com/678_678189/65663807_3.html,"
这一次，他没有再跪下。
因为他知道，前辈要的，不是他们的膝盖。
而是他们那颗，永不动摇的，绝对虔诚的——
心！
看着他们那一张张虔诚到恨不得当场羽化飞升的脸，林枫就知道，这帮子人的脑回路，又一次在他无法理解的轨道上，绝尘而去了。
但实际上，他只是单纯地觉得烦。
有这磕头的功夫，还不如多消费点金魂币，或者出去给我多拉几颗新韭菜来！
心中万马奔腾，林枫的目光终于从那群狂热的长老身上移开，看向了黄金一代。
林枫的目光很纯粹。
赶紧的，买单，抽奖，走人。
我还等着关门盘点今天的积分呢。
只不过这“凶巴巴”的眼神，让胡列娜三人压力瞬间拉满！
焱看了一眼身旁的胡列娜和邪月。
胡列娜美眸微垂，似乎还在回味先前神迹带来的震撼，丝毫没有要动的意思。
而她哥哥邪月，则是一副眼观鼻鼻观心的老僧入定模样。
得。
还得是我来！
焱深吸一口气，顶着巨大的压力，硬着头皮，第一个站了起来。"
第54章 我只是嫌他们磕头烦，他们又脑补了什么？,https://www.biquh.com/678_678189/65663807_4.html,"
昨天，娜娜可是亲手抽出了一枚八千年的魂环！
而他自己，现在不偏不倚，正好卡在四十级的瓶颈上，万事俱备，只差一枚魂环就能突破魂宗！
这是何等的机缘巧合？
这一定是前辈无声的安排！
焱的眼中燃起了熊熊的火焰，那是对力量的渴望。
他不敢奢求八千年。
不！
七千年！只要能有七千年的魂环，他就心满意足了！
“前……前辈！我……我准备好抽奖了！”
焱的声音因为激动而微微有些颤抖，他小心翼翼地走上前，将一个装得满满的小布包，恭恭敬敬地放在了柜台上。
【消费:550金魂币。】
【系统评价：一根脑子不太好使，笑点也低的杂鱼小韭菜，没啥好说的。】
【随机奖励：诸葛神弩（改良版）两把。】
【宿主奖励：美食积分55。】
林枫的眼皮懒洋洋地掀开一条缝，心中毫无波澜。
“你的奖励是两把暗器，名为诸葛神弩。”
他指尖在乌木柜台上轻轻一点。"
第54章 我只是嫌他们磕头烦，他们又脑补了什么？,https://www.biquh.com/678_678189/65663807_5.html,"
唰！
两只造型奇特的银色金属匣子，凭空出现在焱的面前。
没有光，没有特效，甚至没有一丝魂力波动。
它们就那么静静地躺在那里，朴实无华。
焱脸上的狂喜，瞬间凝固了。
暗……暗器？
不是魂环？
他愣愣地拿起其中一把诸葛神弩，冰冷的金属触感让他内心一凉。
这玩意……怎么用？
没等他发问，林枫那慵懒的声音便再次响起，为其讲解。
“此物名为诸葛神弩......”
“最关键的是，此物无需魂力催动，凡人亦可使用。”
“在毫无防备的情况下，便是魂王，也得吃个大亏。”
轰！
这句轻描淡写的话，落在一众封号斗罗的耳中，却不亚于一道惊雷！
没有魂力也可使用？
凡人……可伤魂王？！
这个概念，如同一柄巨锤，狠狠砸碎了他们身为顶尖魂师的骄傲与世界观！"
第54章 我只是嫌他们磕头烦，他们又脑补了什么？,https://www.biquh.com/678_678189/65663807_6.html,"
这意味着什么？
这意味着，魂师与凡人之间那道不可逾越的天堑，被撕开了一道狰狞的口子！
要是将此物研究透彻，再为武魂殿麾下那些魂力低微的士兵，甚至是没有魂力的普通人军团进行大规模武装……
那将是一股何等恐怖的颠覆性力量！
整个大陆的战争格局，都将因此而改写！
鬼斗罗那双恢复了神采的眸子深处，闪过一丝连他自己都未曾察觉的炽热与贪婪。
此物，武魂殿必须得到！
只不过，此刻的焱，完全没有体会到长老们内心的波涛骇浪。
他看着手中的诸葛神弩，一张脸几乎要皱成了苦瓜。
很牛逼。
听起来确实很牛逼。
可他妈的，我想要的是魂环啊！是能让我突破瓶颈的魂环啊！
给我一把凡人用的烧火棍有什么用？！
巨大的失落感，如同潮水般将他淹没。
但他又不敢有丝毫表露，只能强行挤出一个比哭还难看的笑容，对着林枫深深一躬。
“多……多谢前辈赐宝……”
说完，他便抱着两把“绝世神兵”，哭丧着脸，默默退到了一旁，感觉自己的人生一片灰暗。"
第54章 我只是嫌他们磕头烦，他们又脑补了什么？,https://www.biquh.com/678_678189/65663807_7.html,"
当然，他并不知道。
在他身后，长老团的一众封号斗罗，已经用眼神完成了一次机密会议。
——“这是前辈赐给焱的东西，自己这些人不能明着抢，但等离开枫染亭后，必须让焱‘自愿’将此神物，上交教皇陛下！”"
第55章 系统你又卖关子！今晚到底有什么好事发生？,https://www.biquh.com/678_678189/65663808.html,"
当焱抱着两把“烧火棍”退到一旁，默默画着圈圈诅咒世界时，邪月无奈地叹了口气，上前一步。
他不像焱那样，对魂环有着迫在眉睫的渴求。
昨夜他勤修不辍，已然自行突破到了四十级，魂环之事，随缘即可。
见识了前面那么多神迹，又看到了焱的“下场”，他的心早已平静无波。
能有什么，便是什么吧。
邪月平静地将自己的五百金魂币放在柜台上，姿态恭恭敬敬。
【消费：500金魂币。】
【系统评价：一颗心态平和的小韭菜，无欲则刚，可以随便给点什么打发了。】
【随机奖励：一枚七千八百年份的魂环。】
【宿主奖励：美食积分50.】
林枫心中毫无波澜，甚至有点想打哈欠。
他眼皮都懒得抬，对着邪月随意地一指。
“你的奖励，一枚七千八百年魂环。”
话音落下。
一圈深邃的紫色光环，凭空浮现，随后瞬间被邪月吸收！
其他人倒还好说，但角落里那个正在怀疑人生的焱，身体猛地一僵。
他缓缓地，一格一格地，如同生锈的机器人般，扭过头来。
当他看清那枚魂环上几乎要满溢出来的深邃紫色时，他的眼珠子，瞬间红了！"
第55章 系统你又卖关子！今晚到底有什么好事发生？,https://www.biquh.com/678_678189/65663808_2.html,"
七千八百年？！
魂环？！
为什么？！
凭什么？！
我求爷爷告奶奶，做梦都想要的魂环，你这个浓眉大眼的家伙，一副无欲无求的样子，就这么轻飘飘地到手了？！
而且还是七千八百年！
比我昨天做梦梦到的七千年，还他妈多了八百年！
他的嘴唇哆嗦着，整张脸扭曲得像一颗巨大的、正在流着酸水的青柠檬。
邪月本人也懵了。
他呆呆地看着在脚下旋转的魂环，大脑一片空白。
我.....这就抽到魂环了？
“多……多谢前辈赐环！”
邪月反应过来后，激动到语无伦次，连忙对着林枫的方向深深一躬。
而一众封号斗罗，看向林枫的眼神，已经彻底化为了狂热的崇拜。
他们又悟了！
前辈此举，必有深意！
这绝非简单的抽奖！这是对心性的考验！焱心怀执念，欲念过重，故而得不到。"
第55章 系统你又卖关子！今晚到底有什么好事发生？,https://www.biquh.com/678_678189/65663808_3.html,"
而邪月心无旁骛，顺其自然，反而得到了天赐的机缘！
前辈是在用这种方式，点化我等！
终于，轮到胡列娜了。
她莲步轻移，那双妩媚的狐狸眼，看向林枫的眼神中都快放光了。
【消费：500金魂币。】
【系统评价：这颗初始韭菜种子不错，忠诚度极高，可以考虑......】
【随机奖励：精神力小幅度提升。】
【宿主奖励：美食积分50。】
林枫心中微微一动。
“系统，你刚才是不是有什么话没有说完？”
【到了晚上杂鱼宿主自会知晓。】
林枫：......
狗系统！
又卖关子！
林枫一指点出，一抹微光没入胡列娜的眉心。
“你的奖励，精神力小幅提升，魅惑能力增强。”
胡列娜娇躯微微一颤。
她只觉得自己的脑海瞬间变得无比清明，整个世界在她的感知中，都仿佛被剥去了一层外壳，变得更加真实，更加清晰。"
第55章 系统你又卖关子！今晚到底有什么好事发生？,https://www.biquh.com/678_678189/65663808_4.html,"
她甚至能感觉到，自己武魂天生的魅惑之力，不再是单纯的从精神层面的影响。
而是多了一丝源自灵魂深处的、无法抗拒的魅力！
这比一枚魂环，更加珍贵！
“多谢前辈！”
胡列娜发自内心地躬身行礼。
她下意识地展颜一笑，那双本就妩媚的狐狸眼，此刻仿佛蕴藏了整片星河。
这一笑，她自己尚未察觉有何不同。
但那股由前辈亲手赐下，源自灵魂深处的魅惑之力，已然如同无形的涟漪，悄然荡漾开来。
角落里，正抱着两把“绝世神兵”怀疑人生的焱，身体猛地一僵。
他那张猪头脸上，原本的悲愤与失落瞬间烟消云散。
取而代之的，是一种极致的、傻乎乎的、近乎于朝圣般的狂热。
“娜娜……”
焱下意识地就想站起来，双手捧着那两把诸葛神弩，仿佛要将自己此生最珍贵的宝物，献给眼前至高无上的女王。
“你给我坐下！”
邪月脸色骤变，眼疾手快，一把将这个铁憨憨死死按在了椅子上！
然而，就连他自己，在刚才那一瞬间，心神也出现了刹那的恍惚与摇曳。
那并非男女之间的吸引。"
第55章 系统你又卖关子！今晚到底有什么好事发生？,https://www.biquh.com/678_678189/65663808_5.html,"
而是一种……源自生命本源的、让他这个做哥哥的都感到心惊肉跳的……绝对支配力！
他惊骇地看向自己的妹妹。
前辈赐予的，究竟是何等恐怖的神通？！
眼见所有人都抽完了奖，林枫再也懒得维持那副高人姿态。
他甚至不等众人再次说出那些肉麻的感谢之词，便不耐烦地摆了摆手。
“行了。”
“今日营业结束，都走吧。”
那驱赶苍蝇般的随意态度，落在众人眼中，却成了神明不喜凡俗叨扰的超然与淡漠。
“我等，遵命！”
鬼斗罗躬身一礼，随后带领着一群依旧处于震撼与恍惚中的人，恭恭敬敬地退出了枫染亭。
当厚重的木门被关上的那一刹那。
“呼——”
林枫脸上那副古井无波的“神明”面具，瞬间垮掉，整个人如同被抽掉了骨头，毫无形象地瘫软在了摇椅之上。
又演完了！
“系统，我宣布，今天又是演技完美的一天。”林枫在心中得意洋洋地说道。
【呵，仅仅是一天就累成这样，你那点三脚猫的演技还需继续努力精进，杂鱼宿主。】
“切。”
林枫懒得跟这毒舌系统计较，他现在只想做一件事。"
第55章 系统你又卖关子！今晚到底有什么好事发生？,https://www.biquh.com/678_678189/65663808_6.html,"
一件让他每次演完戏后，都无比期待，无比快乐的事！
盘点今天的收获！
“系统！结算今天的积分！”
他的眼中，闪烁着财迷般璀璨的光芒。
【今日营业总额统计中……】
【鬼斗罗消费：38000金魂币。】
【魔熊斗罗消费：40000金魂币。】
【灵鸢斗罗消费金额：43000金魂币。】
【圣龙斗罗消费：35000金魂币。】
【鬼豹斗罗消费：32000金魂币。】
【菊斗罗消费：34000金魂币。】
【黄金一代消费：1550金魂币。】
【共计：223550金魂币！】
【获得美食积分：22355。】
两万多积分！
照这样下去，自己只要再有三四天，就能攒够十万美食积分，开启积分商城了！
一想到那些强大的商品，甚至是其他世界的宝贝，林枫甚至都快要流出口水了。"
第55章 系统你又卖关子！今晚到底有什么好事发生？,https://www.biquh.com/678_678189/65663808_7.html,"
看着系统面板上那个闪闪发光的数字，林枫感觉自己的心脏都在幸福地抽搐。
这哪里是积分？
这分明是他燃烧演技，挥洒汗水，辛辛苦苦从那群封号斗罗身上割下来的……血汗钱啊！
他激动地搓了搓手，立刻打开了自己的总资产面板。
加上昨天剩下的，他现在的总积分，已经达到了37930点！
距离开启系统商城的十万积分大关，只剩下不到三分之二！
照这个速度……
最多再来三波这样的“韭菜团”，他就能攒够积分，开启那个传说中的诸天商城了！"
第56章 月薪两千，圣女当服务员？,https://www.biquh.com/678_678189/65665616.html,"
当林枫将自己扔到床上，摆出一个慵懒的“木”字，美滋滋地回味着今天暴涨的积分时，系统的声音瞬间将他从飘飘然的幻想中拽回了现实。
【杂鱼宿主，高兴完了？】
【如果高兴完了，就该谈谈招募店员的事情了。】
林枫面色一僵。
这该死的狗系统，明明做的事情都是为自己好，但从它嘴里说出来，怎么就这么让人火大呢？
不过，看在它马上就要为自己招募廉价劳动力……哦不，是优秀员工的份上，林枫决定暂时不跟它计较。
“开始！立刻！马上！给我招人！”
林枫几乎是吼出来的，语气中充满了资本家对劳动力的渴望。
【遵命。】
系统那冰冷的电子音，破天荒地带上了一丝……戏谑？
【本系统已根据宿主的潜在癖好，以及本店的格调，为你筛选出一位极其合适的‘服务员’人选。】
“哦？是谁？”
林枫好奇心顿起。
下一秒，一道只有他能看见的虚拟光幕，在他眼前骤然展开。
光幕中的画面，赫然便是武魂殿圣女，胡列娜！
见到这一幕，林枫的眼珠子都差点瞪出来。
当然，并不是因为对方的身份，而是她此刻的穿着！
画面里的胡列娜，显然是在自己的闺房之中，正准备歇息。"
第56章 月薪两千，圣女当服务员？,https://www.biquh.com/678_678189/65665616_2.html,"
她身上穿着一件轻薄如蝉翼的粉色丝绸睡衣，橘红色的柔顺短发带着一丝刚沐浴完的湿气，慵懒地贴在白皙的颈间。
那曼妙动人的曲线，在丝绸下若隐若现，充满了致命的诱惑。
这……这他妈是现场直播？！
林枫先是带着一种批判性的、研究性的目光，上上下下，仔仔细细地打量了一番。
嗯。
该大的地方确实很大。
该翘的地方也……咳咳！
最后，林枫才用一种十分严肃的口吻，在心中质问道：
“你的意思是，你为我挑选的人选，是刚刚才从我店里吃完饭走人的……胡列娜？！”
我要是把她招过来，算不算是在挖比比-东的墙角？
这个念头刚一冒出来，林枫的呼吸都停滞了一瞬。
【没错！】
系统那冰冷中带着一丝不怀好意的电子音，如同恶魔的低语，精准地在他脑海中响起。
【这根初始韭菜种子，对宿主拥有极高的初始崇拜度与忠诚度，心性、天赋、身材、颜值、气质，均属上上之选！】
林枫下意识地抬头，目光再次落在那片虚拟光幕之上。
那曼妙的曲线，那白皙的肌肤，那若隐若现的风景……
他立刻用一种极其批判的眼神，在心中做出了严谨的学术性评价。"
第56章 月薪两千，圣女当服务员？,https://www.biquh.com/678_678189/65665616_3.html,"
其他的不好说。
但这身材……
确实是上上之选！
【最关键的一点……】
系统故意拖长了音调，语气中充满了致命的诱惑。
【她很便宜。】
轰！！！
“便宜”这两个字，如同九天神雷，狠狠劈在了林枫的天灵盖上！
他的眼睛，瞬间就红了！
什么挖墙脚？
说得那么难听！
我这是在给迷途的羔羊，一个追寻前辈光辉、实现人生价值的宝贵机会！
什么圣女？
那都是虚的！
来我枫染亭端盘子，那才是无上的荣耀！
林枫的嘴角，不受控制地，咧开一个堪比魔鬼的弧度。
他那财迷的灵魂，在熊熊燃烧！
【宿主是否确认发起招聘？】"
第56章 月薪两千，圣女当服务员？,https://www.biquh.com/678_678189/65665616_4.html,"
【招聘邀请将以‘神启’的方式，直接传递至目标脑海。】
【对方拥有拒绝的权力。】
林枫沉默了。
他的目光，死死地钉在那片虚拟光幕之上。
光幕里，胡列娜那张宜喜宜嗔的绝色俏脸，与系统面板上那个便宜到令人发指的工资数字，形成了最强烈的冲击。
一个月，只要两千积分！
仅仅两千积分！
就能拥有一个颜值、身材、天赋、气质、乃至忠诚度全都拉满的武魂殿未来圣女，来自己店里给自己干活！
这性价比，简直突破天际了啊！
干了！
“就她了！”
【招聘邀请，已发送。】
……
与此同时。
武魂殿，胡列娜的寝宫。
一室静谧，月华如水。
胡列娜盘膝坐在柔软的床榻上，正试图冥想，巩固今日在前辈那里得到的好处。"
第56章 月薪两千，圣女当服务员？,https://www.biquh.com/678_678189/65665616_5.html,"
然而，无论她如何集中精神，心湖之中，却始终翻涌着一道道菜肴的虚影，那霸道而极致的香气，仿佛已经烙印在了她的灵魂深处。
“唉……”
一声幽幽的叹息，在寂静的房间里响起。
胡列娜再也无法维持修炼的姿态，索性放弃了抵抗，整个人向后一倒，呈一个慵懒的“大”字形，瘫软在了被褥间。
丝绸睡裙勾勒出她惊心动魄的曲线，一双笔直修长的玉腿随意地交叠着。
“自打尝过前辈做的饭，这世间的其他饭菜，都变得索然无味了……”
她喃喃自语，妩媚的狐狸眼中，流露出一丝连自己都未曾察觉的委屈与渴望。
“可是前辈那里，一天只许吃一顿……要是能天天都待在前辈身边，哪怕只是闻一闻那里的空气，该有多好啊……”
哪怕……不能抽奖也行啊！
就在这个念头刚刚升起的瞬间。
一道空灵、威严、不辨男女，仿佛自亘古传来，又仿佛在灵魂最深处直接响起的声音，毫无征兆地，回荡在她的脑海！
【少女哟~汝渴望追随神的脚步么？】
轰！！！
胡列娜的身体，如同被雷击了一般，瞬间从床上弹起！
她那慵懒的神态瞬间消失，取而代之的，是极致的警惕与骇然！
“谁？！”
魂力在体内疯狂涌动，武魂蓄势待发，那双妩媚的狐狸眼，此刻却锐利如刀，扫视着房间的每一个角落。
这里是武魂城的最核心地带，是长老殿与教皇殿的环绕之中！"
第56章 月薪两千，圣女当服务员？,https://www.biquh.com/678_678189/65665616_6.html,"
戒备森严，强者如云！
对方竟能无声无息地，将声音直接传入自己的脑海？！
这是何等恐怖的手段？！
就在胡列娜心神剧震，准备不惜一切代价发出警示的瞬间。
那道声音，再次响起。
依旧是那般高远，那般淡漠，仿佛神明在俯瞰蝼蚁。
【不必惊慌。】
【吾乃枫染亭的意志代表。】
轰！
“枫染亭”三个字，如同一道神圣的敕令，瞬间击溃了胡列娜所有的警惕与防备。
她脸上的惊骇，在刹那间褪去，转而被一种极致的、近乎于朝圣般的狂喜所取代！
前辈！
是前辈的神谕！
“前……前辈！”
胡列娜的声音，因为激动而剧烈颤抖，她甚至顾不得自己此刻衣衫单薄，竟是直接跪伏在了地面上，用最虔诚的姿态，聆听着神明的教诲。
“不知前辈降下神谕，晚辈……晚辈有何可以为您效劳？”
那道空灵的声音，带着一丝不容置疑的威严，缓缓道。"
第56章 月薪两千，圣女当服务员？,https://www.biquh.com/678_678189/65665616_7.html,"
【机缘已至。】
【吾且问你，胡列娜。】
【你，可愿舍弃凡俗之荣光，化身神之使徒，侍奉于枫染亭之内，永沐神恩？】"
第57章 店员胡列娜，破口大骂的宁荣荣,https://www.biquh.com/678_678189/65665617.html,"
那道空灵威严的声音，还在胡列娜的脑海中继续回荡。
【当然，成为神之使徒，意味着你将舍弃凡俗的身份与荣耀。】
【但与之相对的，你亦将获得凡人无法想象的恩赐。】
【譬如，枫染亭的三餐饮食将由本店尽数包揽，再如……】
系统的话，还在不疾不徐地继续着。
可每一个字，都如同神谕，在胡列娜的灵魂深处轰然炸响！
它甚至还没把话说完，就被一声发自灵魂深处的、无比坚决的呐喊，给硬生生打断！
“我愿！！！”
胡列娜的声音，带着一丝无法抑制的剧烈颤抖，却充满了斩钉截铁的决然！
那不是简单的答应。
那是一种抓住了救命稻草，不，是抓住了通天神梯的狂喜与虔诚！
什么凡俗的荣光？
什么武魂殿教皇弟子的身份？
在前辈的神恩面前，在能够永世侍奉于神明身侧的无上荣耀面前，这些……又算得了什么？！
最重要的是……
那可是包三餐啊！
枫染亭饭店的三餐！
一想到那能让灵魂都融化的极致美味，想到自己以后可以一天三次地沐浴在那等神恩之中……"
第57章 店员胡列娜，破口大骂的宁荣荣,https://www.biquh.com/678_678189/65665617_2.html,"
胡列娜的呼吸都禁不住粗重几分。
t她答应得太快了？
不！
胡列娜甚至觉得，自己答应得太慢了！
她生怕自己迟疑哪怕万分之一秒，这天赐的、足以改变一生的神之机缘，就会从指缝间溜走！
系统：“……”
似乎是被少女这过于果决的反应，给弄得微微一滞。
【候选人‘胡列娜’已同意。】
【正在发放店员凭证及制服……】
下一秒。
一团柔和却不容直视的圣光，凭空在胡列娜的身前绽放。
光芒散去。
一套叠放得整整齐齐的衣物，以及一片栩栩如生的赤红枫叶的胸章，静静地悬浮在她的面前。
那不是普通的衣物。
那是一件剪裁得体，以黑红为主色调，似旗袍而非旗袍，线条流畅，剪裁得体，既显身段，又不失端庄。
【明日天亮时分，穿上它。】
【它，会指引你前往神恩之地。】"
第57章 店员胡列娜，破口大骂的宁荣荣,https://www.biquh.com/678_678189/65665617_3.html,"
与此同时，一股庞大而浩瀚的信息流，瞬间涌入她的脑海。
【姓名：胡列娜】
【职位：枫染亭服务员】
【薪资：2000美食积分/月（由店主支付）】
【员工福利：每日三餐免费供应、工作制服一套、提供员工宿舍（未开启）、享受内部员工福利……】
【工作职责：负责引导客人、点单、上菜、收拾餐桌等一切杂务。】
还不等胡列娜思考所谓的美食积分是什么时，她的脑海里再次响起一道声音。
【提示：作为本店第一批员工，你将获得一份独属于你的神恩。】
【此恩赐，将于明日正式任职时降下。】
......
且不说胡列娜那边，正对着空无一人的寝宫，激动到无以复加地叩首谢恩。
林枫这边，已经遭到了系统毫不留情的精神打击。
【啧。】
系统那冰冷中带着一丝鄙夷的电子音，如期而至。
【杂鱼宿主，本系统从未见过你这般慷慨。】
【居然舍得将那等天材地宝，赐予一个刚刚招募的员工？】
【你莫不是被什么东西夺舍了？】
林枫躺在床上，感知着系统空间内那十株光华流转、仙气氤氲的绝品仙草，嘴角勾起一抹意味深长的弧度。"
第57章 店员胡列娜，破口大骂的宁荣荣,https://www.biquh.com/678_678189/65665617_4.html,"
他淡淡地在心中回应。
“目光短浅。”
“这并非慷慨，而是废物利用，啊呸！是投资！”
“区区一株仙草，于我无用，不过是蒙尘的顽石。”
“但若赐予她，便能化作无上的忠诚，与未来千百倍的回报。”
“这，才是我这位‘前辈’，应该有的格局。”
反正这些仙草对他来说没有任何用处，与其继续放在系统空间里吃灰，或者让他不知道哪天脑抽随便赐给外人。
还不如给自家的店员呢！
既能收买人心，又能将价值最大化，还能维持住自己高深莫测的前辈人设！
一石三鸟！
我可真是个平平无奇的经营小天才！
系统：......
【你是宿主，你开心就好。】
随后，系统再次出声。
【正在扫描斗罗大陆……】
【叮！】
【第二目标已锁定：史莱克学院，宁荣荣。】"
第57章 店员胡列娜，破口大骂的宁荣荣,https://www.biquh.com/678_678189/65665617_5.html,"
林枫：“……你他妈还来？！”
......
史莱克学院。
破旧的木屋宿舍里，宁荣荣正抱着枕头，气鼓鼓地生着闷气。
”该死的戴沐白！居然敢对我动手！还有那个唐三和奥斯卡，居然都不肯帮我对付戴沐白！“
她越想越气，越想越委屈。
想她堂堂七宝琉璃宗的小公主，从小锦衣玉食，被人捧在手心里。
何曾受过这种委屈？
不过，这份深入骨髓的委屈，反倒激起了宁荣荣那与生俱来的好胜心。
他们越是想赶我走，我偏不走！
我非要留下来，融入这个破烂学院，让你们所有人都刮目相看！
就在这时，一道空灵的声音直接在她的脑海里响起。
【少女哟~你渴望力量吗？渴望突破武魂的限制吗？】
“谁？！”
宁荣荣浑身汗毛倒竖，如同被踩了尾巴的猫，瞬间从床上弹起！
她惊恐地环顾四周，破旧的宿舍里空无一人，只有月光透过窗棂，洒下斑驳的光影。
“谁在说话？！”
【吾乃枫染亭之意志。】"
第57章 店员胡列娜，破口大骂的宁荣荣,https://www.biquh.com/678_678189/65665617_6.html,"
那个声音没有理会她的惊恐，依旧用那种俯瞰众生的淡漠语调，继续说道。
【成为枫染亭的店员，你将获得无上机缘，实现宗门数千年夙愿。】
“枫染亭？”
宁荣荣一愣，这是什么地方？她搜遍了整个大陆的记忆，也从未听说过这个名字。
“店员？”
她随即反应过来，然后像是听到了天大的笑话一样，噗嗤一声笑了出来。
“哈哈哈哈！笑死我了！”
“让我，七宝琉璃宗的宁荣荣，去给你那个什么狗屁‘枫染亭’当……店员？”
宁荣荣笑得眼泪都快出来了。
“你脑子被门夹了吧？还是被魂兽踢了？”
“你知道本小姐是谁吗？我可是七宝琉璃宗宗主宁风致的女儿！未来的宗门继承人！”
“你让我去端盘子？你配吗？”
“再敢用这种鬼话来烦我，等我回到宗门，定要请动剑爷爷和骨头爷爷，把你那个什么亭子给拆了！”
宁荣荣双手叉腰，对着空无一人的房间，将她在史莱克学院受的委屈，连本带利地，全都倾泻在这个来路不明的声音之上。
她骂得酣畅淋漓，心中那股恶气，总算是出了大半。
而在遥远的枫染亭内，林枫默默地听完了全程。
他面无表情地对系统问道。
“这就是你挑选的店员候选？”"
第58章 抄底绝望猫娘，这波投资我血赚！,https://www.biquh.com/678_678189/65668077.html,"
听到林枫那带着一丝嘲弄的疑问，一向毒舌的系统，竟然罕见地沉默了。
空气中弥漫着尴尬的气息。
几秒后，它那冰冷的电子音才再次响起，但字里行间，却透着一股恼羞成怒的意味。
【目标性格评定：极度恶劣！傲慢！无知！愚蠢！】
【此等劣质韭菜，根本不配沐浴本系统的神恩！】
【已将其从店员候选人名单中永久剔除！】
一连串的评价，仿佛是在极力挽回自己刚刚丢失的颜面。
林枫躺在床上，嘴角控制不住地微微上扬。
“哦？是吗？”
“我怎么听着，像是你被人家给骂惨了，在这儿无能狂怒呢？”
【胡说！】
系统瞬间炸毛。
【本系统只是觉得，这种性格恶劣的家伙，会玷污了枫染亭的神圣！】
随后，系统就直接扯开话题，不再谈论此事。
【正在重新筛选目标......】
【目标锁定：史莱克学院，朱竹清。】
林枫：“……”
好家伙，你这是跟史莱克杠上了是吧？"
第58章 抄底绝望猫娘，这波投资我血赚！,https://www.biquh.com/678_678189/65668077_2.html,"
不过……
朱竹清？
林枫的脑海中，瞬间浮现出一个黑衣少女的身影。
清冷，孤傲，像一头被逼入绝境，却依旧不肯低下头颅的幼豹。
宁荣荣那种娇生惯养的小公主，收买成本太高，忠诚度还得慢慢培养，性价比极低。
但朱竹清不一样。
她现在最需要的是什么？
是安全感，是活下去的希望，是一根能让她在绝望深渊中向上攀爬的救命稻草！
对她而言，任何一点善意，都是无价的恩赐。
任何一个机会，她都会用生命去抓住。
现在出手，只需要付出最小的成本，就能收获一个忠诚度直接拉满的顶级员工。
性价比极高！
林枫的眼中，闪过一丝资本家看到绝佳投资项目时的精光。
“就她了！”
......
史莱克学院的宿舍里，宁荣荣骂完之后，等了半天也没有听到那个神秘声音的回应。
她得意地哼了一声：“切，装神弄鬼的家伙，被本小姐骂跑了吧？“"
第58章 抄底绝望猫娘，这波投资我血赚！,https://www.biquh.com/678_678189/65668077_3.html,"
“什么枫染亭，什么店员，见鬼去吧！“
她重新躺回床上，拉过被子，蒙住了头。
然而，黑暗中，她的心跳却没来由地有些加速。
脑海里，那句“实现宗门数千年夙愿”的话，如同魔音贯耳，挥之不去。
七宝琉璃塔，能否进化成九宝琉璃塔，是宗门历代先辈最大的执念。
那个声音……它怎么会知道？
难道，它说的是真的？
一个念头不受控制地冒了出来，让宁荣荣的心里猛地一揪。
她是不是……真的错过了一个天大的机缘？
一股莫名的烦躁与悔意，悄然在她心底滋生，让她翻来覆去，再也无法安然入睡。
与此同时。
隔壁房间，月光清冷。
朱竹清盘膝坐在床上，娇躯微微颤抖，冷汗已经浸湿了背后的衣衫。
她正在强迫自己静心修炼，但纷乱的思绪却像潮水般将她淹没。
从星罗帝国一路逃亡至此，她所寻求的，不过是一线生机。
她将最后的希望，寄托在那个曾与她许下诺言的未婚夫，戴沐白身上。
可现实，却给了她一记最响亮的耳光。
那个男人早已沉沦于纸醉金迷，斗志全无。"
第58章 抄底绝望猫娘，这波投资我血赚！,https://www.biquh.com/678_678189/65668077_4.html,"
而她自己，引以为傲的速度与攻击，在今天，被一个拥有“废武魂”蓝银草的魂师，彻底碾压！
甚至连对方的衣角都没能碰到！
是蓝银草啊！
大陆公认的，最无用的武魂！
连一个拥有废武魂的魂师都打不过，她拿什么去对抗那个如同噩梦一般，比自己高出十几级的亲姐姐？
前方，是无尽的黑暗。
身后，是姐姐穷追不舍的杀意。
她，已经没有未来了……
绝望，如同冰冷的海水，几乎将她彻底吞噬的刹那。
一道空灵、淡漠，不含任何人类情感的声音，仿佛自九天之上垂落，直接响彻她的灵魂深处。
【挣扎于阴影中的猎物，死亡的脚步已然临近。】
【你，甘心就此沉沦吗？】
“谁？！”
只一瞬间，朱竹清的身体就做出了最本能的反应！
她的瞳孔骤然收缩成针尖大小，幽冥灵猫武魂瞬间附体！
乌黑的长发无风自动，尖锐的利爪从指尖弹出，闪烁着森然的寒光。
整个人的气息，变得冰冷而危险，像一头被逼入绝境的野兽，随时准备发动致命一击！"
第58章 抄底绝望猫娘，这波投资我血赚！,https://www.biquh.com/678_678189/65668077_5.html,"
她压低身子，声音嘶哑而警惕。
“出来！”
【不必惊慌。】
那道声音再次响起，依旧是那般高远，那般淡漠。
【吾乃枫染亭之意志。】
【你的绝望，吾已感知。】
【你的不甘，吾亦明了。】
“枫染亭？“
朱竹清眉头微蹙，这个名字她从未听过。
但是她知道，对方的声音居然就这么突兀传入自己脑海，其实力绝对不是自己能想象的。
【汝欲脱离命运桎梏，获得真正的力量吗？】
真正的力量？
这几个字，如同一道闪电，瞬间击中了朱竹清内心最深处的渴望！
她想要力量！
强大到足以掌控自己命运的力量！
“你……你能给我力量？“
朱竹清的声音有些干涩，但字字清晰。
她的利爪依旧没有收回，但那双冰冷的猫瞳深处，却燃起了一簇微弱却又无比灼热的火苗。"
第58章 抄底绝望猫娘，这波投资我血赚！,https://www.biquh.com/678_678189/65668077_6.html,"
但是那声音并没有直接回答这个问题，而是开口道。
【天下没有无偿的恩泽。】
朱竹清的心猛地一沉，但随即又涌起一股理应如此的平静。
是啊。
想要得到，就必须付出。
这是她从懂事起，就刻在骨子里的生存法则。
“什么代价？”她沉声问道，语气中带着一丝连自己都未曾察预的决然。
这一刻，无论是系统还是林枫，都知道。
她，已经上钩了。
【成为枫染亭的侍者。】
【舍弃你凡俗的身份，舍弃你的过去，舍弃你的自由。】
【从此，你只是神明座下，最卑微的仆从。】
“侍者？”
就这么简单？
朱竹清想过很多的可能，或是献祭灵魂，或是成为杀戮的工具，甚至是自己的肉体......
却唯独没有想到，对方提出的代价，竟是如此的……朴实无华？
可紧随而来的，是更深的疑惑与警惕。"
第58章 抄底绝望猫娘，这波投资我血赚！,https://www.biquh.com/678_678189/65668077_7.html,"
她抬起头，那双在黑暗中依旧明亮的猫瞳，死死地“盯”着空无一物的房间，仿佛要看穿这层层伪装，直视那声音的本源。
“为什么……是我？”
她的声音很轻，却带着一种深入骨髓的悲凉。
“这世上，从无人在意我的死活。”
“我凭什么……相信你？”
这，是她最后的挣扎，也是她对这个冰冷世界，发出的最无力的质问。
良久的死寂。
就在朱竹清以为对方已经离去，那刚刚燃起的希望火苗，即将被绝望的黑暗彻底吞噬时。
那道空灵淡漠的声音，终于再次响起。
这一次，它没有给出任何承诺，也没有任何安慰。
有的，只是一句冰冷到极致，却又无可辩驳的……事实。
【因为。】
那声音顿了顿，每一个字，都像一柄重锤，狠狠砸在朱竹清那颗早已疲惫不堪的心上。
【你别无选择。】"
第59章 我把你当金手指，你却是个顶级乐子人！,https://www.biquh.com/678_678189/65668078.html,"
你别无选择。
冰冷的五个字，不带丝毫情感，却像一柄无形的巨锤，狠狠砸碎了朱竹清内心最后一道防线。
那瞬间绷紧的娇躯，骤然一软。
仿佛所有的力气，都被这句话抽干了。
闪烁着森然寒光的利爪，一寸寸，无力地收回了指间。
那不是警惕的解除。
那是……彻底的认命。
一抹浓得化不开的自嘲，在她苍白的唇角悄然浮现。
是啊。
选择？
她还有选择的余地吗？
她除了继续在这史莱克学院浪费时间，做着毫无意义的挣扎，然后悄无声息地等待死亡降临……
她还有别的路可以走吗？
从她出生的那一刻起，她的人生，就从未有过其他选项。
现在，这个自称为“枫染亭意志”的神秘存在，用最冰冷、最残酷的方式，将这个事实血淋淋地摆在了她的面前。
是啊。
情况再差，又能差到哪里去呢？
最坏的结果，无非就是一死。"
第59章 我把你当金手指，你却是个顶级乐子人！,https://www.biquh.com/678_678189/65668078_2.html,"
而留在这里，死亡，本就是她唯一可以预见的终点。
既然如此……
倒不如，用这残破不堪的自由，去赌一个虚无缥缈的……未来。
她缓缓闭上双眼，将那满眸的绝望与不甘，尽数敛去。
再睁开时，只剩下死水般的平静。
“我……”
她对着空无一人的黑暗，用尽了最后一丝力气，吐出了那两个字。
“接受。”
【招聘成功！】
系统那冰冷的电子音，此刻竟带上了一丝满意。
【目标'朱竹清'已同意招聘邀请。】
【正在发放店员凭证及制服……】
史莱克学院的破旧宿舍里，一团温和的圣光骤然绽放。
光芒散去，和之前胡列娜同款黑红色制服，以及一枚赤红枫叶胸章，静静悬浮在朱竹清面前。
那制服的剪裁，仿佛是为她量身定做。
既保持了她一贯的冷艳气质，又多了几分说不出的神秘与庄重。
【明日天亮时分，穿上它。】"
第59章 我把你当金手指，你却是个顶级乐子人！,https://www.biquh.com/678_678189/65668078_3.html,"
那道空灵的声音最后一次响起，语气中带着不容置疑的威严。
【它，会指引你前往神恩之地。】
朱竹清缓缓伸出手，指尖轻抚着那套制服。
丝绸般的触感，传递着一种她从未体验过的温暖。
与此同时，一股庞大的信息流涌入她的脑海。
【姓名：朱竹清】
【职位：枫染亭服务员】
【薪资：1000美食积分/月】
【员工福利：每日三餐免费供应、工作制服一套、提供员工宿舍……】
【工作职责：负责引导客人、点单、上菜、收拾餐桌等一切杂务。】
【提示：作为本店第一批员工，你将获得一份独属于你的神恩。】
【此恩赐，将于明日正式任职时降下。】
朱竹清看着脑海中那些陌生的词汇，眼中闪过一丝困惑。
美食积分是什么？
还有......神恩？
不过很快，她就将这些疑惑抛在了脑后。
现在的她，已经没有资格去挑三拣四了。
她小心翼翼地将制服收好，然后盘膝坐回床上。"
第59章 我把你当金手指，你却是个顶级乐子人！,https://www.biquh.com/678_678189/65668078_4.html,"
这一次，她的心境前所未有的平静。
明天，就是她人生的转折点。
是走向新生，还是走向毁灭，一切都将见分晓。
......
刚把朱竹清这位性价比直接拉满的员工收入囊中，林枫躺在床上，心里那叫一个美滋滋。
便宜，能干，忠诚度高，还自带悲惨背景，简直是完美的压榨对象……啊不，是完美的培养对象！
这波操作，血赚！
系统表示，接下来，将是最后一个店员的招募。
对此，林枫当然不会有任何意见。
再来一个廉价劳动力，他欢迎还来不及呢！
只不过。
当系统那冰冷的电子音，在他脑海中缓缓报出一个名字时。
林枫脸上那副“一切尽在掌握”的资本家笑容，瞬间凝固了。
【叮！】
【第三目标已锁定：星罗帝国朱家，朱竹云。】
空气，死一般的寂静。
林枫缓缓地，一寸一寸地，从床上坐了起来。"
第59章 我把你当金手指，你却是个顶级乐子人！,https://www.biquh.com/678_678189/65668078_5.html,"
“系统。”
林枫面无表情地开口，声音平静得可怕。
“我严重怀疑，你不对劲。”
“你刚让我把朱竹清招进店里当服务员，许诺给她新生和未来……”
林枫的声音陡然拔高，眼中几乎要喷出火来。
“转过头，你就让我去招她那个恨不得将其挫骨扬灰、不死不休的亲姐姐？！”
“你根本就不是什么狗屁诸天美食神系统！”
林枫指着天花板，在心中发出了撕心裂肺的咆哮。
“你就是个唯恐天下不乱，以观看人间惨剧为乐的顶级乐子人！！！”
面对宿主狂风暴雨般的质问，系统沉默了片刻。
然后，用一种更加冰冷，甚至带着一丝赞许的语气，回应道。
【宿主，你终于理解了本系统的核心乐趣之一。】
林枫：“……”
【不过，你还是误会了。】
【朱竹清，原本并不在初始候选人之列。】
【只因‘宁荣荣’拒绝了邀请，本系统遵循‘就近原则’与‘性价比最高’原则，才选择了她。】
“我呸！”
林枫气得差点从床上蹦起来。"
第59章 我把你当金手指，你却是个顶级乐子人！,https://www.biquh.com/678_678189/65668078_6.html,"
“那为什么非得是她？！就不能是别人吗？比如那个叫小舞的兔子？”
【那只十万年份的柔骨兔？】
系统的声音，不带丝毫情感地进行着分析。
【根据数据库评估，她作为食材的价值，远高于作为员工的价值。】
【尤其是她那双腿，碳烤、红烧、麻辣，皆是极品。】
林枫的嘴角狠狠一抽。
好家伙，这狗系统是真的一点人事不干啊。
他深吸一口气，强压下怒火，试图做最后的挣扎。
“不行！朱竹云，绝对不行！这会影响我店内的和谐氛围，降低员工幸福度！”
【请宿主重新考量。】
系统的声音，充满了致命的诱惑。
【招募朱竹云，可以引入竞争机制，激发员工的内卷动力，预计可将工作效率提升百分之七十八。】
【一对拥有猫耳的绝色姐妹花，在您的小店里为您服务……】
【宿主，想想看那个画面。】
林枫的心，不受控制地动摇了一下。
但他还是咬着牙，守着自己最后的底线。
“不行！就算是这样也不……”"
第59章 我把你当金手指，你却是个顶级乐子人！,https://www.biquh.com/678_678189/65668078_7.html,"
【她的薪资，比胡列娜更低。】
系统故意一顿，然后吐出了一个让林枫灵魂都为之一颤的数字。
【每月，1500美食积分。】
1500美食积分？！
只比朱竹清多了500？
而且系统说得对，竞争确实能激发员工的积极性。
有了这个“假想敌“在，朱竹清会更加努力地为自己干活。
系统的诱惑还在继续.......
【她和朱竹清不同，她有野心，有手段，有城府。】
【这样的人，一旦被收服，将是您手下最得力的助手。】
闻言，林枫当即拍板。
”就她了！招！"
第60章 刚报到就内讧？小狐狸的下马威！,https://www.biquh.com/678_678189/65669579.html,"
次日。
天色未明，晨星寥落。
武魂殿的寝宫内，胡列娜早已起身。
她对着镜子，一丝不苟地整理着身上那件黑红相间的制服，那双妩媚的狐狸眼，此刻盛满了前所未有的虔诚与激动。
而在遥远的史莱克学院，朱竹清也已穿戴整齐。
她静静坐在床边，冰冷的月光勾勒出她清冷而决绝的侧脸，仿佛一尊即将奔赴宿命战场的女神像。
星罗帝国，朱家。
朱竹云站在窗前，看着镜中那个身着奇特制服的自己，眼神复杂，野心与不安在其中交织。
当第一缕晨曦刺破天际。
三人胸前的枫叶胸章，同时绽放出一抹温润的红光，于她们面前，无声地旋开一扇椭圆形的“光门”。
胡列娜没有半分犹豫，带着朝圣般的虔诚，几乎是雀跃着一头扎了进去！
朱竹清深吸一口冰冷的空气，压下心中所有的恐惧与不安，眼神决绝，迈出了改变命运的一步。
唯有朱竹云，星罗帝国最耀眼的明珠，她看着眼前的光门，眼中闪过一丝不易察觉的迟疑。
但一想到昨夜那个声音许诺的力量，许诺那足以颠覆戴家、终结姐妹相残宿命的未来，她眼中的犹豫最终化作一抹狠厉，同样踏入了光门。
下一刻，枫染亭之内。
三道光门悄然浮现，空间如水波般荡漾。
胡列娜最先从中央的光门中走出，当看清这熟悉又神圣的环境时，她几乎要幸福地哼出声来。
紧接着，左侧光门中，一道黑色的身影迈出。"
第60章 刚报到就内讧？小狐狸的下马威！,https://www.biquh.com/678_678189/65669579_2.html,"
是朱竹清。
她落地无声，像一头警惕的幼豹，冰蓝色的猫瞳飞快地扫视着这个全然陌生的环境，浑身肌肉紧绷，充满了戒备。
胡列娜见到朱竹清先是一怔，但当她看到对方身上与自己同款的黑红制服时，立刻明白了。
原来，这也是前辈选中的“同僚”。
她正要露出一个友善的笑容，以“前辈”的身份打个招呼。
右侧的光门，吐出了第三道身影。
一个身段同样火爆，却散发着成熟与高傲气息的绝色女子，朱竹云。
当朱竹清的目光，与朱竹云那双带审视的眸子在空中交汇的瞬间。
空气，仿佛凝固了。
“朱竹云？！”
朱竹清脸上的警惕与决然，在看到朱竹云的那一刻，瞬间褪得一干二净！
取而代之的，是无尽的、深入骨髓的惊恐与煞白！
她上当了！
这根本不是什么机缘！这是姐姐设下的，一个必死的陷阱！
而朱竹云，在看到朱竹清的那一刻，也明显愣了一下，似乎完全没有料到会在这里碰见她。
她才刚刚将这个倔强的妹妹，一路“追杀”出星罗帝国，让她远离那个冰冷的漩涡。
怎么……她会出现在这里？"
第60章 刚报到就内讧？小狐狸的下马威！,https://www.biquh.com/678_678189/65669579_3.html,"
但这份错愕，转瞬即逝。
朱竹云很快便恢复了那副高高在上的姿态，红唇轻启，勾起一抹残忍而冰冷的笑意。
“哟，这不是我那离家出走，愚蠢又可怜的妹妹吗？”
她的声音，带着猫捉老鼠般的戏谑。
“怎么，主动出现在我面前，是终于想通了，准备受死了？”
轰！
这句话，如同一道惊雷，彻底炸碎了朱竹清的理智！
她想也不想，猛地转身，用尽全身的力气，朝着身后那即将消散的光门扑去！
然而，她的指尖，最终只捞到了一片虚无。
光门，在她眼前，彻底消失。
逃不掉了！
两人相距不过数米，等级的巨大差距，如同一座不可逾越的天堑！
她，必死无疑！
绝望，如同冰冷的海水，瞬间将她淹没。
但下一秒，这极致的绝望，却催生出了最疯狂的狠厉！
死？
就算是死，我也要在这张令人作呕的脸上，留下永不磨灭的伤痕！
下一秒，朱竹清眼中再无恐惧，只剩下玉石俱焚的疯狂！"
第60章 刚报到就内讧？小狐狸的下马威！,https://www.biquh.com/678_678189/65669579_4.html,"
幽冥灵猫武魂瞬间附体，十指弹出利爪，闪烁着森然的寒光，朝着朱竹云的脸庞，暴扑而去！
朱竹云眼神一寒。
自不量力！
她同样伸出利爪，魂力激荡，准备好好教训一下这个不知天高地厚的妹妹。
眼看一场猫咪大战，即将在前辈的圣地中上演！
“放肆！”
一声清冷的低喝，骤然响起！
不是单纯的呵斥。
那声音里，仿佛蕴含着一种源自灵魂深处的、不容置疑的绝对威严！
胡列娜俏脸含煞，一步踏出，站在了两姐妹中间。
她那双妩媚的狐狸眼，此刻却冰冷如霜，那由林枫亲手赐下的、得到强化的魅惑之力，随着她的怒意，化作无形的精神风暴，轰然席卷全场！
正欲动手的朱家姐妹，身体猛地一僵！
她们竟是完全无法反抗对方的命令，齐齐在原地立正站好。
朱竹云心中掀起了滔天骇浪！
好恐怖的精神力！
这个女人是谁？！
明明和自己的年龄相差不大，但她的精神力，竟能让自己连一丝反抗的念头都无法升起！"
第60章 刚报到就内讧？小狐狸的下马威！,https://www.biquh.com/678_678189/65669579_5.html,"
胡列娜冰冷的目光，缓缓扫过剑拔弩张的两人。
“这里，是前辈的圣地。”
“不是你们撒野的斗兽场。”
她往前踏出一步。
咚。
这一步，仿佛踩在了朱竹云和朱竹清的心脏之上！
“我不管你们在外面要什么恩怨仇恨。”
“在这里，你们只有一个身份——”
她的声音陡然一凝，精神力输出再次暴涨！
“前辈的，仆人！”
“仆人，就要有仆人的规矩！”
朱家姐妹额头皆是流下一滴冷汗，死死盯着眼前这个少女。
“再有下次……”
”休怪我不顾同僚之情！“
就在这剑拔弩张，连空气都仿佛凝固的时刻。
吱呀——
一道轻微的、木板被踩动的声音，从二楼的楼梯处，不疾不徐地传来。
那声音不大。"
第60章 刚报到就内讧？小狐狸的下马威！,https://www.biquh.com/678_678189/65669579_6.html,"
却像一阵微风，吹散了场中所有的杀意与对峙。
胡列娜脸上冰冷的煞气，在听到这声音的瞬间，如潮水般褪去，取而代之的，是发自灵魂深处的、极致的恭敬与崇拜。
她猛地转身，朝着楼梯的方向，深深垂首。
“前辈！”
朱竹云与朱竹清两姐妹，也是顺着胡列娜的方向齐齐看去。
一道慵懒的身影，出现在楼梯口。
林枫打着哈欠，睡眼惺忪地扫了几人一眼。
当他的目光落在胡列娜身上时，随意地点了点头。
“嗯，还行。”
仅仅两个字。
却让胡列娜如闻天音，整个人都快幸福到融化了！
前辈夸我了！
前辈认可了我维护他圣地的行为！
这是何等的荣耀！
随后，林枫那看似随意的目光，淡漠地从朱家姐妹身上一扫而过。
朱竹清和朱竹云两姐妹的灵魂，都在这一刻，被一只无形的大手死死攥住！
明明从对方身上感受不到一丝一毫的魂力波动，甚至只是个普通人的水平气血之力。"
第60章 刚报到就内讧？小狐狸的下马威！,https://www.biquh.com/678_678189/65669579_7.html,"
可就是这样一具“凡人”的躯壳，却带给了她们一种仿佛在直面天地、直面宇宙洪荒的极致渺小感！
她们甚至连思考的能力都近乎停滞，只能遵从最原始的本能垂下了自己的头颅。
林枫的视线，并未在朱家姐妹那惊魂未定的脸上，多停留哪怕一秒。
毕竟，新招的三个廉价劳动力，总不能让她们在上班第一天就饿着肚子上班。
这是最基本的员工关怀。
林枫一边想着，一边走进了后厨。
没过多久。
当第一缕炊烟从后厨的门缝中悄然溢出的瞬间。
一股无法用言语去描述，甚至无法用灵魂去定义的香气，如同拥有生命的潮汐，温柔而又霸道地，瞬间充斥了整个枫染亭。
而原本还僵硬在原地的朱竹清与朱竹云，闻到这股香味却是眼神一亮。"
第61章 小狐狸当上女管家，还不去洗碗！？,https://www.biquh.com/678_678189/65669580.html,"
那香味，根本无法用言语去形容。
它霸道，却又温柔。
仿佛不是从厨房飘来，而是从每个人的灵魂最深处，悄然滋生。
朱竹云与朱竹清两姐妹，几乎是不约而同地，伸长了白皙的脖颈，贪婪地嗅着空气中那每一缕味道，仿佛溺水之人抓住了救命的稻草。
那一瞬间，她们甚至忘记了彼此的存在，忘记了那不死不休的宿命。
脑海里，只剩下一个念头。
吃！
必须吃到它！
而胡列娜早已激动得娇躯微颤，她知道，这是前辈许诺的，独属于她们这些“神之侍者”的恩赐——一日三餐！
很快，林枫端着一个托盘，慢悠悠地从后厨走了出来。
“前辈，我来。”
胡列娜几乎是第一时间，带着一种近乎于朝圣的虔诚，快步上前，双手无比珍重地接过了托盘。
开玩笑，自己已是神之侍者，怎能让神明亲手为自己端上餐食？这是渎神！
当托盘离手，林枫顿时觉得浑身舒坦。
嗯，这小狐狸没白招。
这么快就知道主动揽活，很有前途。
他负手跟在胡列娜身后，准备和自己新招募的三个廉价劳动力，一起享用这第一顿早餐。
胡列娜目不斜视地路过还愣在原地的朱家姐妹，用一种冰冷的，带着一丝上位者审视的语气，淡淡开口。"
第61章 小狐狸当上女管家，还不去洗碗！？,https://www.biquh.com/678_678189/65669580_2.html,"
“愣着做什么？”
“还不过来，准备饿着肚子干活吗？”
这一声呵斥，让朱家姐妹猛然惊醒。
两人先是狠狠对视了一眼，眼中的杀意再次浮现。
但随即又被那霸道的香气压下，只能不情不愿地、默契地别过头，跟在了胡列娜身后。
来到桌边，胡列娜先是将托盘稳稳放下，然后取出最精致的一份早餐，双手捧着，恭恭敬敬地摆在林枫面前。
做完这一切，她才直起身，拿了属于自己的那一份，姿态优雅地坐下。
朱竹清见状，也连忙学着样子，取走了自己那份。
唯有朱竹云，依然笔直地坐在座位上，眉头紧锁，没有动弹。
胡列娜见状，嘴角勾起一抹讥讽的弧度，声音不大，却清晰地传入每个人耳中。
“怎么？这位大小姐，莫非还等着别人来伺候您用餐不成？”
轰！
朱竹云的俏脸瞬间涨得通红，眼中闪过浓烈的羞愤与杀意！
她确实是下意识地在等别人伺候！
身为朱家大小姐，未来的星罗太子妃，她何曾自己动过手？！
可一接触到胡列娜那冰冷中带着绝对压制的眼神，再闻着那几乎要让她理智崩溃的香气，她所有的骄傲与怒火，都显得那么苍白无力。
最终，她咬着银牙，在林枫那“饶有兴致”的目光注视下，伸出了微微颤抖的手，屈辱地从托盘上取走了最后一份早餐。"
第61章 小狐狸当上女管家，还不去洗碗！？,https://www.biquh.com/678_678189/65669580_3.html,"
对于这场小小的“交锋”，林枫看得津津有味。
不错，不错。
有竞争，才有内卷。
有内卷，才有生产力！
他悠然地夹起一个小笼包塞进嘴里，汁水在口中爆开，鲜美的味道让他惬意地眯起了眼睛。
朱竹清看着朱竹云那副屈辱的模样，又看了看林枫和胡列娜理所当然的态度，心中那根紧绷到极致的弦，悄然松动了一丝。
或许……
这真的不是朱竹云设下的圈套。
而是这个女人，也和自己一样，被那个神秘的声音选中，成了这家店的……仆人？
一想到日后要与这个生死之敌共事，她的心中便涌起一股难以言喻的荒谬感。
但眼下，她已经无暇思考这些。
因为她所有的心神，都已被眼前那碗粥彻底俘获。
那是一碗鱼片粥。
米粒熬煮得晶莹剔透，几乎化开，与乳白色的汤汁融为一体。薄如蝉翼的鱼片点缀其间，散发着一种能钻进灵魂缝隙的异香。
朱竹清握着勺子的手，微微颤抖。
她舀起一勺，小心翼翼地送入口中。
瞬间，一种无法形容的、极致的温暖，如同母亲的怀抱，瞬间包裹了她冰冷的心脏！
那不是味觉。"
第61章 小狐狸当上女管家，还不去洗碗！？,https://www.biquh.com/678_678189/65669580_4.html,"
那是一种……感觉。
仿佛一瞬间，她不再是那个挣扎于黑暗与杀戮中的幽冥灵猫。
她回到了一个从未拥有过的童年。
午后的阳光暖洋洋地洒在身上，没有追杀，没有算计，没有那座冰冷得如同坟墓的朱家府邸。
只有安宁，祥和，与绝对的安全感。
原来……活着，可以是这种味道。
一层水雾，不受控制地在朱竹清冰蓝色的猫瞳中氤氲开来。
她下意识地抬起头，目光越过氤氲的雾气，落在了对面。
然后，她彻底怔住了。
只见她那位向来高傲、残忍、视万物为棋子的姐姐朱竹云，此刻正以一个与她如出一辙的姿势，僵在原地。
那双总是充满了算计与野心的眸子里，此刻写满了与她一模一样的……茫然与震撼。
朱竹云也彻底懵了。
她是谁？
她是朱家大小姐，是星罗帝国未来的太子妃，是将权谋与力量刻在骨子里的胜利者。
可当这口粥滑入喉咙的瞬间。
她所有的野心，所有的骄傲，所有的城府……
都变得像一个笑话。"
第61章 小狐狸当上女管家，还不去洗碗！？,https://www.biquh.com/678_678189/65669580_5.html,"
去他妈的星罗帝国！
去他妈的太子妃之位！
在这一刻，那穷尽一生去追逐的，名为胜利的宝座，其价值，甚至不如眼前这碗粥的万分之一！
她穷尽心机，不择手段，所追求的一切，在这极致的、源自灵魂本源的幸福感面前，竟是如此的……苍白，可笑，且索然无味。
姐妹二人，隔着一张餐桌，遥遥相望。
这一刻，她们眼中的杀意与仇恨，竟是短暂的被那碗粥带来的巨大冲击，冲刷得一干二净。
取而代之的，是一种看到了新世界大门的、如出一辙的……虔诚与迷茫。
但仅仅一瞬。
她们便再次错开了视线，重新低下头，仿佛要将自己所有的心神，都沉浸在那碗神赐的鱼粥之中。
一时间，餐桌上只剩下勺子与瓷碗碰撞的轻微声响。
早餐时间，在一种诡异的和谐中结束。
林枫惬意地打了个哈欠，随意地朝着胡列娜递了个眼神。
胡列娜心领神会。
她优雅地放下餐具，姿态从容地站起身，用一种仿佛女主人般的口吻，对着还坐在原地的朱家姐妹，淡淡开口。
“前辈要开店营业了。”
“你们两个，把这里收拾干净。”
朱竹清闻言，没有任何犹豫，立刻起身开始收拾。
她的动作很快，也很细致。
她先是收走了林枫面前的碗筷，又收走了胡列娜的，最后，将自己的那份也一并端起。
整个过程，她都完美地、刻意地，绕过了朱竹云面前的那一套餐具......"
第62章 封号斗罗集体自闭！老鬼和老菊他俩牵手了！,https://www.biquh.com/678_678189/65671455.html,"
朱竹云的目光，死死钉在自己面前那套被完美孤立的餐具上。
青筋，在她光洁的额角瞬间暴起！
这个往日里只能在她阴影下瑟瑟发抖，连大气都不敢喘的妹妹，竟敢……
竟敢如此辱她？！
一股混杂着屈辱与暴戾的怒火，轰然一声，直冲天灵盖！
她几乎是本能地就要拍案而起，让自己那愚蠢的妹妹回忆起，姐姐的威严，是何等不可触犯！
可她的手掌刚刚抬起半分，动作便骤然僵住。
一道看似随意，却仿佛能洞穿灵魂的目光，从主位上淡淡飘来。
与此同时，一股冰冷刺骨，带着妩媚却又致命的精神威压，已经从后方死死锁定了她。
是那个狐媚子！
朱竹云的心脏疯狂擂动，她毫不怀疑，自己若是真的发作，下场绝对会非常凄惨！
滔天的怒火，在那道淡漠目光的注视下，被强行压了下去。
最终，朱竹云缓缓垂下了那双总是盛满高傲与算计的眸子。
那滔天的怒火，被她生生咽下。
她伸出手，指节因为用力而捏得发白，端起了那套冰冷的、象征着耻辱的餐具。
然后，在林枫那“饶有兴致”的注视下，迈着僵硬到如同傀儡般的步伐，跟在了朱竹清的身后。
一步。
又一步。"
第62章 封号斗罗集体自闭！老鬼和老菊他俩牵手了！,https://www.biquh.com/678_678189/65671455_2.html,"
走进了那个她从未想过自己有朝一日会踏足的地方——
后厨。
而林枫的内心，早已乐开了花。
【哦豁？开始了开始了！】
【不愧是我看中的员工，这么快就无师自通了“职场霸凌”……啊不，是“竞争激励”这一套！】
【不错，就是要这样！有竞争，才有内卷！有内卷，才有生产力！】
……
武魂城的街道上，气氛诡异到了极点。
一众跺跺脚就能让大陆震颤的封号斗罗，此刻却像一群受了惊的鹌鹑，远远地坠在两道身影之后。
那两道身影，亲密无间地走在最前方。
一个是鬼斗罗。
一个是菊斗罗。
他们……手牵着手。
鬼斗罗那张恢复了绝世俊颜的脸上，不再有往日的阴鸷与森然，反而带着一种……雨过天晴后的满足与安详。
而他身旁的菊斗罗，脸上挂着一抹如桃花般灿烂的、心满意足的笑容，那握着鬼斗罗的手，十指紧扣。
整个画面，和谐中透着无尽的诡异，温馨里藏着彻骨的惊悚。
终于。"
第62章 封号斗罗集体自闭！老鬼和老菊他俩牵手了！,https://www.biquh.com/678_678189/65671455_3.html,"
魔熊斗罗那粗犷的神经再也承受不住这种煎熬，他悄悄挪到鬼豹斗罗身侧，用蚊子般的声音，艰难地开口。
“你……有没有觉得……”
“菊长老和鬼长老，他们的关系……好像……升华了？”
此言一出，周围的几位封号斗罗，身体齐齐一僵。
所有人的目光，都下意识地朝着前方那对“神仙眷侣”瞥了一眼。
只一眼。
他们就像看到了什么不干净的东西，又仿佛窥见了什么足以污染灵魂的天道禁忌，猛地将头扭了回来！
每个人的脸上，都写满了同一种情绪。
一种混合了“我懂了”、“我装作不懂”、“求求了别让我懂”的极致扭曲。
昨天发生了什么？
前辈随手一指，将老鬼那张狰狞丑脸，变成了能让圣女都为之侧目的绝世俊颜。
紧接着，前辈又“恰好”赐给了与老鬼形影不离的老菊花，一柄能将男人变成女人的……粉色小锤子。
一俊。
一媚。
一阴。
一阳。
所以，他们俩之间到底发生了什么，真的好难猜呀~
而在队伍的最后方，则是仿佛吞了一万只苍蝇的焱，以及眉宇间带着一丝忧虑的邪月。"
第62章 封号斗罗集体自闭！老鬼和老菊他俩牵手了！,https://www.biquh.com/678_678189/65671455_4.html,"
邪月心神不宁。
妹妹，胡列娜，不见了。
今天一早，他像往常一样去找她，准备一同前来拜见前辈，却发现寝宫内空无一人。
就仿佛人间蒸发。
武魂城内，固若金汤，绝无被刺杀或绑架的可能。
现在，邪月也只能寄希望于是胡列娜等不及，自己一个人……提前去见前辈了。
而一旁的焱，则是更加难受。
胡列娜的失踪固然让他担心，但另一件事，同样让他难受不已！
昨天，他刚刚从前辈手中获赐的那两把名为“诸葛神弩”的绝世神兵……
还没来得及焐热乎！
甚至连怎么上弦都还没研究明白！
就被几位长老堵在了房间里。
美其名曰，“为了武魂殿的未来”。
鬼斗罗长老一脸慈祥地拍着他的肩膀，说他是武魂殿未来的希望。
魔熊斗罗长老蒲扇般的大手按着他的脑袋，夸他深明大义。
圣龙斗罗长老更是语重心长，说什么神物赐下，不能只图个人勇武，更要思考它对整个武魂殿的战略意义。
一群封号斗罗，围着他一个准魂宗“以理服人”。"
第62章 封号斗罗集体自闭！老鬼和老菊他俩牵手了！,https://www.biquh.com/678_678189/65671455_5.html,"
那场面，焱这辈子都不想再回忆第二次。
最终，在一片“赞许”和“欣慰”的目光中，他“自愿”地，将其中一把诸葛神弩，上交给了武魂殿的锻造部，供长老们研究。
他当时脸上的笑容，一定比哭还难看。
通往枫染亭的街道上，气氛压抑到了极点。
所有人的目光，都有意无意地，朝着队伍最前方的两道身影，投去惊鸿一瞥，又如同触电般猛地收回。
就在这时，队伍前方，那间仿佛独立于尘世之外的饭店，终于出现在众人的视野尽头。
然而。
当他们看清饭店门口那道身影时，所有人的脚步，都仿佛被一双无形的大手死死按住，齐刷刷地，停在了原地！
饭店门口，一道倩影静静伫立。
那是一个他们无比熟悉，此刻却又感到无比陌生的身影。
正是教皇比比东宠爱的弟子，胡列娜！
“娜娜！”
邪月失声惊呼，心中的巨石瞬间落地，但下一秒，一股更加强烈、更加匪夷所思的惊骇，如怒海狂涛般席卷了他的灵魂！
那不是他熟悉的妹妹！
只见胡列娜身着一套他们从未见过的奇特制服，黑红相间，剪裁得体，完美勾勒出她那惊心动魄的曲线，却又透着一种难以言喻的庄重与肃穆。
她的双手优雅地交叠在小腹前，脸上挂着一抹浅浅的微笑。
那笑容里，再不见往日的妩媚与魅惑。
取而代之的，是一种发自灵魂深处的、神圣而宁静的光辉。"
第62章 封号斗罗集体自闭！老鬼和老菊他俩牵手了！,https://www.biquh.com/678_678189/65671455_6.html,"
她不是站在饭店门口。
她像是站在神国的门前，接引信徒的圣女。
看到众人，胡列娜微微躬身，动作优雅得如同演练过千百遍的宫廷礼仪。
但那份优雅之中，却又透着一种莫名的疏离。
“诸位。”
仅仅两个字，就让所有人浑身一颤！
这是一种全新的，他们从未在胡列娜身上感受过的气场！
那不是圣女对长老的恭敬。
而是一种……神之使徒，在传达神谕般的淡漠与威严！
胡列娜的嘴角，勾起一抹公式化的、恰到好处的微笑，那笑容里带着俯瞰众生般的悲悯。
“前辈已经等待多时。”
“请进吧。”"
第63章 震惊！洗碗工的地位，竟在教皇之上！,https://www.biquh.com/678_678189/65671456.html,"
当朱竹云笨手笨脚地洗完碗碟，从后厨走出来时，林枫已经靠在摇椅上，仿佛等候多时。
他那慵懒的目光扫过站成一排、气质迥异的三位新员工。
“既然都来了，就说说你们的活儿。”
林枫的声音平淡得像是在说今天天气不错。
“胡列娜，你机灵点，负责在前厅接待、点单、上菜。”
“朱竹清，你手脚麻利，负责收拾餐桌，保持大堂洁净。”
他顿了顿，目光最终落在了神情紧绷的朱竹云身上。
“至于你……”
“就负责在后厨洗碗吧。”
轰！
朱竹云的脑子嗡的一声，一片空白！
她下意识地伸出那双娇嫩的手指，指着自己的鼻子，声音因极致的错愕而变得尖锐。
“什、什么？”
“我……洗碗？！”
林枫甚至都懒得抬眼。
倒是他身旁的胡列娜，冰冷的目光如刀子般剜了过去，让朱竹云心头一颤。
“怎么？”
胡列娜的声音里不带一丝感情。"
第63章 震惊！洗碗工的地位，竟在教皇之上！,https://www.biquh.com/678_678189/65671456_2.html,"
“你对前辈的安排有意见？”
“我……”
朱竹云的脸瞬间涨红，屈辱、愤怒、荒谬……
种种情绪在她胸中疯狂翻涌，却被那冰冷的眼神死死压制，一个字也吐不出来。
林枫终于不耐烦地摆了摆手，如同驱赶一只苍蝇。
“不想干就走。”
“我这里，从不勉强。”
这句话，轻飘飘的，却像一柄巨锤，狠狠砸在朱竹云心上。
走？
走去哪里？
回到那个冰冷的朱家，然后等着日后等成为星罗皇后，继续看着朱家后代手足相残？！
然后，一辈子都只能在回忆里，去品味那碗鱼粥的味道？
不！
一想到那个味道，一想到那足以颠覆一切的、名为“神恩”的力量……
朱竹云的呼吸，瞬间变得无比急促。
她脑海中，那扇能跨越万里的光门，那碗能让灵魂都为之颤栗融化的鱼粥，还有那个声音许诺的、足以颠覆戴家、终结宿命的无上力量……
这些画面，如同疯狂的潮水，冲刷着她那名为“骄傲”的、早已摇摇欲坠的堤坝。"
第63章 震惊！洗碗工的地位，竟在教皇之上！,https://www.biquh.com/678_678189/65671456_3.html,"
洗盘子……
何等的屈辱！
然而……
那股源自灵魂深处的幸福感，那份对力量最原始的渴望，却像最毒的瘾，在她四肢百骸疯狂地滋生、蔓延。
和这些相比，所谓的尊严，又算得了什么？
朱竹云死死咬住自己的嘴唇。
一丝咸腥的血味，在口腔中弥漫开来。
那刺痛，反而让她混乱的大脑，有了一瞬间的清明。
她紧紧抿着嘴唇，几乎是从牙缝里，挤出了两个字。
“……我干！”
就在这时，胡列娜似乎感应到了什么，转身走向店门。
她那窈窕的背影，此刻竟透着一种神圣与庄严。
几乎就在她站定的瞬间，武魂殿的一众封号斗罗，出现在了街道的尽头。
胡列娜脸上挂着公式化的、却又带着俯瞰众生般悲悯的微笑，微微躬身。
“诸位。”
“前辈已经等待多时。”
“请进吧。”
这番姿态，这番言语，让所有封号斗罗脚步一滞，心神剧震！"
第63章 震惊！洗碗工的地位，竟在教皇之上！,https://www.biquh.com/678_678189/65671456_4.html,"
而店内的朱竹云，在看清来人时，瞳孔骤然收缩成了针尖大小！
那走在最前方的，那标志性的兰花指以及娘们唧唧的男人……
菊斗罗，月关！
“封……封封……封号斗罗？！”
星罗帝国未来的太子妃，曾在无数份最高等级的情报卷宗里，见过这张堪称武魂殿门面的脸！
可那些冰冷的情报，又怎及得上此刻真人带来的万分之一的冲击？！
那可是封号斗罗！
是真正站在大陆顶点的传说级存在！
而现在……
这样一位传说，竟然也是这名不见径传的小店里的……客人？
她这一声惊叫，也让震撼中的长老团回过神来。
鬼斗罗的目光落在胡列娜身上，又扫了一眼她身后同样身着制服、一脸惊恐的朱竹云，瞬间悟了！
他快步上前，对着胡列娜，庄重无比地单手抚胸，深深一躬！
“见过神使！”
这一声“神使”，让胡列娜都愣了一下，下意识就要避开。
“鬼爷爷，您……”
“不可！”"
第63章 震惊！洗碗工的地位，竟在教皇之上！,https://www.biquh.com/678_678189/65671456_5.html,"
鬼斗罗一脸肃穆地打断了她。
“娜娜，从你穿上这身制服的刻起，你便不再是武魂殿的圣女，而是前辈身边的神之使徒！”
“你的地位，已在我等之上，甚至……在教皇冕下之上！”
此言一出，所有封号斗罗如梦初醒，齐刷刷地跟着鬼斗罗，向着胡列娜，以及她身后的朱竹清和朱竹云，行了抚胸大礼！
“我等，见过三位神使！”
轰隆隆！
朱竹云的脑子，彻底炸了。
她呆呆地看着眼前这群跺跺脚就能让大陆震三震的顶尖强者，看着他们对自己这个……刚刚上任的洗碗工，致以最崇高的敬意。
整个世界观，在这一刻，被颠覆，被重塑。
仅仅是……成为了这里的店员？
仅仅是……负责洗盘子？
就能让封号斗罗，对自己行礼？
这一刻，她忽然觉得，洗盘子这份工作……
真他娘的香！
而朱竹清，只是静静地看着眼前这无比荒诞的一幕。
那股从出生起就死死缠绕着她，让她夜不能寐，让她时刻担心受怕的死亡阴影……
在这一刻，竟被这些强者的敬畏姿态，撕开了一道刺眼的光。
她紧绷到几乎断裂的神经，骤然松弛。"
第63章 震惊！洗碗工的地位，竟在教皇之上！,https://www.biquh.com/678_678189/65671456_6.html,"
活下去。
在这里，活下去，似乎不再是一种奢望......
在恭敬地拜见过三位“神使”之后，鬼斗罗才深吸一口气，带领着身后一群封号斗罗。
转向了那个自始至终，都未曾朝他们投来哪怕一丝一毫目光的身影。
那里，才是这片神域的真正核心。
是他们一切敬畏与狂热的最终源头！
鬼斗罗整理了一下衣袍，神情肃穆到了极点，再次单手抚胸，对着那道慵懒地靠在摇椅上的身影，深深一躬。
“前辈，我等又来叨扰了。”
身后，菊斗罗、魔熊斗罗等一众强者，齐刷刷地躬身行礼，动作整齐划一。
唉......
又要开始今天的演戏了。
林枫在心中百无聊赖地打了个哈欠，感觉自己的每一个细胞，都在叫嚣着“好烦”、“想下班”。
但林枫表面上，依旧是那副古井无波，仿佛万物都无法让其动容的淡漠姿态。
只是对着空气，随意地挥了挥手。
“谢前辈赐座！”
鬼斗罗再次深深一躬，声音中充满了庆幸与感激。
众封号这才来到昨天那张饭桌，挨个坐好。"
第63章 震惊！洗碗工的地位，竟在教皇之上！,https://www.biquh.com/678_678189/65671456_7.html,"
这时。
胡列娜莲步轻移，悄无声息地来到柜台前，取来一本小册子，以及一支笔。
“诸位长老。”
“今日，由哪位先开始？”
朱竹云的大脑，在极致的轰鸣之后，终于恢复了一丝微弱的思考能力
她僵硬地转动脖颈，视线从那群毕恭毕敬、连大气都不敢喘的封号斗罗身上，缓缓移到了那个慵懒地靠在摇椅上、仿佛对一切都漠不关心的男人身上。
这等视封号斗罗于无物的存在，为何要开这么一家小小的饭店？难道……真的是为了赚钱？
这个念头刚一冒出，就被朱竹云自己瞬间掐灭。
可笑！
对这等存在而言，金钱权势，恐怕连尘埃都算不上！
这背后，必有深意！
是在体验人间？还是在游戏红尘？
亦或者……这家饭店本身，就是一个筛选“信徒”的无上道场？！
朱竹云的心脏，不受控制地狂跳起来！
她的目光，如同一条潜伏在暗影中的毒蛇，悄无声息地，落在了那个狐媚子身上。
胡列娜！
看她的样子，显然比自己更早接触这里，并且已经完美融入，甚至隐隐取得了“管事”的地位。
她一定知道些什么！"
第63章 震惊！洗碗工的地位，竟在教皇之上！,https://www.biquh.com/678_678189/65671456_8.html,"
知道这家店真正的秘密！
知道这位前辈的真实目的！
看来，接下来的第一步，就是要从那个狐媚子的嘴里，撬出所有的情报！
不。
不仅仅是情报。
更是要将她现在所拥有的一切，都夺过来！
这个念头，让朱竹云因屈辱而冰冷的血液，再次沸腾！"
第64章 去他妈的皇子妃！老娘就要在这洗盘子！,https://www.biquh.com/678_678189/65672170.html,"
待到胡列娜将长老团的点单恭敬地呈交给林枫后。
她转身，正欲前往黄金一代那桌。
一道身影，如同算准了时机，悄无声息地拦在了她的面前。
朱竹云。
此刻的她，脸上不见了丝毫的倔强与不甘，取而代之的，是一种近乎谦卑的、精心修饰过的柔媚笑容。
“娜娜姐。”
她的声音压得很低，带着一丝恰到好处的讨好与敬畏。
胡列娜脚步一顿，那双本就妩媚的狐狸眼微微眯起，眼底深处，却是一片冰冷的审视。
她没有开口。
就这么静静地看着朱竹云，仿佛在欣赏一出蹩脚的戏剧。
被那仿佛能洞穿人心的目光注视着，朱竹云心头一紧，但脸上的笑容却愈发真诚。
“娜娜姐，妹妹初来乍到，很多规矩都不懂。”
“以后，还望姐姐多多提点。”
说着，她甚至微微欠身，将姿态放得极低，仿佛真心实意地要臣服于这位“前辈”之下。
这番表演，再搭配上她那火辣的身材，若是放在外界，足以让任何男人心生怜爱。
可惜。
胡列娜只是嘴角勾起一抹似笑非笑的弧度。
“有事？”"
第64章 去他妈的皇子妃！老娘就要在这洗盘子！,https://www.biquh.com/678_678189/65672170_2.html,"
平淡的两个字，不带丝毫情绪，却将朱竹云营造的所有气氛瞬间击得粉碎。
朱竹云脸上的笑容，出现了一丝微不可查的僵硬。
她深吸一口气，知道寻常的拉拢毫无用处，干脆切入正题，用一种充满了困惑与求知的语气，压低声音问道：
“妹妹只是……实在想不明白。”
“像前辈这等存在，为何要屈尊于此，经营一家小小的饭店？”
“还有这些……”
朱竹云的目光，不着痕迹地朝着那群正襟危坐、连呼吸都小心翼翼的封号斗罗瞥了一眼，声音里的震撼再也无法掩饰。
“这些传说中的大人物，为何……对前辈如此敬畏？”
这才是她真正的目的！
这才是这家店最核心的秘密！
听到这个问题，胡列娜终于有了反应。
她缓缓回过头，那双冰冷的狐狸眼，上上下下地，重新打量了朱竹云一遍。
那眼神，像是在看一个闯入了神殿，却还在用凡人思维揣度神明的……可怜虫。
“呵。”
一声轻蔑的嗤笑，从胡列娜的唇边溢出。
“前辈的伟岸，神明的意图，岂是你我这等卑微的侍者，能够揣摩的？”
她的声音陡然一凝，带着一种源自灵魂深处的、绝对的优越感。"
第64章 去他妈的皇子妃！老娘就要在这洗盘子！,https://www.biquh.com/678_678189/65672170_3.html,"
“至于长老们的态度……”
胡列娜的目光，再次落回朱竹云那张写满了渴望的脸上，红唇轻启，吐出几个字。
“等他们结账的时候，你就懂了。”
说完，她甚至懒得再看对方一眼，径直绕过她，走向了另一桌。
只留下朱竹云一人，僵在原地，满脸的狐疑。
胡列娜心中泛起一丝近乎怜悯的笑意。
可怜的女人。
你根本不知道，前辈随手的一份恩赐，其价值，哪怕是两大帝国的皇帝下跪也求不来的！
......
一顿饭的时间，在一种诡异的死寂中结束。
当鬼斗罗放下碗筷的那一刻，他长长的，满足的呼出一口香气。
而胡列娜也是马上走到他面前，”鬼长老，承惠，三万六千金魂币。“
噗——
正躲在后厨门口悄悄探头观察的朱竹云，听到这个数字差点没一口老血喷出来！
夺......夺少！？
三万六？！
就那几道菜？
她是在抢钱吗？"
第64章 去他妈的皇子妃！老娘就要在这洗盘子！,https://www.biquh.com/678_678189/65672170_4.html,"
星罗帝国最顶级的宫廷宴席，一整桌下来，也不过这个价了吧？！
然而，接下来的一幕，彻底颠覆了她的认知。
只见鬼斗罗没有丝毫的犹豫，甚至连一丝肉痛的表情都没有。
他直接从魂导器里拿出一个早就准备好包裹，如同捧着自己最珍贵的祭品，恭恭敬敬地，递到了胡列娜的面前。
胡列娜接过后甚至没有清点，只是转身将其放在了柜台之上。
整个过程，主位上的林枫，连眼皮都未曾抬过一下。
直到储物袋落定。
他才仿佛刚从一场无聊的假寐中醒来，朝着鬼斗罗的方向，随意地屈指一弹。
没有惊天动地的异象。
也没有神光万丈的威压。
一抹比黑暗本身还要纯粹的幽光，就那么凭空在鬼斗罗的面前，悄然凝聚。
光芒散去。
一件通体漆黑，没有任何纹饰，仿佛由最深沉的夜色与虚无编织而成的长袍，静静地悬浮在那里。
它没有散发出任何魂力波动，却仿佛能吞噬周围所有的光线与声音，让人看上一眼，灵魂都要被吸入其中。
“此袍，名为‘永夜’。”
说着，林枫伸手一指，一张纯黑色，散发着诡异气息的袍子就出现鬼斗罗面前。
”只要穿上这袍子，你的全部属性都能永久提升三成，相当于三成的实力增幅。“"
第64章 去他妈的皇子妃！老娘就要在这洗盘子！,https://www.biquh.com/678_678189/65672170_5.html,"
闻言，朱竹云整个人都懵了。
什么玩意儿？
永久增幅三成实力？
封号斗罗的三成实力？！
这袍子这不是妥妥的神器嘛！？
林枫那慵懒而淡漠的声音，如同从另一个维度传来，在每个人的灵魂深处响起。
“着此袍，可化身永夜，万法不侵。”
“你的所有能力，将在原有基础上，永久提升三成。”
声音，落下。
整个饭店，死一般的寂静。
躲在后厨门口的朱竹云，只觉得自己的心脏，被一只无形的大手狠狠攥住，瞬间停止了跳动！
什么……东西？
永久……提升三成？！
那可是封号斗罗啊！是屹立于亿万魂师之巅的传说！
这等存在的“三成实力”，意味着什么？
意味着足以颠覆战局，甚至改写一场战争胜负的绝对力量！
而这样一件……足以让两大帝国倾尽国力去争夺的无上神器……
就这么……"
第64章 去他妈的皇子妃！老娘就要在这洗盘子！,https://www.biquh.com/678_678189/65672170_6.html,"
被那个男人……
随手弹了出来？
朱竹云的目光，不受控制地，死死钉在了柜台上那个鼓鼓囊囊的储物袋上。
三万六千金魂币。
用这点“微不足道”的代价，就换来了……这个？
这一刻，朱竹云看向林枫的眼神，再无一丝一毫的揣度。
只剩下，如同仰望神明……绝对狂热！
她死死地攥紧了拳头，指甲深深嵌入掌心，鲜血淋漓。
但她感觉不到丝毫的疼痛。
因为她的灵魂，早已被那无尽的渴望与野心，彻底点燃！
去他妈的星罗太子妃！
去他妈的朱家荣耀！
洗盘子？
只要能留在这里！
只要能得到这位神明万分之一的垂青！
别说洗盘子！
就算是让她跪在这神域的门前，舔舐每一寸地板，她也……心甘情愿！！！"
第65章 前一秒第一神使，后一秒洗盘子。,https://www.biquh.com/678_678189/65672171.html,"
然而，鬼斗罗得到那件“永夜”神袍，仅仅只是一个开始。
这堂震撼心灵的“神迹展示课”，还远未到结束的时候。
朱竹云的瞳孔，甚至还因那三成永久增幅而剧烈收缩着。
主位上的那个男人，又动了。
依旧是那般随意，仿佛只是掸了掸衣角的灰尘。
这一次，他屈指一弹，目标是那位名为灵鸢斗罗的女性封号斗罗。
嗡——
一团炽烈的红光，骤然在灵鸢斗罗面前绽放！
那光芒并不刺眼，却带着一种源自太古洪荒的高贵与威严！
一声清越嘹亮的凤鸣，仿佛跨越了万古时空，直接在所有人的灵魂深处响起！
光芒散去。
一块通体赤红，晶莹剔透，仿佛由最纯粹的火焰琉璃雕琢而成的魂骨，静静悬浮。
那不是普通的魂骨！
那是一块……躯干骨！
魂骨之中，价值最高的躯干骨！
灵鸢斗罗的呼吸，在那一瞬间彻底停滞！她死死地盯着那块魂骨，整个人如同被施了定身术，一动不动，唯有眼中的狂喜与不敢置信，汹涌如潮！
“七万年，凤陨之骨。”
林枫慵懒的声音，为这件神物，做出了最终的宣判。"
第65章 前一秒第一神使，后一秒洗盘子。,https://www.biquh.com/678_678189/65672171_2.html,"
轰！！！
朱竹云的脑子，彻底炸了！
七万年！
这种东西，别说见了，她连听都未曾听说过！
若是放在外界，这足以让两大帝国发动战争。
而在这里……
仅仅只是一顿饭的……赠品？
朱竹云感觉自己的呼吸系统已经彻底失灵，只能靠着本能，大口大口地喘息，才能勉强维持住自己不至于当场昏厥。
可林枫，显然不打算给她任何喘息的机会。
他的目光，又落在了那位体型最为魁梧的魔熊斗罗身上。
这一次，他甚至连手指都懒得再弹。
只是一个眼神。
仅仅一个眼神。
魔熊斗罗的身躯猛地一震，九个魂环不受控制地从脚下升腾而起！
尤其是那代表着第九魂技的黑色万年魂环，此刻竟开始剧烈地扭曲、膨胀！
一缕缕妖异的血红色光华，从黑色的魂环深处渗透而出，如同蛛网般，迅速爬满了整个环体！
“吼——！”"
第65章 前一秒第一神使，后一秒洗盘子。,https://www.biquh.com/678_678189/65672171_3.html,"
魔熊斗罗发出一声压抑不住的痛苦嘶吼，但那痛苦之中，却又夹杂着无尽的狂喜！
在所有人惊骇欲绝的目光注视下。
那枚黑色的万年魂环，被那血色彻底浸染，最终，化作了一轮……散发着不祥与毁灭气息的……十万年魂环！
第九魂环，年限提升五万年！
一步登天！
这一刻，朱竹云甚至已经无法思考了。
她的世界观，她的认知，她过去十几年建立起来的一切常识，都被眼前这神魔般的手段，碾得粉碎！
提升魂环年限？
能够如此轻描淡写做到这种事情，对方果然是一位神祇！
紧接着。
鬼豹斗罗的身上，一股恐怖的魂力波动冲天而起，竟是当场突破了瓶颈，从九十四级，迈入了九十五级封号斗罗的门槛！
朱竹云已经麻木了。
她的身体僵在原地，灵魂仿佛已经飘出了体外，用一种旁观者的视角，呆滞地看着眼前这幕足以载入史册的“神迹”。
直到……最后那位菊斗罗。
当林枫的目光落在他身上时。
朱竹云的心，也跟着提到了嗓子眼。
又会是什么惊天动地的神物？
然而。"
第65章 前一秒第一神使，后一秒洗盘子。,https://www.biquh.com/678_678189/65672171_4.html,"
这一次，出现在菊斗罗面前的，既不是魂骨，也不是等级提升。
而是一个……包装得无比精美，粉粉嫩嫩，还系着蝴蝶结的……香水礼盒。
菊斗罗：“……”
所有封号斗罗：“……”
朱竹云：“？？？”
这画风突变得，让她那颗已经快要爆炸的大脑，瞬间宕机了。
可仅仅一秒的错愕之后。
一股比之前任何一次都更加彻骨的寒意，从朱竹云的脚底，直冲天灵盖！
她忽然懂了！
她彻底懂了！
在这位前辈的眼中，无论是那足以颠覆大陆格局的十万年魂环，还是这瓶看起来毫无用处的香水……
其价值，是完全对等的！
都只是……随手丢出的垃圾！
这一刻，朱竹云忽然明白了。
她明白了胡列娜之前看她时，那眼神中的轻蔑与怜悯，究竟从何而来！
她之前竟然还在用凡人的思维，去揣度这家店，去揣度这位前辈！
真是可笑！"
第65章 前一秒第一神使，后一秒洗盘子。,https://www.biquh.com/678_678189/65672171_5.html,"
这家饭店，根本就是前辈摆在尘世间的一座神龛！
所谓的“饭菜”，是入门的考验，是洗涤灵魂的神食！
所谓的“价格”，是奉上的香火，是衡量虔诚的标尺！
而那些所谓的“抽奖”，则是前辈兴之所至，随手降下的……神恩！
他不是在做生意。
他是在游戏人间！
而她们这些所谓的“店员”，根本不是什么仆人！
她们是……最先被神明选中的，有资格站在棋盘边的……使徒！
一瞬间，朱竹云浑身的血液，都因这可怕的猜想而彻底沸腾！
取代胡列娜？
不！
格局太小了！
她的目标，不应再是区区一个“管事”的位置！
她要成为的，是这位行走于人间的神明座下，最受宠爱、最不可或缺的那位……
第一神使！
她这种激昂的心情，一直持续到……
哗啦。
一摞沾着油污的冰冷瓷盘，被重重地放在了她面前的洗碗池里，发出一声刺耳的杂响。"
第65章 前一秒第一神使，后一秒洗盘子。,https://www.biquh.com/678_678189/65672171_6.html,"
这声响，如同冰水浇头，瞬间将她脑海中那“第一神使”的宏伟蓝图，浇得七零八落。
朱竹清那张万年不变的冰山俏脸上，没有任何表情。
“给。”
一个字。
言简意赅。
幻想很美好，但现实是，她的神使之路，必须从这堆油腻的盘子开始。
这里，是神域。
而洗盘子，就是她踏上神梯的第一个台阶！
就在朱竹清与她擦肩而过，即将离开后厨的瞬间。
朱竹云忽然转过身，用一种带着三分自嘲，七分复杂的语气，幽幽开口。
“竹清。”
朱竹清的脚步，猛地一顿。
但她没有回头。
只用一个冰冷的背影，对着自己的姐姐。
朱竹云缓步上前，与她并肩而立，目光同样投向后厨外那片神圣的大堂，声音轻得仿佛一阵叹息。
“你说，我们俩这算什么呢？”
“斗了这么久，争了这么多年，到头来……”"
第65章 前一秒第一神使，后一秒洗盘子。,https://www.biquh.com/678_678189/65672171_7.html,"
“一个扫地，一个洗碗。”
“还真是……一对好姐妹啊。”
朱竹清的身体，微不可查地僵了一下。
z朱竹云继续用那种悲天悯人的语气，轻声道：
“不过，这样也好。”
“在这里，没有星罗帝国，没有戴家，更没有那该死的宿命。”
“我们，都只是前辈的仆人。”
“姐姐以后，再也不会逼你了。”
她的话语里，充满了释然与真诚，仿佛真的已经放下了所有恩怨。
然而，朱竹清却缓缓回过头。
那双冰蓝色的猫瞳里，没有丝毫被“姐妹情深”所感动的迹象，反而充满了最深沉的、彻骨的警惕与冰冷。
“你想说什么？”
看到她这副油盐不进的模样，朱竹云在心中冷哼一声，但脸上的表情却愈发柔和。
她靠近一步，压低了声音，仿佛在分享一个天大的秘密。
“妹妹，你难道还没看出来吗？”
“那位胡列娜，她和我们……是不一样的。”
“你看她看前辈的眼神，你看前辈对她的态度。”
“她，才是前辈最信任的人。”"
第65章 前一秒第一神使，后一秒洗盘子。,https://www.biquh.com/678_678189/65672171_8.html,"
“而我们呢？”
朱竹云的目光，扫过洗碗池里的那一摞沾满油污的盘子，声音里充满了恰到好处的忧虑与不甘。
“我们只是外人，是随时可以被丢弃的棋子。”
朱竹云向前一步，与朱竹清的距离更近，声音压得更低，如同恶魔的低语，充满了致命的诱惑。
“而前辈的恩赐，神明的垂青，永远只会落在最受宠爱的那个人身上。”
“妹妹。”
“难道你……就真的甘心，一辈子屈居人下，看着所有的机缘，都从我们指缝间溜走吗？”"
第66章 妹妹还在记仇，姐姐已经开始宫斗争夺神之宠爱！,https://www.biquh.com/678_678189/65674487.html,"
饭后，一众封号斗罗还沉浸在神恩降临的余韵之中，或感悟着体内暴涨的魂力，或摩挲着那神光内敛的魂骨。
整个枫染亭，都弥漫着一种满足而祥和的气息。
然而，这股气息，却因主位上那个男人一个不经意的动作，瞬间凝固。
林枫看着大厅内，除了武魂殿这群熟客，依旧空空如也的餐桌，忍不住在心中叹了口气。
唉。
这帮封号斗罗虽然忠诚度高，消费能力也强，堪称顶级韭菜。
可光薅这一片地，效率还是太慢了。
我需要更多的客人，更多的积分，才能早日攒够积分啊！
他百无聊赖地将目光投向了店外。
那眼神，穿透了门扉，越过了长街，仿佛俯瞰着整座武魂城，乃至更遥远的韭菜。
然后。
他幽幽地，发出了一声极轻，却又仿佛响彻在每个人灵魂深处的叹息。
“唉……”
这一声叹息，如同一颗投入平静湖面的石子，瞬间在整个枫染亭内，掀起了滔天巨浪！
一种源自神明的、无边无际的孤独与悲悯，如同潮水般，瞬间淹没了在场的每一个封号斗罗！
怎么回事？！
前辈……为何叹息？
是……我等哪里做得不好，惹前辈不快了吗？！"
第66章 妹妹还在记仇，姐姐已经开始宫斗争夺神之宠爱！,https://www.biquh.com/678_678189/65674487_2.html,"
所有封号斗罗的心脏，都在这一刻被一只无形的大手狠狠攥住，连呼吸都变得小心翼翼！
鬼斗罗那张恢复了俊美容颜的脸上，血色瞬间褪尽！
他比任何人都更敏感地捕捉到了前辈情绪中的那一丝……失望。
他猛地抬头，顺着林枫的目光望向店外那片繁华而又“无知”的世界，一个可怕的念头如闪电般劈入他的脑海！
前辈不是对我们失望！
是为这世间，那亿万迷途的羔羊而失望！
鬼斗罗霍然起身，快步走到大厅中央，在所有人惊骇的目光中，毫不犹豫地单膝跪地！
“前辈！”
他的声音，因极致的激动与羞愧而微微颤抖。
“您，似乎心有尘事？”
“不知我等，是否有荣幸……为您分忧？”
林枫眼皮微微一抬，看着突然给自己跪下的鬼斗罗，心里咯噔一下。
什么玩意儿？
我就是想怎么样才能多拉点客人，你给我整这出干嘛？
可他转念一想，看着鬼斗罗那张写满了“快用我”的狂热与虔诚的脸。
林枫的眼神，瞬间就变了。
机会。"
第66章 妹妹还在记仇，姐姐已经开始宫斗争夺神之宠爱！,https://www.biquh.com/678_678189/65674487_3.html,"
这不就是送上门来的机会吗？！
正愁着没有由头扩大影响力，结果这个最懂事的“脑补怪”，就主动把梯子递到了自己嘴边。
这觉悟！
这眼力见！
林枫都想把他招为外部员工了。
既然你如此虔诚地开口了。
那我若是不顺水推舟，借着这个台阶好好“表演”一番。
岂不是太对不起你这份“为神分忧”的苦心了？
但他表面上，依旧是那副古井无波，视万物为刍狗的淡漠姿态。
他依旧望着门外，用一种仿佛在对天地，又仿佛在自言自语的缥缈语气，幽幽开口。
“神光普照，奈何世人尘埃覆眼，不识归途。”
那声音里，带着一丝俯瞰万古的沧桑。
“此方天地，痴儿……”
他微微一顿，仿佛一声叹惋。
“何其多也。”
轰！！！
这两句话，如同两道惊雷，狠狠劈在了每一位封号斗罗的灵魂深处！
鬼斗罗更是浑身剧震，眼中爆发出前所未有的、炽热如烈阳的光芒！"
第66章 妹妹还在记仇，姐姐已经开始宫斗争夺神之宠爱！,https://www.biquh.com/678_678189/65674487_4.html,"
他懂了！
他彻底懂了！
前辈这是在点化他们！
是嫌他们传播“福音”的速度太慢了！
这世上还有那么多的“痴儿”，看不见神明就坐镇于此，得不到救赎！
而他们这些最先得到神恩的使徒，竟还心安理得地在此独享恩泽！
这是何等的自私！何等的愚蠢！
“前辈！”
鬼斗罗重重叩首，额头与地板碰撞，发出一声闷响，声音却充满了前所未有的、狂热的决绝！
“我等懂了！”
“请前辈放心，我等今日便去传扬您的神迹，定要让这那些痴儿，都看到归途的神光！”
鬼斗罗的话音落下，其余几位封号斗罗如遭电击，醍醐灌顶！
他们纷纷起身，与鬼斗罗并肩，朝着那道慵懒的身影，再次单膝跪地，动作整齐划一，仿佛一支即将出征的军队。
“我等，愿为前辈分忧！”
声音铿锵有力，充满了不容置疑的狂热与决绝。
说完，这群在外界跺跺脚就能让大陆震颤的顶尖强者，再次深深一躬。
而后，他们才转身，带着一种近乎于朝圣般的使命感，井然有序地离开了枫染亭。"
第66章 妹妹还在记仇，姐姐已经开始宫斗争夺神之宠爱！,https://www.biquh.com/678_678189/65674487_5.html,"
每一步，都走得无比坚定。
仿佛他们即将去做的，不是什么传扬饭店名声的小事，而是开启一个全新时代的伟大壮举。
直到那群狂信徒的身影彻底消失在街角。
后厨的门帘，被一只素手轻轻掀开。
朱竹清手里拿着拖把走了出来，脸上依旧是那副万年不变的冰山表情，只是那双冰蓝色的猫瞳深处，藏着一丝连她自己都未曾察觉的安宁。
但是她身后，朱竹云盯着她的背影，眼神逐渐阴沉。
蠢货！
真是个看不清形势，被仇恨蒙蔽了双眼的蠢货！
神明就在眼前！
同往至高的阶梯就在脚下！
而她这位愚蠢的妹妹，那颗被仇恨与凡俗填满的脑袋里，竟然还装着那点可笑的、早已微不足道的姐妹恩怨。
她还在用凡人的眼光，看待这场神明的游戏。
就像一只蝼蚁，永远无法理解雄鹰为何要翱翔于天际。
朱竹云缓缓垂下眼帘，看着自己那双依旧沾着水渍的手。
这双手，曾为了星罗帝国的权力而沾满算计。
而现在……
它们在洗刷着神域的尘埃。
屈辱？"
第66章 妹妹还在记仇，姐姐已经开始宫斗争夺神之宠爱！,https://www.biquh.com/678_678189/65674487_6.html,"
不。
这是何等的……荣耀！
朱竹云的嘴角，无声地勾起一抹冰冷而狂热的弧度。
蠢货妹妹，你根本不懂。
我们之间的斗争，早在踏入这扇门时，就已经结束了。
你还在为过去而战。
而我，已经在为未来……为这位神明座下，那唯一的、至高的宠爱而战！
......
武魂城，教皇殿深处。
那间隔绝了光与声的密室，石门在一阵低沉的轰鸣中，缓缓开启。
一道绝美的身影，自无尽的黑暗中，缓步走出。
她身着象征着至高权力的华丽教皇袍，头戴九曲紫金冠，肌肤胜雪，容颜绝世。
然而，那双猩红色的眸子，却仿佛蕴藏着一片尸山血海，冰冷、威严，不带丝毫人类的情感。
正是闭关一月之久的教皇，比比东！"
第67章 月关暴走，怒喷九十六级供奉！,https://www.biquh.com/678_678189/65674488.html,"
随着比比东的出现，整个教皇殿的空气仿佛都凝固了，无形的威压如水银泻地，弥漫在每一寸空间。
然而，比比东的眉头，却几不可查地轻轻蹙起。
太安静了。
安静得……有些诡异。
往日里，她出关之时，月关与鬼魅那两个最忠心的身影，必然会第一时间候在座下，恭迎她的回归。
可现在，殿外空无一人。
甚至连一丝属于封号斗罗的熟悉气息，都感知不到。
比比东猩红的眸中，闪过一丝冷厉。
下一刻，一股无法用言语形容的、浩瀚磅礴的精神力，以她为中心，如无形的潮汐般轰然席卷而出！
瞬间，便笼罩了整座固若金汤的武魂城！
很快，她“看”到了。
她看到了自己麾下所有的封号斗罗。
他们，竟然全都聚集在了一个她意想不到，也最厌恶的地方——
供奉殿！
千道流的领地！
轰！
比比东周身的空气，温度骤降，一层森白的寒霜以她的脚下为中心，飞速蔓延开来！
一股冰冷刺骨的杀意，自她体内冲天而起！"
第67章 月关暴走，怒喷九十六级供奉！,https://www.biquh.com/678_678189/65674488_2.html,"
背叛？
在她闭关寻求神祇之路时，这群她最信任的爪牙，竟敢集体倒向那个老不死的？！
是在试探她的底线？
还是说……他们已经做出了选择？
“很好。”
比比东的红唇，勾起一抹残忍而冰冷的弧度。
她的声音很轻，却仿佛能将人的灵魂都彻底冻结。
“本座倒要看看。”
“是谁给了你们，背叛我的勇气！”
话音落下的瞬间，她的身影已然化作一道紫色的流光，从教皇殿内，一闪而逝。
......
武魂殿，供奉殿。
此地，是武魂殿真正的基石，是时光都为之凝固的圣域。
空气中，都弥漫着一股源自远古的、沉重到让封号斗罗都感到窒息的威压。
然而此刻，这份万古不变的沉寂，却被一股格格不入的、新生的狂热气息，悍然撕裂！
大殿中央，以二供奉金鳄斗罗为首的一众供奉，神情凝重地看着眼前这几位“不速之客”。
鬼魅，月关，以及长老殿的另外四位核心成员。"
第67章 月关暴走，怒喷九十六级供奉！,https://www.biquh.com/678_678189/65674488_3.html,"
死一般的寂静中，终究是身为七供奉，修为高达九十六级的降魔斗罗，率先打破了这诡异的对峙。
他那双锐利的双眼，带着一丝毫不掩饰的审视与怀疑，扫过鬼斗罗那张俊美得不像话的脸，又瞥了一眼气息暴涨的菊斗罗。
“所以，你们的意思是……”
降魔斗罗的声音里，带着一丝根深蒂固的、属于九十六级超级斗罗的傲慢。
“就因为武魂城里那个叫林枫的小子，几顿饭的功夫，就让你们一个个脱胎换骨，实力大增？”
林枫。
当这两个字从降魔斗罗口中随意吐出的瞬间。
一股冰冷刺骨的杀意，骤然爆发！
“放肆！”
一声尖锐到极致，却又冰冷得不带丝毫感情的怒斥，尖锐而暴戾！
出声的，正是菊斗罗月关！
他那张总是带着妩媚笑意的脸，此刻竟是布满寒霜，那双桃花眼，此刻却冰冷得如同万载玄冰！
“七供奉！”
“请称那位存在为——前辈！”
轰！
一股远超寻常九十五级封号斗罗的恐怖魂力，如火山般从菊斗罗体内喷薄而出！
超级斗罗！
九十六级！"
第67章 月关暴走，怒喷九十六级供奉！,https://www.biquh.com/678_678189/65674488_4.html,"
若是往日，借他月关一百个胆子，也绝不敢用这种口吻，对一位成名已久的供奉如此说话！
但今时，早已不同往日！
他，同样是九十六级。
他，更是沐浴过神恩的使徒！
区区一个凡俗的供奉，竟敢亵渎神明？！
菊斗罗的话音刚落，他身后的鬼斗罗、魔熊斗罗等五人，齐刷刷上前一步！
咚！
整齐划一的脚步声，竟让这座由圣石铸就的供奉大殿，都为之轻轻一颤！
六股截然不同，却又同样狂暴的气息，瞬间交织成一张天罗地网，朝着降魔斗罗，轰然压下！
他们每一个人的脸上，都写满了因信仰被触犯而生出的、不加掩饰的暴怒！
“呃……”
降魔斗罗脸上的倨傲瞬间凝固，取而代之的，是无尽的惊骇！
他只觉得仿佛有六座太古神山，同时向他碾压而来，那恐怖的威压让他体内的魂力都几近凝固，刺骨的寒意瞬间浸透了脊背！
就在这时，一声苍老的冷哼响起。
“够了。”
二供奉，金鳄斗罗，那如同枯树般的身影，缓缓踏出一步，挡在了降魔斗罗面前。
九十八级的恐怖气息，如同一面无形的黄金壁垒，轰然撑开！"
第67章 月关暴走，怒喷九十六级供奉！,https://www.biquh.com/678_678189/65674488_5.html,"
然而。
迎接他的，是那六道更加强大、更加毫无保留的威压！
嗡——！！！
无形的碰撞，在空气中掀起了肉眼可见的涟漪！
在所有供奉那不敢置信的目光注视下。
那位屹立于大陆之巅，仅次于大供奉千道流的二供奉，金鳄斗罗！
他那如山岳般沉稳的身躯，竟是猛地一震！
咔！
他脚下的圣石地板，瞬间龟裂！
咔！咔！
他竟是连退三步，每一步，都在坚不可摧的地面上，留下一道深达半寸的脚印！
整座供奉殿，死一般的寂静。
金鳄斗罗那张布满褶皱的脸上，写满了前所未有的……震撼与荒谬！
”你们......“
可还不等金鳄斗罗的话说出口。
轰——！！！
一股无法用言语形容，比金鳄斗罗那九十八级的魂力更加深邃，比在场所有气息更加冰冷的气势，轰然降临！
轰隆——！！！"
第67章 月关暴走，怒喷九十六级供奉！,https://www.biquh.com/678_678189/65674488_6.html,"
供奉殿那两扇由圣光加持、坚不可摧的厚重石门，竟在一瞬间，被一股无形的意志，悍然震成了漫天齑粉！
下一秒。
一道身着华丽教皇袍的绝美身影，手持权杖，沐浴在破碎的光影之中，一步一步，缓缓踏入了这片属于供奉殿的绝对领域。
她每走一步，那股君临天下的无上威压，便沉重一分！
是比比东！
她来了。
在场的所有强者，除了在供奉殿最深处的千道流外，都在这股威压之下，感到一阵莫大的压力。
菊斗罗等人脸上因信仰而生的狂热与暴怒，瞬间敬畏之色所取代，齐刷刷地转过身，朝着那道身影，单膝跪地。
“我等，参见教皇冕下！”
金鳄斗罗那张老脸，此刻已是阴沉得能滴出水来，他强顶着那股让他都感到心悸的威压，死死盯着来人。
“教皇！”
“你好大的胆子！竟敢擅闯供奉殿，还毁我殿门？！”"
第68章 千道流：亵渎神者，必须净化！,https://www.biquh.com/678_678189/65675480.html,"
然而。
面对金鳄斗罗那充满怒火的质问，比比东甚至没有看他一眼。
她那双深邃如狱，仿佛蕴藏着尸山血海的猩红眸子，只是平静地，扫过自己那六位气息截然不同的属下。
可她的心神之海，早已掀起了滔天巨浪！
就在刚才，赶来此地的途中，她的精神力便已如蛛网般笼罩了整个供奉殿。
她“看”到了。
月关的魂力波动，雄浑霸道，竟丝毫不逊色于九十六级的降魔斗罗，那是属于真正强者的领域！
她也“看”到了。
鬼魅那张俊美得近乎妖异的脸庞，以及他身上那件仿佛能吞噬光线与灵魂的漆黑长袍，散发着令人心悸的不祥与死寂。
她更是“看”到了那最不可思议的一幕！
他们六人联手，仅仅是气势的合流，便将金鳄斗罗这头只差一步便迈入绝世斗罗的老鳄鱼，生生逼退了三步！
一瞬间，那因“背叛”而升腾的怒火，悄然熄灭。
不。
这不是背叛。
这是一种……她无法理解，也无法掌控的进化！
而这一切惊天异变的源头，都指向了那个被他们尊称为“前辈”的神秘存在。
一个饭店老板？
林枫！"
第68章 千道流：亵渎神者，必须净化！,https://www.biquh.com/678_678189/65675480_2.html,"
比比东的红唇，无声地勾起一抹冰冷到极致，又带着几分炽热的弧度。
那是一种枭雄发现新大陆的、混杂着贪婪与征服欲的炽热！
一个能让封号斗罗脱胎换骨，逆天改命的存在！
这样的力量……
必须掌握在我的手中！
也只配掌握在我的手中！
也就在此刻，面对金鳄斗罗不依不饶的目光，比比东终于缓缓抬起了眼帘。
那淡漠的视线，第一次落在了这位二供奉的身上。
“聒噪。”
红唇轻启，仅仅两个字。
话音未落，一股凝练如实质的紫黑色神念，宛如罗刹之矛，跨越空间，轰然刺入金鳄斗罗的精神之海！
比比东身上强横的魂力瞬间爆发！
“唔——”
金鳄斗罗只觉得灵魂都在战栗，他引以为傲的黄金鳄王武魂甚至发出了哀鸣，蹬蹬蹬又是连退数步，一时间竟是感觉到气血不顺，脸色涨红！
做完这一切，比比东仿佛只是拂去了一粒尘埃。
她将目光重新投向月关等人，嘴角勾起一个莫测的弧度。
“很好。”"
第68章 千道流：亵渎神者，必须净化！,https://www.biquh.com/678_678189/65675480_3.html,"
她的声音平静，却带着无与伦比的威严。
“本座闭关一月。”
“你们，倒是给了本座一个天大的惊喜。”
她没有问原因，也没有问过程，只是淡淡的评价一句。
然后，转身。
“走了。”
“是，教皇冕下！”
菊斗罗等人心中一凛，立刻恭敬应声，毫不犹豫地起身。
就在转身离去之际，菊斗罗的脚步却微微一顿。
他回过头。
用一种混合了怜悯与狂热的眼神，扫过大殿中那一张张早已呆若木鸡，世界观正在崩塌破碎的脸。
他的声音，再无半分对供奉殿的敬畏，只剩下一种……先行者对迷途者的“点化”。
“诸位供奉。”
“神迹，已降临于武魂城。”
他微微一笑，眼中的狂热几乎要溢出。
“奉劝诸位，莫要因自身的渺小与无知，错过了……此生唯一能触及‘神’的机会。”
话音落下，他不再停留。
与鬼斗罗等人一同，化作数道流光，紧紧跟随着比比东那孤高绝世的背影，消失在了供奉殿的尽头。"
第68章 千道流：亵渎神者，必须净化！,https://www.biquh.com/678_678189/65675480_4.html,"
死寂。
供奉殿内，只剩下死一般的寂静。
而降魔斗罗，他的脑海中，疯狂回荡着月关离去前，那如同神明宣判般的最后一句。
“莫要因自身的渺小与无知，错过了……此生唯一能触及‘神’的机会。”
神！
“月关……”
降魔斗罗失魂落魄地喃喃着，声音嘶哑得不似人声。
“那个家伙，他说的竟然是真的！枫染亭......”
能让长老团众人实力在不过在短短两天内就有了如此巨大的提升，除了神这一解释外，恐怕也没有别的可能了吧？
下一秒，他内心所有的情绪，骤然化作了最疯狂的贪婪与灼热！
他猛地抬起头，那双锐利的眸子，此刻竟被一种前所未有的狂热所点燃！
“神迹……”
“那家店……”
“我……我也要去！！！”
说罢，降魔斗罗的身影化作一道流光，不顾身后任何呼喊，径直冲出了供奉殿！
“老七！”
金鳄斗罗脸色一变，下意识就要出手阻拦。"
第68章 千道流：亵渎神者，必须净化！,https://www.biquh.com/678_678189/65675480_5.html,"
然而，他伸出的手，却僵在了半空。
一道叹息。
一声仿佛从万古之前传来的叹息，悄然回荡在空旷的大殿之内。
那叹息声很轻，却仿佛蕴含着某种言出法随的意志，瞬间抚平了殿内所有激荡的魂力与狂暴的气息。
“老二。”
那声音再次响起，苍老，平淡，却带着不容置疑的威严。
“由他去吧。”
金鳄斗罗那山岳般的身躯猛地一震，他缓缓收回手，转过身，朝着供奉殿最深处那片永恒的阴影，恭敬地垂下了头。
“可是大哥……”
没错，能让九十八级的金鳄斗罗如此恭敬的，整个武魂殿，唯有一人。
大供奉，千道流。
活着的传奇！
然而，还不待金鳄斗罗说完，那道苍老的声音便再次响起，带着一丝令人心悸的冰冷。
“另外，你也去。”
“带上供奉殿一半的人手。”
“去看看。”
“那个地方，究竟……藏着什么东西。”
千道流的声音里，听不出一丝一毫的情绪波动。"
第68章 千道流：亵渎神者，必须净化！,https://www.biquh.com/678_678189/65675480_6.html,"
他的一生，都奉献给了至高无上的天使之神。
天使神，是他存在的意义，是他灵魂的全部。
可现在。
就在武魂城，就在天使神光辉的照耀之下，竟诞生出了一个足以污染信仰的……异端？
一个能让月关、鬼魅那等心高气傲之辈，都为之疯狂、为之改换门庭的“伪神”？
这已经不是挑战。
这是亵渎！
是对他一生守护的、神圣秩序的……玷污！
供奉殿最深处的阴影里，一双仿佛沉寂了千年的金色眼眸，缓缓睁开。
那眸中，没有愤怒，没有惊骇。
只有一片足以冻结灵魂的、绝对的冰冷与死寂。
“务必……查个清楚。”
“任何胆敢在人间，窃取神之名讳的……不洁之物。”
“必须，被净化。”
......
教皇殿内，比比东端坐于那张象征着至高权力的宝座之上，两道猩红色的眸光，刮过下方那六道熟悉而又陌生的身影。
然而，这一次。"
第68章 千道流：亵渎神者，必须净化！,https://www.biquh.com/678_678189/65675480_7.html,"
她没有从这些自己最忠诚的属下眼中，看到往日那份发自骨髓的敬畏与恐惧。
取而代之的，是一种她从未见过的，混杂着狂热、怜悯，甚至……一丝优越感的神情。
仿佛站在她面前的，不再是六个俯首听命的封号斗罗。
而是六位……窥见了更高维度真理，正在俯视着她这个“凡人”的神之使徒。
这诡异的认知，让比比东心中那股名为掌控的欲望，瞬间燃烧到了极致。
“很好。”
她终于开口，声音平静得可怕，却仿佛让整座教皇殿的温度，都再次骤降了数分。
“本座需要一个解释。”
她那深邃的目光，缓缓扫过每一个人。
“一个……能让你们敢联手闯供奉殿，甚至敢将金鳄那头老家伙逼退的解释。”
威压，轰然暴涨！
紫黑色的罗刹神力化作肉眼可见的波纹，以教皇宝座为中心，朝着六人悍然压下！
空气发出不堪重负的悲鸣，地面上华丽的纹路都在寸寸崩裂！
然而，殿下的六人，身躯只是微微一震，竟是硬生生扛住了这份足以让寻常封号斗罗当场跪地的威压！
六人对视一眼。
那眼神中，没有丝毫的慌乱，只有一种近乎于传教般的默契与庄严。
最终，所有的目光，都汇聚在了鬼斗罗的身上。
作为对前辈神意参悟最深的“首席使徒”，这个解释，理应由他来完成。"
第68章 千道流：亵渎神者，必须净化！,https://www.biquh.com/678_678189/65675480_8.html,"
鬼斗罗上前一步。
他缓缓抬头，迎着比比东那足以冻结灵魂的目光，那张俊美得的脸上，竟是浮现出一抹近乎于悲悯的虔诚。
“教皇冕下。”
他的声音，不再有往日的阴森，反而带着一种洗尽铅华的圣洁与庄重。
“您的问题，我们无法解释。”
您的问题，恕我等无法回答。”
鬼斗罗微微躬身，话语间带着前所未有的敬意，但那份敬意，却并非是对着眼前的教皇。
“因为，神之伟力，非言语所能描述，非我等凡俗所能揣度。”
“我等并非无法解释，而是……不敢妄言。”
“若冕下欲知其详，唯有……亲眼见证。”"
第69章 林枫：这该死的内卷也太美妙了！,https://www.biquh.com/678_678189/65675481.html,"
“亲眼见证？”
比比东猩红的眸光深处，闪过一丝无法揣度的幽光。
她纤长的食指，在冰冷的教皇权杖上，极有韵律地，轻轻敲击着。
嗒。
嗒。
嗒。
那声音，仿佛敲在殿下六位封号斗罗的心脏之上。
良久。
她笑了。
那是一种混杂着极致威严与无尽征服欲的笑容。
“很好。”
“既然如此，本座便亲自走一趟。”
“带路！”
……
午后的枫染亭，客人散尽，陷入了一种难得的宁静。
但这宁静之下，却有暗流在无声涌动。
餐桌旁，气氛微妙到了极点。
胡列娜双手捧着白皙的下巴，一双妩媚的狐狸眼幸福地眯成了月牙，痴痴地望着摇椅上那道慵懒的身影，仿佛怎么也看不够。"
第69章 林枫：这该死的内卷也太美妙了！,https://www.biquh.com/678_678189/65675481_2.html,"
在她对面，朱竹清双目紧闭，进入了冥想状态，周身散发着生人勿近的冰冷气息，仿佛对外界的一切都漠不关心。
但她那微微颤动的睫毛，却暴露了她内心的不平静。
整个大堂的低气压，几乎都源自她身旁的那位姐姐。
唯有朱竹云，如坐针毡。
她的目光，先是如同利刃般，在那位对自己不屑一顾的妹妹身上刮过，眉头瞬间紧蹙。
蠢货，神迹就在眼前，还在执着于凡俗的修炼？
随即，她的目光，不受控制地，投向了那个躺在摇椅上，仿佛已经与天地融为一体的男人。
她的眼神，闪烁不定。
随即，她的视线缓缓移开，最终定格在了那个闭目养神，仿佛万物都无法让其动容的男人身上。
她的眼神，在挣扎，在算计，在疯狂权衡。
可她那双准备起身的腿，却仿佛灌满了水泥，沉重如山。
主动接近一位人间的神明需要的勇气，远超她想象。
最终，她的视线死死锁定了那个除了接待客人和上菜外，就几乎无需做任何事的胡列娜。
凭什么？
这个狐媚子，论心机，论手段，甚至论能让男人疯狂的皮囊，自己哪一点比她差？
可偏偏，就是这个女人，占据了神明的偏袒与宠爱！
不。"
第69章 林枫：这该死的内卷也太美妙了！,https://www.biquh.com/678_678189/65675481_3.html,"
朱竹云眼中的暴戾与不甘，渐渐被一种冰冷刺骨的算计所取代。
她忽然看明白了。
胡列娜的优势，不在于心机，不在于手段。
而在于那份……近乎愚蠢的、不掺任何杂质的、纯粹的崇拜与信仰。
就像一条训练有素的猎犬，主人随手丢出的一块骨头，对它而言都是至高无上的恩赐。
这，或许就是前辈现阶段最欣赏的姿态。
可猎犬，终究只是猎犬。
神明游戏人间，需要的不仅仅是一条只会摇尾乞怜的狗。
更需要的，是一个能读懂他每一个眼神，能替他处理好神域琐事，甚至能为他枯燥的神生带来一丝别样乐趣的……解语花。
这个位置，她胡列娜坐得。
我朱竹云，也坐得！
而且，只会比她坐得更稳，更让前辈……满意！
一瞬间，朱竹云那双总是充满了算计的眸子里，燃起了前所未有的、名为野心的火焰！
朱竹云的呼吸陡然急促，胸口那惊心动魄的曲线剧烈起伏着。
她咬了咬银牙站起身，在胡列娜瞬间变得冰冷的注视下，她一步一步，朝着那个摇椅上的男人走去。
每一步，都像是踩在所有人的心跳上。
胡列娜的狐狸眼瞬间眯起，一股冰冷的杀意自她体内涌出，但又被她强行压下！
这个女人……想干什么？！"
第69章 林枫：这该死的内卷也太美妙了！,https://www.biquh.com/678_678189/65675481_4.html,"
她竟敢……去打扰前辈的清净？！
闭目冥想的朱竹清，也猛地睁开了双眼，冰蓝色的猫瞳中写满了难以置信！
疯了！
姐姐她一定是疯了！
然而，在所有人的注视下，朱竹云绕到了林枫的身后。
她伸出那双微微颤抖的玉手。
最终，带着一种近乎于朝圣的虔诚，又带着破釜沉舟的决绝，轻轻地，落在了林枫的肩膀上。
然后。
她开始为这位沉睡的“神明”，揉捏起肩膀。
嗯？
什么情况？
半梦半醒间，林枫只觉得肩膀上传来一阵柔软、温润，又带着一丝微不可查颤抖的触感。
那力道不轻不重，恰到好处，精准地按压在他因终日躺尸而略显僵硬的穴位上。
舒坦。
林枫几乎是下意识地，发出一声惬意的鼻音。
而当他迟钝的大脑终于反应过来发生了什么时，那颗慵懒的心脏，瞬间被兴奋淹没！
哦豁？！"
第69章 林枫：这该死的内卷也太美妙了！,https://www.biquh.com/678_678189/65675481_5.html,"
可以啊这个新来的！
林枫几乎要控制不住自己上扬的嘴角，在心中疯狂敲锣打鼓！
这才第一天上班啊！就这么有眼力见，这么懂事，主动开发增值服务了？
看看这觉悟！看看这行动力！
这该死的、万恶的、让人欲罢不能的内卷文化，真是太美妙了！
不错，很有前途！必须加薪……啊不，是精神上予以鼓励！
林枫心中乐开了花，表面上却依旧保持着那副雷打不动的、仿佛早已神游天外的死人样。
甚至连呼吸的频率，都未曾改变分毫。
而在他身后，朱竹云在感受到林枫那一声细微的鼻音，以及他身体彻底放松下来的默许时。
朱竹云那颗几乎要从嗓子眼里跳出来的心，终于重重落回了原处！
赌对了！
极致的惶恐过后，便是火山喷发般的狂喜与得意！
她缓缓抬起眼帘。
刚才还因为紧张而有些颤抖的眸子，此刻却如同得胜的女王，带着毫不掩饰的挑衅与炫耀，径直射向了那个早已目瞪口呆的狐媚子！
仿佛在说。
看到了吗？
这，才是侍奉神明，该有的姿态！
轰！！！"
第69章 林枫：这该死的内卷也太美妙了！,https://www.biquh.com/678_678189/65675481_6.html,"
胡列娜只觉得一股血气直冲天灵盖！
她那张妩媚动人的俏脸，瞬间涨红！
指甲，深深嵌入掌心，带来刺骨的痛感！
这个女人……
这个卑劣的、充满心机的女人！
她怎么敢？！
她怎么敢用那双沾满了凡俗尘埃的脏手，去触碰……去亵渎神明的身躯？！
这是渎神！是最大的不敬！
一股冰冷刺骨的杀意，自胡列娜体内疯狂涌出，几乎要将眼前的朱竹云彻底撕碎！
做完这一切，朱竹云才施施然地，将目光转向那个一脸震惊的妹妹。
那眼神，不再有往日的复杂与敌意。
只剩下一种冰冷的，居高临下的怜悯。
仿佛在看一只，依旧困于井底，看不清天地的……蠢货。
随即，她冷哼一声，便不再理会。
转而，将所有的心神，都投入到这场让她赢得了第一回合胜利的、无上光荣的“侍奉”之中。
然而，这场由朱竹云掀起的、关乎“神宠”归属的无声战争，刚刚拉开序幕。
那份独属于胜利者的得意，也仅仅在她眼角维持了不到一分钟。"
第69章 林枫：这该死的内卷也太美妙了！,https://www.biquh.com/678_678189/65675481_7.html,"
便被一道突如其来的、仿佛能将灵魂都冻结的恐怖威压打断！
轰——！！！
并非是声音。
而是一种……气息的碰撞！
两股截然不同，却又同样强大到令人窒息的意志，仿佛两头自太古深渊中苏醒的洪荒巨兽，在枫染亭那看似普通的门外，轰然对撞！
但是林枫的内心，却是瞬间乐开了花。
哦豁~
鬼斗罗他们的业务能力，果然没让我失望！
这效率！这才多久，就又拉来了一批更高质量的韭菜！
林枫内心微微窃喜，而在场的其他人，却没有他这份闲情逸致。
作为“首席神使”，胡列娜在短暂的惊骇后，瞬间反应过来！
她猛地起身！
脸上那因嫉妒而生的怒火，早已被一种身为“神域”代言人的、神圣而庄严的使命感所取代！
有人，竟敢在前辈的门前放肆！
这是对神威的亵渎！
是不可饶恕的罪！
她冰冷的目光扫过门外，俏脸含煞，一步一步，带着审判般的威仪，走向门口。
然而。"
第69章 林枫：这该死的内卷也太美妙了！,https://www.biquh.com/678_678189/65675481_8.html,"
当她的目光，终于穿透那两股对撞的恐怖气场，看清门外那道被无尽紫气包裹的绝美身影时。
胡列娜的脚步，猛地一滞。
她那张妩媚的红唇微微张开，几乎是下意识地，吐出了两个颤抖的字眼。
“老……老师？”"
第70章 兄弟萌，我被女票甩了，蓝瘦香菇~,https://www.biquh.com/678_678189/65678167.html,"
在鬼斗罗等人的引领下，比比东一行，终于抵达了那间传说中的枫染亭。
然而，她们的脚步，却在店门前戛然而止。
只因另一队人马，几乎在同一时间，从街道的另一端，悄然而至。
为首的，是一位身形壮的雅痞的老者，他正是奉千道流之命，前来刺探枫染亭虚实的金鳄斗罗。
在他身后，是青鸾斗罗、光翎斗罗，以及刚刚才从供奉殿中失态冲出的降魔斗罗。
武魂殿内，权势最巅峰的两大派系，竟在这间名不见经传的小饭店门前，再次相遇。
一时间，气氛瞬间凝固。
没有惊天动地的魂力爆发。
但一种更加恐怖的意志对撞，已在无形的空间中，悍然展开！
两种截然不同的威压，在这小小的门前激烈碰撞，让周围的光线都为之扭曲！
就在这几乎要撕裂空间的对峙中。
“吱呀——”
一声轻响，枫染亭的木门，被从内推开。
胡列娜的身影，出现在门口。
当她看清门外那两拨对峙的人马，尤其是为首那道熟悉到刻入灵魂的绝美身影时，她整个人如遭雷击。
“老，老师？”
那一声颤抖的、几乎是本能的呼唤，如同一根针，瞬间刺破了门外那片凝如实质的恐怖对峙。
金鳄斗罗的威压，比比东的神念，都在这一刻，出现了刹那的停滞。"
第70章 兄弟萌，我被女票甩了，蓝瘦香菇~,https://www.biquh.com/678_678189/65678167_2.html,"
所有人的目光，都齐刷刷地聚焦在了门口那道身影之上。
而后，便是死一般的寂静。
比比东那双蕴藏着尸山血海的猩红眸子，猛然收缩！
她的目光，死死钉在胡列娜的身上。
不。
是钉在她身上那套……她从未见过的、仿佛象征着某种全新秩序的黑红制服之上！
那不是武魂殿的制服！
那分明是一套……侍者的服饰！
轰！！！
一股冰冷到极致的意志，自比比东体内轰然爆发！
她没有说话。
但她周围的空气，温度却骤然降至冰点，一缕缕肉眼可见的紫黑色煞气，在她脚下疯狂盘旋、嘶鸣！
她手中那柄象征着至高权力的教皇权杖，发出了不堪重负的、细微的呻吟声！
她的弟子。
她一手培养，视作传承者，内定为下一代圣女！
此刻，竟穿着一身侍者的衣服，站在这间诡异的饭店门口，像个仆人一样迎接客人？！
这已经不是挑衅。"
第70章 兄弟萌，我被女票甩了，蓝瘦香菇~,https://www.biquh.com/678_678189/65678167_3.html,"
这是亵渎！
是对她比比东，对整个教皇殿无上权威的……践踏！
然而。
更让她那颗早已冰封的心，掀起滔天怒浪的，是胡列娜的反应。
在最初那一声本能的惊呼之后，胡列娜脸上的惶恐与失措，仅仅维持了不到一秒。
便如潮水般，尽数褪去。
她的腰杆，缓缓挺直。
那双原本因见到老师而下意识流露出敬畏与依赖的狐狸眼，此刻竟是恢复了一种比比东从未见过的、神圣而淡漠的宁静。
仿佛站在她身后的，不是一间小小的饭店。
而是一片，足以让她对抗整个世界的神域！
胡列娜的脸上，甚至重新挂上了那抹浅浅的、公式化的微笑。
那笑容，她刚刚也曾对鬼斗罗等人展露过。
那是一种……神之使徒，在面对前来朝圣的信徒时，所特有的、带着俯瞰与悲悯的微笑。
她看着比比东，看着这位曾经让她敬若神明的老师。
微微躬身。
姿态依旧优雅，却带着一种令人心悸的疏离。
“教皇冕下。”
她红唇轻启，声音平静得不带一丝波澜。"
第70章 兄弟萌，我被女票甩了，蓝瘦香菇~,https://www.biquh.com/678_678189/65678167_4.html,"
“前辈在此，请勿喧哗。”
“另外若是想要用餐，便请进吧。”
说完，她又将目光转向另一边，那群气息古老而强大的供奉们，用同样不卑不亢的语气，淡淡开口。
“诸位大人，也请勿在门外久站。”
她伸出手，比了一个“请”的手势，那姿态，不像是在迎接武魂殿的最高掌权者们，倒像是在接待一群普通的香客。
店内。
此刻，正在为林枫揉捏肩膀的朱竹云，在心中发出了一声轻微的咋舌。
偏偏是这个时候。
她才刚刚在这场无声的战争中，取得了阶段性的胜利。
这些不识趣的人给打搅了！
不过听那狐媚子的意思，来人还是她的老师？
朱竹云的嘴角，勾起一抹冰冷的弧度。
呵。
能教出那等只会搔首弄姿的狐媚子，想必也不是什么真正上得了台面的人物。
然而，当那道被无尽紫气包裹的绝美身影，在一众强者的簇拥下，冷着脸踏入店门时。
朱竹云脸上的那一丝轻蔑，瞬间冻结，随即被剧烈的风暴所吞噬。
那张脸！"
第70章 兄弟萌，我被女票甩了，蓝瘦香菇~,https://www.biquh.com/678_678189/65678167_5.html,"
那身象征着大陆至高权力的教皇袍！
那个仅仅是存在，就足以让所有女性魂师为之仰望、为之崇拜的传说！
比比东？！
轰！
朱竹云的脑子，嗡的一声，一片空白！
这个狐媚子的老师，竟然是武魂殿的教皇，比比东？！
要知道，比比东这三个字，是她身为女性，对权力与力量所能想象的终极形态！
可此刻，对方却成了她竞争对手的最大靠山！
极致的震撼过后，一股比苍蝇还恶心的感觉，瞬间填满了她的胸腔。
她以为这只是一场单纯的、围绕着神明宠爱的内部竞争。
却没想到，那个狐媚子身后，竟然还站着一尊凡俗世界里的女王！？
这让她接下来的路，无疑会艰难百倍！
然而，她毕竟是朱竹云。
是那个能在朱家那种血腥绞肉机里，依旧能向上攀爬的女人！
仅仅一个呼吸。
她眼中的所有震惊、慌乱与忌惮，便被一股更加炽热、更加疯狂的火焰，焚烧殆尽！
武魂殿教皇？
那又如何！"
第70章 兄弟萌，我被女票甩了，蓝瘦香菇~,https://www.biquh.com/678_678189/65678167_6.html,"
在前辈这片神域之中，凡俗的权势，不过是过眼云烟！
比比东再强，地位再高，此刻不也依旧是个准备接受恩赐的凡人？
而我！
已经得到了神明的召唤，站在了神明的身边！
想到这里，朱竹云的眼神，彻底变了。
他的眼神中不再有畏惧，只剩下浓浓的战意！
她手中揉捏的动作，愈发卖力，仿佛正在进行一场神圣的献祭。
不就是个教皇么。
今天，我就让你亲眼看看。
武魂殿教皇又如何？
依旧无法阻止我朱竹云往上爬的脚步！
进店后，比比东的目光便死死钉在那个自始至终，都未曾朝她投来哪怕一瞥的身影上。
她的嘴角，缓缓勾起一抹冰冷到极致，又带着无尽征服欲的弧度。
神？
真是可笑至极的谎言。
接受了罗刹神考，半只脚已然踏入神之门槛的她，比世上任何人都清楚，真正的神祇，早已被规则所限，绝无可能如此轻易地降临凡尘。
眼前这个男人，的确有着就连她都赞叹的手段。"
第70章 兄弟萌，我被女票甩了，蓝瘦香菇~,https://www.biquh.com/678_678189/65678167_7.html,"
但，也仅此而已。
她来此，不是为了像鬼魅那群蠢货一样，顶礼膜拜一个来历不明的“伪神”。
而是为了，将这份力量，收归己用！
这片大陆，只需要一个神。
那就是她，比比东！
不过在此之前，她还要试探一下对方的底细。
一念及此，比比东猩红的眸光深处，一缕凝练如实质的紫黑色神念，无声无息地剥离而出！
那不是魂力。
那是她比比东体内，参杂着一部分罗刹神力与神念的集合体！
无声。
无形。
无息。
这神念在比比东的操控下，缓缓的朝着林枫的方向漫去！"
第71章 风水轮流转！朱竹云：赢麻了！,https://www.biquh.com/678_678189/65678168.html,"
然而。
当比比东那股用作试探的神念，在触碰到林枫身体的刹那。
那本应该的无声侵入林枫体内的神念，竟像一滴水珠，悄无声息地，融入了一片名为“绝对”的无垠深海。
甚至，连一丝涟漪都未曾掀起。
下一秒。
比比东那张勾起冷笑的俏脸，血色瞬间褪尽，化作一片惨白！
“噗——！”
一口猩红的鲜血，如同盛开的妖异之花，从她口中狂喷而出，洒满了身前那片光洁的地板！
她的身躯剧烈摇晃，仿佛被抽走了所有的力气，手中那柄象征着至高权力的教皇权杖，都险些脱手落地！
怎么……可能？！
比比东的猩红美眸中，第一次被一种名为“惊恐”的情绪彻底填满！
那不是反击！
她能清晰地感觉到，那根本不是任何形式的反击！
更像是一种……生命层次的绝对碾压！
就像一只蝼蚁，耗尽毕生之力，试图去撼动一片无垠的星空。
结果，不是被星空反震而死。
而是因为窥见了星空的浩瀚与伟大，其渺小卑微的灵魂，无法承载那万分之一的真实，便自行崩溃、湮灭！
这一刻，全场死寂！"
第71章 风水轮流转！朱竹云：赢麻了！,https://www.biquh.com/678_678189/65678168_2.html,"
金鳄斗罗那张老脸上的所有表情，尽数凝固，只剩下如同见鬼般的惊骇与荒谬！
而鬼斗罗等人，则是下意识地后退半步，看向比比东的眼神中，再无半分对教皇的敬畏，只剩下对“凡人”触怒神明后的……怜悯与悲哀。
愚蠢！
教皇冕下，您真是……太愚蠢了！
“老师！”
胡列娜的惊呼声终于打破了死寂，她脸上瞬间血色尽失，本能地冲上前，死死搀扶住摇摇欲坠的比比东。
她的心，乱成了一团麻。
一半，是为自己老师的安危而揪心。
另一半，则是因老师亵渎了“前辈”的神威，而涌起的、源自灵魂深处的惶恐！
然而，在这片混乱与死寂之中。
唯有一人。
朱竹云！
她那双为林枫揉捏着肩膀的玉手，在比比东吐血的瞬间，微不可查地一僵。
但旋即，一股比火山爆发还要炽热、还要疯狂的狂喜，如同决堤的洪水，瞬间淹没了她的四肢百骸！
她赌对了！
她又赌对了！！！
在这片神域之中，所谓的武魂殿教皇，所谓的凡俗顶点……"
第71章 风水轮流转！朱竹云：赢麻了！,https://www.biquh.com/678_678189/65678168_3.html,"
在前辈的面前，脆弱得，简直就是一个笑话！
这一刻，她缓缓抬起眼帘，那双明亮的眸子，越过所有人，居高临下地，落在了那个被胡列娜搀扶着，狼狈不堪，威严尽失的绝美身影上。
那眼神中，再无一丝一毫的敬畏与忌惮。
只剩下，一种近乎残忍的、胜利者对失败者的……俯瞰！
就在这气氛逐渐凝重之际，一道淡漠的声音，终于打破了这令人窒息的氛围。
“想吃饭，就点单。”
那声音不带一丝一毫的情感，甚至隐隐有些不耐烦。
“不想吃，就滚。”
“别在这里，碍眼。”
话音落下。
闻言，比比东那张惨白的俏脸，因这极致的羞辱而瞬间涨红。
滚？
他，他竟然让身为武魂殿的教皇自己，滚？！
最先从这无边震撼中挣脱出来的，是朱竹云！
机会！
可以表现一把的机会！
她眼中的所有情绪，在瞬间化作了最为坚定的决绝！
唰——！"
第71章 风水轮流转！朱竹云：赢麻了！,https://www.biquh.com/678_678189/65678168_4.html,"
一道残影划过！
她甚至没有给任何人反应的时间，便出现在了呆愣原地、手足无措的妹妹面前。
她没有说话，更没有请求。
而是用一种近乎粗暴的姿态，一把夺过了朱竹清手中那柄拖把！
“你……！”
朱竹清那声惊怒交加的低呼，才刚刚出口，便被眼前那无比荒诞的一幕，死死堵了回去！
只见她的姐姐，朱竹云。
那个在她眼中为了皇后之位，手段残忍的女人。
此刻，竟用一种近乎狂热的姿态，双手紧握着那柄拖把，飞快地，将地面上那滩属于教皇的鲜血，擦拭得干干净净。
不留一丝痕迹。
仿佛那不是血。
而是……玷污了这片神域的、最肮脏的污秽！
做完这一切，朱竹云甚至没有看自己的妹妹一眼，只是随手将拖把，重重塞回她怀里。
那姿态，充满了不容置疑的、胜利者的宣示！
而后。
在全场所有人都目光注视下。
朱竹云施施然地，一步一步，走回了那道慵懒的身影之后。"
第71章 风水轮流转！朱竹云：赢麻了！,https://www.biquh.com/678_678189/65678168_5.html,"
她再次伸出那双白皙的玉手。
用一种比之前更加虔诚姿态，为这位神明轻轻揉捏起肩膀。
仿佛之前那个擦地的卑微女仆，根本不是她。
仿佛她，生来就该站在这里。
站在，离神最近的地方。
最终，还是胡列娜那一声带着哭腔的低语，将比比东那几近崩溃的神智，从无尽的深渊中拉回了一丝。
“老师，求您了。”
胡列娜死死搀扶着她，声音颤抖得不成样子，那双妩媚的狐狸眼里，充满了她从未见过的恐惧与哀求。
“先点单吧。”
“不要再忤逆前辈了。”
忤逆？
比比东的娇躯猛地一颤，这个词，如同一巴掌，狠狠打在她的脸上！
曾几何时，这片大陆，只有她让别人不敢“忤逆”的份！
而现在，她的亲传弟子，竟然用这个词来形容她刚才那个，只能算是试探的行为？
她艰难地抬起头，视线扫过那个依旧在为“神明”揉捏肩膀，嘴角甚至噙着一抹若有似无的、胜利者微笑的朱竹云。
又扫过鬼斗罗等人，那一张张写满了怜悯、敬畏，甚至是理所当然的脸。
仿佛在他们眼中，她堂堂武魂殿教皇，在此地受辱，是一件再正常不过的事情！
奇耻大辱！"
第71章 风水轮流转！朱竹云：赢麻了！,https://www.biquh.com/678_678189/65678168_6.html,"
比比东的指甲，几乎要将自己的掌心刺穿！
但那滔天怒火，在对上那道淡漠视线的瞬间，便不得不下意识的低下头去。
比比东没有回答。
但是她下意识的行动，便已经是最好的回答。
她被胡列娜半拖半拽着，一步，一步，无比艰难地，走向那张离她最近的桌子。
那短短几步的距离，对她而言，却比走上教皇宝座的那条路还要漫长，还要屈辱。
每一步，都像是在践踏着她身为教皇的尊严。
每一步，都在粉碎着她那名为神祇传承人的骄傲。
终于。
她走到了桌边。
然后，像是被抽走了最后一丝力气，整个人重重地，瘫坐在了冰冷的木椅上。
“砰”的一声闷响。
那不是落座。
那是她的骄傲，摔的稀碎的声音。
眼见价值最高的那颗韭菜已经落座，林枫又转头看向金鳄斗罗等人。
那眼神仿佛在说：她，已经做出了选择。
那么，你们呢？"
第72章 比比东的“随便”，胡列娜“开药方”,https://www.biquh.com/678_678189/65681866.html,"
当林枫的目光落在了金鳄斗罗等四位供奉的身上时。
嗡——！
四位屹立于大陆之巅的超级斗罗，在那一瞬间，只觉得自己的灵魂都被一只无形的大手攥住，连血液的流动都为之停滞！
在他们眼中，林枫这个眼神就仿佛是在询问“你们是选择生，还是选择死”的意思。
金鳄斗罗那颗早已平稳的心境，今日不知第几次掀起波澜。
他活了太久，见过了太多的风浪，可从未有哪一次，像现在这般，让他从灵魂深处感到了……渺小！
“二供奉！此地……此地断不可j留啊！”
青鸾斗罗那清冷的声音，此刻在他的精神之海中，已经带上了一丝无法掩饰的颤音！
光翎斗罗的声音也紧随其后，充满了惊惧。
“没错！此人实力远非我等能敌！比比东……比比东就是前车之鉴！我们必须立刻将情报带回，禀报大供奉定夺！”
撤！
这是三位供奉在这一刻，脑海中唯一的念头！
然而。
一道充满了灼热的意念，却如同一柄烧红的烙铁，悍然撕裂了这片退缩的意志！
“走？”
降魔斗罗的声音，在他的精神之海中轰然炸响！
“往哪走？！”
他的声音里，带着一丝因极致贪婪而扭曲的质问！"
第72章 比比东的“随便”，胡列娜“开药方”,https://www.biquh.com/678_678189/65681866_2.html,"
“你们难道还没看明白吗？！比比东为何会吐血？那是她不自量力的去试探对方，结果被神威反噬了！”
“这恰恰证明了！月关那个家伙说的，全都是真的！”
“这里……真的有神迹！”
金鳄斗罗的老脸，因这番话而剧烈抽搐，他在精神中怒吼：“糊涂！这分明是陷阱！甚至有可能是针对我武魂殿的无上杀局！”
“陷阱？”
降魔斗罗疯狂地嗤笑起来，那笑声中充满了孤注一掷的决绝。
“二供奉！您醒醒吧！若真是杀局，我们早就在出现在他面前的那一刻被碾死了！”
“这是机缘！是能让我们也能继续往更高境界攀爬的无上机缘啊！”
降魔斗罗的声音陡然一沉，如同恶魔的低语，精准地刺入了金鳄斗罗内心最深处的渴望。
“二供奉，您卡在九十八级，已经多少年了？”
“难道您……就真的甘心，此生再无寸进，眼睁睁地看着这唯一的机会，从指缝间溜走吗？”
轰！！！
最后一句话，如同一道惊雷，狠狠劈在了金鳄斗罗的灵魂之上！
他那如山岳般沉稳的身躯，猛地一震！
是啊。
九十八级。
这个数字，像一座无法逾越的天堑，已经压了他整整一百年！"
第72章 比比东的“随便”，胡列娜“开药方”,https://www.biquh.com/678_678189/65681866_3.html,"
他那双沉静的老眼，不受控制地，扫过鬼斗罗身上那件名为“永夜”的神袍，扫过菊斗罗身上那暴涨到九十六级的魂力，又扫过瘫坐在椅子上，狼狈不堪，却依旧死死不肯离去的比比东。
最终。
他的目光，与林枫那淡漠的视线，在空中交汇l了一瞬。
撤退的意志，在这一刻，彻底崩塌。
金鳄斗罗缓缓闭上眼，再睁开时，眼中所有的惊惧与犹豫，都化作了一片深不见底的决然。
他没有说话。
只是用行动，做出了回答。
他迈开那仿佛有千钧之重的脚步，一步一步，走向了离自己最近的那张空桌。
然后，坐下。
动作僵硬，却无比坚定。
青鸾斗罗与光翎斗罗对视一眼，皆从对方眼中看到了无尽的苦涩与无奈，最终也只能叹息一声，跟随着坐了下来。
降魔斗罗的脸上，终于浮现出一抹狂热的笑容。
他也大步流星地走了过去。
仿佛他即将落座的，不是一张普通的饭桌。
而是通往神域的阶梯。
胡列娜将菜单。
不，在她眼里，那不仅仅是菜单，更是神明的恩赐，是踏入神域的门票！
胡列娜深吸一口气，压下对老师安危的担忧，以及那份因老师触怒神明而生的惶恐，将其递到比比东手中。"
第72章 比比东的“随便”，胡列娜“开药方”,https://www.biquh.com/678_678189/65681866_4.html,"
她用一种前所未有的、混杂着敬畏与疏离的语气，低声道：
“教皇冕下，请点单。”
然而，比比东此刻哪里还有心思看什么菜单？
她只是随意的瞥了一眼上面自动浮现的字体，露出个比哭还难看的冷笑。
“呵~”
最终，比比东随手就将那本薄薄的菜单，丢在桌子上。
“随便。”
两个字。
不是随口，而是从牙缝里，一个字一个字，硬生生挤出来的！
每一个音节，都沾满了她那被碾碎在地上的、属于教皇的骄傲与尊严！
听到这个充满亵渎意味的词，胡列娜的娇躯猛地一颤，脸上血色尽失。
随便？
面对神明的恩赐，怎敢用“随便”二字？！
她下意识就想开口纠正，想告诉自己的老师，这是何等的大不敬！
可话到嘴边，看着比比东那张惨白如纸，却依旧死死维持着最后倔强的脸，她心中又是一软，所有的呵斥都堵在了喉咙里，进退两难。
s随后，胡列娜下意识地抬头，恰好对上了朱竹云投来的、那毫不掩饰的、胜利者般的怜悯眼神。
蠢货。"
第72章 比比东的“随便”，胡列娜“开药方”,https://www.biquh.com/678_678189/65681866_5.html,"
你以为前辈需要的，是这种谁都可以做的、卑微的肉体服侍吗？（林枫：我需要啊！我真的很需要啊！）”
你以为赢得了片刻的亲近，就触及到了神明的万分之一？
可笑至极。
胡列娜心中泛起一丝冰冷的嗤笑，那份对老师安危的担忧，在这一刻，化作了维护神域秩序的、不容动摇的决绝！
前辈需要的，是能读懂他每一个眼神，能替他分忧，能维护这片神域绝对威严的代言人！
这个位置，你，不配！
下一刻。
她只是缓步上前，姿态优雅而庄重，伸出纤纤玉手，将那本被比比东随意丢在桌上的菜单，轻轻拿起。
仿佛捧起的，不是一本菜单。
而是一份，需要她来诠释的神谕。
她的目光，扫过菜单上那一个个散发着微光的菜名，眼神专注而虔诚。
她不是在点菜。
她是在为一位触怒了神明，神魂受创的“病人”，开出一剂足以洗涤其罪，重塑其身的药方！
终于，胡列娜合上了菜单，从怀里掏出那个小本本书写着什么。
她撕下那张“药方，一步一步，走到了那道慵懒的身影面前。
她深深躬身，姿态谦卑到了极致，却又带着一种不容置疑的神圣。
“前辈。”
她的声音清冷，庄重，如同神殿中的祈祷。"
第72章 比比东的“随便”，胡列娜“开药方”,https://www.biquh.com/678_678189/65681866_6.html,"
“老师她……神魂蒙尘，心有迷惘。”
“娜娜斗胆，已为她拟好了涤尘静心之‘餐’。”
“还请前辈……恩准。”"
第73章 别再犹豫了！再等神恩都凉了！,https://www.biquh.com/678_678189/65681867.html,"
闻言，朱竹云脸上的得意，瞬间凝固。
她那双为林枫揉捏着肩膀的玉手，动作微不可查地一僵。
一股难以言喻的寒意，从她心底升起。
她忽然意识到，自己貌似有点小瞧这个狐媚子了！
自己还在费尽心思的讨好林枫，可对方却已经开始代行神明的意志！
在全场那死一般寂静的注视下。
胡列娜高举着的那张纸，在她话音落下的瞬间，无风自动。
唰——
那张写着“神谕”的纸条，脱离了胡列娜的指尖，如同一只白色的蝴蝶，轻飘飘地，飞向了那道慵懒的身影。
林枫心中，早已乐开了花。
可以啊这小狐狸！
不光会当服务员，还他妈会当销售经理了！
知道客户（比比东）现在情绪不稳定，不好好点菜，居然还懂得主动出击，搞个“经理推荐套餐”！
这该死的KPI，算是让她玩明白了！
然而，林枫表面上，依旧是那副神游天外，视万物如尘埃的死人样。
那张纸，并未落入他的手中。
在距离他眉心还有三寸的距离时，它骤然燃起了一层淡金色的火焰！
纸张在火焰中，化作了漫天飞舞的、纯净的光点，最终，缓缓消散于虚无。"
第73章 别再犹豫了！再等神恩都凉了！,https://www.biquh.com/678_678189/65681867_2.html,"
仿佛，那上面的文字，已经被神明阅过。
也就在光点彻底消失的那一刻。
一个淡漠到不带丝毫情感的字眼，从林枫的薄唇中，轻轻吐出。
“准。”
当那道身影消失在后厨门帘后的瞬间，朱竹云感觉自己指尖还残留的最后一丝属于“神明”的温度。
可朱竹云的心，却已坠入冰窖。
输了。
她死死咬着下唇，用尽全身的力气，才没让自己那因为嫉妒与不甘而扭曲的表情暴露出来。
朱竹云暗中咬紧了银牙。
攥紧的指尖，几乎要刺破掌心。
她那双冰冷的猫瞳，死死钉在胡列娜那张重归平静，却又仿佛笼罩上了一层圣洁光辉的笑脸上。
而此刻的胡列娜，却全然没有理会她那几乎要杀人的视线。
因为她的灵魂，早已被那声淡漠的“准”字，彻底点燃，升华到了一个全新的境界！
前辈，认可了我的行为！
前辈，默许了我代行神谕的资格！
这一刻，一种前所未有的、神圣而庄严的使命感，充斥着她的四肢百骸！
她缓缓转身。"
第73章 别再犹豫了！再等神恩都凉了！,https://www.biquh.com/678_678189/65681867_3.html,"
那张妩媚的俏脸，此刻竟是笼罩上了一层圣洁的光辉。
她走向那群早已被眼前一幕幕神迹冲击得魂不守舍的供奉们。
脚步轻盈，姿态优雅，仿佛不是走向一张餐桌。
而是走向一群，等待着被她引上神国阶梯的，迷途的羔羊。
最终，她停在金鳄斗罗等人面前，微微躬身，声音清冷，却又带着一丝俯瞰众生的悲悯。
“神启已降。”
“神恩浩瀚，机缘却只在一瞬。”
胡列娜的目光，平静地扫过每一位供奉那张写满了震撼与贪婪的脸，红唇轻启，吐出了最后的审判。
“诸位，该做出选择了。”
这……
金鳄斗罗的目光，死死钉在那本薄薄的菜单上。
上面那一个个看似普通的菜名，此刻却仿佛化作了一个个深不见底的漩涡，要将他的灵魂都彻底吸进去！
每一个选择，都可能通往截然不同的命运。
是像菊斗罗那般实力暴涨，一步登天？还是像鬼斗罗那般，获得神赐之物？
亦或是……像刚刚的比比东一样，因一丝不敬，便神魂受创，威严扫地？！
他不敢选。
这位活了近千年的九十八级超级斗罗，第一次发现，原来做出一个选择，竟需要赌上身家性命般的勇气！
就在这时。"
第73章 别再犹豫了！再等神恩都凉了！,https://www.biquh.com/678_678189/65681867_4.html,"
一股无法用言语形容的香气，毫无征兆地，从后厨的方向幽幽飘来。
那香气霸道无比，仿佛带着生命，直接钻入他们的灵魂深处，勾起了他们早已被岁月磨平的，最原始的欲望！
饥饿。
源自灵魂最深处的，对更高层次力量的……饥饿感！
“咕咚。”
不知是谁，下意识地咽了一口口水。
这声响，在这死寂的大殿中，显得格外刺耳。
“二哥！别再犹豫了！”
降魔斗罗那压抑着无尽贪婪与狂热的声音，在金鳄斗罗的精神之海中轰然炸响！
“机缘就在眼前！再等下去，神恩都要凉了！”
金鳄斗罗的老脸狠狠一抽。
他当然知道不能再等！可这该死的选择，谁能来告诉他，究竟该怎么选？！
最终，所有的挣扎与骄傲，都在那股愈发浓郁的、足以让灵魂都为之沉沦的香气中，彻底败下阵来。
金鳄斗罗缓缓抬头，那双浑浊的老眼，无比复杂地看向了那个如同神殿祭司般，静立一旁的胡列娜。
他干涩的嘴唇蠕动了半天，才用一种连自己都感到陌生的、近乎干涩的语气，艰难开口。
“这位……神使大人？”
当“神使”这两个字从他口中吐出的瞬间，金鳄斗罗感觉自己几百年的尊严，都仿佛被敲碎了一角。"
第73章 别再犹豫了！再等神恩都凉了！,https://www.biquh.com/678_678189/65681867_5.html,"
但他别无选择。
“不知，可否为我等，指点迷津？”
此话一出，所有供奉都屏住了呼吸，用一种夹杂着期盼与惶恐的目光，看向了胡列娜。
然而，胡列娜只是微微一笑。
那笑容里，没有丝毫被超级斗罗请教的荣幸，反而带着一种俯瞰迷途羔羊的悲悯与神圣。
“选择，不在菜单上。”
她的声音清冷而庄重。
“它，在你们自己的心里。”
胡列娜转过头，目光扫过目光始终是那般狂热的鬼斗罗等人，声音变得愈发缥缈。
“前辈的‘恩赐’，从不是给予。”
“而是“试炼”。”
“你们所求为何，所欲为何，所畏惧的又为何，这一切，都将决定你们，能从这场试炼中，得到什么。”
她微微躬身，姿态优雅到了极致，却又带着一种不容置疑的疏离。
“诸位，请遵从自己的内心，做出选择吧。”
“然后，静候那份独属于你们的命运。”
话音落下。
整个枫染亭，陷入了一种比死亡更加沉重的寂静。
金鳄斗罗那双浑浊的老眼，死死盯着胡列娜，胸膛中一股足以焚山煮海的怒火，轰然炸开！"
第73章 别再犹豫了！再等神恩都凉了！,https://www.biquh.com/678_678189/65681867_6.html,"
这说了跟没说，有什么区别！？
然而。
那股滔天怒火，在冲上喉咙的瞬间，便被一股冰冷刺骨的恐惧，死死浇灭。
他的脑海中，不由自主地浮现出比比东那张惨白如纸的脸，以及那口洒满地面的、属于教皇的鲜血。
前车之鉴，殷红刺目。
他不敢怒。
他甚至，不敢有丝毫“不敬”的念头。
金鳄斗罗缓缓垂下眼帘，那张布满褶皱的老脸，肌肉剧烈地抽搐着，泄露了他内心的惊涛骇浪。
“选择，在你们自己的心里……”
他反复咀嚼着这句如同神明判词般的话语，试图从这片迷雾中，窥见一丝生机。
所求为何？
所欲为何？
我金鳄，所求为何？！
这个念头，如同一道横贯天地的闪电，瞬间劈开了他那几近干涸的灵魂！
答案，几乎是嘶吼着，从他灵魂最深处，咆哮而出！
突破！
他要突破这该死的、已经困了他整整一百年的九十八级天堑！"
第73章 别再犹豫了！再等神恩都凉了！,https://www.biquh.com/678_678189/65681867_7.html,"
他要踏入那传说中的，九十九级的绝世之境！
这，是他此生唯一的执念！
一瞬间，金鳄斗罗那双浑浊的老眼，骤然睁开！
“那我就要.....”"
第74章 比比东哭了，幸福的味道。,https://www.biquh.com/678_678189/65683396.html,"
当胡列娜将那套精致如艺术品的一菜一汤一甜品，轻轻放在桌上时。
整个世界仿佛都在比比东的感知中褪去了颜色。
唯有眼前那三份食物，散发着夺人心魄的光。
她甚至暂时遗忘了刚才那份被碾碎在地的尊严，以及神魂被重创的剧痛。
她的目光，彻底被那碗呈现出浓郁乃白色的肉汤所吸引。
汤汁温润，雾气袅袅，其中沉浮的肉块晶莹剔透，仿佛不是凡物。
鬼使神差地，比比东伸出了自己的手。
指尖微颤地，捏住了那柄银质的汤匙。
她舀起一勺，汤汁在勺中微微晃漾，散发出的香气仿佛拥有生命，蛮横地钻入她的灵魂深处。
比比东红唇微启，对着勺中还在升腾的热气，下意识地轻轻吹了吹。
这个动作，温柔得不像她。
而后，她将那勺承载着未知力量的汤汁，送入了口中。
轰！！！
时间，在这一刻仿佛静止。
一股无法用言语形容的、极致的温润与鲜美，如同创世之初的第一缕光，轰然在她味蕾上炸开！
那股暖流顺着喉咙滑下，没有化作魂力，没有修复伤势。
它只是，温暖。
一股纯粹到极致的，仿佛能融化万古冰川的温暖，瞬间包裹了她那颗早已被仇恨与冰冷层层封印的心脏。"
第74章 比比东哭了，幸福的味道。,https://www.biquh.com/678_678189/65683396_2.html,"
比比东，怔住了。
她的脑海中没有浮现出任何具体的画面。
没有燃烧的村庄，没有千寻疾那张令人作呕的脸，也没有玉小刚那离去的背影。
那些痛苦的记忆，在这股纯粹的温暖面前，竟显得如此渺小，如此不值一提。
它们只是化作了一片无边无际的、冰冷刺骨的黑暗。
而这一口汤。
就是那片永恒黑暗中，陡然亮起的，唯一的一点光。
是她被整个世界遗弃后，伸出的第一双手。
是她沉沦于无尽深渊时，照下的第一束暖阳。
“滴答。”
一滴晶莹的液体，不受控制地，从她那双猩红色的美眸中滑落。
砸在胸前华贵的教皇袍上，洇开一小片深色的痕迹。
紧接着。
第二滴。
第三滴。
她哭了。
这位足以以一己之力搅动大陆风云，让无数强者闻风丧胆的武魂殿教皇，竟然因为一口汤，无声地，落下了眼泪。"
第74章 比比东哭了，幸福的味道。,https://www.biquh.com/678_678189/65683396_3.html,"
她的身体在剧烈颤抖，不是因为恐惧，也不是因为愤怒。
而是一种，源自灵魂深处的迷茫与委屈。
为什么？
为什么会这么温暖？
为什么，会有一种，被全世界温柔以待的感觉？
她拼命地想抑制住这股陌生的情绪，想维持住自己身为教皇的威严。
可那眼泪，却像是断了线的珍珠，无论如何也无法止住。
这一刻，她不是罗刹神的传承者，不是权倾天下的教皇冕下。
她只是一个在黑暗中独行了太久太久，久到已经忘记了什么是光，却被一勺汤，照亮了整个世界的可怜人。
她终于明白，自己从这碗汤里尝到的，那久违到几乎遗忘的味道。
是她穷尽一生去追逐，却又被她亲手毁灭的东西。
名为“幸福”的味道。
眼见比比东一勺又一勺，近乎贪婪地将汤汁送入口中，鬼斗罗等人脸上的狂热，缓缓化作了一种理所当然的悲悯与宁静。
看呐。
又一个迷途的灵魂，在前辈的神恩下，得到了洗涤。
神之怜悯，果然遍洒众生。
然而，这在“信徒”眼中再正常不过的一幕，落在金鳄斗罗等人的感知里，却不亚于一场天崩地裂！
那个心思歹毒，视权如命，甚至连自己亲生骨肉都可痛下杀手的女人！"
第74章 比比东哭了，幸福的味道。,https://www.biquh.com/678_678189/65683396_4.html,"
那个用铁血手腕，将整个长老殿攥于掌心的教皇！
她，竟然会流泪？！
那眼泪，那悲伤，那份脆弱，让他们感到无比的荒谬！
一时间，在场所有供奉的目光，都仿佛被磁石吸引，再也无法从比比东面前那三份菜肴上移开。
那些食物，那碗看似平平无奇的肉汤！
究竟……蕴藏着何等改天换地，颠倒乾坤的伟力？！
一时间，金鳄斗罗等人只觉得等待自己那份“神恩”降临的短短片刻，都变成了一种难以忍受的煎熬。
当胡列娜将那几份看似简单，却又仿佛各自蕴藏着一方天地的菜肴，轻轻放在桌上时。
金鳄斗罗等人早已紧绷到极限的神经，瞬间被那股浓郁到化不开的香气，彻底引爆！
那不是食物的香气。
那是一种，源自生命本源的、最纯粹的律动！
再也顾不上什么活了千年的威严与体面。
也顾不上什么九十八级超级斗罗的从容与镇定。
他们几乎是同时伸出了手，动作快得在空气中留下了残影，抓向了离自己最近的那盘菜。
金鳄斗罗那只足以拍碎山岳的巨手，此刻却带着一丝微不可查的颤抖，夹起了一块晶莹剔透，闪烁着宝光的肉块。
他死死盯着那块肉。
仿佛要将它从里到外，从每一丝纹理到每一个光点，都彻底看穿！"
第74章 比比东哭了，幸福的味道。,https://www.biquh.com/678_678189/65683396_5.html,"
然而，他什么也看不透。
那块肉，就仿佛是“道”的本身，任何试图窥探它的神念，都如泥牛入海，消失得无影无踪。
最终，所有的理智，都在那股源自灵魂深处的饥饿感面前，土崩瓦解。
他张开嘴，无比郑重地，将那块肉送入了口中。
在食物入口的那一瞬间。
一种无法用言语形容的形容的美味，轰然在他灵魂深处迸发。
那不是美味。
“美味”这两个字，在这一口肉面前，简直就是一种亵渎！
一时间，金鳄斗罗再也顾不上什么体面，什么供奉的尊严！
他那双浑浊的老眼瞬间变得血红，如同饿了千年的凶兽，死死盯住了盘中剩下的食物！
抢！
吃！
吞！
这是他脑海中，此刻唯一的念头！
而另外一边，青鸾斗罗、光翎斗罗，乃至刚刚还叫嚣着机缘的降魔斗罗，情况别无二致。
他们风卷残云，狼吞虎咽，嘴角沾满了油渍，吃相甚至比街边最落魄的乞丐还要不堪。
那哪里还是什么威震大陆的超级斗罗。
分明是四头，在神明恩赐面前，彻底抛弃了所有理智与尊严，只剩下最原始本能的野兽！"
第75章 弹指间，罗刹神念灰飞烟灭！,https://www.biquh.com/678_678189/65683397.html,"
“哈~”
当最后一口甜品咽下肚，比比东那短暂的“幸福”也终于结束。
看着面前三个空空如也，光洁如新的餐盘，她竟生出一股意犹未尽的怅然，心里也涌起一丝小小的后悔。
早知道……
早知道刚才就应该自己点单。
而且，应该多点一些。
这个念头刚一冒出，她便转头，下意识地看了一眼柜台后那道慵懒的身影，心中又莫名的安定下来。
没关系。
反正这个饭店又不会跑。
自己下次再来，再来体会这份“幸福”就行了。
对，下次一定。
想到这里，比比东抬起眼眸，看向身边正对着自己，露出关切微笑的胡列娜。
她的心，也跟着一暖。
那是一种几乎被她遗忘的，不掺杂任何利益与算计的温暖。
她知道，如果不是娜娜为自己着想，为自己点好了这份“餐”，自己恐怕还在与那份可笑的骄傲对抗，又哪里能重新体会到这种，几乎要让她沉沦的幸福感觉？
最后，比比东脸上那层万年不化的冰霜，悄然融化。
她那总是紧绷着的唇角，也微微上扬，勾起一个极其柔和的弧度。
“来结账吧。”"
第75章 弹指间，罗刹神念灰飞烟灭！,https://www.biquh.com/678_678189/65683397_2.html,"
她的声音很轻，很柔和，褪去了所有属于教皇的威严与压迫，只剩下一种纯粹的平静。
闻言，胡列娜上前一步，微微躬身。
她的姿态依旧优雅，声音却褪去了所有属于弟子的恭敬，只剩下一种神圣的平静。
“教皇冕下。”
“承惠，涤尘静心之餐，共计两万八千金魂币。”
“本店只收现金。”
两万八千？！
这个数字，如同一根冰冷的针，刺入了比比东刚刚回暖的心。
她那双猩红色的眸子，瞬间闪过一丝属于教皇的、本能的冷厉！
区区一顿饭，竟敢？！
然而，这个念头刚刚升起，便被那残留在灵魂深处的、名为“幸福”的温暖，瞬间融化。
她的脑海中，不受控制地浮现出自己刚才那副泪流满面、狼狈不堪的失态模样。
两万八千金魂币。
很多吗？
对于掌握着武魂殿宝库的她而言，不过是九牛一毛。
可她得到的，又是什么？
是那颗被仇恨冰封了数十年，几乎坏死的心，重新感受到了温度。"
第75章 弹指间，罗刹神念灰飞烟灭！,https://www.biquh.com/678_678189/65683397_3.html,"
是那份被碾碎在地上的尊严之后，寻回的、一丝名为“幸福”的可能。
这种东西，能用金钱来衡量吗？
不。
比比东的嘴角，勾起一抹自嘲的弧度。
不是太贵了。
是太便宜了。
便宜到，简直像是一种侮辱。
侮辱了她刚才流下的，那些连她自己都觉得陌生的眼泪。
想到这里，比比东心中最后的一丝不甘与屈辱，彻底烟消云散。
取而代之的，是一种全新的、混杂着庆幸与理所当然的平静。
比比东葱白如玉的指尖，在手腕上那枚精致的储物魂导器上，轻轻一抹。
没有金魂币堆积如山的俗气景象。
哗啦——
伴随着清脆的金属碰撞声，一道纯粹由金魂币汇成的金色溪流，从魂导器中倾泻而出，精准地落在桌面上，不多不少，正好两万八千枚。
每一枚金币，都仿佛被她那绝世斗罗级的精神力精准操控，整齐码放，闪烁着令人目眩的光芒。
她做完这个动作，便不再言语，只是那双猩红色的眸子，死死盯着林枫。
仿佛在用最后的骄傲宣示：钱，我付了。但我的尊严，还没有完全碎掉。
只可惜。"
第75章 弹指间，罗刹神念灰飞烟灭！,https://www.biquh.com/678_678189/65683397_4.html,"
林枫压根就没看她一眼。
对方依旧是那副神游天外，视万物如无物的死人样。
比比东的呼吸，猛地一滞。
那双刚刚恢复一丝神采的猩红眸子，死死地、不甘地、带着一丝连她自己都未曾察觉的屈辱，盯着那道慵懒的身影。
她付了钱。
她低了头。
可这个男人，竟连一个正眼，都吝于给予？！
也就在这时。
胡列娜迈着庄重而虔诚的步伐，走上前恭敬道。
“前辈，账已结清。”
伴随着胡列娜那虔诚的话音，比比东面前那座由金魂币堆砌而成的小山，便如同从未存在过一般，悄然消失。
与此同时，林枫的脑海中，响起了期待已久的天籁之音。
【叮！】
【到账积分：2800。】
【高品质目标人物“比比东”首次消费完成，触发稀有评估。】
【评估结果：该个体灵魂根源被异种神念污染，情绪极不稳定，虽具备极高消费潜力，但存在随时“枯萎”的风险。】
【建议：进行一次“净化”，可大幅提升该目标的稳定性与未来价值，属于高回报率投资。】"
第75章 弹指间，罗刹神念灰飞烟灭！,https://www.biquh.com/678_678189/65683397_5.html,"
林枫那一直闭着的眼眸，终于缓缓掀开一道缝隙。
那淡漠的目光，第一次，真正落在了比比东的身上。
那眼神，没有怜悯，没有审视，更没有丝毫情绪。
那是一种园丁看待自己花园里，一株长势不算太好，却又品种极其珍稀的花朵时，那种混杂着些许惋惜与盘算的眼神。
这可是超稀有的韭，客人啊！
要是疯疯癫癫的，以后还怎么来消费？
必须修剪一下，保证她能茁壮成长，以后才能割得更顺手。
林枫心中打定了主意。
他缓缓抬起眼帘，那双古井无波的眸子，仿佛穿透了时光，看到了比比东灵魂最深处，那片早已被紫黑色怨念盘踞的黑暗角落。
他薄唇轻启，声音淡漠得仿佛一阵风。
“你，不像你。”
什么？
比比东的娇躯猛地一颤，那双猩红色的美眸中，充满了无尽的错愕与茫然。
然而，还不等她理解这句莫名其妙的话语。
林枫动了。
他甚至没有起身，只是那搭在摇椅扶手上，一直懒懒散散的食指，轻轻地，对着比比东的方向，屈指一弹。
没有魂力波动。
没有气势爆发。"
第75章 弹指间，罗刹神念灰飞烟灭！,https://www.biquh.com/678_678189/65683397_6.html,"
甚至，连一丝风都没有。
可比比东的灵魂之海，却在这一瞬间，掀起了足以倾覆整个世界的滔天巨浪！
“啊——！！！”
一声凄厉到不似人声的惨叫，从她的喉咙深处爆发！
但那声音，却充满了无尽的怨毒与不甘，根本不属于比比东本人！
在所有人惊骇欲绝的注视下。
一缕浓郁到极致的紫黑色雾气，竟被一股无形的力量，硬生生从比比东的天灵盖中，强行剥离、抽了出来！
那雾气在空中疯狂扭曲，变幻成一张模糊而又狰狞的女性面孔，发出无声的、足以撕裂灵魂的咆哮！
那是一种源自神祇的愤怒与诅咒！
然而。
迎接它的，只有林枫那淡漠得近乎于无情的眼神。
啪。
仿佛一个肥皂泡被轻轻戳破。
那张由罗刹神念凝聚而成的狰狞面孔，连同它所有的怨毒与神威，都在瞬间，化作了虚无。
被净化了。
不。
是被彻底抹去！"
第75章 弹指间，罗刹神念灰飞烟灭！,https://www.biquh.com/678_678189/65683397_7.html,"
“噗——”
又是一口鲜血，从比比东口中喷出。
但这一次，不再是先前那般殷红。
而是触目惊心的，妖异的紫黑色！
那血落在地上，没有散开，反而像是活物般蠕动着，散发出令人作呕的怨毒与不详气息，甚至在腐蚀着光洁的地板！
这不是伤。
这是……排出的污秽！
比比东的身躯没有摇晃，脸上甚至没有一丝一毫的痛楚。
她只是静静地，呆呆地立在那里。
那双原本被暴戾与疯狂填满的猩红眸子，此刻，那抹摄人心魄的血色，正在以肉眼可见的速度，缓缓褪去。
就仿佛，一块被墨汁浸染了数十年之久的绝世美玉，正在被一只无形的大手，温柔而又霸道地，擦拭去所有的尘埃与污垢。
最终，那抹猩红彻底消失。
取而代之的，是一双琉璃般澄澈，却又带着无尽茫然与脆弱的，纯粹的眼眸。
她缓缓地，抬起手，轻轻抚上自己的脸颊。
那张绝美的容颜上，神情空洞，仿佛第一次认识自己。
安静。
整个世界，前所未有的安静。
那些日日夜夜，在她灵魂深处咆哮、嘶吼、诅咒着整个世界的怨毒念头，消失了。"
第75章 弹指间，罗刹神念灰飞烟灭！,https://www.biquh.com/678_678189/65683397_8.html,"
那个压在她灵魂之上，让她喘不过气，逼着她走向疯狂与毁灭的沉重枷锁，消失了。
她感觉自己......好轻。
轻得，仿佛随时都会随风飘走。
这一刻，她呆呆地，抬起头。
那双重归清明的眼眸，穿过所有呆若木鸡的身影，第一次，不带任何审视、试探与征服欲地，落在了那道依旧慵懒地，躺在摇椅上的身影之上。
脑海中，一片空白。
心中，一片宁静。
仿佛，一个迷失在无尽黑暗中数十年的旅人，终于看见了“光”。"
第76章 救你脱离苦海？不，你只是中奖了而已！,https://www.biquh.com/678_678189/65698608.html,"
林枫随手抹去罗刹神念的一幕，深深地，刻进了金鳄斗罗那双浑浊的眼底！
旁人或许只看到了神异。
可他，金鳄斗罗，千道流的左膀右臂，对那凌驾于凡俗魂力之上的“神之气息”，再熟悉不过！
那紫黑色的雾气，那怨毒而不祥的意志。
其本质，与大供奉身上那圣洁浩瀚的天使神力，是同一种东西！
是神力！
是真正属于“神”的力量！
可现在，这股力量，在这个男人面前，就像一个笑话。
不。
连笑话都算不上。
更像是一粒被随手拂去的尘埃。
一个念头，一个足以让金鳄斗罗惊得魂飞魄散的念头，在他脑海中轰然炸开！
如果，如果站在这里的不是比比东，而是大供奉千道流。
如果这个男人弹指一挥的对象，是那承载着天使之神荣光的大供奉。
那结果，会有任何不同吗？
轰！！！
金鳄斗罗只觉得天旋地转，眼前发黑，一股源自灵魂深处的冰冷，瞬间冻结了他全身的血液！
他脚下一软，险些当场瘫倒在地！"
第76章 救你脱离苦海？不，你只是中奖了而已！,https://www.biquh.com/678_678189/65698608_2.html,"
背后，早已被冷汗彻底浸透，冰冷刺骨！
他看到的，不再是一个强者。
他看到的，是武魂殿那万古传承的信仰，正在无声地、彻底地崩塌！
而这一刻的比比东，整个人仿佛被抽走了灵魂，只剩下一具空洞的躯壳。
她缓缓回过神。
或者说，一个全新的意识，在她那片被清扫得干干净净的灵魂废墟之上，茫然地苏醒。
安静。
整个世界，都前所未有的安静。
那个压在她灵魂之上，让她喘不过气，逼着她走向疯狂与毁灭的沉重枷锁，消失了。
她下意识地，去回忆。
回忆起那张让她恨之入骨的，千寻疾的脸。
回忆起自己那毁灭武魂殿，拉着整个大陆为自己陪葬的疯狂计划。
可那些曾经足以焚烧她理智的滔天恨意，此刻却像是隔着一层毛玻璃，变得模糊而又遥远。
那份恨，还在。
但，却仿佛不再属于她。
就像是在读一本别人的传记，看着书中那个可悲女人的挣扎与咆哮，心中竟只剩下一丝淡淡的怜悯。
她又想起了玉小刚。"
第76章 救你脱离苦海？不，你只是中奖了而已！,https://www.biquh.com/678_678189/65698608_3.html,"
那个让她爱过，也让她执念成魔的名字。
可这一次，心口没有传来那熟悉的，撕裂般的剧痛。
那份执念，就像被风吹散的沙画，只剩下一点浅浅的痕迹，证明它曾经存在过。
可笑。
她忽然觉得，那个为了复仇而扭曲，为了执念而疯狂的“比比东”，是那么的可笑。
那么的可怜。
如果那份仇恨不是我，那份执念不是我。
那我，又是谁？
一股前所未有的、巨大的恐慌与茫然，瞬间吞噬了她！
她猛地抬起头！
那双重归清明的琉璃眼眸，穿过所有呆若木鸡的身影，死死地，落在了那道依旧慵懒地，躺在摇椅上的身影之上。
是他！
是他拂去了那玷污自己灵魂的尘埃。
也是他，亲手杀死了过去那个“比比东”！
这一刻，她终于明白，自己究竟获得了什么。
下一秒。
比比东深吸一口气。
在所有人震撼到无法呼吸的注视下。"
第76章 救你脱离苦海？不，你只是中奖了而已！,https://www.biquh.com/678_678189/65698608_4.html,"
这位曾经睥睨天下的武魂殿教皇，竟缓缓弯下了那高贵的膝盖！
砰——！
单膝跪地的声响，在死寂的大堂中响起。
清脆得如同惊雷！
比比东的声音颤抖着，但每一个字都清晰无比。
“谢救我脱离苦海，还我本心！”
“晚辈，此生难忘！”
然而，对于比比东的跪拜，林枫只是淡淡的挥了挥手。
“起来吧。”
他的声音依旧那般云淡风轻，仿佛刚才抹除神念的，不是他。
“这只是你在店里消费后的随机奖励罢了。”
说完，林枫便重新闭上了眼眸，那副神游天外的模样。
但是林枫的内心，几乎就要乐开了花！
哈哈哈！漂亮啊！
不过是顺手祛除了比比东体内的罗刹神念，这娘们居然就感动得跪地！
这效果，简直绝了！
想来这个金色传说级别的超级韭菜也彻底稳了！"
第76章 救你脱离苦海？不，你只是中奖了而已！,https://www.biquh.com/678_678189/65698608_5.html,"
林枫强忍着内心的狂欢，表面依旧维持着那副高深莫测的神仙模样。
随机奖励？
比比东缓缓起身，那双重归清明的眸子里闪过一丝迷茫。
她刚才经历的那种灵魂洗涤般的蜕变，在这位神秘前辈眼中，竟然只是一个随机奖励？
那么，他真正的神通，又该恐怖到何种地步？
一想到这里，比比东心中对林枫的敬畏，再次攀升到了一个新的高度。
而周围的其他人，此刻更是震撼得无以复加。
金鳄斗罗那双浑浊的老眼死死盯着林枫，整个人如遭雷击。
随机奖励？
刚才那种轻松抹除神念，改变一个人灵魂本质的恐怖手段，在这个男人眼中，竟然只是随机奖励？
那他的真正实力，又该达到何种匪夷所思的境界？
“前辈的神恩如海。”
胡列娜适时上前，声音中带着浓浓的虔诚。
“能获得前辈的随机恩赐，已是天大的福分。”
她这话，既是在替林枫圆场，也是在提醒所有人——
眼前这位的强大，已经超越了他们的理解范畴。
这时，降魔斗罗几乎是疯狂地将盘中最后两块肉一股脑塞进嘴里。
他一边快速吞咽，一边手忙脚乱地从魂导器中掏钱。"
第76章 救你脱离苦海？不，你只是中奖了而已！,https://www.biquh.com/678_678189/65698608_6.html,"
金魂币哗啦啦地倒了一桌子，他甚至顾不上数清楚数量，只是用颤抖的手胡乱推成一堆。
“结账！结账！”
降魔斗罗的声音都有些走调，眼中闪烁着一种近乎病态的狂热。
只能说，这家伙始终没有忘记自己来枫染亭的真正目的。
不是为了什么供奉殿的任务，而是为了这份足以改变命运的神迹！
林枫透过微眯的眼缝，将降魔斗罗这副迫不及待的丑态尽收眼底。
心中忍不住偷笑。
看看这觉悟！
果然，真正的韭菜都有一颗上进的心啊！
看到降魔斗罗那急切模样，胡列娜的眉头皱了皱，但很快便被神圣的使命感所取代。
她上前一步，姿态优雅地将那堆杂乱无章的金魂币拂过。
“承惠，盛惠四万一千金魂币。”
伴随着她的话音，桌上那堆金币也消失一部分。
降魔斗罗对此毫不在意，他的一双眼睛，如同两颗烧红的烙铁，死死地盯着摇椅上那道身影。
与此同时，林枫的脑海中，系统的提示音如约而至。"
第77章 堂堂供奉斗罗，出门吃饭竟忘带钱包！,https://www.biquh.com/678_678189/65698609.html,"
【叮！消费：41000金魂币。】
【系统评价：这根老韭菜倒是挺上道，一心求强不玩虚的，比某个爱装逼的菊花强多了。】
【随机奖励：武魂品质提升——盘龙棍进化为上古神龙棍！】
【宿主奖励：美食积分4100点。】
林枫眼皮都没抬一下，心中却乐开了花。
哟呵，这老头还挺豪爽，直接砸了四万多！
这买卖，简直不要太爽！
下一秒。
一道淡金色的金芒，从林枫指间悄然弹出，准确无误地没入了降魔斗罗体内。
轰——！！！
降魔斗罗的身躯猛地一震！
他的武魂，那柄陪伴了他不知多少年的盘龙棍，在这一刻竟是不受控制的浮现在他的背后，并且开始疯狂颤抖！
一股远古洪荒的气息，从武魂深处苏醒！
“吼——！！！”
一头通体金辉的巍峨龙影，竟是撕裂了空间，降临于此。
它不是实体。
却比任何实体都更加真实！
金色的神辉，是它的血肉。"
第77章 堂堂供奉斗罗，出门吃饭竟忘带钱包！,https://www.biquh.com/678_678189/65698609_2.html,"
浩瀚的星辰，是它的眼眸。
那股威压，甚至超越了魂力的范畴，直接作用于在场所有人的灵魂本源！
“吼——！”
一声龙吟，并非响起于耳边，而是直接在每一个人的精神之海中，轰然炸响！
也就在这一瞬！
始终在旁观战，自诩见过大世面的拓跋希，身体猛地一僵！
他体内的血脉，在燃烧！
他引以为傲的神圣巨龙武魂，竟是不受控制地破体而出！
那同样威严的巨龙，此刻却没有半分战意。
它的头颅，竟是微微低下。
那是一种源自血脉最深处的……臣服！
是对更高位阶存在的，本能的……敬畏！
自己的神圣巨龙，在这头新生的神龙面前，竟连与之争锋的资格都没有？！
拓跋希的瞳孔，剧烈收缩！
而那道贯穿天地的巨龙虚影，最终发出一声满足的龙吟，化作一道流光，悍然冲入了降魔斗罗背后的盘龙棍之中！
嗡——！
盘龙棍疯狂震颤，其上的龙纹仿佛活了过来，发出了阵阵低吼！"
第77章 堂堂供奉斗罗，出门吃饭竟忘带钱包！,https://www.biquh.com/678_678189/65698609_3.html,"
降魔斗罗呆呆地感受着体内那股翻天覆地的力量。
他能清晰地感知到。
他的武魂，已经不再是盘龙棍。
它，拥有了真正的“龙魂”！
这是质变！
是生命层次的跃迁！
砰——！
他直接单膝跪地！
右手颤抖着放在心口前，眼中满含热泪！
“前辈大恩，降魔此生难忘！”
他的声音嘶哑，却充满了发自肺腑的感激！
这一跪，不是屈辱！
而是对真正强者的臣服！
金鳄斗罗等人看着这一幕，心中的震撼已经无法用言语形容。
随手一弹，就能让武魂进化？
回去得想法子劝劝大供奉，让他放弃敌视这位店主了，因为，这可是一尊真神啊！
而林枫，依旧是那副云淡风轻的模样。
甚至还打了个哈欠。"
第77章 堂堂供奉斗罗，出门吃饭竟忘带钱包！,https://www.biquh.com/678_678189/65698609_4.html,"
“不必多礼。”
他的声音平淡如水。
“这是你自己抽中的奖励罢了。”
随后，林枫那淡漠的目光，如同拂过尘埃般，轻飘飘地落在了剩下的金鳄、青鸾、光翎三人身上。
仿佛他们不是屹立于大陆之巅的超级斗罗。
而是排着队，等待领取救济粮的凡人。
青鸾斗罗深吸一口气，同样取出大量金魂币，“前辈，结账。”
林枫的脑海中，系统的声音再次响起，带着一丝调侃的意味。
【叮！消费：40000金魂币。】
【系统评价：一只鸟，配一阵风，合情合理。这根韭菜的属性倒是挺搭，奖励起来也省事。】
【随机奖励：极致之风。】
【宿主奖励：美食积分4000点。】
林枫淡淡抬手。
那动作轻描淡写，仿佛在驱赶一只蚊蝇。
“你的奖励。”
他的声音依旧那般云淡风轻，仿佛在宣告一个微不足道的事实。
“极致之风。”"
第77章 堂堂供奉斗罗，出门吃饭竟忘带钱包！,https://www.biquh.com/678_678189/65698609_5.html,"
话音刚落。
青鸾斗罗的瞳孔猛地收缩！
一股无形的力量，如同天地初开时的第一缕清风，悄无声息地融入了她的体内。
但这不是普通的风。
这是诞生于混沌之初，足以撕裂空间、切断时光的——极致之风！
轰！
青鸾斗罗的武魂不受控制地显现而出。
那只原本优雅高贵的青鸾，此刻竟发出一声震撼天地的啼鸣！
它的羽翼上，开始有青色的风刃凝聚。
每一片羽毛，都仿佛化作了最锋利的神兵利器！
“这…这是…”
青鸾斗罗颤抖着抬起手。
他能清晰地感觉到，自己对“风”的理解，已经达到了一个前所未有的高度！
砰！
他毫不犹豫地单膝跪地。
“前辈恩德如山，青鸾铭记于心！”
还不等林枫做出什么反应，一道略显青涩的声音便在死寂中响起。
“那个…”"
第77章 堂堂供奉斗罗，出门吃饭竟忘带钱包！,https://www.biquh.com/678_678189/65698609_6.html,"
所有人的目光瞬间聚焦过去。
只见光翎斗罗那张少年般的脸上，此刻满是尴尬的神色。
他尴尬地挠了挠头，声音小得像蚊子叫。
“三哥，能不能…借我点钱？”
“我…我忘记带魂导器了。”
话音落下，整个枫染亭陷入了一种诡异的安静。
见状，原本还沉浸在获得极致之风激动中的青鸾斗罗，脸上的兴奋瞬间凝固。
那张清冷如霜的面容，此刻满头黑线。
“光翎！”
青鸾斗罗的声音带着一丝咬牙切齿的无奈。
“又不是小孩子了，你能不能不要总是这么毛毛躁躁的？！”
其他封号斗罗见状，也是纷纷扶额。
金鳄斗罗那张古井无波的老脸，此刻也忍不住抽搐了两下。
这个光翎，简直就是个长不大的老顽童！
明明都是同为供奉殿的，怎么差距就这么大呢？
而一旁的胡列娜，看着这群平日里威震大陆的超级斗罗们，此刻却像普通人一样互相吐槽的模样。
眼中不禁闪过一丝好笑。"
第77章 堂堂供奉斗罗，出门吃饭竟忘带钱包！,https://www.biquh.com/678_678189/65698609_7.html,"
果然，在前辈面前，什么封号斗罗，什么绝世强者。
都不过是一群等待神恩的凡人罢了。
林枫透过微眯的眼缝，将这一幕尽收眼底。
不过这光翎忘带钱包，这不是白嫖吗？
林枫内心的商人本能瞬间觉醒，眼神变得危险起来。
想在我店里白嫖？
门都没有！
就在林枫准备开口“提醒”一下光翎斗罗时。
青鸾斗罗虽然嘴上抱怨，但动作却毫不含糊。
他从魂导器中取出一袋金魂币，略显无奈地推向胡列娜。
“真是拿你没办法。”
“这是光翎那份的饭钱。”
光翎斗罗顿时眼睛一亮，如获大赦。
“三哥，你真好！我就知道你最疼我了！”
“等回到供奉殿，我一定把钱还给你！”
青鸾斗罗冷哼一声。
“下次再这样，我可不管你了。”"
第78章 神明面前求玩具？这斗罗脑子被门夹了！,https://www.biquh.com/678_678189/65704882.html,"
林枫托着下巴，那双慵懒的目光落在了光翎斗罗那张略显稚嫩的脸上。
他嘴角勾起一抹似笑非笑的弧度，声音里听不出喜怒。
“本以为那个浪费食物的菊花，已经够有胆量了。”
“没想到，还有你这种敢不带钱，就来我这吃饭的勇士。”
这话说得轻飘飘，却让在场所有人，尤其是金鳄斗罗，心头猛地一跳！
但光翎斗罗却浑不在意，反而嘿嘿一笑，亲昵地一把揽住身旁青鸾斗罗的肩膀，像个找到了靠山的孩子。
“前辈说笑了，我这不是有三哥嘛！”
“他就是我的移动金库！”
青鸾斗罗那张清冷的脸瞬间黑如锅底，恨不得当场把这个活宝的脑袋按进桌子里。
林枫闻言，不置可否地点了点头，似乎认可了这种说法。
他正准备按照流程，随手“抽取”一份奖励打发了事。
可就在这时，光翎斗罗却突然举起手，像是学堂里抢着回答问题的孩童，急切地开口了：
“等等！前辈！”
“那个，我的奖励，能不能换一种类型？”
此言一出，全场死寂！
鬼斗罗的眼珠子都快瞪出来了！
青鸾斗罗更是气得浑身发抖！
就连刚刚脱离苦海，心境一片澄澈的比比东，都投来了难以置信的目光。"
第78章 神明面前求玩具？这斗罗脑子被门夹了！,https://www.biquh.com/678_678189/65704882_2.html,"
换一个？
神明的恩赐，岂是你可以讨价还价的？！
降魔斗罗更是扼腕捶胸，恨不得替他去领了这份天大的机缘！
然而，光翎斗罗接下来的话，更是让所有人怀疑自己的耳朵是不是出了问题。
他挠了挠头，脸上带着一丝不好意思，又充满了无尽的期盼。
“我感觉打打杀杀的太没意思了，实力够用就行。”
“前辈能不能……赏我一个好玩的东西？”
“就是那种，能让我解闷的，越有趣越好！”
话音落下。
整个枫染亭，连空气都仿佛凝固了。
好，好玩的东西？
金鳄斗罗张了张嘴，一个字也说不出来，只觉得一股气血直冲天灵盖。
我们在这里追求那虚无缥缈的至高境界！
你小子……居然在求神赐予一个玩具？！
就在气氛诡异到极点时，林枫的脑海中，响起了系统那熟悉的的声音。
【叮！消费：36000金魂币。】
【系统评价：嚯，这韭菜堆里倒是出了个奇行种。别人都在卷生卷死求飞升，他倒好，一心只想躺平找乐子。不过……这种纯粹为了快乐而消费的客户，才是最优质的韭菜啊！本系统准了！】"
第78章 神明面前求玩具？这斗罗脑子被门夹了！,https://www.biquh.com/678_678189/65704882_3.html,"
【随机奖励已生成……】
林枫嘴角的弧度，愈发玩味。
有趣。
他缓缓抬起手，左手伸出，右掌覆盖其上，双掌之间涌出无尽寒流。
“如你所愿。”
当林枫话音落下，他也适时打开合在一起的手掌。
没有惊天动地的金光，也没有毁天灭地的威压。
只有一抹纯净到极致的冰蓝色光点，从林枫的掌心悠然飞出，飘落到光翎斗罗的面前。
咔嚓——
光点周围的空气，温度骤降，竟凝结出片片晶莹的冰花！
下一秒，光芒绽放！
一只通体由冰晶雕琢而成，巴掌大小，翎羽绚烂的凤凰，凭空出现！
它扑扇着剔透的翅膀，发出一声清脆悦耳的啼鸣，好奇地歪着脑袋，打量着目瞪口呆的光翎斗罗。
那股气息，虽然在封号斗罗面前不太够看，但也已经达到了七万年的层次！
可它身上，却没有半分魂兽的戾气，反而充满了灵动与纯粹。
那是一只七万年的冰风凰魂灵！
既是拥有毁天灭地潜力的战斗伙伴！
也是一个独一无二的“玩伴”！"
第78章 神明面前求玩具？这斗罗脑子被门夹了！,https://www.biquh.com/678_678189/65704882_4.html,"
“哇——！！！”
光翎斗罗的眼睛，瞬间亮得像两颗太阳！
他小心翼翼地伸出手，那只冰风凰竟毫不怕生，亲昵地落在了他的指尖，用小脑袋蹭了蹭他的手指。
“好漂亮！好可爱！”
“三哥你看！它还会蹭我！它喜欢我！”
光翎斗罗此刻就像一个得到了梦寐以求礼物的孩子，抱着那只冰风凰摇头晃脑，所有的激动与喜悦都写在了脸上，哪里还有半分封号斗罗的威严。
看着这一幕，青鸾斗罗扶着额头，无奈地叹了口气，但嘴角，却也忍不住勾起了一丝连自己都没察觉到的笑意。
而金鳄斗罗，则是彻底石化当场。
他的世界观，在今天，被反复碾碎，又反复重塑。
原来，神明的恩赐，真的可以这么随心所欲吗？
不对！
所有人的瞳孔同时收缩到针尖大小！
他们终于意识到一个让灵魂都为之颤栗的事实——
林枫刚才，竟然凭空创造了一个生命！
那不是变出来的！
不是从某个地方召唤来的！
而是真正意义上的，无中生有的创造！"
第78章 神明面前求玩具？这斗罗脑子被门夹了！,https://www.biquh.com/678_678189/65704882_5.html,"
创造生命！
这已经超越了“强者”的概念！
k恐怕，这是只有传说中的创世之神才拥有的权柄！
金鳄斗罗那张千年不变的古井无波面容，此刻早已因震惊而扭曲。
创造生命？
哪怕是传说中的天使之神，都绝无可能做到！
“这…这…”
青鸾斗罗的声音在颤抖，他那向来清冷的眸子里，此刻写满了无法掩饰的惊骇。
降魔斗罗更是直接瘫软在椅子上。
他刚才还在为自己的武魂进化而狂欢。
可现在才明白，那根本算不上什么！
眼前这位的存在，已经超越了他们理解的一切范畴！
比比东那双重归清明的眸子，死死盯着那只在光翎斗罗手中嬉戏的冰风凰。
她的心脏疯狂跳动。
作为罗刹神的传承者，她比任何人都清楚“创造生命”这四个字意味着什么。
那是连神祇都要仰望的伟力！
朱竹云的娇躯轻颤。
她忽然明白，自己侍奉的，究竟是何等层次的存在。"
第78章 神明面前求玩具？这斗罗脑子被门夹了！,https://www.biquh.com/678_678189/65704882_6.html,"
神？
不！
眼前这位，恐怕已经超越了神的概念！
位于更高、更不可测的境界！
一瞬间，店内众人看向林枫的目光，不再是敬畏。
而是一种近乎宗教般的狂热崇拜！
那是凡人面对造物主时，灵魂深处涌出的最原始敬仰！
但是林枫的内心，则是已经发出了土拨鼠般的嘶吼了。
啊啊啊——！！！
你们踏马的到底又脑补了什么！？
能不能正常点！
可他偏偏还得维持着这副高深莫测的神仙模样。
装逼一时爽，持续装逼持续爽。
但装久了，真的很累啊！
但表面上，林枫还是那种对一切都不感兴趣的模样，转头看向金鳄斗罗。
那眼神就好似在说，你丫还抽不抽奖了？"
第79章 比比东红着脸：前辈，我还没吃饱！,https://www.biquh.com/678_678189/65704883.html,"
终于，轮到他了。
金鳄斗罗那颗早已古井无波的心，此刻狂跳如擂鼓。
他看着降魔斗罗身上那尚未完全收敛的神龙气息。
看着青鸾斗罗指尖萦绕的、那缕足以切割万物的极致之风。
又看着光翎斗罗怀中那只活生生的、由神明凭空创造出的冰风凰。
最后，他的目光落在了那个刚刚从地狱被拉回人间，重获新生的比比东身上。
每一个，都是神迹。
每一个，都足以颠覆他数百年的认知。
金鳄斗罗深吸一口气，那口气仿佛抽干了他身上最后的一丝属于九十八级斗罗的傲慢。
他缓缓站起身。
那动作，沉重如山。
他没有将钱袋递给一旁的胡列娜，而是迈着无比沉重的步伐，一步一步，走到了柜台前。
哗啦——
装满了四万五千金魂币的钱袋，被他无比郑重地，放在了林枫手边的柜面上。
这个动作，充满了象征意义。
他绕过了“神使”，选择直接向“神明”献上自己的祭品。
而后。
在全场死寂的注视下。"
第79章 比比东红着脸：前辈，我还没吃饱！,https://www.biquh.com/678_678189/65704883_2.html,"
这位武魂殿的二供奉，活了近千年的存在，对着那道慵懒的身影，深深地，将自己那颗高傲的头颅，低了下去。
“求前辈成全！”
这一句话，几乎耗尽了他所有的力气。
声音嘶哑，却带着孤注一掷的决然！
林枫心中了然。
啧，一个被卡在九十八级一百多年的老家伙，执念确实够深的。
原著里到死都没能跨过那道坎，也算是个可怜人。
不过，可怜归可怜，韭菜的价值才是最重要的。
也就在这时，系统那带着一丝算计的悦耳女声，在他脑海中响起。
【叮！消费：45000金魂币。】
【系统评价：哼，总算来了个目标明确的。不像前面那个要玩具的傻鸟，一点追求都没有。这根老韭菜困了一百年，执念够深，榨起来汁水肯定足！投资回报率极高，本系统准了！】
【随机奖励已生成……】
林枫依旧靠在摇椅上，只是换了个更舒适的姿势。
他随意一瞥，视线落在了满面虔诚的金鳄斗罗身上。
“你的执念，我听到了。”
话音落下。
他伸出一根手指，对着金鳄斗罗的方向，轻轻一点。"
第79章 比比东红着脸：前辈，我还没吃饱！,https://www.biquh.com/678_678189/65704883_3.html,"
没有金光。
没有神威。
只有一缕微不可查的，仿佛不存在于这个世界的光点，从他指尖飞出。
那光点，慢悠悠地，飘入金鳄斗罗的眉心。
轰！！！
金鳄斗罗的身躯，猛地一震！
他没有感受到任何力量的增长。
但他的灵魂深处，却传来了一声清脆到极致的……破碎声！
咔嚓——
那是一道困锁了他整整一百年，让他日夜煎熬，精进不能的无形枷锁！
此刻，碎了！
前路，通了！
那传说中遥不可及的九十九级绝世之境，在这一刻，不再是镜中花，水中月！
而是一条清晰可见，只要抬脚就能踏上去的康庄大道！
“我，我……”
金鳄斗罗猛地抬起头，那双浑浊的老眼中，两行滚烫的泪水，不受控制地夺眶而出！
他等这一天，等得太久了！
砰！！！"
第79章 比比东红着脸：前辈，我还没吃饱！,https://www.biquh.com/678_678189/65704883_4.html,"
他双膝重重跪地，额头死死磕在冰冷的地板上，发出了沉闷的巨响！
他没有再多说一个字。
因为任何言语，在这样的神恩面前，都显得苍白无力！
他只是重重地，磕了三个响头。
而后，这位武魂殿的二供奉，竟是毫不犹豫地转身，用平生最快的速度，冲出了枫染亭！
他要回去！
他要立刻闭关！
他要踏出那梦寐以求的最后一步！
看着那道消失在门外的背影，整个饭店，落针可闻。
所有人都明白。
用不了多久。
这片大陆，即将诞生一位新的，九十九级绝世斗罗！
剩下的三位供奉也是同时回过神来追了出去。
其中光翎斗罗还大喊着：“二哥！你等等我们啊！”
然而，就在他们即将跨出店门的那一刹那，三人又想起了什么，齐刷刷一个急刹车，随后转过头来对着林枫行礼。
而后才化作三道流光消失。
他摆了摆手，声音淡漠得仿佛一阵风。"
第79章 比比东红着脸：前辈，我还没吃饱！,https://www.biquh.com/678_678189/65704883_5.html,"
“今日到此为止。”
“不送。”
鬼斗罗等人闻言，不敢有丝毫迟疑，再次恭敬行礼后，迅速退出了这片让他们灵魂都为之颤栗的神域。
很快，大堂内便只剩下林枫，以及他那三位身份各异的“员工”，以及还未回过神的比比东。
他长长地伸了个懒腰，骨节发出一连串细微的脆响。
笼罩在整个饭店内的，那股足以让神明都为之窒息的无形威压，也随之烟消云散。
取而代之的，是一种近乎凡俗的、温暖的烟火气。
林枫的目光，扫过店内仅剩的三位员工，那张万年不变的“神明脸”上，终于勾起一抹真正意义上的，带着些许暖意的微笑。
“今天都辛苦了。”
“晚饭，想吃点什么？”
一句话，让朱竹云那颗始终紧绷的心脏，猛地一跳！
几乎是在林枫话音落下的瞬间，还不等身旁的胡列娜做出任何反应，朱竹云便抢先一步，微微躬身。
她的声音里，带着一丝恰到好处的、小猫般的乖巧与崇拜。
“只要是前辈做的，竹云都爱吃！”
说完，她还带着一丝期盼，悄悄抬眼，飞速地瞥了一眼林枫。
林枫似乎是被她这副急切的模样逗乐了，嘴角笑意更浓，对着她，微不可查地，轻轻颔首。
仅仅只是一个点头。
朱竹云却感觉一股比任何魂力灌体都要汹涌的热流，瞬间冲遍了四肢百骸！"
第79章 比比东红着脸：前辈，我还没吃饱！,https://www.biquh.com/678_678189/65704883_6.html,"
她整个人激动得几乎要颤抖起来！
前辈对我笑了！
一旁的胡列娜，将这一切尽收眼底，那双妩媚的狐狸眼眸光微凝，心中警铃大作。
这个女人，果然不简单！
林枫没有在意员工间的小小内卷，转身便准备进入后厨，为自己的三个小员工，准备一顿真正意义上的“员工餐”。
就在这时。
一道带着几分迟疑与脆弱，却依旧难掩其本身高贵的女声，自身后响起。
“前辈！”
林枫脚步一顿。
他回过头，只见比比东那张褪去了所有煞气与疯狂的绝美脸庞上，竟是浮现出一抹罕见的红晕。
那是一种，属于凡俗女子的羞赧。
“我……我刚才……”
比比东贝齿轻咬红唇，似乎有些难以启齿。
“我刚才，还没有吃饱。”
“现在，还能再用一餐吗？”
此话一出，林枫的动作停住了。
但他并没有直接回答。"
第79章 比比东红着脸：前辈，我还没吃饱！,https://www.biquh.com/678_678189/65704883_7.html,"
那双深邃的眸子，只是平静地，转向了一旁的胡列娜，递过去一个眼神。
神，无需亲自解释规则。
胡列娜瞬间心领神会！
“教皇冕下。”
“枫染亭有铁律。”
“在一般情况下，任何客人，一天都只能在此享用一餐。”
轰！！！
胡列娜的话，如同一道雷霆，狠狠劈在了比比东的灵魂之上！
她那双刚刚重归清澈的琉璃眼眸，瞬间瞪大！
那好不容易才感受到的一丝温暖，那份足以将她从无尽深渊中拉扯出来的“幸福”。
一天，只能享用一次？
那份能洗涤她灵魂的救赎，竟然是限量的？！"
第80章 堂堂教皇，竟被一顿家常菜馋哭了！,https://www.biquh.com/678_678189/65708165.html,"
比比东不知道自己是怎么走出的枫染亭。
当武魂城那冰冷的夜风，吹拂在她那张褪去了所有疯狂与煞气的绝美脸庞上时，她才如梦初醒。
灵魂被净化的空虚感，如同潮水般将她淹没。
整个世界，仿佛都变成了黑白色。
唯有身后那扇门缝里，透出的那抹温暖的橘色灯光，以及那隐隐传来的，食物的香气与少女的欢笑声，才是这片灰白天地中，唯一的色彩。
鬼使神差地，她回过头。
仅仅一眼。
她的呼吸，便彻底停滞。
那道慵懒的身影，此刻就坐在那张她刚刚坐过的桌边。
但他的身上，再无半分面对她们这些“客人”时的淡漠与疏离。
嘴角噙着一抹淡淡的，却足以融化世间一切冰雪的温柔笑意。
桌上摆着的，并非什么神光流转的菜肴，只是几盘冒着腾腾热气的家常小炒。
可那股名为“幸福”的烟火气，却比她刚才吃下的那份“涤尘静心之餐”，还要浓郁百倍，千倍！
胡列娜正巧笑嫣然地，为他夹起一块晶莹的肉片，那姿态，自然得仿佛已经做过千百次，眼中的崇拜与爱慕，几乎要满溢出来。
而另一边。
那个在她眼中工于心计的朱竹云，正用一种近乎虔诚的姿态，为他添上一杯热茶，嘴角噙着一抹发自内心的、满足的微笑。
就连那个一直沉默寡言，如同木偶般的朱竹清，此刻也安静地坐在对面，小口吃着饭，那双清冷的眸子里，竟也染上了一丝暖意。
那不是神明与信徒。"
第80章 堂堂教皇，竟被一顿家常菜馋哭了！,https://www.biquh.com/678_678189/65708165_2.html,"
那分明是“一家人。”
一个她永远也无法融入的，温暖的家。
这一刻，比比东终于明白了。
她刚才花了两万八千金魂币买到的，仅仅是一份食物。
而眼前这幅画面里所蕴含的，那份她穷尽一生去追寻，却又被她亲手毁灭的东西……
不卖。
一滴滚烫的泪，悄无声息地，从她那双重归清澈的琉璃眼眸中，滑落。
这一次。
不是为了仇恨，不是为了执念。
而是为了，那份近在咫尺，却又遥不可及的，名为“幸福”的光。
咕——
一声轻微的、却无比清晰的声响，从比比东的小腹处传来。
她那双重归澄澈的琉璃眼眸，微微一滞。
这位曾经让整片大陆都为之颤抖的教皇，下意识地，伸出那只白嫩玉手，轻轻捂住了自己的小腹。
那里，正传来一阵她已经数十年没有感受过的，属于凡人的饥饿感。
可她知道。
真正饥饿的，不是她的胃。"
第80章 堂堂教皇，竟被一顿家常菜馋哭了！,https://www.biquh.com/678_678189/65708165_3.html,"
而是那颗空空如也，荒芜得可怕的心。
最终，比比东还是不舍的转身，缓慢的走进那片属于她自己的，无边的黑暗之中。不知过了多久，那顿丰盛的“员工餐”已经接近尾声。
林枫靠在椅背上，看着眼前三个心满意足的女孩，终于勾起一抹真正意义上的，带着些许暖意的微笑。
他懒洋洋地打了个响指。
“对了。”
“差点把正事忘了。”
林枫这随口一提的模样，让三女都有些茫然地抬起头。
正事？
胡列娜眨了眨那双妩媚的狐狸眼，忽然想起了什么，呼吸猛地一滞！
“前辈……您是说……”
“没错。”
林枫点了点头，嘴角噙着一抹意味深长的笑意。
“你们作为本店第一批入职的员工，总得有点福利。”
“算是……新人大礼包吧。”
话音落下。
林枫只是随意地，对着面前的空地，轻轻一挥手。
就仿佛变戏法一般。
三株形态各异，却无一不散发着令人灵魂都为之颤栗的恐怖药力的仙品，凭空浮现在了三女面前！"
第80章 堂堂教皇，竟被一顿家常菜馋哭了！,https://www.biquh.com/678_678189/65708165_4.html,"
胡列娜面前的，是一株通体血红的奇花。
花瓣层层叠叠，既像燃烧的烈焰，又如泣血的玫瑰，妖异而瑰丽，一股能魅惑众生心神的奇异芬芳，悄然弥漫。
朱竹清面前的，则是一株仅有三寸来高的奇异植物。
它通体漆黑，宛如最纯净的黑水晶雕琢而成，叶片细密，带着猫耳般的绒毛质感。
植株顶端，托着一朵近乎透明的银白色昙花。
花瓣薄如蝉翼，边缘处仿佛有液态的月光在缓缓流淌，清冷而高洁。
而摆在朱竹云面前的，最为诡异。
它没有叶片，只有一根漆黑如墨的茎秆，仿佛能吞噬周围一切光线。
茎秆的顶端，绽放着一朵奇异的单瓣花。
花瓣呈现出半透明的深灰色，在实体与虚幻之间不断闪烁，花蕊处，则是一点深邃到足以让灵魂都为之沉沦的幽光。
“绯焰惑心玫。”
“月魄流光昙。”
“幽影遁形花。”
林枫的声音淡然响起，仿佛在介绍路边的三朵野花。
“现在，它们归你们了。”
朱竹云和朱竹清姐妹二人，呼吸几乎停滞。
她们虽然不识得这些仙草，但体内那源自幽冥灵猫的武魂，却在疯狂地、不受控制地颤栗！"
第80章 堂堂教皇，竟被一顿家常菜馋哭了！,https://www.biquh.com/678_678189/65708165_5.html,"
那是一种源自血脉最深处的渴望！
是生命层次即将跃迁前的，最原始的悸动！
仿佛只要吞下眼前的“花”，她们就能挣脱宿命的枷锁，踏入一个全新的天地！
“仙……仙品！”
终究是见识更广的胡列娜，最先打破了死寂。
她的声音颤抖得不成样子，那双妩媚的狐狸眼里，充满了无尽的骇然与狂热！
朝着林枫的方向轻轻垂首，激动道：
“谢前辈神恩！”
姐妹二人见状，如梦初醒，也慌忙跟着低头，几乎是下意识地将面前的仙草死死抱在怀里，生怕这只是一场梦境，下一秒就会烟消云散。
看着三女那副失态的模样，林枫不免摇头失笑。
他摆了摆手，用一种玩笑似的语气说道：
“行了，都回去吧。”
“明天记得准时上班，迟到了，可就没早餐吃了。”
“是！”
三女恭敬应声，小心翼翼地起身，准备退下。
就在这时，林枫那淡漠的目光，却忽然落在了朱竹云的身上。
“竹云。”
朱竹云的娇躯猛地一僵！"
第80章 堂堂教皇，竟被一顿家常菜馋哭了！,https://www.biquh.com/678_678189/65708165_6.html,"
一股难以言喻的狂喜与燥热，瞬间从她心底升起，冲遍四肢百骸！
前辈单独叫我了！
难道……前辈看出了我的努力与野心，要给我什么特殊的提点？
又或者，是需要什么……只有我才能完成的“特殊服务”？
朱竹云的心跳，瞬间加速到极限，她强压着内心的激动，用一种自认为最妩媚动人的姿态，恭敬应道：
“前辈，我在！”
林枫却只是丢下了一句云淡风轻的话。
“你把后厨的盘子洗了再走。”
“……”
一瞬间，朱竹云脸上的期待与火热，彻底凝固。
“噗嗤——”
一旁的胡列娜，再也忍不住，发出一声清脆的笑声，那双狐狸眼里，满是胜利者般的揶揄与得意。
然而，朱竹云的尴尬，只持续了不到半秒。
她猛然惊醒！
洗盘子？
不！
这绝不是简单的洗盘子！"
第80章 堂堂教皇，竟被一顿家常菜馋哭了！,https://www.biquh.com/678_678189/65708165_7.html,"
前辈这是在敲打我，让我戒骄戒躁，从最基础的地方，去体会神之领域的法则！
这是独属于我的试炼！
是前辈对我另眼相看的证明！
总有一天，前辈的身旁，只会留下我一人。
为他……
献上那真正意义上的，独一无二的……特殊侍奉！
想通了这一点，朱竹云心中的所有失落瞬间烟消云散，取而代之的，是一种前所未有的、被委以重任的狂热与荣幸！
她深深地，将头低了下去，声音中充满了无尽的虔诚与坚定。
“是！”"
第81章 朱竹清退学，赵无极动手被反伤。,https://www.biquh.com/678_678189/65708166.html,"
史莱克学院，那间破旧的女生宿舍里，光门如水波般散去。
朱竹清的身影，重新出现在这片熟悉又陌生的空间。
熟悉的，是那简陋的陈设。
陌生的，是她的心境。
曾经压得她喘不过气的沉重与绝望，此刻早已烟消云散，取而代之的，是前所未有的希望与力量。
她摊开手掌，那株名为“月魄流光昙”的仙品，正静静散发着清冷而圣洁的光辉，宛如掌中握着一捧皎洁的月光。
正当她准备寻一处静地，将这份神恩彻底化为己有时，房门却“吱呀”一声，被人从外面推开了。
宁荣荣探进头来，当看清是朱竹清时，那张俏丽的脸上写满了夸张的惊讶。
“竹清？你居然在宿舍？”
朱竹清清冷的眸子微抬，看着这个自来熟的少女，并未言语。
“你可不知道！”
宁荣荣像是倒豆子般，嘻嘻哈哈地说道：“今天早上弗兰德院长点名，发现你不见了，那脸黑得跟锅底一样！带着我们所有人，都快把后山翻遍了！”
原来如此。
朱竹清心中了然，却无半分解释的欲望。
无视了还在喋喋不休的宁荣荣，她径直走出宿舍，迎面便看到了广场上聚集的史莱克众人。
他们的脸上，还带着寻人未果的焦躁与不耐。
见到朱竹清的身影，弗兰德那压抑了一整天的怒火，瞬间找到了宣泄口。
“朱竹清！”"
第81章 朱竹清退学，赵无极动手被反伤。,https://www.biquh.com/678_678189/65708166_2.html,"
他厉声呵斥，声音尖锐：“你还知道回来？！无故缺席集训，你眼里还有没有学院的规矩！你是不是不想待了？！”
最后这句话，反而像一道闪电，点醒了朱竹清。
她环顾四周。
这堪称贫民窟的学院环境，那粗暴低效的斗魂训练，以及戴沐白那让她作呕的眼神。
是啊。
自己留在这里，除了浪费时间，还能得到什么？
她抬起头，那双清冷的眸子，第一次如此平静地直视着弗兰德。
“院长。”
“我，朱竹清，自愿退出史莱克学院。”
声音不大，却清晰地传入每一个人耳中，仿佛在平静的湖面投下了一块巨石。
弗兰德有一瞬间的错愕，随即便被巨大的羞辱感所取代，怒极反笑。
“退出？朱竹清，你当史莱克是什么地方？菜市场吗？想来就来，想走就走？！”
他的目光转向一旁的戴沐白，语气变得阴冷。
“沐白！看住她！今天她要是敢踏出这个大门一步，我……”
弗兰德的话，朱竹清连听都懒得听完。
转身便走。
她不信，弗兰德会不知道她和戴沐白之间的关系。"
第81章 朱竹清退学，赵无极动手被反伤。,https://www.biquh.com/678_678189/65708166_3.html,"
此刻让戴沐白来“看住”自己，存的是什么心思，昭然若揭。
无非是想用这种方式恶心她，逼她就范，将她彻底捆死在史莱克这艘破船上。
“好个不知尊师重道的小辈！”
一声爆喝，脾气最为火爆的赵无极动了！
他隔空一掌拍出，雄浑的魂力化作金色熊掌，直扑朱竹清的后心！
这一掌，他留了力，意在教训，而非伤人。
但也足以让这个不知天高地厚的小丫头在床上躺几天，好好反省何为“规矩”！
身后恶风袭来，朱竹清心中一凛。
她万万没想到，史莱克学院，竟霸道至斯，一言不合，老师便对学生悍然出手！
她想躲，却已来不及。
然而，就在那金色熊掌即将触及她身体的瞬间。
她身上那套黑红相间的店员制服，骤然亮起一圈柔和却不容侵犯的圣光。
嗡——！
光芒一闪，赵无极那足以开碑裂石的一掌，竟如泥牛入海，消散得无影无踪。
紧接着，那圣光以更璀璨，更霸道的方式，凝聚成一道金色掌印，以更加强大的威势，悍然回敬！
“噗——！”
赵无极连反应的时间都没有，便被瞬间轰飞，狼狈地摔在地上，一口鲜血狂喷而出，眼神中充满了难以置信的惊骇！
全场，死寂。"
第81章 朱竹清退学，赵无极动手被反伤。,https://www.biquh.com/678_678189/65708166_4.html,"
所有人的目光，都死死地钉在朱竹清身上那件剪裁得体，线条流畅的奇特制服上。
那究竟是什么东西？！
朱竹清也呆愣了一瞬。
她下意识地伸出手，轻轻抚摸着身上那丝滑如水的布料。
嘴角，缓缓勾起一抹安心而又骄傲的弧度。
原来，即便离开了枫染亭，离开了那片神圣的领域。
作为店员的自己，也依然沐浴在“那位大人”的庇护之下吗？
她收回手，最后一次，冷冷瞥过史莱克众人那一张张惊愕的脸，再无留恋，抬步欲走。
可就在这时。
一道身影，踩着玄奥莫测的步伐，如鬼魅般，悄无声息地拦在了她的面前。
出乎朱竹清的预料，来者不是暴怒的弗兰德，也不是那个废物未婚夫戴沐白。
而是唐三。
他没有动手，甚至没有流露出任何敌意。
只是他的一双眼睛，此刻却亮得吓人，如同最贪婪的饿狼，死死地，灼热地，盯着朱竹清手中的“月魄流光昙”。
察觉到他的目标，朱竹清握着仙草的手，不禁紧了紧。
她清冷地开口。
“有事？”"
第81章 朱竹清退学，赵无极动手被反伤。,https://www.biquh.com/678_678189/65708166_5.html,"
唐三似乎这才从那株仙草带来的巨大震撼中回过神，他强行压下心中的狂喜与贪婪，挤出一个自认为温和的笑容。
“竹清同学，别误会。”
“你手里的这株奇花，太过罕见，能否……借我一观？”
说着，他竟真的伸出了手，似乎笃定对方无法拒绝。
朱竹清清冷的眸子里闪过一丝讥讽。
将神赐之物，交到他人手中？
她只是冷漠地将仙草护在怀里，用行动给出了最直接的回答。
唐三伸出的手，尴尬地停在半空。
他缓缓收回，笑容未变，但眼底深处，却有一丝阴霾一闪而过。
气氛，瞬间僵持。
就在这时，一道活泼的身影蹦蹦跳跳地跑了过来，正是小舞。
“哎呀，竹清，三哥只是想看看，又不会抢你的，别这么小气嘛！”
她天真烂漫地说着，竟真的伸手，要去抓朱竹清的手腕。
唰！
朱竹清的身形猛然暴退，拉开一个绝对安全的距离，一手紧攥仙草，另一只手的指尖，已弹出锋利的猫爪，摆出了迎击的姿态，眼神冰冷如刀。
看到朱竹清对小舞竟也如此防备。
唐三脸上的笑容，终于彻底消失。
一股无形的、冰冷刺骨的寒意，从他身上弥漫开来。"
第81章 朱竹清退学，赵无极动手被反伤。,https://www.biquh.com/678_678189/65708166_6.html,"
他的双手，几乎是本能地，轻轻搭在了腰间那名为“二十四桥明月夜”的魂导器上。
但下一秒，他的视线触及到朱竹清身上那件还残留着淡淡光晕的制服，想起了刚才赵无极的惨状，那股杀机又被他强行压了下去。
唐三终究还是压下了那股冲动，他抬起头，目光重新变得“温和”。
“抱歉，竹清同学，是小舞唐突了。”
“我只是想问，不知这等奇花，你是从何处得来？”
然而，他那细微的动作，早已被朱竹清尽收眼底。
信任，在这一刻荡然无存。
她只是丢下四个冰冷的字，便化作一道残影，彻底消失在史莱克学院的大门口。
“无可奉告。”"
第82章 比比东：开宝库！老娘要包月！,https://www.biquh.com/678_678189/65720556.html,"
朱竹清的身影彻底消失在学院门口，仿佛从未出现过。
死寂。
整个史莱克学院，陷入了死一般的寂静。
空气中，只剩下赵无极捂着胸口，压抑不住的咳嗽声。
唐三的脸色，阴沉得仿佛能滴出水来。
他死死攥紧双拳，指节因为过度用力而根根发白，发出“咯咯”的脆响。
脑海中，如同魔怔了一般，疯狂回放着那株“月魄流光昙”的绝美姿态。
玄天宝录中的记载，如同烙印般刻在他的灵魂深处！
那是仙品！
是足以让凡人脱胎换骨，逆天改命的仙品药草！
在他看来，这等夺天地造化的奇珍，本就该有德者居之！
而他，身负两世记忆，手握唐门绝学，身怀双生武魂，放眼整个大陆，除了他，还有谁配得上“有德者”这三个字？
凭什么？
那朱竹清，不过是史莱克天赋垫底之人，她何德何能，配得上这等神物？！
唐三越想越气，越想越觉得那是属于自己的东西被夺走了！
他猛地转头，目光灼灼地看向弗兰德。
“院长！”
他的声音带着一丝不容置疑的急切。"
第82章 比比东：开宝库！老娘要包月！,https://www.biquh.com/678_678189/65720556_2.html,"
“我请求，将明日为奥斯卡猎取魂环的计划，暂时延后！”
这一声，如同一块巨石砸入平静的湖面，瞬间将所有人从震撼中惊醒。
众人纷纷投来不解的目光。
“为什么啊，三哥？”
作为当事人的奥斯卡，第一个忍不住开口，脸上写满了失落和不解。
弗兰德、赵无极等人，也用询问的眼神死死盯着他。
唐三深吸一口气，强行压下心中的躁动，目光扫过众人，最终，带着一种悲天悯人的沉重和蛊惑，缓缓开口。
“小奥，你听我说。一个魂环，固然重要。但如果，有一个机会，能让我们所有人的实力都发生翻天覆地的变化，让我们史莱克成为大陆第一的学院，你愿意为此，稍作等待吗？”
他没有直接说出仙草，而是先将整个团队的利益，高高挂起。
随后，他才用一种充满诱惑，又带着无尽向往的语气，描绘了“天材地宝”的存在，以及那能让魂师脱胎换骨的恐怖功效。
“……像这种天材地宝，绝不可能单独出现！”
“它的生长之地，灵气必然浓郁到极致，那是一个遍地奇珍的宝地！一个足以让任何宗门都为之疯狂的宝地！”
唐三的声音充满了魔力，每一个字都在敲打着众人心中最原始的欲望。
“朱竹清，一定是无意中闯入了那样一个地方！”
“只要我们能找到她，或者顺着线索找到那个地方，我们史莱克所有人，都将迎来一场天大的机缘！每个人的实力，都将发生翻天覆地的变化！”
话音落下，空气中只剩下粗重的呼吸声。
所有人的眼中，都燃起了名为“贪婪”的火焰。"
第82章 比比东：开宝库！老娘要包月！,https://www.biquh.com/678_678189/65720556_3.html,"
“怪不得！那个该死的贱人！”
戴沐白猛地一拳砸在旁边的石柱上，石屑纷飞，他面目狰狞地低吼。
他之前甚至还在盘算着，痛改前非，重新追求朱竹清，重新将她纳入自己的掌控。
可现在他才明白！
对方得到这等逆天改命的宝贝后，竟敢毫不犹豫地与自己切割！
这个本该属于他的女人，竟然想带着这份机缘单飞？！
她眼里还有没有他这个星罗帝国的皇子！还有没有他们之间的婚约！？
只是戴沐白似乎完全遗忘了，是他自己先抛弃了婚约，将朱竹清一人置于死地。
“唐三。”
终究是老辣的弗兰德，最先从狂热中冷静下来，他死死盯着唐三，确认道：“你说的这一切，都是真的？”
唐三毫不犹豫，当场指天为誓。
“我唐三，若有半句虚言，天打雷劈！”
得到这句保证，众人心中最后的一丝疑虑也烟消云散。
就连原本还心心念念第三魂环的奥斯卡，此刻也激动得满脸通红。
一个魂环，和一片仙草宝地，孰轻孰重，他还是分得清的！
“好！”
弗兰德当机立断，眼中闪烁着财迷的精光。
“奥斯卡的魂环延后！戴沐白，唐三！你们两个，给我死死盯住朱竹清的动向！绝不能让她跑了！”"
第82章 比比东：开宝库！老娘要包月！,https://www.biquh.com/678_678189/65720556_4.html,"
“是！”
就在唐三沉声应下的瞬间，他的心脏猛地一抽。
一股莫名的、强烈的不安感，毫无征兆地涌上心头。
他冥冥之中感觉到，如果明天不去星斗大森林，自己将会永远地，失去一样无比重要的东西。
但，这种虚无缥缈的预感，在仙品宝地那巨大的诱惑面前，瞬间便被他抛到了九霄云外。
他眼中只剩下贪婪的火焰，坚定道：“是！院长！”
当然，弗兰德也不是傻子。
考虑到朱竹清身上那件极为古怪的衣服，弗兰德还是叮嘱二人，只需远远盯着即可。
......
而在史莱克众人被贪婪吞噬之时，数千里之外的武魂城，另一场风暴正在酝酿。
金碧辉煌的大殿，此刻在比比东眼中，却显得冰冷而又陌生。
这里的一砖一瓦，都曾是她权力的象征，是她复仇计划的基石。
可现在，这些东西，连同那至高无上的教皇宝座，都仿佛失去了所有的意义。
她缓缓坐到那张足以容纳数十人同时用餐的紫檀木长桌前。
很快，侍女们便战战兢兢地，将大陆上最顶级的食材，用最精湛的厨艺烹饪出的菜肴，流水般地端了上来。
每一道菜，都价值不菲。
每一道菜，都曾是她习以为常的日常。"
第82章 比比东：开宝库！老娘要包月！,https://www.biquh.com/678_678189/65720556_5.html,"
比比东拿起银质的刀叉，面无表情地，切下一小块龙鳞马的里脊肉，送入口中。
下一秒。
她的动作，停住了。
那双重归清澈的琉璃美眸中，闪过一丝深深的……厌恶。
她咀嚼着口中的食物。
没有味道。
不，有味道。
那是一种如同嚼蜡般的，粗糙、干涩、充满了杂质的，令人作呕的味道！这油腻的口感，这拙劣的调味……
这就是她日常的美味餐食？
何其可笑！
与枫染亭里那份能洗涤灵魂的“幸福”相比，眼前的这些，简直就是猪食！
“噗——”
她再也无法忍受，直接将口中的食物吐在了旁边价值连城的波斯地毯上。
侍立在一旁的侍女们吓得魂飞魄散，齐刷刷跪了一地，连大气都不敢喘。
然而，比比东却连看都未看她们一眼。
咕——
回想起枫染亭菜肴的香味，她心中的那已经消失的“饥饿感”，再次如约而至，比之前任何一次都更加强烈，仿佛要将她的五脏六腑都灼烧殆尽。
她“饿”！"
第82章 比比东：开宝库！老娘要包月！,https://www.biquh.com/678_678189/65720556_6.html,"
她快要“饿”死了。
她无比清晰地意识到，自己的胃，自己的灵魂，自己的整个人生，都已经被那个男人，用一顿饭，彻底“绑架”了。
那个名为“幸福”的毒，她已经戒不掉了。
既然戒不掉……
那就不戒了！
比比东那双清澈的眸子里，骤然闪过一道前所未有的，璀璨夺目的光！
那不是疯狂，不是怨毒。
而是一种，找到了全新人生目标的，极致的专注与渴望！
“来人。”
一名身穿长袍，魂斗罗级别的中年人，悄无声息地出现在大殿中，单膝跪地。
“教皇冕下。”
比比东看着他，下达了一个足以让整个武魂殿都为之震动的命令。
“传我的命令，即刻开启第七号宝库。”
长老猛地抬起头，眼中充满了无尽的骇然！
第七号宝库！
那里面存放的，不仅仅是金魂币，还有武魂殿存放着，近万年留存下来的，无数无法用金钱衡量的珍宝，稀世矿石！
那是足以支撑武魂殿发动一场统一大陆战争的战略储备！"
第82章 比比东：开宝库！老娘要包月！,https://www.biquh.com/678_678189/65720556_7.html,"
是武魂殿最大的经济支撑。
“冕下！您这是……”
比比东根本不给他质疑的机会，用一种斩钉截铁的语气，继续说道：“将里面所有的东西，全部整理出来！”
”期限在本座明日前往枫染亭之前！“
长老的脑袋，嗡的一声，一片空白。
枫染亭？
那是什么地方？
是某个新崛起的，足以威胁到武魂殿的超级势力吗？
冕下这是要……向对方赔款求和？！
他颤抖着声音，艰难开口：“冕下……不知，这笔钱的用途是……”
比比东从座位上站起身，缓步走到巨大的落地窗前，眺望着远处，似乎看到了某个饭店的影子。
“饭钱。”
“本座要，包月！”"
第83章 大供奉气炸了：你拿天使神基业换几顿饭？！,https://www.biquh.com/678_678189/65720557.html,"
啥玩意儿？
饭钱？
包月？！
当这两个词组合在一起，从教皇冕下的口中淡然吐出时，那名单膝跪地的魂斗罗下属，整个人都懵了。
他的大脑，仿佛被一个封号斗罗的魂技正面轰中，瞬间一片空白，嗡嗡作响。
他是不是听错了什么？
那可是第七号宝库！
是武魂殿积攒了近万年的巨量财富的大头！
现在，冕下居然要把这足以颠覆大陆格局的财富，全部拿去……吃饭？
还他妈是包月？！
这到底是什么样的饭，才配得上如此的代价？
一丝荒谬绝伦的念头，让这位忠心耿耿的长老心脏骤停，他几乎是下意识地想要开口劝谏。
然而，也就在他愣神的这一瞬。
比比东那双重归澄澈的眸子，骤然投来一道冰冷的视线。
“我的话，需要重复第二遍吗？”
虽说没有了往日的暴戾与疯狂，却多了一种不容置疑的、纯粹的威严。
轰！
魂斗罗长老如遭雷击，浑身一颤，所有的质疑和荒谬瞬间被彻骨的寒意碾碎。"
第83章 大供奉气炸了：你拿天使神基业换几顿饭？！,https://www.biquh.com/678_678189/65720557_2.html,"
他猛地将头低下，声音因为恐惧而剧烈颤抖。
“属下遵命！”
话音未落，他便连滚带爬地消失在了大殿之中，仿佛身后有神明在追杀。
……
一夜无话。
天色未亮，索托城。
一家不起眼的旅馆房间内，朱竹清缓缓睁开了双眼。
那双清冷的猫瞳之中，此刻竟有淡淡的月华流转，整个人的气质愈发空灵、圣洁。
一夜的吐纳，仙品“月魄流光昙”的药力，已与她的魂力彻底融为一体。
她并未起身。
只是静静地坐着，感知却如同水银泻地般，无声无息地穿透了身侧的两堵墙壁。
左边的房间里，是一道压抑到极致，却依旧如烈火般灼热的贪婪吐息。
是唐三。
右边的房间里，则是一股充满了嫉妒、暴虐与占有欲的邪火。
是戴沐白。
果然，一切都在她的预料之中。
史莱克学院，终究只是一个粗鄙野蛮的草台班子。"
第83章 大供奉气炸了：你拿天使神基业换几顿饭？！,https://www.biquh.com/678_678189/65720557_3.html,"
一个会因言语不合，老师便对学生悍然出手的地方，又怎么可能轻易放过自己？
尤其是那个叫唐三的男人。
她现在无比确信，对方先前投来的眼神，根本不是什么探究与好奇。
那是一种饿狼盯上血食般的贪婪。
一种对她的仙草，毫不掩饰的觊觎！
他果然知道仙草的真正价值。
此刻，隔墙传来的那两道压抑不住的灼热吐息，便是对她所有猜想的，最终印证。
若是昨天，她或许还会感到一丝恐惧。
但现在，朱竹清的心中，只剩下一片冰冷的平静。
就在这时。
她胸口那枚精致的枫叶胸章，悄然绽放出一抹温润的红光。
光芒在她面前流转，无声地旋开一扇椭圆形的、通往神域的光门。
朱竹清站起身，掸了掸身上那件黑红制服上不存在的灰尘。
她理都不理隔壁那两道焦躁不安的气息，只是带着一丝朝圣般的微笑，毫不犹豫地，一步迈入了光门之中。
房间内，归于寂静。
而在隔壁。
一直屏息凝神，将感知催动到极致的唐三和戴沐白，几乎在同一时间，猛地睁开了眼睛！
消失了！"
第83章 大供奉气炸了：你拿天使神基业换几顿饭？！,https://www.biquh.com/678_678189/65720557_4.html,"
朱竹清的气息，不是移动，不是远去！
而是凭空地，彻底地，从他们的感知中，消失了！
两人几乎是同时出现在朱竹清房门前，一脚踹开木门。
但是里面哪里还有朱竹清的影子？
“该死！”
戴沐白一拳砸在墙壁上，发出沉闷的巨响，眼中满是猎物逃脱的暴怒与不甘。
唐三的脸色，则阴沉得如同结了一层寒霜。
他的计划，他的仙草，就这么在他眼皮子底下，用一种他完全无法理解的方式……飞了。
待到朱竹清的身影，自那扇温润的光门中一步踏出，回到枫染亭的瞬间。
几乎是不分先后，她身侧的空间同样荡开两圈涟漪，胡列娜与朱竹云的身影也随之浮现。
一夜之间，三女的气质都发生了翻天覆地的变化。
胡列娜一颦一笑间，那股魅惑天成的韵味，已然内敛到了极致，仿佛与生俱来，不再是魂技，而是一种本能。
朱竹云那双总是燃烧着野心的眸子，此刻锋芒尽藏，整个人如同一柄收敛于鞘中的绝世神兵，愈发深不可测。
看来，她们都已将那份神赐的仙品，彻底化为了自己的底蕴。
三人目光交汇，空气中仿佛有无形的电光闪过。
然而，还不等她们开口说些什么，一阵压抑的争吵声，从门外隐隐传来。
那声音中，蕴含着足以让寻常魂师肝胆俱裂的恐怖威压。"
第83章 大供奉气炸了：你拿天使神基业换几顿饭？！,https://www.biquh.com/678_678189/65720557_5.html,"
三女对视一眼，默契地凑到门边，将那扇厚重的木门，悄悄推开一道仅供窥视的缝隙。
下一秒。
三颗脑袋，从上到下，整整齐齐地叠在了门缝后。
三颗眼眸，带着同样的好奇与震惊，偷偷望向门外的世界。
仅仅一眼，饶是她们心境早已今非昔比，此刻嘴角的肌肉也不受控制地疯狂抽搐。
门外的景象，堪称荒诞。
以教皇比比东为首的武魂殿长老团，竟如朝圣者般，静立于饭店门前。
然而，三女的视线，却不由自主地，越过了教皇与长老们那威严的身影。
她们的瞳孔，在下一秒，骤然收缩到了针尖大小！
那是什么？
那根本不是一座“山”！
那是一条由无数奇珍异宝汇聚而成，其光芒足以灼伤眼睛的——财富之山！
金魂币在这种场合，甚至都沦为了最不起眼的铺路碎石！
那些平日里只会出现在传说中的、足以让神匠为疯狂的稀世矿石，此刻就像不值钱的瓦砾般，被随意堆砌在一起。
一颗颗婴儿拳头大小的宝石，甚至让周围的光线都发生了扭曲！
“咕咚。”
胡列娜的喉咙，艰难地滚动了一下。
作为教皇亲传弟子，武魂殿的圣女，她一眼就认出了其中几样东西的来历。"
第83章 大供奉气炸了：你拿天使神基业换几顿饭？！,https://www.biquh.com/678_678189/65720557_6.html,"
那是第七号宝库！
是武魂殿积攒了近万年的底蕴中，最为核心、最为庞大的战略储备！
是足以支撑武魂殿发动一场席卷整个大陆战争的绝对命脉！
可现在，它被整个搬空了。
像垃圾一样，堆在了枫染亭的门外。
而在他们的对面。
武魂殿大供奉，那位活着的传奇，千道流，正用一种看疯子般的眼神，死死盯着比比东。
昨日在场的青鸾、光翎、降魔三位供奉，正拼命拉着他，脸上写满了惊恐与哀求。
“大供奉！冷静！您冷静一点啊！”
“这里是枫染亭！万万不可对前辈不敬！”
千道流却仿佛没有听见，他气得浑身发抖，那属于九十九级绝世斗罗的恐怖气息，竟有些控制不住地逸散开来。
他指着比比东，声音不再是训斥，而是一种信仰崩塌前的悲鸣。
“比比东！你疯了吗？！”
“你搬空了第七宝库！那是武魂殿万年传承的基石！是天使之神荣光的根基！”
“你现在，竟要用它……去换取几顿饭？！”"
第84章 金鳄斗罗一句话，让千道流当场破防！,https://www.biquh.com/678_678189/65746003.html,"
面对千道流那几乎要噬人的目光，比比东只是淡漠地瞥了他一眼。
她的精神虽已澄澈，不再被罗刹神念扭曲。
但这并不代表，她忘记了千寻疾曾对自己犯下的罪行。
更不影响，她对整个千家的，那份刻骨铭心的恨意。
“老东西，我的事，还轮不到你来管。”
她的声音冰冷，却带着一种诡异的平静。
“而且，你真以为那只是饭？”
比比东的嘴角，勾起一抹千道流完全无法理解的弧度，那是一种近乎于朝圣者的虔诚。
“那可不仅仅是几顿饭。”
“那是我的命！”
千道流被这句话气得险些当场笑出声来，怒火几乎要将他的理智焚烧殆尽！
“命？！”
“你把几顿饭看作自己的命？！”
“比比东！你作为武魂殿教皇的尊严和自觉呢！？”
咣当——！
一声清脆到极致，却又沉重到让所有长老心脏骤停的巨响！
话音未落，比比东竟是毫不犹豫地，将那根象征着至高权柄、长达两米的的教皇权杖，连同头顶那尊贵无比的九曲紫金冠，狠狠砸在了脚下的青石板上！
权杖顶端那尊圣洁的六翼天使雕像，瞬间沾满了尘土。"
第84章 金鳄斗罗一句话，让千道流当场破防！,https://www.biquh.com/678_678189/65746003_2.html,"
她一头绚丽的酒红色长发，如瀑般披散开来，在初生的晨光下，折射出一种妖异而又决绝的惊心动魄之美。
那张褪去所有疯狂的绝美脸庞上，此刻布满了冰霜。
“教皇之位？”
“你以为，现在的我，还稀罕这种东西？”
“今日！这堆东西我送定了！”
“谁敢拦我，就是与我为敌！”
比比东身后，鬼斗罗等人见状，心中虽惊，却又觉得理所当然。
若是能换来一天三顿在枫染亭用饭的资格，区区教皇之位，又算得了什么？
然而，千道流的目光，死死定格在地上那蒙尘的六翼天使之上，他面色瞬间阴沉如水，仿佛能滴出墨来。
那是天使之神的荣光！
决不可被如此玷污！
“放肆！”
轰！！！
一股无法用言语形容的恐怖气势，从他苍老的身躯中轰然爆发！
身侧苦苦拉着他的降魔、青鸾、光翎三人，瞬间如遭重击，被这股神圣而又狂暴的气浪狠狠震飞出去！
金色的神辉冲天而起！
一尊无比威严的六翼天使武魂，在他身后缓缓张开了遮天蔽日的羽翼！"
第84章 金鳄斗罗一句话，让千道流当场破防！,https://www.biquh.com/678_678189/65746003_3.html,"
见状，比比东毫不示弱！
墨绿与暗紫色的魂力交织沸腾，两尊狰狞可怖的蛛皇虚影，一左一右，浮现在她身后，用那森然的复眼，死死盯住了空中的天使！
武魂殿两大最强战力，一触即发！
门内，偷窥着这一切的胡列娜三女，一颗心瞬间提到了嗓子眼！
她们脸上写满了惊恐与焦急！
倒不是担心谁会受伤，而是怕这惊天动地的神战，会打扰到前辈的清静！
那是足以让她们万死莫赎的大罪！
三人几乎是心有灵犀，猛地推开大门，下意识地便要开口阻止。
“住——！”
“大哥且慢！”
然而，终究还是晚了一步。
就在她们刚刚冲出门外的瞬间，就在那两人动手的前一刹那！
一道璀璨的金色流星，撕裂了长空！
轰隆——！！！
一道魁梧的身影，裹挟着无可匹敌的霸道威势，如天外陨石般，狠狠砸在了比比东与千道流之间！
坚硬的青石地面，瞬间蛛网般寸寸龟裂！
那人的气息即便是和千道流与比比东相比，也不遑多让，足以让在场其余人感到一阵窒息的压迫。
烟尘散去。"
第84章 金鳄斗罗一句话，让千道流当场破防！,https://www.biquh.com/678_678189/65746003_4.html,"
露出了一张所有人都熟悉，此刻却又无比陌生的面孔。
金鳄斗罗！
只是此刻的他，浑浊尽去，一双老眼中精光湛湛，气血之鼎盛，竟是返老还童一般！
那股独属于九十九级绝世斗罗的，圆融一体，通天彻地的气息，再也无法掩饰！
他缓缓抬起头，用一种无比复杂的眼神，看向千道流。
“大哥。”
“收手吧。”
感受着金鳄斗罗那与自己圣洁浩瀚的天使神力截然不同，却又毫无疑问地，站在了同一个位阶！
九十九级！
是真真正正的，九十九级绝世斗罗！
困锁了金鳄近百年的无形枷锁，真的……碎了！
千道流的精神，在这一瞬间，出现了长达数秒的空白与恍惚。
昨日，当降魔、青鸾、光翎三人惊魂未定地向他汇报时，他心中虽有震撼，但终究还存着一丝与疑虑。
神？
这个世间，怎么可能允许神这等存在降临？
为此，他才决定今日亲自前来，一探究竟，看看那个所谓的“前辈”，究竟是何方神圣，敢如此动摇他武魂殿的根基！
可现在，他不用探了。"
第84章 金鳄斗罗一句话，让千道流当场破防！,https://www.biquh.com/678_678189/65746003_5.html,"
金鳄斗罗身上那股圆融无缺、通天彻地，与他同阶同境，却又截然不同的气息，就是最冰冷、最残酷的答案！
他这一趟，来得多余。
来得可笑！
就在千道流心神剧震，信仰与现实疯狂碰撞的瞬间，比比东动了。
她看都没看那两位站在大陆之巅的绝世斗罗。
她的眼中，只有那扇刚刚打开的，通往“幸福”与“救赎”的门！
“还愣着干什么？”
比比东的声音清冷，却带着一种不容置疑的狂热与急切。
“把东西，都给前辈送进去！”
一声令下，那些早已在神威下瑟瑟发抖的武魂殿侍卫如蒙大赦，手忙脚乱地开始搬运那座足以让两大帝国都眼红的“财宝山”。
“住手！”
千道流几乎是下意识地爆喝出声！
他不是心疼财宝。
而是那座宝库，代表的是天使神一脉万年的传承与荣光！
岂能献于他人？！
然而，千道流还未来得及做出任何动作。
金鳄斗罗那沙哑的声音缓缓响起。
“大哥，算了吧。”"
第84章 金鳄斗罗一句话，让千道流当场破防！,https://www.biquh.com/678_678189/65746003_6.html,"
仅仅三个字，却仿佛蕴含着千钧之力，让千道流周身那冲天而起的神圣金光，都为之一滞。
金鳄斗罗的眼神，充满了难以言喻的复杂。
他并未去看那堆积如山的珍宝，而是仿佛穿透了枫染亭的墙壁，看到了某种令他灵魂都为之战栗的存在。
“里面的人。”
他顿了顿，似乎在寻找一个合适的词语，最终，却只化作一声长长的，充满了无力感的叹息。
“我们，惹不起。”
听到这几乎是认命般的话语，千道流沉默了。
死一般的沉默。
他不是听不进劝告。
恰恰相反，正因为他听懂了，所以他才如此一言不发！
降魔三人的异变。
金鳄斗罗那困锁百年，却在一夜之间被强行轰碎的桎梏！
这一切的一切，都如同一座座无法撼动的大山，狠狠压在他的心头，碾碎了他最后的侥幸。
事实？
他当然知道这是事实！
可身为天使神的大供奉，他毕生的信仰，他存在的意义，就是守护这份荣光！
现在，现实却用最残酷的方式告诉他。"
第84章 金鳄斗罗一句话，让千道流当场破防！,https://www.biquh.com/678_678189/65746003_7.html,"
他穷尽一生去守护的“荣光”，在那位存在的眼中，或许根本就不值一晒。
一股无法形容的羞愧感，瞬间吞噬了他所有的理智与骄傲！
那份羞愧，并非因为无法守护武魂殿的财宝。
而是因为他身为天使神大供奉，在另一尊更加伟岸，更加无法理解的存在面前，显得如此渺小。
最终，还是乐天派的光翎斗罗劝了千道流一句。
“那个，大哥，要不你也进去吃一顿？”
就在气氛逐渐凝固时，
一道格格不入的身影，抱着一只漂亮得不像话的冰晶凤凰，小心翼翼地凑了过来。
正是光翎斗罗。"
第85章 林枫：我刚拒绝比比东，你就说这个？,https://www.biquh.com/678_678189/65746004.html,"
光翎斗罗抬起头，那张少年般的脸上，带着一种纯粹的、不含任何杂质的困惑，看向了信仰正在崩塌的千道流。
“那个……大哥。”
光翎斗罗献宝似的，将怀里的冰风凰往前亮了亮，那小凤凰还配合地发出一声清脆的啼鸣。
“你看！这是前辈赏我的！好玩吧？”
他那双清澈的眼睛里，闪烁着孩子得到新玩具般的喜悦。
“你也别生气了，要不……进去吃一顿？”
“真的！可灵了！”
光翎斗罗的语气充满了真诚的安利。
“你看二哥，卡了一百年的瓶颈，吃一顿就通了！我呢，就想要个好玩的，前辈就真给了我一个！”
他指了指自己，又指了指不远处气息渊渟岳峙的金鳄斗罗，最后用一种“你懂的”眼神看着千道流。
“你想要什么，跟前辈说一声，肯定也能心想事成！”
千道流的身体僵住了。
他的动作，骤然停滞。
那双原本因羞愧而充血的眼睛，木然地转向了光翎斗罗。
光翎斗罗却丝毫没有察觉。
他仍旧沉浸在冰风凰带来的巨大喜悦中。
嘴里还在不停地夸赞着林枫的神奇手段。
“你们看，多可爱！”"
第85章 林枫：我刚拒绝比比东，你就说这个？,https://www.biquh.com/678_678189/65746004_2.html,"
他甚至将怀里的冰风凰举得更高了些。
这无心的举动，让千道流的额头青筋暴跳。
一股难以抑制的怒火在他胸腔里剧烈翻滚。
青鸾斗罗吓得魂飞魄散。
他猛地抬手，对着光翎斗罗的后脑勺就是一巴掌。
“啪！”
一声清脆的响声。
光翎斗罗捂着后脑勺，痛得“哎呦”一声。
他委屈巴巴地看向青鸾斗罗。
那眼神充满了幽怨。
青鸾斗罗却根本顾不上他。
他赶紧一步上前，挡在千道流面前。
“大，大供奉。”
他的声音带着一丝无法掩饰的颤抖。
“光翎他……他不是故意的。”
他试图安抚千道流暴怒的情绪。
然而，就在千道流那足以焚灭神魂的怒火即将彻底引爆的前一刹那。"
第85章 林枫：我刚拒绝比比东，你就说这个？,https://www.biquh.com/678_678189/65746004_3.html,"
枫染亭内，一道慵懒中透着一丝明显不耐的声音，仿佛拂过水面的清风，轻飘飘地荡了出来。
“一大早的，吵死了。”
这声音很轻，没有任何魂力波动，更不带丝毫威压。
就像一个被邻居装修声吵醒的普通人，带着浓浓的起床气，随口抱怨了一句。
r然而，胡列娜、朱竹云、朱竹清三女，脸上的血色“唰”一下褪得干干净净，取而代之的，是极致的惊恐与懊悔。
前辈被吵醒了！
她们被金鳄斗罗的出场震撼到，居然忘记了维持秩序！
这是何等失职！
三人的动作整齐划一，没有丝毫犹豫，猛地转身，对着那扇半开的木门深深地，将头颅低了下去。
“前辈，此事是我等失职，请前辈责罚！”
她们的声音里，带着无法掩饰的颤抖。
而比比东、金鳄斗罗、鬼斗罗等所有在枫染亭消费过的存在，也在同一时刻，齐刷刷地躬身行礼。
那份敬畏，发自肺腑，源自灵魂。
“请前辈责罚！”
一时间，门外那群大陆之巅的强者们，竟如同一群犯了错的小学生，噤若寒蝉。
林枫的身影，缓缓出现在门口。
他似乎真的没睡醒，只是面无表情地伸出手，随意地在离他最近的胡列娜那柔顺的发丝上轻轻摸了摸。
引得后者俏脸瞬间羞红，心中却是一阵狂喜。"
第85章 林枫：我刚拒绝比比东，你就说这个？,https://www.biquh.com/678_678189/65746004_4.html,"
前辈……没有怪我们！
随后，林枫那双依旧带着几分惺忪睡意的眸子，轻飘飘地，落在了千道流的身上。
仅仅一眼。
千道流这位活了近千年的天使神大供奉，只觉得自己的灵魂都被彻底看穿，在那道目光下，他毕生的修为、无上的权柄、所谓的信仰，都显得那般可笑与渺小。
林枫很快便收回了视线，仿佛只是看了一眼路边的石头。
他打了个哈欠，直接转身走回店内。
只留下一句淡漠到极致的话语。
“本店还未开张。”
“要吃饭，就等着。”
“不吃，就滚。”
话音落下，他的人已经消失在门后。
而他的内心，早已乐开了花。
我擦？
那不是千道流吗？！
居然连他这个武魂殿明面上的最强战力，天使神的大供奉都亲自送上门了？
不错！不错！
见林枫似乎真的没有追究的意思，门外的众人，齐齐长舒了一口气，后背早已被冷汗浸透。"
第85章 林枫：我刚拒绝比比东，你就说这个？,https://www.biquh.com/678_678189/65746004_5.html,"
然而，就在所有人都还沉浸在那股劫后余生的庆幸中时。
比比东动了。
她眼中闪烁着前所未有的狂热与渴望，几乎是化作一道残影，毫不犹豫地追进了那扇门。
“前辈！”
她的声音里，带着一丝压抑不住的急切与恳求。
“晚辈有一个不情之请，还望前辈成全！”
林枫动作一顿，并未回头。
他只是静静地站在那里，似乎在等待着什么。
这无声的默许，让比比东看到了希望，她那双重归清澈的琉璃美眸中，瞬间燃起了一丝光亮。
她快步上前，语气中带着她自己都未曾察觉的谦卑与祈求。
“前辈！”
“晚辈斗胆，请求获得在贵店……每日享用三餐的资格。”
她深吸一口气，仿佛用尽了全身的力气，指向门外那座由武魂殿万年宝库堆砌而成的财富之山。
“那些……便是晚辈的诚意！还请前辈……给予晚辈这个机会！”
说完，她便深深地低下了那颗曾经无比高傲的头颅，整个人如同一只等待审判的羔羊，惴惴不安。
林枫的目光，微不可查地瞥了一眼门外那座几乎要闪瞎人眼的金山。
他简直快难受死了。
那可是武魂殿的万年积蓄啊。"
第85章 林枫：我刚拒绝比比东，你就说这个？,https://www.biquh.com/678_678189/65746004_6.html,"
堆积如山的金魂币，闪烁着刺眼光芒的稀世矿石，还有无数叫不出名字的珍宝。
要是能全部收下，他能兑换多少积分？
一想到那天文数字般的积分，林枫的嘴角就不由自主地咧开。
可随即，他脸上的笑容又僵住了。
那个死傲娇的狗系统，肯定不会允许的。
想到这里，林枫缓缓转过身，那双慵懒的眸子平静地注视着比比东，声音淡漠得不带一丝一毫的情感。
“本店铁律。”
“一人，一天，一餐。”
每一个字，都像一柄无形的重锤，狠狠砸在比比东的心上。
轰！！！
比比东只觉得大脑一片空白，那双刚刚燃起光亮的眼眸，瞬间黯淡了下去。
她娇躯一晃，面色惨白地向后退了两步，险些跌倒在地。
“怎么会……”
“怎么会这样……”
她失魂落魄地喃喃自语，那份好不容易寻回的、名为“幸福”的光，似乎在这一刻，被彻底宣判了死刑。
目睹着大陆女皇此刻的绝望，林枫的脑海中，系统兴奋的电子音，终于适时响起。
【叮！检测到超级韭菜比比东献上巨额“祭品”，其价值已触及系统隐藏升级阈值！】"
第85章 林枫：我刚拒绝比比东，你就说这个？,https://www.biquh.com/678_678189/65746004_7.html,"
【特殊条款已激活！】
【“至尊VIP包月服务”功能，已解锁！】
【此方案将让系统进行一次史诗级版本更新，解锁‘员工宿舍’、‘外卖服务’等多个全新模块！宿主，答应她！狠狠地割！别让她跑了！】
听到系统这番话。
林枫原本漠然的表情，顿时变得古怪起来。
他嘴角抽搐，内心几乎要发出了土拨鼠般的尖叫。
你踏马的不早说！
我这边刚拒绝比比东啊！
（ps：抱歉兄弟萌，今天被逼着去相亲去了，简直难绷。为表歉意，以后我考虑一天三更。）"
第86章 朱竹云：版本更新了？千道流气晕了。,https://www.biquh.com/678_678189/65747228.html,"
比比东眼里的光，肉眼可见地熄灭了。
整个人就像是被抽走了骨头，那股支撑着她的精气神，瞬间泄了个一干二净。
她踉跄着后退一步，绝美的脸上满是灰败。
完了。
那个叫“幸福”的梦，碎了。
看着她这副下一秒就要遁入空门，或者直接找棵歪脖子树挂上去的模样，林枫心里咯噔一下。
不是吧大姐，不就是一天只能吃一顿吗？至于吗？
你可是教皇啊！能不能有点强者的觉悟！
这韭菜要是就这么蔫了，我上哪儿说理去？
林枫心里已经把那个狗系统从头到脚问候了一百遍。
玩我呢？！
刚把话说死，你现在又让我往回捞？
我这神仙人设还要不要了？
没办法，戏还"
第87章 千道流：我就是饿死！也不会吃这里一点东西！,https://www.biquh.com/678_678189/65747229.html,"
当千道流醒来的时候，脑子还是懵的。
我是谁？
我在哪儿？
我刚才在干什么？
他下意识地揉了揉太阳穴，试图从一片混沌中找回自己身为绝世斗罗的逼格。
可还不等他捋清思路，一股霸道到不讲道理的奇异香味，直接蛮横地钻入他的鼻孔，强行唤醒了他每一个沉睡的味蕾。
那味道，勾魂夺魄。
千道流猛地坐直了身子，精神为之一振。
下一秒，他看清了眼前的景象，瞳孔瞬间地震。
自己正坐在一张古色古香的圆桌旁。
而周围，是包括金鳄在内的武魂殿其余六大供奉。
天使神最忠诚的守护者们。
跺跺脚都能让整个大陆抖三抖的巅峰存在们。
此刻，他们正人手一本"
第88章 手残教皇在线搓武魂，但是玩脱了,https://www.biquh.com/678_678189/65747230.html,"
也就是几位供奉争先恐后的点餐时，比比东终于满足地放下了手中的青花大海碗，连最后一滴汤汁都喝得干干净净。
她优雅地擦了擦嘴，舒服地打了个小小的饱嗝。
那张绝美的脸上，泛着幸福的红晕，整个人都散发着一种“我活过来了”的圣洁光辉。
恰在此时，林枫从后厨端着一个巨大的托盘走了出来。
上面摆满了一系列神光流转的菜肴，香气瞬间化作实质，在店内掀起一场嗅觉风暴。
朱竹清极有眼色地快步上前，接过托盘，转身走向鬼斗罗等人的餐桌。
林枫则像个无事发生的路人，准备回柜台后继续躺平。
也就在这一刻，他脑海中，那熟悉的电子音咋咋呼呼地响了起来。
【叮！检测到超级VIP客户"
第89章 火辣御姐身，干饭土狗魂的灵鸢,https://www.biquh.com/678_678189/65789027.html,"
“遇到什么问题了？”
林枫随口一问。
比比东的身体像是被电了一下，猛地一僵。
她慌乱地抬起头，那双漂亮的美眸左右乱瞟，就是不敢和林枫对视，挤出一个比哭还难看的笑容。
“没、没事的前辈！”
“就是……就是精神力消耗有点大，我……我休息一下，对，休息一下就好！”
她的语速飞快，双手在桌下紧张地搅在一起，演技拙劣到连旁边偷瞄的魔熊斗罗都看出了破绽。
这哪里是累了，这分明是捅了天大篓子又不敢说的表情。
林枫心里跟明镜似的，也不点破。
割韭菜嘛，得给韭菜一点自我挣扎的空间。
他把手里的托盘递给快步上前的胡列娜，自己则优哉游哉地晃回柜台后，往躺椅"
第90章 千道流：可不是我想吃的，我是看不得浪费粮食,https://www.biquh.com/678_678189/65789028.html,"
虽然这声音不大，但在场哪个不是耳聪目明之辈？
瞬间，除了捏蜘蛛的比比东，还有专心干饭的灵鸢斗罗外，其余人的动作全都停了。
雄狮斗罗吸溜面条的动作停在半路，光翎斗罗挖冰淇淋的勺子悬在空中，鬼斗罗和菊斗罗碰杯的动作也僵在了那里。
一双双眼睛，齐刷刷地，带着惊愕、茫然与一丝丝想笑又不敢笑的古怪神情，缓缓地，转向了声音的源头。
那个依旧双臂环抱在胸前，用后脑勺对着众人，摆出一副“我意已决，绝不妥协”的铁骨铮铮造型的……
武魂殿大供奉，千道流。
整个饭店，鸦雀无声。
所有人都被这突如其来的变故给整不会了。
尤其是鬼斗罗和菊斗罗，两人脸上的优越感瞬间凝固，嘴"
第91章 千道流真香现场，金鳄返老还童！,https://www.biquh.com/678_678189/65789029.html,"
眼看千道流吃得头也不抬，光翎斗罗湛蓝的眼睛里，闪烁着纯粹的好奇。
他完全没意识到现场的气氛已经尴尬到能抠出一座武魂城了。
他屁颠屁颠地凑到千道流身边，脑袋一歪，像个求知欲旺盛的宝宝，声音清脆响亮。
“大哥，这饭好吃吗？”
“好吃。”
千道流几乎是脱口而出，头都没抬，在往嘴里扒拉饭菜的间隙，含糊不清地回了一句。
“真香~”
“太香了！”
说完，他还心满意足地咂了咂嘴，动作行云流水，熟练得让人心疼。
空气，死一般的寂静。
这一刻，时间仿佛被按下了暂停键。
金鳄斗罗默默地扭过头，用蒲扇般的大手捂住了自己的脸，宽厚的肩膀无法抑制地剧烈颤"
第92章 “梦幻水晶”（月抛体验版）,https://www.biquh.com/678_678189/65985860.html,"
金鳄斗罗的变化，像一记重锤，狠狠砸在其他供奉的心巴上。
周围一圈封号斗罗，眼珠子都快瞪出来了，一个个酸得跟泡在柠檬水里一样。
我焯！
这就年轻了？
这就多了八百年？！
雄狮斗罗摸了摸自己眼角的皱纹，再看看金鳄斗罗那能掐出水的皮肤，心态崩了。
本来大家伙儿都盘算着，再过个百八十年，就能乐呵呵地去二哥坟头蹦迪了。
现在好了，二哥怕是能反过来，给他们所有人挨个儿上坟烧纸，还能顺便在他们孙子的坟头蹦迪！
这上哪儿说理去？
不行！老子也得搞个延年益寿的奖励！
一瞬间，所有看向林枫的目光，都带上了几分难以言喻的狂热，像是看到了行走的唐僧肉。
千道流的话也是偷偷瞥了一眼林枫，但是回想起天使九考的开启条件，又无奈的摇了摇头。
金鳄斗罗倒是没想那么多，感受着体内那股爆炸性的生命力，他单膝跪地，对着林枫重重一抱拳，声音洪亮，充满了年轻人的朝气。
“多谢前辈再造之恩！金鳄没齿难忘！”
林枫懒洋洋地摆了摆手，示意他起来，这种小场面，习惯了。
他的目光，随即又轻飘飘地落在了三供奉青鸾斗罗的身上。
【系统评价：一只对枫染亭初步建立信仰的小小鸟，体质不错，勉强算根优质韭菜。】
【随机奖励生成中……】"
第92章 “梦幻水晶”（月抛体验版）,https://www.biquh.com/678_678189/65985860_2.html,"
【叮！生成结束，奖励：玄天功（魔改plus版）】
林枫的眉毛几不可查地挑了一下。
可以啊狗系统。
前脚诸葛神弩，后脚玄天功。
这是铁了心要把唐三那小子未来的底裤都给扒了，直接扔给武魂殿啊？
还是魔改plus版？
他心里乐开了花，表面却依旧淡定。
林枫只是随意地一挥手，一道旁人无法察觉的玄光，便如同醍醐灌顶，瞬间冲入了青鸾斗罗的脑海！
“唔！”
青鸾斗罗浑身一震，双目圆瞪，仿佛整个灵魂都被强行塞进了新的知识。
“这……这是？”
林枫靠在柜台上，打了个哈欠。
“一部功法，名为玄天功。”
“比你们这个世界的冥想之法效果强点。”
“没觉醒武魂的小屁孩儿练了，能凭空练出先天魂力。有先天魂力的，也能再往上提一提，大概就是这样。”
林枫说得轻描淡写，像是在介绍一款不值钱的地摊货。
可这话听在在场众人耳朵里，不亚于一道惊雷在头顶炸开！"
第92章 “梦幻水晶”（月抛体验版）,https://www.biquh.com/678_678189/65985860_3.html,"
什么叫凭空练出先天魂力？！
什么叫还能再往上提一提？！
在场都是人精，一瞬间就想明白了这东西背后代表的恐怖意义！
这他妈已经不是什么神功秘籍了！
这是魂师界的“工业革命啊”！
是能让武魂殿彻底垄断未来天才，批量生产“先天满魂力”的超级外挂！
青鸾斗罗的呼吸瞬间变得无比粗重，他下意识地按照脑海中的法门运转了一丝魂力，那丝滑顺畅、效率暴增的感觉让他浑身巨震，激动得脸都涨红了！
他“扑通”一声就想跪下，嘴唇哆嗦着，用一种近乎哀求的语气问道：
“前、前辈……晚辈斗胆，敢问这玄天功，晚辈……能否传于他人？”
这个问题，让所有封号的心都提到了嗓子眼！
这才是关键！
如果只能自己练，那只是个人的机缘。
如果能传出去……那将是整个武魂殿，乃至整个大陆格局的颠覆！
林枫看着他那紧张的样子，心里已经笑出了声。
传！必须传！最好人手一份！
他已经迫不及待想看到，几年后唐三信心满满地来到武魂城，结果发现门口扫地的大爷都在用玄天功运劲。
武魂学院的小屁孩们人均先天魂力八九级，会是怎样一副见了鬼的表情。
那乐子可就太大了！"
第92章 “梦幻水晶”（月抛体验版）,https://www.biquh.com/678_678189/65985860_4.html,"
于是，他只是毫不在意地摆了摆手。
“你的奖励，如何处置，与我无关。”
真的，可以传？
短暂的失神后，一股无法用言语形容的狂喜，如同山洪海啸，瞬间淹没了他！
青鸾斗罗不再有任何犹豫。
他双膝一软，对着林枫的方向，行了一个五体投地的大礼！
额头重重地，磕在了冰冷的青石板上，发出一声闷响。
“晚辈青鸾！替武魂殿未来万代弟子，谢前辈天恩！”
林枫的目光，从他身上移开，落在了下一个人的身上。
四供奉，雄狮斗罗。
【叮！检测到一只头脑简单，四肢发达的黄金狮子，其诉求简单粗暴：更强！更大！更猛！】
【奖励方案生成完毕：武魂变异进化——“黯狱魔狮”！】
林枫面色不改，指尖再次弹出一点微光，径直射向正眼巴巴望着他的雄狮斗罗。
“吼——！！！”
一声根本不像人类能发出的，充满了原始与暴戾的兽吼，猛地从雄狮斗罗的喉咙深处炸开！
他双目瞬间变得赤红，浑身上下的肌肉如同充气般疯狂膨胀，撑得衣衫猎猎作响！
金色的魂力冲天而起，却在半空中，被一股更加深邃、更加不祥的暗金色所污染、侵蚀！"
第92章 “梦幻水晶”（月抛体验版）,https://www.biquh.com/678_678189/65985860_5.html,"
一尊无比庞大的黄金狮子武魂虚影在他身后浮现，可下一秒，那神圣威武的金色鬃毛，便化作了燃烧的暗炎！
它的体型再度暴涨，肌肉虬结，嘴角甚至滴落下毁灭性的暗色能量！
一股纯粹的，只为毁灭与杀戮而生的狂暴气息，横扫全场！
林枫懒得搭理还在那儿感受新力量的雄狮斗罗，视线一转。
落在了那个抱着冰凤凰，眼神亮晶晶，就差把“该我了该我了”写在脸上的光翎斗罗身上。
都不用猜。
这小老弟肯定还想要个好玩的。
然而，还不等林枫开口，他脑子里那个贱兮兮的系统音突然响了。
【等等！宿主！暂停发货！】
【检测到“终极潜在韭菜·千道流”一株！当前状态：心防极高，正在嘴硬中！】
【根据大数据分析，此前的“延年益寿”和“功法外挂”虽然震撼，但尚未精准打击到该用户的核心痛点！】
【建议宿主下一发奖励，直接进行“定点爆破”！务必生成一件他无法拒绝，甚至愿意跪下来唱征服的东西！】
林枫眼角一抽。
好家伙。
你个狗系统，路子现在这么野的吗？
【奖励池定向搜索中……方案已生成！奖励：可进入他人梦境的“梦幻水晶”（月抛体验版，有效期一个月）！】"
第93章 林枫：今晚高低整个活儿！,https://www.biquh.com/678_678189/65985861.html,"
看到这个奖励，林枫眼角狠狠跳了一下。
狗系统，你他娘的真是个人才！
千道流那老家伙心里藏着谁，整个大陆都知道，你这不就是把刀架人脖子上了吗？
林枫刚准备在心里对系统这飘忽不定的奖励机制，来上一套素质三连。
你这奖励池是不是拿脚填的？
然而，他这边的吐槽还没来得及起草。
系统的声音又来了，而且带着一种邀功的兴奋。
【叮！恭喜宿主！成功触发神恩暴击！】
【奖励升级为：“梦境主宰（永久尊享版）”！您不仅能进入他人梦境，还能在梦里当导演、当编剧、当GM！当演员！想怎么玩就怎么玩！】
卧槽？
我也有？
还是个权限狗版本？
林枫的心思瞬间活络了起来，今晚高低得找个人试试水，比如……
他的目光不动声色地在胡列娜和朱竹云身上扫过。
嗯，得好好研究一下这个新功能。
“咳。”
林枫清了清嗓子，在心里用一种从未有过的、充满了慈爱的语气，柔声呼唤。
“统子啊。”"
第93章 林枫：今晚高低整个活儿！,https://www.biquh.com/678_678189/65985861_2.html,"
【干嘛？杂鱼宿主。】
系统的声音还是一如既往的嫌弃。
但林枫此刻根本不在意。
他甚至觉得这嫌弃里，都带着三分可爱，七分傲娇。
“那个……我刚才，是不是对你有什么误解？”
“我忏悔。”
“我不该怀疑你的专业能力，更不该质疑你的奖励机制。”
林枫的内心独白，那叫一个情真意切。
【切~】
但系统根本就不做理会。
林枫强行压下嘴角那抹即将咧到后脑勺的笑容，手掌一翻。
一块流光溢彩，仿佛将整片星河都揉碎了封印其中的梦幻水晶，凭空出现，轻飘飘地飞向光翎斗罗。
“此物，名为梦幻水晶。”
光翎斗罗手忙脚乱地接住，眼睛里全是小星星。
“入睡前，以魂力在上面写下你想见之人的名字，便可进入其梦境。”
“无论对方身在何处，皆可畅通无阻。”
“当然，只是个小玩意儿，一个月后就会失效。”"
第93章 林枫：今晚高低整个活儿！,https://www.biquh.com/678_678189/65985861_3.html,"
这话一出，金鳄斗罗等人都愣了一下，随即感觉有些索然无味。
就这？
入梦？
这玩意儿有啥用？听起来还没刚才雄狮斗罗的武魂进化来得实在。
然而，光翎斗罗却像是得到了全世界最棒的玩具，眼睛“biu”的一下就亮了！
“哇！真的吗？！可以去别人梦里玩？！”
他激动得抱着水晶原地蹦了一下，冰凤凰差点被他甩出去。
“那……那有没有什么限制啊？比如说，对方实力太强，或者离得太远，是不是就进不去了？”
林枫看着他那天真无邪的样子，笑了。
他瞥了一眼角落里那个用后脑勺对着世界的千道流，故意放慢了语速，声音里带着一丝玩味。
“没有限制。”
“哪怕你想找的人是绝世斗罗，哪怕对方远在天涯海角。”
当林枫最后那句话落下。
众人看到千道流那瞬间绷紧，如同一张拉满的弓的背影时。
一个尘封在武魂殿最高层，数百年无人敢提及的名字，猛地浮现在所有供奉的心头。
波赛西！
海神岛大祭司！
那个与大哥千道流、唐晨并称为三大绝世斗罗，却也让大哥抱憾终生的女人！"
第93章 林枫：今晚高低整个活儿！,https://www.biquh.com/678_678189/65985861_4.html,"
金鳄斗罗脸上的表情，瞬间凝固。
他看向光翎斗罗手中那块漂亮水晶的眼神，从最初的无所谓，瞬间变成了极致的惊骇与恐惧。
其余几位供奉，有一个算一个，全都傻了。
他们脸上的血色褪得干干净净，呼吸都停滞了。
他们终于明白了。
前辈这哪里是给光翎的奖励？
这分明是为他们的大哥，量身定做的一剂……穿心剧毒！
只有光翎斗罗，还抱着那块水晶，爱不释手。
他甚至没注意到，身旁几位兄长那瞬间变得惨白的面色，和那死寂到诡异的气氛。
他只是觉得，这个新玩具，简直是他这辈子收到过最有趣的礼物！
他湛蓝的眼睛里闪着光，屁颠屁颠地就跑到了千道流的身后。
“大哥大哥！你看这个！”
他献宝似的，将那块梦幻水晶举到千道流的眼前，声音清脆又响亮。
“前辈说，只要写上名字，就能在梦里见到想见的人！不管多远都行！”
“你有没有想见的人呀？要不……今天晚上我借你玩玩？”
此言一出。
“啪！”"
第93章 林枫：今晚高低整个活儿！,https://www.biquh.com/678_678189/65985861_5.html,"
青鸾斗罗一巴掌狠狠拍在自己额头上，闭上了眼睛，脸上满是生无可恋。
而光翎斗罗这句天真无邪的话，像一柄无形的重锤，狠狠砸在了千道流的心巴上。
周围所有的声音，瞬间消失了。
什么金鳄斗罗返老还童的惊叹。
什么青鸾斗罗获得神功的狂喜。
什么其余供奉羡慕嫉妒的眼神。
甚至连自己刚刚喊出“真香”时的那份无地自容。
在这一刻，全都不重要了。
他的世界里，只剩下光翎斗罗手中那块流光溢彩的水晶。
千道流那双本已浑浊的老眼，死死地盯着那块水晶。
眼神，彻底失焦了。
他仿佛透过那片璀璨的星河，看到了另一片无垠的蔚蓝大海。
看到了海边那座孤寂了千年的神殿。
更看到了那个一袭蓝裙，手持权杖，风华绝代，却也让他抱憾终生的身影。
波赛西。
这个名字，像是一道刻在灵魂最深处的烙印，只是轻轻一碰，就痛得撕心裂肺。
输了。
他输给唐晨，不仅是输了半招。"
第93章 林枫：今晚高低整个活儿！,https://www.biquh.com/678_678189/65985861_6.html,"
更是输了一辈子。
他穷尽一生守护天使神的荣光，可午夜梦回，那片蔚蓝，才是他永远也跨不过去的心魔。
“大哥？”
光翎斗罗被千道流这副丢了魂的模样吓了一跳，下意识地后退了半步。
千道流没有回答。
他缓缓地，伸出了那只曾执掌武魂殿，撼动大陆的右手。
可此刻，这只手却抖得像风中残烛。
他一把将那块梦幻水晶从光翎斗罗手中夺了过来。
不，是抢。
动作甚至带着一丝不顾一切的粗暴。
然后，他用尽全身的力气，将那块冰凉的水晶紧紧地、紧紧地攥在手心，仿佛那是他此生唯一的救赎。
他的嘴唇哆嗦着，过了许久，才从喉咙深处，挤出几个沙哑到极致的字眼。
“光翎……”
“这份情……大哥……记下了。”"
第94章 惊！比比东把武魂捏成蛆！,https://www.biquh.com/678_678189/65985862.html,"
看到千道流那副失魂落魄的模样，光翎斗罗眨了眨他那双湛蓝色的眼睛，有些愣住了。
他不太明白。
为什么大哥的反应这么大？
明明只是一个能在梦里找人玩的玩具而已。
不过，大哥好像真的很想要这个玩具。
大哥喜欢，那就给他好了。
这个念头在他脑海里，就像“饿了要吃饭”一样简单、自然。
于是，光翎斗罗脸上绽开一个灿烂纯净的笑容，没有半分杂质。
“大哥，什么情不情的？”
“你要是喜欢，我直接送你就是了！”
这话自然得像是弟弟给哥哥分享一块糖。
他甚至还歪了歪头，看着千道流那张痛苦与渴望交织的脸，语气里满是真诚的关心。
“大哥，你别不开心了。”
“拿去玩吧！”
这一刻，金鳄斗罗和青鸾斗罗的心脏，狠狠地抽了一下。
他们下意识地屏住了呼吸，看向光翎斗罗的眼神，复杂到了极点。
这个傻小子……
他根本就不知道，自己送出去的，究竟是一份怎样的“礼物”。"
第94章 惊！比比东把武魂捏成蛆！,https://www.biquh.com/678_678189/65985862_2.html,"
那不是玩具。
那是能将人拖入万丈深渊的魔鬼的诱惑。
也是能让枯萎的灵魂，重新看到一丝曙光的神明恩赐。
是千道流这一生，都无法释怀的执念。
更是他想触碰，却又永远不敢触碰的禁忌啊。
【宿主看见没？看见没！】
林枫这边刚下发千钧和降魔的奖励，系统的声音便开始在他的脑海里疯狂刷屏，兴奋得像个刚中了一个亿彩票的赌徒。
【这就叫专业！这就叫定点爆破！】
【高端的韭菜，往往需要用最朴素的方式收割！这波啊，这波是薄纱！】
林枫面无表情，内心毫无波澜。
呵，基操，勿6。
果不其然。
在所有人的注视下，千道流动了。
他攥着那块梦幻水晶，那力道，像是要把它捏进自己的骨头里。
这位武魂殿的大供奉，就这么僵硬地，一步一步地，走到了柜台前。
金鳄斗罗等人眼珠子都快掉出来了，大气都不敢喘。
大哥这是要干嘛？"
第94章 惊！比比东把武魂捏成蛆！,https://www.biquh.com/678_678189/65985862_3.html,"
终于，千道流站定了。
他低着头，死死盯着地面，根本不敢看林枫的眼睛，那张老脸憋得通红。
过了许久，他才从牙缝里挤出一句话，声音干涩又沙哑。
“前辈。”
“刚才那碗饭，是光翎的。”
林枫挑了挑眉，没说话，就这么静静地看着他表演。
千道流深吸一口气，仿佛用尽了毕生的勇气，猛地抬起头。
“老夫，今日尚未点餐！”
“所以……”
“现在点餐，还……还来得及吗？”
此话一出，饭店里安静得可怕。
金鳄斗罗等人脸上的肌肉疯狂抽搐，一个个低着头，用研究蚂蚁搬家的专注力死死盯着自己的碗底，生怕跟自家大哥对上视线，然后当场笑喷出来。
丢人！
太丢人了！
武魂殿的脸，今天算是被大哥一个人丢尽了！
林枫靠在躺椅上，压过眼底的笑意，对着柜台，用指节不轻不重地敲了一下。
“叩。”
清脆的一声。"
第94章 惊！比比东把武魂捏成蛆！,https://www.biquh.com/678_678189/65985862_4.html,"
这点声音，却像是一道圣旨。
一直憋着笑，肩膀一抖一抖的胡列娜瞬间收敛了表情，强行让自己恢复了专业，迈着小碎步，将一本崭新的菜单恭敬地递到了千道流面前。
“请点餐。”
千道流看到菜单，整个人都松了一大口气，感觉像是在鬼门关门口徘徊了一圈又回来了。
但他没有去接那本菜单。
开什么玩笑？
还看什么菜单？
他现在脑子里除了那碗饭，什么都装不下！
只见千道流猛地一摆手，用一种破釜沉舟，豁出去了的语气，沉声吼道。
“不必了！”
“就刚才老夫吃的那种饭！”
他伸出三根因为激动而微微颤抖的手指，声音因为压抑而显得有些嘶哑。
“给老夫，再来三碗！”
闻言，就连林枫的脸上都差点绷不住。
啥玩意儿？
光吃蛋炒饭啊？
你也不怕噎得慌？"
第94章 惊！比比东把武魂捏成蛆！,https://www.biquh.com/678_678189/65985862_5.html,"
不过既然千道流点了，他自然也不会去干涉什么，因此在留下一句稍等后，便转身进入后厨。
林枫听到这话，脸上那万年不变的淡漠表情，差点当场裂开。
啥玩意儿？
三碗蛋炒饭？
老爷子，你这格局是不是有点小了？
放着我菜单上那么多神级菜品不点，就逮着一碗蛋炒饭嗯造啊？
你好歹也是个有头有脸的大人物，能不能对自己好一点！
【宿主，别哔哔了，赶紧去做饭！】
系统的声音贱兮兮地响起。
林枫眼角一抽。
行，你牛逼。
看在今天你给我爆出好东西的份上，我就不顶你了。
顾客就是上帝，哪怕上帝的品味有点别致。
他心中已经把千道流打上了一个新的标签——“蛋炒饭仙人”。
林枫面上依旧是那副古井无波的高人模样，对着千道流微微颔首。
“稍等。”
说完，他便云淡风轻地转身，走回后厨。
“呜~”"
第94章 惊！比比东把武魂捏成蛆！,https://www.biquh.com/678_678189/65985862_6.html,"
也就是在这时，
一声压抑不住的，带着哭腔的呜咽，突兀地从比比东那桌传来。
“呜……”
众人齐刷刷转头。
只见大陆女皇，武魂殿的最高统治者，此刻正双目无神地瘫坐在椅子上，眼角挂着晶莹的泪珠，整个人都灰白了。
她像是被抽走了灵魂，嘴里失神地喃喃自语。
“完了。”
“全完了……”
“我的武魂……好像被我捏废了……”
说完，她像是认命了一般，缓缓抬起颤抖的双手，将自己“呕心沥血”的改造杰作，展示在了众人面前。
清晨时分，那两尊还霸气侧漏、凶威滔天的蛛皇武魂，已然不见踪影。
取而代之的。
是两坨……
一坨紫黑色，一坨墨绿色，通体油光锃亮，还在微微蠕动的……不可名状之物。
如果非要形容。
那就是两只被养得膘肥体壮，连五官都胖没了的……史前巨型大肥蛆！
那画风，简直是重量级的精神污染！"
第94章 惊！比比东把武魂捏成蛆！,https://www.biquh.com/678_678189/65985862_7.html,"
“嘶——”
饭店内响起一片倒吸凉气的声音。
在场哪个不是见惯了腥风血雨的封号斗罗？可看到这两坨玩意儿的瞬间，依旧感觉胃里一阵翻江倒海，午饭都快顶到嗓子眼了。
尤其是刚变帅的金鳄斗罗，脸都绿了。
我谢谢你啊！刚返老还童，就让我看这种掉san值的东西？！
这已经不是卖家秀和买家秀的区别了。
这特么是恐怖片和B级片的区别啊！
“嗝~”
也就在这死一般寂静的氛围里，灵鸢斗罗心满意足地放下了比她脸还干净的大海碗，舒服地打了个饱嗝。
“爽！前辈这手艺，真是绝了！”
她一边擦嘴，一边心满意足地抬起头，准备跟同僚们分享一下饭后感言。
然后，她的视线，就毫无防备的，和比比东手里的那两坨“大肥蛆”，精准地对上了。
灵鸢斗罗：......"
第95章 两坨大肥蛆，干吐所有封号！,https://www.biquh.com/678_678189/65985863.html,"
灵鸢斗罗脸上的笑容，瞬间凝固。
前一秒，她还是全场唯一一个沉浸在美食幸福中的人生赢家。
下一秒，她的瞳孔里，就只剩下那两坨油光锃亮、还在微微蠕动的玩意儿。
大脑，宕机了。
胃里那份刚刚还让她欲仙欲死的珍馐美味，此刻像是变成了造反的义军，正举着大旗往上冲锋。
她脸上的血色以肉眼可见的速度褪去，从满足的红润，变成了死一样的惨白。
完了。
破防了。
这波精神攻击，堪比十个封号斗罗联手放禁咒。
灵鸢斗罗猛地捂住嘴，但已经晚了。
她整个人像炮弹一样弹射出去，直奔店门。
下一秒。
门外传来一声撕心裂肺、响彻云霄的——
“呕——！！！！”
声音之凄厉，仿佛要把五脏六腑都给吐出来。
这一声干呕，如同战争打响的第一声号角。
那声音凄厉、高亢，充满了对美食的辜负和对精神污染的绝望。
紧接着，这道声音就像按下了什么神秘的开关。"
第95章 两坨大肥蛆，干吐所有封号！,https://www.biquh.com/678_678189/65985863_2.html,"
原本还能靠着封号斗罗的强大意志力，强行压制胃里翻江倒海的众人，瞬间就绷不住了。
医学上，这叫集体性癔症。
但在枫染亭，这叫——破防。
“我……我不行了……”
刚返老还童，帅得雅痞，正沉浸在自己盛世美颜中的金鳄斗罗，是第二个没扛住的。
他那张比鬼斗罗还帅的脸，已经绿的跟蛤蟆似的。
脑子里，那两坨油光锃亮的玩意儿，正和刚才吃下去的绝世美味疯狂battle。
打不过！根本打不过！
那视觉冲击力，完胜味觉的残留！
“呕——！”
金鳄斗罗甚至来不及维持自己二供奉的威严，捂着嘴，整个人化作一道金光就冲了出去。
他这一动，彻底引爆了全场。
“卧槽！你别发出声音啊！那画面还在我脑子里啊！”
雄狮斗罗发出一声悲鸣。
他抱着脑袋，试图把那两坨“大肥蛆”从脑子里甩出去，但根本没用。
下一秒，他也跟着冲了出去。
“我的龙肝凤髓面……它们在反抗……”"
第95章 两坨大肥蛆，干吐所有封号！,https://www.biquh.com/678_678189/65985863_3.html,"
“我的星之守护冰淇淋……它们脏了……”光翎斗罗哭丧着脸，湛蓝的眼睛里满是泪水，抱着他的冰凤凰，连滚带爬地跑向门口。
紧接着，就是长老团。
刚才还端着架子，鄙夷供奉们吃相难看的魔熊斗罗，此刻脸上的“优雅”和“仪式感”碎了一地。
他扔掉手里的刀叉，那动作，比扔掉一块烧红的烙铁还快。
优雅？
我优雅个der啊！
再不起身我就要吐在桌子上了！
这是对前辈最大的不敬！
“呕！！”
其他人也不比他慢，一个个的争先恐后的逃离此处。
而原本还在门口等着品尝枫染亭饭菜的吃瓜群众，便是看到了此生最为震撼的一幕。
一群跺跺脚就能让大陆抖三抖的顶级强者，此刻正扶着墙、抱着树、或者干脆就地蹲下，进行着一场规模宏大的“交响乐”。
那场面，简直是荡气回肠，闻者伤心，见者流泪。
“呕……我感觉……我把我上辈子的饭都吐出来了……”
青鸾斗罗一边吐一边哭嚎，感觉身体被掏空。
旁边的千钧斗罗面如金纸，有气无力地摆了摆手。
“别说了……栓Q……我真的会谢……”
整个枫染亭，顷刻间变得空空荡荡。"
第95章 两坨大肥蛆，干吐所有封号！,https://www.biquh.com/678_678189/65985863_4.html,"
只剩下四个人。
比比东还保持着那个双手托举的姿势，像一座风化的雕塑。
她两眼无神地盯着自己手里的两坨“杰作”。
那两坨油光锃亮，还在微微蠕动的玩意儿，仿佛在嘲笑她那早已破碎的少女心。
我堂堂武魂殿教皇，双生武魂的绝世天才……
怎么就把武魂捏成了这个鬼样子？
这玩意儿别说拿出去打架了，我就是拿去当化肥，都怕把地给毒死。
她的嘴角微微抽搐，一滴清泪划过脸颊。
人生的大起大落，实在是太刺激了。
另一边，千道流端坐于桌前，腰杆挺得笔直。
对于门外那撕心裂肺的动静，他充耳不闻。
对于比比东那边的精神污染源，他视而不见。
他的世界里，只剩下三件事。
等饭。
等饭。
还是他妈的等饭。
他甚至还闭上眼睛，深深吸了一口气。"
第95章 两坨大肥蛆，干吐所有封号！,https://www.biquh.com/678_678189/65985863_5.html,"
嗯，空气中，开始弥漫蛋炒饭的香气了。
至于最后两个幸存者，胡列娜和朱竹清，则完全是另一番光景。
两人并排站着，脸色一个比一个白，身体僵硬得像是两根电线杆。
她们的眼神，死死地盯着地面，用尽了毕生的意志力，才没让自己的视线往比比东那边飘。
太恶心了。
真的太恶心了。
刚才那画面，现在还在脑子里单曲循环。
顶住！
一定要顶住！
两人都在心里疯狂给自己打气。
我是老板的员工！
吐了，就等于给老板丢人！
给老板丢人，就等于砸自己的饭碗！
为了前辈亲手做的三餐！
我一定要忍住！
而刚刚从后厨端着三碗香喷喷的蛋炒饭出来，看着眼前这诡异景象，一脸懵逼的林枫。
林枫：？
我就是去炒了个饭。"
第95章 两坨大肥蛆，干吐所有封号！,https://www.biquh.com/678_678189/65985863_6.html,"
外面是被人用生化武器袭击了吗？
还没等他想明白，一道香风混合着绝望的气息，已经化作一道残影，直直地扑了过来。
林枫眼皮一跳。
他的第一反应不是扶人，而是自己手里的三碗蛋炒饭。
开玩笑，这可是刚出锅的硬通货，金魂币见了都得磕头，可不能洒了。
他手腕随意一抖。
三只盛满了黄金蛋炒饭的青花大碗，如同长了眼睛的无人机，稳稳地、精准地飞向了全场唯一的“正常人”千道流面前。
几乎是在饭碗落桌的瞬间，千道流的筷子就已经化作了幻影。
开造！
做完这一切，林枫才不情不愿地伸出双手，接住了那个扑进怀里的人形炮弹。
入手绵软，香气扑鼻。
还有点湿漉漉的。
他低头一看，怀里这哭得一把鼻涕一把泪，不剩半点教皇威严的女人，不是比比东又是谁？
“哇——！！”
比比东像是找到了主心骨，再也绷不住了，整个人挂在林枫身上，张嘴就是一声惊天动地的哭嚎。
“前辈！救我啊前辈！”"
第96章 系统宕机：这娘们儿是究极手残党！,https://www.biquh.com/678_678189/65985864.html,"
林枫感觉自己的CPU快烧了。
大姐，你又咋了？
看着也不像是快死了的样子啊？
可他脸上，依旧是那副云淡风轻的样子。
“何事？”
两个字，尽显高人风范。
比比东哭得更凶了，她抬起那张梨花带雨的俏脸，声音里带着哭腔和无尽的悔恨。
“前辈，我错了！”
“我不该自己乱动手，我再也不瞎捏了！”
“求求您，帮我把武魂变回去吧，变回原来的样子就行！求求您了！”
林枫眉头微不可查地一皱。
捏坏了？
好家伙，系统奖励还能玩出个残次品来？
他心里吐槽，表面上却依旧波澜不惊，只是伸出一根手指，轻轻点在了比比东光洁的额头上。
“莫慌。”
“本座看看。”
下一秒，他的意识顺着指尖，进入了比比东的精神之海。
林枫已经做好了心理准备。"
第96章 系统宕机：这娘们儿是究极手残党！,https://www.biquh.com/678_678189/65985864_2.html,"
不就是把蜘蛛捏丑了点吗？
能有多大事？
顶多就是从霸气侧漏的蛛皇，变成了可爱版的蜘蛛宝宝嘛，多大点事……
然后。
当他看清那两尊盘踞在精神之海中央的“武魂”时。
林枫的意识，陷入了长达三秒钟的死机。
他发誓，他就是做好了面对两只被捏成粉色佩奇的蜘蛛的准备，也绝想不到会是眼前这副光景。
精神之海的中央，根本没有所谓的死亡蛛皇和噬魂蛛皇。
取而代之的，是两坨……不，两尊！
两尊一人多高，通体油光锃亮，还在有节奏地微微蠕动的……紫黑色与墨绿色的史前巨型大肥蛆！
更要命的是，它们似乎感觉到了林枫的窥探，还极其人性化地……朝着他的方向，扭了扭肥硕的屁股。
那一瞬间的风情，直接让林枫感觉自己的SAN值条“biu”的一声，清空了。
我焯！
这是什么克苏鲁邪神新品种？！
这玩意儿要是丢到拉莱耶，克总看了都得连夜搬家！
甚至就连林枫的脑内，那个贱兮兮的系统都压不住了，发出一声划破天际的尖锐爆鸣。
【卧槽啊！！！】"
第96章 系统宕机：这娘们儿是究极手残党！,https://www.biquh.com/678_678189/65985864_3.html,"
【这特么是什么几把玩意儿？！斗罗大陆的物种多样性已经离谱到这个地步了吗？！】
【警告！检测到不明精神污染源！本系统CPU已过载99%！宿主你挺住，我先撤了！】
听到连系统都破防到语无伦次，林枫的嘴角不受控制地疯狂抽搐。
他缓缓转头，看着不知何时出现在自己身边的比比东精神体，沉默了足足半分钟，才从牙缝里挤出一句话。
“你的审美……挺别致啊。”
听到这句评价，比比东最后的心理防线也崩了。
这不就是拐着弯骂她丑得惊天动地吗！
“哇——！”
原本还在紧张地搅动手指的比比东，听到这句评价，当场再次破防飙泪。
“我也不想的嘛！呜呜呜……”
“我一开始是照着自己的形象捏的，可是捏到一半觉得，从蜘蛛改成人型太麻烦！”
“就把它们搓成球重新开始，可是......可后来就......”
林枫捂住了自己的脸，他感觉再多看那两坨蠕动的玩意儿一眼，自己今天晚上就别想吃饭了。
他在脑海里，直接用咆哮体@系统。
“系统！滚出来！死机遁是吧？！”
“她可是本饭店唯一的至尊VIP包月客户！你的‘武魂DIY手办级重塑权限’，就给她整出这么个玩意儿？！”
“售后呢？！差评！必须给你差评退款！”
系统：“……”"
第96章 系统宕机：这娘们儿是究极手残党！,https://www.biquh.com/678_678189/65985864_4.html,"
过了几秒，系统的声音才幽幽地响起，充满了劫后余生的心虚。
【鬼知道这娘们儿是个究极手残党啊！】
【本系统提供的是顶级的引擎和素材，她自己捏了坨屎出来，还能怪设备不行？】
【早知道她手艺这么抽象，我还不如直接奖励她一个“魔仙女王变身器”当武魂！】
林枫懒得跟它废话：“别哔哔，赶紧想办法解决！不然你的VIP客户就要流失了！”
【好说！】
系统的声音瞬间恢复了精神。
【叮！检测到客户“比比东”有“顶级建模代工”的强烈需求！】
【恭喜宿主，您已成功解锁隐藏天赋——“神级建模师·圣手仁心版”！】
【请宿主亲手为这两坨可怜的武魂，进行一次脱胎换骨的形象重塑吧！】
林枫看着那两坨还在精神污染自己的玩意儿，感觉太阳穴在一抽一抽地跳。
搞了半天，还得我自己上手捏？
我可是个厨子！不是手办大师！
算了，VIP客户的售后服务，也算是业务的一部分。
就当是……饭后消遣，活动一下手指了。
深吸一口气，把内心奔腾的草泥马强行压了下去，脸上恢复了那副“一切尽在掌握”的淡漠表情。
“你之前说，是想以自己的形象为蓝本，重塑武魂？”"
第96章 系统宕机：这娘们儿是究极手残党！,https://www.biquh.com/678_678189/65985864_5.html,"
林枫的声音平淡，听不出喜怒。
听到这话，比比东像是溺水的人抓住了最后一根稻草，疯狂点头，吸了吸鼻子，声音还带着哭腔。
“嗯嗯！”
“好。”
林枫微微颔首，用一种不容置疑的语气，下达了指令。
“起身。”
“站到那片空地去。”
比比东愣了一下，但还是立刻照做，小媳妇似的乖巧地站直了身体。
“左转。”
“右转。”
“双臂平举。”
“……”
林枫双手抱胸，像个最挑剔的艺术总监，指挥着堂堂武魂殿教皇跟个陀螺似的转来转去。
他的目光，则像最高精度的3D扫描仪，上上下下，前前后后，将比比东的每一寸曲线，每一个身体数据，都精准地录入脑海。
啧。
这身材……这数据……
放前世，这可是顶级的付费MOD啊！
林枫心里刚冒出点lsp的想法，下一秒就强行用专业精神压了下去。"
第96章 系统宕机：这娘们儿是究极手残党！,https://www.biquh.com/678_678189/65985864_6.html,"
“咳。”
林枫感觉自己的思路有点跑偏，赶紧收了回来。
整个过程，林枫的表情都严肃得像是正在进行一场神圣的仪式。
可被他这么一看，比比东却受不了了。
她感觉自己像是没穿衣服一样，被那道目光从里到外看了个通透。
那目光不带任何情欲，却比任何侵略性的眼神都让她感到羞耻。
一股热气从脖子根直冲天灵盖，她那张白皙的俏脸，以肉眼可见的速度，从耳根开始，迅速染上了一层诱人的粉霞。
整个人紧张得身体都开始微微发抖。
林枫自然也注意到了她那红润的脸色。
他内心直接就是一个地铁老爷爷看手机的表情。
我就是采集个数据，又不是做什么付费项目，你脸红个泡泡茶壶啊！？"
第97章 比比东：前辈，你这手法……正经吗？,https://www.biquh.com/678_678189/65985865.html,"
“好了。”
采集完数据，林枫转过身，终于要对那两坨精神污染源动手了。
比比东长舒一口气，脸上的燥热感褪去不少，像个小跟班似的，亦步亦趋地跟在林枫身后。
只见林枫精神力化作的大手一挥。
那两坨油光锃亮的“史前巨肥蛆”，便被一股无形的力量强行拘到了半空中。
林枫也不嫌弃，双手探出，直接开搓！
“先打个底，把多余的边角料去掉。”
林枫嘴里念念有词，完全是厨师处理高级食材前的准备工作。
随后，他便一心二用，左右开弓。
左手一个，右手一个。
那两坨不可名状之物，在他的十指间，开始了翻天覆地的变化。
他的手指修长有力，动作飞快。
时而揉，时而捏。
时而搓，时而拍。
时而又用指尖飞速地弹、点、压、拉！
一套操作行云流水，快中带着一种玄妙的韵律感，看得人眼花缭乱。
这手法……
怎么那么像城里“天上人间”会所里，那些头牌技师引以为傲的独门绝技？"
第97章 比比东：前辈，你这手法……正经吗？,https://www.biquh.com/678_678189/65985865_2.html,"
林枫心里也嘀咕。
比比东站在一旁，彻底看傻了。
她那双漂亮的琉璃美眸，死死地、一眨不眨地，就锁在林枫那双正在“施工”的手上。
一开始，她还只是惊叹于前辈手法的精妙。
可看着看着，味儿就不对了。
那揉捏的力道，那按压的节奏，那拉伸的弧度……
为什么……
为什么会让她一个活了这么多年的女人，看得脸红心跳，口干舌燥，甚至双腿都有点发软？
前辈他……他到底在干什么啊！
这真的是在重塑武魂吗？
可恶！
明明是如此神圣庄严的场合，我怎么会产生这么不知羞耻的想法！
比比东羞得想把头埋进怀里，可眼睛却像被磁铁吸住了一样，根本挪不开分毫。
而林枫，则完全沉浸在了自己的“手办大师”模式中。
“嗯，腰线得更细些，这里，弧度要圆润饱满，不然没有灵魂。”
“还有这个腿，得拉长一点，对，黄金比例，这样就差不多了！”
他一边捏，一边点头，像个最挑剔的艺术家，对着自己的作品精雕细琢。"
第97章 比比东：前辈，你这手法……正经吗？,https://www.biquh.com/678_678189/65985865_3.html,"
片刻之后。
林枫双手猛地一拍。
“搞定！”
他收回双手，满意地看着自己的杰作。
只见半空中，那两坨精神污染源已经消失不见。
取而代之的，是两尊与比比东本人身形别无二致，甚至在细节上更为完美的绝美女性光影。
一尊光影，身着紫黑色的哥特长裙，裙摆的蕾丝边繁复而又华丽。
她双目被一根纯黑的布条蒙住，只露出完美的下颌线，透着一股生人勿近的冷艳与神性。
修长的双腿被暗纹渔网袜包裹，每一个弧度都恰到好处，性感却不带一丝俗气。
冰冷，高贵，如同执掌终末的君王。
死亡女神！
另一尊光影，则截然相反。
一身墨绿色的紧身战甲，将那堪称完美的女性曲线勾勒得淋漓尽致。
战甲表面流淌着金属与生物质感结合的微光，充满了力量与野性的魅惑。
她没有蒙眼，一双锐利的眼眸仿佛能洞穿灵魂，那是属于顶级掠食者的眼神。
英姿飒爽，杀伐果断。
噬魂女神！
无论是五官，还是身材，都完美复刻了比比东的巅峰颜值。"
第97章 比比东：前辈，你这手法……正经吗？,https://www.biquh.com/678_678189/65985865_4.html,"
堪称……顶级付费MOD。
脑子里还在播放着需要打上马赛克画面的比比东，被林枫这一声“搞定”给拉回了现实。
她下意识抬头看去。
然后，整个人像是被雷劈中了一样，彻底定在了原地。
这就是……我的新武魂？
从那两坨大肥蛆变过来的？
半空中，两尊光影静静悬浮。
一尊死亡女神，黑裙蒙眼，冷艳高贵，神圣不可侵犯。
一尊噬魂女神，战甲裹身，英姿飒爽，野性而又致命。
两尊女神的容貌，身材，甚至连发丝飘动的弧度，都完美复刻了她自己，不，是比她自己还要完美！
是她穷尽一生幻想，却又不敢奢望的，最完美的武魂姿态！
比比东的呼吸，停滞了。
她感觉自己的心脏被一只无形的大手狠狠攥住，狂喜的浪潮几乎要冲垮她的理智。
可下一秒，当她的视线，落在那两尊女神光影完美的腰臀曲线上时。
她的大脑，“嗡”的一声，炸了。
一个让她羞愤欲绝的念头，不受控制地疯狂冒了出来。
这个弧度……"
第97章 比比东：前辈，你这手法……正经吗？,https://www.biquh.com/678_678189/65985865_5.html,"
刚才前辈的手，是不是在这里……按了一下？
还有这个腿……
刚才前辈是不是用手指，从下往上，这么……滑过？
还有……还有……
比比东不敢再想下去了！
她感觉自己的脸颊烧得能直接把空气点燃。
完了。
全完了。
虽然这两个武魂真的很漂亮，但从这一刻起，她感觉自己再也无法直视自己的武魂了。
甚至，她都无法直视自己的身体了！
因为这两个新武魂，从头到脚，从里到外，每一寸，每一个细节，都是前辈用那双骨节分明的手。
按照自己的身体，亲手一下一下.....
搓出来的！
一种难以言喻的羞耻感，像一股电流，在她四肢百骸疯狂乱窜。
她甚至感觉，自己全身上下，里里外外，都已经被前辈给摸了个遍的幻觉。
而且还是最细致，最专业的那种。
“前辈……”
比比东刚想说点什么，却发现林枫的精神体早已消失不见。"
第97章 比比东：前辈，你这手法……正经吗？,https://www.biquh.com/678_678189/65985865_6.html,"
那感觉，就像心里最柔软、最隐秘的地方，忽然空了一块。
她猛地睁开双眼。
外界，林枫刚把指尖从她的额头上挪开，动作不带一丝烟火气。
“好了，你现在可以试着进行武魂附体了。”
这句平淡的话却像一道催命符，精准地劈在了一群刚扶着墙，虚弱地挪回店内的封号斗罗们的脑门上。
他们刚刚胆汁都快吐出来了，腿软得跟面条似的，连站直的力气都没有，本想进来歇歇脚。
结果，就听到了这句堪比地狱魔音的话。
金鳄斗罗猛地捂住自己的胸口，感觉心脏病都快犯了。
刚到手的八百年阳寿，就这一句话，起码吓没了一半！
他脑子里“嗡”的一声，当场就炸了。
嘛玩意儿？！
附体？！
附什么体？！"
第98章 教皇饶命！别变大肥蛆！,https://www.biquh.com/678_678189/65985866.html,"
金鳄斗罗的脑海里，不受控制地浮现出一副让他DNA都开始暴动的恐怖画面——
只见比比东神情肃穆，娇喝一声“武魂附体！”
然后，她整个人“duang”的一下，变成了一只通体油光锃亮、还在疯狂蠕动的……史前巨型大肥蛆！
那玩意儿甚至还长出了比比东的脸，对他抛了个媚眼！
“呕——！”
不行了！蚌埠住了！
金鳄斗罗胃里又是一阵翻江倒海，可他连胆汁都吐干净了，现在只能撕心裂肺地干呕。
前辈！做个人吧！
求求你做个人吧！
“噗通！”
雄狮斗罗更是双腿一软，当场给比比东跪了。
他一把鼻涕一把泪，抱着旁边千钧斗罗的大腿，哭得像个三百斤的孩子。
“教皇冕下！饶命啊！”
“别附体！求您了！”
“我这肚子是真没东西能吐了啊！”
千钧斗罗的脸也白得跟纸一样，哆嗦着嘴唇，想把他推开。
却发现自己也腿软得站不住，跟得了帕金森似的抖个不停。
“冕下……三思啊……再看一眼，我怕是当场就要追随天使神而去了……”"
第98章 教皇饶命！别变大肥蛆！,https://www.biquh.com/678_678189/65985866_2.html,"
然而，比比东压根没搭理这群戏精。
她现在满脑子都是前辈那双骨节分明的手，和自己那两尊被亲手“搓”出来的完美武魂。
羞耻吗？
羞耻。
但更多的是一种前所未有的强大与自信！
她缓缓闭上双眼，红唇轻启，声音里带着一丝连自己都未曾察觉的颤栗。
“武魂附体！”
嗡——！
一股冰冷、死寂、却又高贵到极点的神性气息，瞬间笼罩了整个饭店。
一袭繁复华丽的哥特式长裙，将那堪称完美的娇躯包裹。
一根纯黑色的丝带蒙住双眼，透着一股生人勿近的冷艳与神性。
她就那么静静地站在那里，不带一丝烟火气，却仿佛执掌着世间一切生命的终结。
冰冷，高贵，神圣，不可侵犯！
看到这一幕。
前一秒还在哭天抢地的封号斗罗们，声音戛然而止。
整个饭店，鸦雀无声。
所有人都瞪大了眼睛，张着嘴，集体陷入了宕机状态。"
第98章 教皇饶命！别变大肥蛆！,https://www.biquh.com/678_678189/65985866_3.html,"
足足过了十几秒。
“呼——”
一声如释重负的长叹，从金鳄斗罗的嘴里吐了出来。
紧接着，此起彼伏的喘息声响起。
所有人，都像是刚从水里捞出来一样，浑身被冷汗浸透，大口大口地呼吸着来之不易的新鲜空气。
“不……不是蛆……”
雄狮斗罗一屁股瘫坐在地上，劫后余生地喃喃自语。
“还好还好，眼睛不用再接受一次摧残。”
其余几个封号斗罗，也是一副被掏空了的表情，疯狂点头附和。
活着，真好。
就在这片祥和的感恩氛围里，一道清脆的声音，显得格外突兀。
“哇！”
光翎斗罗那双湛蓝的眼睛里，此刻正闪烁着比星星还亮的光芒。
“教皇冕下现在……好好看啊！”
一句话，让全场瞬间安静。
众人这才如梦初醒，下意识地，将僵硬的目光，重新投向了比比东。
然后。
集体石化。"
第98章 教皇饶命！别变大肥蛆！,https://www.biquh.com/678_678189/65985866_4.html,"
好看？
这他娘的……这能是用“好看”两个字来形容的吗？！
这简直就是降维打击！
是直接把美貌这个概念，狠狠砸在他们脸上！
那身段，那气质，那冰冷又高贵的神性……
尤其是那根蒙住双眼的黑色丝带，不仅没有遮挡分毫美感，反而平添了无穷的神秘与诱惑。
禁欲又性感。
这谁顶得住啊？！
刚返老还童，重获第二春的金鳄斗罗，下意识地捂住了自己的胸口。
他感觉自己那颗重返年轻的心脏，跳得比当年第一次见到初恋情人时还要快。
完了。
道心不稳了。
鬼斗罗下意识地挺直了腰板。
他整理了一下自己那身价值不菲的黑袍，原本古井无波的眼神里，此刻竟流露出一丝棋逢对手的欣赏，以及……身为“过来人”的优越感。
他看向比比东的眼神，不带半分杂念，纯粹是一位顶级颜值区的UP主，在审视另一位王炸级别的同行。
专业。
太专业了！"
第98章 教皇饶命！别变大肥蛆！,https://www.biquh.com/678_678189/65985866_5.html,"
这建模，这渲染，这气质……他愿称之为最强！
然而，他身旁的菊斗罗，却是从鼻孔里发出了一声极其不屑的冷哼。
“哼！”
那声音不大，但里面的醋味，隔着八百里都能熏死一头魂兽。
鬼斗罗心里“咯噔”一下。
遭了！忘了身边这位才是老醋坛子！
他连忙凑过去，用胳膊肘碰了碰自己的老伙计，挤眉弄眼，疯狂暗示。
比比东没有去管门外那群丢人现眼的封号斗罗。
她只是轻轻握了握拳。
一种前所未有的力量感，和一种堪称完美的契合度，瞬间传遍全身。
没有丝毫的晦涩与不适。
这尊“死亡女神”武魂，简直就像是她与生俱来，从灵魂深处长出来的一样！
太强了！
太完美了！
比比东心中涌起狂喜，下意识便想转身，向林枫分享这份喜悦。
可下一秒，她的脑子里，却不受控制地开始单曲循环刚才在精神之海里的画面。
那双手……
在她身上……"
第98章 教皇饶命！别变大肥蛆！,https://www.biquh.com/678_678189/65985866_6.html,"
呸！
是在她的武魂上，进行各种高难度塑形操作的记忆。
轰！
比比东那张冰冷绝美的脸蛋，“蹭”的一下，从脖子根直接烧到了耳尖。
这个腰线……
是前辈用指腹，一寸一寸，按压出来的弧度。
那片挺翘……
是前辈用整个手掌，完全包裹住，才打磨出的圆润饱满。
还有那双被黑色丝带包裹，显得格外修长的腿……
而我现在又武魂附体。
岂不是约等于，我整个人都被前辈给……
想到这里，比比东娇躯一颤。
她维持着那副冷艳御姐的范儿，两只被黑丝渔网袜包裹的修长玉腿，却在裙摆下，不自觉地微微并拢，轻轻蹭了两下。
姿态，莫名带上了一丝无法言说的娇羞。
这倒是看得一众长老供奉老脸一红，眼神飘忽，却不敢再多看一眼。
从精神污染的史前大肥蛆，到惊为天人的羞怯绝色女神。
这巨大的反差，带来的后劲儿，比喝十斤假酒都大！"
第98章 教皇饶命！别变大肥蛆！,https://www.biquh.com/678_678189/65985866_7.html,"
在场的每一个铁血硬汉，此刻都感觉自己的少女心，被狠狠地撞了一下。
整个饭店，静得能听见一根针掉在地上的声音。
就在这神圣而又旖旎的气氛即将发酵到顶点时。
“嗝~！”
一声又长又响，还带着满足回音的饱嗝，毫无征兆地在饭店里炸开。
那动静，跟平地打了个雷似的。
饭店里那点刚刚升起的，混合着惊艳、羞涩和一丝暧昧的粉红色泡泡，当场全碎了......"
第99章 千道流：老夫要成神娶西西！,https://www.biquh.com/678_678189/65985867.html,"
众人僵硬地转过头。
视线的尽头，正是那个连干了三碗蛋炒饭的千道流。
此刻，他那张老脸上，哪里还有半点大供奉的威严与倔强？
取而代之的，是一种酒足饭饱后，四大皆空，俗称“贤者时间”的迷之安详。
他心满意足地抹了把嘴上残留的油光，姿态豪迈地将三个叠在一起的空碗往桌上重重一放。
“咚！”
千道流大手一挥，中气十足。
“结账！”
“承蒙惠顾，一共三万金魂币。”
胡列娜甜甜一笑，躬身行礼，动作专业得无可挑剔。
只是那微微抽动的嘴角，暴露了她此刻也在疯狂憋笑的事实。
饭店里，除了千道流准备金魂币的动静外，再无其他声音。
所有人的目光，都汇聚在千道流那张泛着红光、写满“舒坦”二字的脸上。
再低头，看看自己那因为剧烈呕吐而空空如也，甚至还在隐隐抽痛的肚子。
一种名为“人与人的悲欢并不相通”的巨大悲伤，瞬间淹没了在场除千道流以外的所有人。
心态崩了。
彻底崩了。
扶着墙才能勉强站稳的金鳄斗罗，眼珠子“唰”的一下就红了。"
第99章 千道流：老夫要成神娶西西！,https://www.biquh.com/678_678189/65985867_2.html,"
凭什么啊！
大家一起来，一起挨了精神污染，一起吐得天昏地暗。
凭什么你个一开始最能犟的老东西，最后反而吃得满嘴流油啊？！
雄狮斗罗瘫在地上，两眼无神，感觉自己刚进化来的“黯狱魔狮”武魂，现在虚得跟只小猫咪似的。
明明一开始大家都是来吃饭的，只有这老家伙跟茅坑里的石头一样，又臭又硬，死活不肯吃。
结果呢？
到头来，他们这群“聪明人”，一个个吐得连黄疸水都出来了，跟没吃一样。
反倒是一开始闹别扭的大哥，一个人，造了三碗！
这上哪儿说理去？！
千钧、降魔两兄弟，默默地对视一眼，都在对方的眼里看到了四个大字。
——饿、饿、饿、饿！
看着千道流那张容光焕发的老脸，再看看周围一群面如金纸、腿肚子还在打颤的“难兄难弟”。
一种名为“背叛”的感觉，油然而生。
他们所有人，此刻心里只有一个念头。
这大哥，指定是不能要了！
千道流付完钱，林枫还没来得及说话，他脑子里那个贱兮兮的系统音就先一步响了起来。
【叮！消费金额：30000金魂币。】"
第99章 千道流：老夫要成神娶西西！,https://www.biquh.com/678_678189/65985867_3.html,"
【系统评价：一根总算学会正视内心欲望，并愿意为之付费的老韭菜，鉴于其消费态度良好，可正常发放奖励。】
【随机奖池已生成……生成结束，奖励：天使神力亲和度+5%。】
【宿主奖励：美食积分3000。】
闻言，林枫无语的翻了个白眼，心想果然这才是正常的奖励吧？
他这边心里刚吐槽完，人已经从躺椅上坐直了身子。
一个微不足道的起身动作，却让整个饭店瞬间安静得落针可闻。
来了来了！
饭后保留节目，开奖环节！
金鳄斗罗等人强行打起精神，一双双眼睛“唰”地一下，全都聚焦到了林枫身上。
只是，这次的眼神里，不光有期待，还充满了朴素而又恶毒的期盼。
他们的内心，此刻空前统一。
抽个垃圾！
一定要抽个垃圾！
最好是“谢谢惠顾”！
凭什么我们吐得天昏地暗，你个老东西一个人在这儿吃得满嘴流油啊！
不患寡而患不公啊大哥！
然而，林枫只是对着千道流的方向，随意地屈指一弹。
“看在你如此有诚意的份上，便助你离你的神，更近一步。”"
第99章 千道流：老夫要成神娶西西！,https://www.biquh.com/678_678189/65985867_4.html,"
林枫的声音淡漠如风。
“你的奖励，是天使神力亲和度增加百分之五。”
“身为天使神大供奉，你应该明白这意味着什么。”
话音落下，饭店里一片死寂。
金鳄斗罗等人瞬间就被这句轻描淡写的话给炸得外焦里嫩。
啥玩意儿？！
天使神力亲和度？
还他妈加百分之五？！
千道流本人，更是整个人都僵在了原地。
他那张因为吃饱喝足而容光焕发的老脸，瞬间呆滞。
他身为天使大供奉，自身的亲和度早就卡死在了百分之五十！
那是他穷尽一生都无法逾越的天堑！
而想要继承天使神位，就必须达到百分之百！
那道门，他已经绝望地看了几百年，以为此生再无推开的可能。
可现在，这个男人就这么轻描淡写地，用三碗蛋炒饭的奖励，把他此生最大的奢望，撬开了一道缝？！
一个尘封在记忆最深处，让他午夜梦回都会心痛到无法呼吸的声音，猛地在脑海中炸响。
“你们谁若能成神，我便选择谁。”"
第99章 千道流：老夫要成神娶西西！,https://www.biquh.com/678_678189/65985867_5.html,"
那是波赛西当年对他说过的话。
是他一生的痛，一生的憾。
轰！
千道流感觉自己的脑子炸了。
所有的不甘，所有的执念，所有的爱而不得，在这一刻，全都化作了前所未有的动力！
去他妈的守护！
去他妈的等待！
老子要成神！
一个清晰无比的小目标，瞬间在他心中生根发芽，疯狂生长！
——先成个神，然后就去提亲！把西西娶回家！
——今晚！今晚就用梦幻水晶进她梦里！
用最霸道的语气告诉她：西西！等我！等我成了神，就风风光光地把你娶回武魂殿！
就在千道流已经开始幻想婚后幸福生活，嘴角咧得跟个二傻子似的，疯狂傻笑的时候。
“草！”
雄狮斗罗猛地一拍大腿，差点把自己的腿骨拍断。
他哭丧着脸，声音里带着无尽的委屈和嫉妒。
“不是吧！这老东西吃独食也就算了！运气还他妈这么好？！”
这一嗓子，喊出了所有人的心声。"
第99章 千道流：老夫要成神娶西西！,https://www.biquh.com/678_678189/65985867_6.html,"
金鳄斗罗等人虽然欣慰，但更是气得浑身发抖。
我多了八百年寿命又如何？
人家这是奔着成神去了啊！
人比人，气死人！
他指着千道流，对着旁边的青鸾斗罗痛心疾首。
“老三你看！你看他那副德行！”
千道流眉头狂跳，狠狠剜了一眼旁边羡慕嫉妒恨的同僚们，然后整理衣袍。
他对着林枫的方向，前所未有地，郑重地，弯下了自己那从未对神以外的存在弯曲过的腰杆。
一个九十度的深躬。
“多谢前辈！”
可就在这时。
他脸上的表情，猛地僵住了。
一个念头在他脑海内不自觉的浮现。
等一下。
天使神的神位……只有一个。
如果自己成了神。
那小雪呢？"
第100章 成神蓝图画好了，你告诉我余额不足？,https://www.biquh.com/678_678189/65985868.html,"
千仞雪。
这个名字像一盆冰水，兜头盖脸地浇在了千道流的狂喜之上。
他最疼爱的孙女。
天使一族近千年来，最杰出的天才。
板上钉钉的，下一任天使之神。
他这一辈子，前半生活在对一个女人的求而不得里。
后半生，几乎所有的心血，都倾注在了这个孙女身上。
守护她，培养她，为她扫清一切障碍。
然后，在最关键的时刻，献祭自己，为她铺平成神之路。
这是他的宿命。
也是他早已接受的结局。
可现在……
林枫给了他一个机会，一个他自己成神的机会。
一个他梦寐以求，甚至不惜付出一切的机会。
但天使神的神位……只有一个。
他上？
还是小雪上？
一边，是迟到了一生的爱情。"
第100章 成神蓝图画好了，你告诉我余额不足？,https://www.biquh.com/678_678189/65985868_2.html,"
另一边，是他倾注了半生心血的责任与亲情。
怎么选？
选哪个？！
千道流的脑子嗡嗡作响，一片空白。
他脸上的血色瞬间褪去，刚刚因为三碗蛋炒饭而升起的红光，消失得无影无踪。
整个人，仿佛被抽走了所有的精气神。
就在他心乱如麻，天人交战之际，眼角的余光，无意间瞥到了一个人影。
比比东。
她依旧保持着武魂附体的姿态，神情复杂，脸上还带着一抹挥之不去的红晕，时不时偷偷看一眼林枫那双手。
千道流的目光，下意识地在她身上顿住了。
等等。
比比东的武魂……
前辈刚才，把那两坨恶心人的玩意儿，捏成了现在这个样子？
变得比原来更强，更完美？
一个疯狂的念头，毫无征兆地，像一道闪电，狠狠劈开了他脑中的混沌！
对啊！
我在纠结什么？！"
第100章 成神蓝图画好了，你告诉我余额不足？,https://www.biquh.com/678_678189/65985868_3.html,"
这里是枫染亭！
是这个男人的地盘！
在这里，常理和规则，根本就是个屁！
天使神位只有一个？
没错！
可谁规定了，神位，就只能有一个？！
千道流的呼吸瞬间变得无比粗重，眼中爆发出前所未有的光芒！
他继承天使神位！
他要去找他的西西！
至于小雪……
千道流的目光，猛地转向了柜台后那个懒洋洋的男人。
他要把小雪立刻从天斗帝国叫回来！
让她天天来这里吃饭！
武魂殿的宝库，随便她搬！
砸！
用金魂币，用整个武魂殿的底蕴，硬生生地，给她也砸出来一个神位！
千道流猛地转身。
那动作，快得像一道苍老的闪电，带着一股不容置疑的决绝。"
第100章 成神蓝图画好了，你告诉我余额不足？,https://www.biquh.com/678_678189/65985868_4.html,"
他一把抓住三供奉青鸾斗罗的肩膀，那五根手指像是铁钳，力道大得让青鸾斗罗都感觉到了疼痛。
“老三！”
千道流的声音，沙哑，却充满了前所未有的狂热。
“你现在，立刻，马上出发！”
“去天斗帝国，把小雪给我带回来！”
这道命令，没有丝毫商量的余地。
这话一出，金鳄斗罗等人全愣住了。
把少主带回来？
现在？
天斗的计划进行到最关键的时刻，怎么能……
“大哥，你这是……”
金鳄斗罗刚想发问。
千道流深吸一口气，像是用尽了全身的力气，说出了一句足以颠覆武魂殿传承的话。
“天使神位……我不打算再等了。”
“我要了！”
他转过头，看着众人那惊骇欲绝的表情，眼神里满是痛苦和挣扎，但更多的，是一种破釜沉舟的坚定。
“我知道，我抢了本该属于小雪的一切。”"
第100章 成神蓝图画好了，你告诉我余额不足？,https://www.biquh.com/678_678189/65985868_5.html,"
“所以，我会补偿她的！”
他的声音越来越大，带着一种近乎癫狂的执念。
“让她来枫染亭！让她也来接触这份天大的机缘！”
千道流的目光扫过饭店的每一个角落，最后落在了林枫身上，那眼神，是信徒看向神祇的眼神。
“等她回来，就算是砸穿武魂殿的宝库，我也要给她砸出来一个神位！”
此话一出，金鳄斗罗和青鸾斗罗等人，心头剧震。
他们看着自家大哥那副既愧疚又坚定的模样，一时间，竟说不出半句劝阻的话。
是啊。
见识了前辈这通神的手段，区区一个天使神位，又算得了什么？
大哥他……终于找到了自己真正想走的路了。
而且大哥刚才说的，好像真的可行！
金鳄斗罗第一个反应过来，他看着自家大哥那副破釜沉舟的样子，非但没有劝阻，反而激动得老脸，啊呸！是俊脸通红！
“大哥说得对！”
“什么狗屁传承！前辈这里的机缘，未必比天使神位差！”
以往要是听到这种大逆不道的话，千道流非得一巴掌呼死他。
可现在，他却深以为然地点了点头。
是啊！香！太香了！
一时间，几乎所有供奉都热血上头，仿佛已经看到了武魂殿未来同时出现两位神的辉煌景象！"
第100章 成神蓝图画好了，你告诉我余额不足？,https://www.biquh.com/678_678189/65985868_6.html,"
“大哥你放心！小雪那边，一定没问题！”
“没错！砸锅卖铁，也得给少主凑出一个神位！”
就在饭店里弥漫着一股悲壮而又激昂的气氛时。
旁边，一个清脆又无辜的声音，弱弱地响了起来。
光翎斗罗眨巴着他那双湛蓝纯净的大眼睛，小心翼翼地举起了手。
“那个……大哥……”
“你忘了咱们武魂殿的宝库，不是已经被教皇冕下搬空，换成一日三餐的包月资格了吗？”
光翎斗罗的声音，不大。
但在此刻这死一般寂静的饭店里，却不亚于一发精准命中了弹药库的炮弹。
刚刚还热血上头，准备跟着大哥一起创造武魂殿辉煌未来的供奉们，脸上的激昂，瞬间凝固。
空气，死一般的寂静。
所有人的目光，都像被磁铁吸住的铁屑，“唰”的一下，全都聚焦到了千道流的身上。
大家伙儿眼睁睁地看着。
自家大哥那张刚刚还因为梦想重燃而容光焕发的老脸，像是被戳破的气球，正在飞速漏气。
那抹健康的红润，没了。
他的脸，白了。
然后，由白转青。"
第100章 成神蓝图画好了，你告诉我余额不足？,https://www.biquh.com/678_678189/65985868_7.html,"
最后，青中带紫，紫中透黑，像极了一盘放了三天的隔夜猪肝。
千道流的脑子“嗡”的一声，彻底宕机了。
“宝……库……空了？”
“包……月……了？”
他的CPU，烧了。
脑海里，刚刚还清晰无比的宏伟蓝图——
“成神、提亲、迎娶西西、走上人生巅峰”，被“余额不足”四个血淋淋的大字，砸得粉碎。
人生的大起大落，实在是太刺激了。
金鳄斗罗不知道第几次捂住自己的小心脏，戴上痛苦面具。
而他身旁的青鸾斗罗，已经开始用手掐自己的人中了。
千道流的身子猛地晃了晃，像是被抽走了全身的骨头，直挺挺地就要往后倒。
“大哥！”
金鳄和青鸾眼疾手快，一左一右，死死架住了他。
千道流被架着，双目失神，嘴里还在喃喃自语。
“我的西西……我的神位……我的养老金……”
下一秒，他那失神的双眼猛地重新聚焦！
一股滔天的怒火，从他的脚底板直冲天灵盖！
他猛地挣开左右护法，魂力凝聚出一把天使圣剑，剑尖因为主人的愤怒而疯狂嗡鸣！"
第100章 成神蓝图画好了，你告诉我余额不足？,https://www.biquh.com/678_678189/65985868_8.html,"
千道流双目赤红，剑指那个还保持着武魂附体，一脸无辜的女人，用尽了毕生的力气，发出一声响彻武魂城的悲愤咆哮：
“比比东——！！！”
“你这个败家娘们儿！！老夫今天跟你拼了！！！”"
第101章 震惊！大陆顶级强者竟沦落街头……,https://www.biquh.com/678_678189/65985869.html,"
眼瞅着千道流提着天使圣剑就要上去给比比东开个光，供奉殿那群刚吐完的虚货，魂儿都吓飞了。
也顾不上腿软了，一个个连滚带爬地冲上去拉偏架。
金鳄斗罗反应最快，一把从后面拦腰抱住千道流，用上了吃奶的劲儿，一张脸憋得通红。
“大哥！冷静！你冷静点啊！”
“为个娘们儿，不是，为这点小事，不至于！不至于啊！”
另一边，比比东也炸了。
老东西！
你骂谁败家娘们儿呢！
当着前辈的面这么说，我的脸还要不要了？！
而且……败家怎么了？
我凭本事搬空宝库，换来前辈的青睐，有本事你也搬啊！
“很好。”
比比东发出一声冷笑，杀气腾腾。
“既然你这么想被揍，本皇今天就成全你！”
她刚被前辈亲手“捏”出来的新武魂，正愁没地方测试手感呢！
今天就拿你这绝世斗罗来开开刃！
鬼斗罗一看这架势，头皮都麻了，赶紧带着一群长老冲上去拦人。
“教皇冕下！息怒！大供奉他年纪大了，脑子糊涂了，您别跟他一般见识！”"
第101章 震惊！大陆顶级强者竟沦落街头……,https://www.biquh.com/678_678189/65985869_2.html,"
于是乎，枫染亭内，上演了堪称斗罗大陆万年历史上最离谱的一幕。
供奉殿和长老殿，这两大跺跺脚就能让大陆抖三抖的顶级暴力集团，他们各自的老大，此刻正隔着几米远，红着眼睛隔空对线。
而他们手底下那群威名赫赫的封号斗罗们，则组成了一道脆弱又搞笑的“人墙”。
一边，金鳄斗罗在前面死命抱着千道流的腰，后面的青鸾斗罗抱着金鳄斗罗，雄狮斗罗又抱着青鸾斗罗……形成了一串摇摇欲坠的人肉糖葫芦。
“大哥！咱有话好好说！别动手！”
“是啊大哥！为了一个娘们……呸！为了这点小事！不值当啊！”
鬼斗罗等人，则是一字排开，组成了一道堪称武魂殿史上最豪华，也最心酸的“人肉叹息之墙”，死死拦在比比东面前。
“冕下！大供奉他只是受的刺激太大了，脑子一时间不清晰了，您就体谅一下老人家吧。”
魔熊斗罗在后面疯狂点头，那张刚毅的脸此刻写满了“怂”字。
“是啊是啊冕下！您大人有大量！”
整个枫染亭，热闹得跟菜市场似的。
就在这堪称“武魂殿内战前传”的混乱场面中，一声轻响，突兀地传来。
“叩。”
林枫只是伸出一根手指，在身前的柜台上，不轻不重地敲了一下。
声音很轻。
但这一下，却像按下了全世界的静音键。
前一秒还声嘶力竭的千道流，咆哮声戛然而止。"
第101章 震惊！大陆顶级强者竟沦落街头……,https://www.biquh.com/678_678189/65985869_3.html,"
他手里的天使圣剑“唰”的一下，被他跟做贼似的，迅速藏到了身后，还差点扎中金鳄斗罗。
前一秒还杀气腾腾的比比东，脸上的煞气瞬间消散。
她也光速解除了武魂附体，顺带着整理了一下自己根本没乱的裙摆，然后低着头搅动手指。
刚才还剑拔弩张，恨不得把对方脑浆子都打出来的两位大佬。
此刻，一个像犯了错等着挨训的留守老头。
一个像偷拿了家里钱去买皮肤被发现的叛逆少女。
那叫一个乖巧。
那叫一个听话。
金鳄斗罗等人如蒙大赦，腿一软，差点集体给林枫跪下。
得救了。
终于，林枫那慵懒中带着一丝不耐的声音，缓缓响起。
“闹够了？”
两个字，却像是两座大山，狠狠压在了千道流和比比东的心头。
两人浑身一颤，下意识对视一眼，又如同触电般飞快错开。
然后，跟商量好似的，齐刷刷对着林枫的方向，来了个九十度的标准深鞠躬。
动作整齐划一，卑微到了骨子里。
“前辈，我错了！”
“前辈，我再也不敢了！”"
第101章 震惊！大陆顶级强者竟沦落街头……,https://www.biquh.com/678_678189/65985869_4.html,"
林枫没搭理他们，只是百无聊赖地抬眼，看了看窗外的天色。
“本店午休时间到了。”
“没领奖励的，自己过来。”
“领完的，该滚哪去滚哪去，别在我这儿碍眼。”
这话说的毫不客气。
但在金鳄斗罗等人听来，却不亚于天籁之音。
然而，就在千道流等人如蒙大赦，准备带着自家大哥赶紧溜之大吉时。
林枫的目光，落在了那个低着头，还在搅手指的比比东身上。
他嘴角扯了扯，像是才想起来什么似的，随口补充了一句。
“哦，对了。”
“你，留下。”
“可以在这里吃午饭。”
林枫这话一出，比比东整个人都愣住了，心脏“噗通”漏跳了一拍。
我……可以留下？
吃午饭？
和前辈一起？
这个认知，像一颗幸福的炸弹，在她脑子里轰然引爆，炸得她七荤八素，晕头转向。"
第101章 震惊！大陆顶级强者竟沦落街头……,https://www.biquh.com/678_678189/65985869_5.html,"
这是……被特殊对待的感觉吗？
她那张小脸此刻更是红得快要滴出血来，整个人扭捏得像个初次约会的小姑娘。
而另一边，好不容易压下火气的千道流则是瞬间石化。
凭什么？！
凭什么这个败家娘们儿就能留下吃饭？
凭她长得好看？凭她会败家？！凭她刚才差点把武魂捏成两只蛆？！
一时间，千道流整个人都酸成了柠檬精。
林枫看着表情一个天一个地的两人，满头问号。
一个VIP客户，享受一下专属的每日三餐福利。
这有什么问题吗？
完全没有啊。
“前辈，我，我等……告退。”
千道流几乎是颤抖着说出这句话，就好像随时都能哭出来似的。
他对着林枫，僵硬地行了个礼，然后猛地转身，那动作，活像一头准备离家出走的倔驴。
金鳄斗罗等人赶紧跟上，生怕自家大哥想不开，一头撞死在墙上。
然而，千道流刚一只脚迈出枫染亭的大门，离开了前辈的视线范围，就再也绷不住了。
他没有发出任何声音，带着人快步离开商业街，到了一个四下无人的街角，开始了疯狂的“无实物表演”。
一招“天使突击”，对着空气打出了一套军体拳，拳风呼啸，却只有他自己能听见心碎的声音。"
第101章 震惊！大陆顶级强者竟沦落街头……,https://www.biquh.com/678_678189/65985869_6.html,"
一式“天使咆哮”，张大了嘴，面目狰狞，却只发出了“嗬嗬”的漏气声，眼角似乎还有晶莹在闪烁。
那憋屈又愤怒的样子，看得他身后一群封号斗罗眼角疯狂抽搐，一个个低着头，假装什么都没看见。
等千道流发泄完毕，整个人像是被抽干了精气神，佝偻着背，领着一群人，在街角找了个台阶，齐刷刷地蹲了下来。
一时间，大陆最顶级的几个暴力分子，此刻蹲在墙角，像一群刚被包工头卷款跑路了的农民工。
气氛，沉重、凄凉，还带着一丝滑稽。
“大哥，现在怎么办？”金鳄斗罗率先打破了沉默，“小雪那边……还需要前辈的帮助啊。”
“钱！”
千道流猛地抬起头，双目赤红，只吐出了一个字。
“没钱，一切都是狗屁！”
青鸾斗罗环顾四周，压低了声音，小心翼翼地提出了一个极具建设性的意见：
“武魂殿的宝库是指望不上了……要不，咱们去打劫几个不听话的王国公国？”"
第102章 千道流：告诉小雪，揭不开锅了。,https://www.biquh.com/678_678189/65985870.html,"
听到这个堪称胆大包天的提议，雄狮斗罗那双铜铃大眼，“噌”地一下就亮了。
他猛一拍大腿，地面都跟着震了三颤。
“附议！”
“三哥这主意我看行！我早就看巴拉克王国那帮软脚虾不顺眼了！背地里天天跟我们武魂殿作对，抢他丫的！”
“我建议先拿星罗帝国南边那几个公国开刀！他们离咱们远，抢完就跑，谁知道是我们干的？”
千钧斗罗在一旁听得是热血上涌，眼前已然浮现金魂币堆积如山的幻象。
千道·帕金森·流听着这群卧龙凤雏的发言，气到手都在发抖。
打劫？
抢王国？
亏你们这群浓眉大眼的家伙想得出来！
我们是谁？
武魂殿！
大陆正统秩序的维护者！行走在人间的神之代言人！无数魂师心中神圣的信仰殿堂！
现在你们要组团去当山大王？！
还要不要脸了！
“够了！”
千道流猛地从台阶上站起，一声怒喝，吓得旁边几个正热议“作案路线”的供奉一哆嗦。
他痛心疾首，指着这群歪瓜裂枣，神情悲愤，活像是老父亲在局子里看到了亲儿子。"
第102章 千道流：告诉小雪，揭不开锅了。,https://www.biquh.com/678_678189/65985870_2.html,"
“糊涂！”
“我等乃是武魂殿供奉，是大陆秩序的维护者！是天使神的代言人！”
“岂能行此鸡鸣狗盗、打家劫舍之举？！”
“传出去，我武魂殿的脸面何在？天使神的荣光何在？！”
一番话语，慷慨激昂，字字铿锵。
雄狮斗罗等人顿时羞愧地垂下了头。
是啊。
大哥说的对。
我等……糊涂啊！
还是大哥高风亮节，道德楷模。
然而，就在众人准备深刻检讨自己龌龊思想的瞬间，千道流话锋陡转。
他换上一副循循善诱的表情，连声音都刻意压低了几分，透着一股神秘。
“小雪现在，是天斗帝国的太子，对吧？”
众人还没反应过来，千道流便语重心长地继续开口：
“你们想想，咱们刚才讨论的那些个小公国、小王国，都是些什么犄角旮旯的地方？”
“能有几个子儿？”
“就算把他们裤衩子都扒了，凑出来的钱够小雪吃几顿饭？”"
第102章 千道流：告诉小雪，揭不开锅了。,https://www.biquh.com/678_678189/65985870_3.html,"
“费那么大劲，担那么大风险，就为了那点三瓜俩枣？！”
“格局！”
“格局要打开啊！”
众人：“……”
嗯？
大哥这话……听着怎么味儿不对？
千道流没理会他们呆滞的表情。
他背着手，踱了两步，摆出深谋远虑的智者姿态。
最后，他停在青鸾斗罗面前，那双浑浊的老眼里，此刻却精光四射，满是算计。
“你们想想，谁最有钱？”
“天斗帝国啊！”
“小雪身为太子，进自家宝库拿点东西，那能叫抢吗？！”
“那叫取！”
此言一出。
世界，安静了。
雄狮斗罗等人刚刚低下去的头，此刻缓缓地，一寸一寸地抬了起来。
他们脑子里那根名为“节操”的弦，“啪”的一声，断了。
他们看着自家大哥那张写满了“我为你们的智商感到捉急”的脸，脑子彻底宕机。"
第102章 千道流：告诉小雪，揭不开锅了。,https://www.biquh.com/678_678189/65985870_4.html,"
所以……
大哥你不是反对打劫。
你他娘的是嫌我们目标太小，看不上这点小钱啊？！
众人默默对视，都在对方瞳孔里，看到了堪比宇宙大爆炸般的震撼。
最终，还是金鳄斗罗颤巍巍地，对着千道流，竖起了一根大拇指。
他的声音里，带着一种全新的、五体投地的敬佩。
“大哥……还得是你啊。”
千道流负手而立，迎着午后阳光，背影萧索，语气却豪迈得像是在指点江山。
“事不宜迟，老三，你这就去把小雪接回来。”
“告诉她，计划有变。”
“就说……爷爷想她了，让她带点土特产，速归。”
青鸾斗罗的嘴角狠狠一抽。
大哥，你管天斗帝国的国库叫“土特产”？
但千道流已经下令，他还能说什么？
他只是觉得，武魂殿的画风，从今天起，算是彻底跑偏了。
“明白了，大哥。”
青鸾斗罗叹了口气，认命般点头，转身便要出发。"
第102章 千道流：告诉小雪，揭不开锅了。,https://www.biquh.com/678_678189/65985870_5.html,"
“等等！”
千道流叫住他，神色无比郑重地补充了一句。
“一定要告诉小雪，就说家里……揭不开锅了。”
刚腾空而起的青鸾斗罗一个趔趄，差点从天上栽下来。
下一秒，一声清越高亢的鸾鸣响彻长空。
巨大的青色鸾鸟撕裂云层，卷起狂风，瞬间消失在天际。
......
一众供奉终于商讨完了“大计”，而店内，当鬼斗罗等人领取奖励退场后。
枫染亭，顷刻间恢复了宁静。
比比东抬起眼，眸光微转，视线不由自主地飘向后厨的方向。
那里，正传来一阵有节奏的，笃笃的轻响。
是切菜声。
前辈……在为我准备午餐。
只为我一个人的午餐。
这份窃喜还未来得及在心底发酵，就被一声轻响打断。
“刺啦——”
一把椅子被拉开。
比比东循声望去，是胡列娜。"
第102章 千道流：告诉小雪，揭不开锅了。,https://www.biquh.com/678_678189/65985870_6.html,"
她心头那点喜悦，骤然一紧。
但还能接受。
毕竟是自家前徒弟，又是前辈的员工，忙了一上午，累了坐下歇会儿，也算人之常情。
这点气度，她堂堂教皇还是有的。
只要她乖乖去旁边的桌子，别来打扰。
然而，比比东甚至没来得及用“师长的关怀”暗示对方滚蛋。
“刺啦——”
“刺啦——”
又是两声。
朱竹清和她那个身段更加惊人的姐姐朱竹云，一左一右，也拉开椅子坐了下来。
这张饭桌，在比比东眼里，瞬间变得拥挤不堪。
她脸上的红晕，当场凝固。
脑子里那些粉红色的，带着心形特效的泡泡，“啵”的一声，全碎了。
什么前辈的专属午餐？
什么二人世界的开始？
感情……这是员工大食堂开饭了？
就在这时，一道充满敌意的视线，精准地落在了比比东身上。"
第102章 千道流：告诉小雪，揭不开锅了。,https://www.biquh.com/678_678189/65985870_7.html,"
是朱竹云。
她双臂抱在胸前，身体后仰靠着椅背，这个姿势将她本就惊心动魄的曲线，衬托得更加傲慢。
她从上到下，扫视着比比东。
那眼神，没有半分对大陆女皇的敬畏。
更像是在审视一个妄图接近她们老板，且心怀不轨的陌生女人。
最终，朱竹云的视线定格在比比东那张还带着一丝红晕的脸上，鼻腔里，发出一声极轻，却极具穿透力的音节。
“呵。”
一声冷笑。
比比东脸上的最后一丝血色褪去，冰冷如霜。"
第103章 太子拿自己家的东西，怎么能叫抢呢？,https://www.biquh.com/678_678189/65985871.html,"
听到这声冷笑，比比东眼神骤然一冷。
一个她连名字都懒得记的女人，是谁给她的胆子，敢用这种眼神看自己？
然而，朱竹云面对那几乎凝成实质的杀意，脸上非但没有丝毫惧色，反而将那傲慢的曲线压在桌边，换了个更舒服的姿势。
她红唇轻启，声音不大，却字字诛心。
“教皇冕下。”
“您这么看着我，是想在这动手么？”
“可您要是违规，被拉入黑名单，以后可就再也吃不上前辈亲手做的饭了。”
她每说一句，比比东的脸色就难看一分。
这个女人，在用前辈的规矩，来挑衅自己！
就在朱竹云以为拿捏住了对方的命门，准备欣赏这位女皇陛下敢怒不敢言的表情时，比比东却忽然笑了。
那是一种冰雪初融，却又带着极致淡漠的笑。
“你说的对，这里的规矩，我自然会守。”
比比东端起茶杯，指甲上淡淡的蔻丹色泽，都透着一股不容侵犯的威严，“不过，有件事你似乎搞错了。”
她轻轻抿了一口茶，才慢条斯理地继续道：“前辈留我吃饭，是因为我是‘我’。而你……能坐在这里，不过是因为你是‘员工’。”
“客人和员工，你觉得，谁更重要？”
一句话，让朱竹云脸上的傲慢瞬间龟裂。
这一刻，整个饭店的空气都仿佛凝固了。
胡列娜绝望地闭上了眼，感觉心好累。"
第103章 太子拿自己家的东西，怎么能叫抢呢？,https://www.biquh.com/678_678189/65985871_2.html,"
而一旁的朱竹清，早已悄无声息地将自己的椅子往后挪了半米，恨不得当场隐身。
最后干脆起身，逃也似的等在了后厨门口。
餐桌上，只剩下两个女人无声的对峙，视线在空中碰撞，仿佛有无形的电火花在闪烁。
就在这时，林枫端着一个巨大的托盘走了出来，上面摆着几道色香味俱全，甚至冒着淡淡光晕的菜肴。
他一出来，那股剑拔弩张的气氛，瞬间烟消云散。
朱竹云立刻收起了爪牙，坐姿端正，像个乖巧的猫咪。
比比东也敛去了杀气，眼神柔和地看着林枫，仿佛刚才那个冰冷的教皇只是幻觉。
朱竹清连忙小跑上前，将托盘上的菜肴一一端上桌。
比之前的“员工餐”，丰盛了不止十倍。
朱竹云几人看着满桌的珍馐，都愣住了。
这福利……也太好了吧？
林枫将托盘放到一边，擦了擦手，脸上挂着淡然的微笑，仿佛对刚才的暗流涌动毫无察觉。
“看什么呢？”
“你们都沾了教皇冕下的光。”
林枫的目光扫过朱竹云和胡列娜。
“以后，只要比比东在店里用餐，你们的员工餐，就按这个标准来。”
“所以，记得好好感谢她。”"
第103章 太子拿自己家的东西，怎么能叫抢呢？,https://www.biquh.com/678_678189/65985871_3.html,"
此话一出。
朱竹云脸上那副“我才是自己人”的优越感，瞬间僵住了。
她感觉自己像是狠狠一拳打在了棉花上，还被人反手抽了个大嘴巴子。
感谢她？
我感谢她全家啊！
一股巨大的屈辱和不甘，瞬间填满了她的胸口。
而另一边。
比比东先是一愣，随即，红唇缓缓勾起一抹极浅，却足以颠倒众生的弧度。
她没说话，只是端起面前的茶杯，轻轻吹了吹热气。
然后，她用眼角的余光，轻飘飘地，瞥了一眼脸色铁青的朱竹云。
那眼神，云淡风轻。
却写满了一句话。
“就你？也配和我斗？”
......
天斗帝国，深夜。
在极致之风的加持下，青鸾斗罗的赶路速度快到离谱。
代价就是，他现在感觉自己的五脏六腑都快被风甩出去了。
巨大的青色鸾鸟从高空俯冲而下，化作人形时一个踉跄，差点没当场给天斗帝国的地砖磕一个。"
第103章 太子拿自己家的东西，怎么能叫抢呢？,https://www.biquh.com/678_678189/65985871_4.html,"
青鸾斗罗扶着墙，一张俊脸绿得跟中毒了似的。
胃里空空如也，连酸水都吐干净了，现在只剩下无尽的空虚和生理性的反胃。
他深吸一口气，试图压下那股翻江倒海的恶心感。
我真的会谢！
自己吐得胆汁都快出来了，还得连夜当牛做马，横跨半个大陆来出差。
就为了带少主回去，让她去薅天斗帝国的羊毛，还美其名曰“带点土特产”？
这土特产未免也太硬核了点！
他一边在心里疯狂吐槽，一边运起魂力，悄无声息地潜入了太子东宫。
然而，他前脚刚落地。
“何方宵小，竟敢夜闯太子寝宫！”
一声暴喝，如同平地惊雷，差点把青鸾斗罗本就虚弱的魂儿给吓出来。
左边一道黑影，身形瘦长如竹竿，透着一股阴冷。
右边一道黑影，体态丰腴似肉山，散发着一股憨厚。
两人一左一右，带着凌厉的魂力波动，呈夹角之势，瞬间封死了他所有退路。
但是，青鸾斗罗眼皮子都懒得抬一下。
就这？
他现在连跟这俩活宝废话的力气都没有。"
第103章 太子拿自己家的东西，怎么能叫抢呢？,https://www.biquh.com/678_678189/65985871_5.html,"
他只想办完事，回去躺着，最好能睡个三天三夜。
面对那足以让寻常封号斗罗都头皮发麻的联手夹击，青鸾斗罗只是极其不耐烦地抬起了手。
然后。
反手就是两巴掌。
“啪！”
“啪！”
两声响亮又清脆的耳光，在寂静的夜空下，显得格外悦耳。
那瘦长鬼影和肉山大魔王，被这两巴掌抽得原地陀螺般转了一圈，最后“噗通”一声，双双整齐划一地跪在了地上。
两人捂着火辣辣的脸，脑子嗡嗡作响，彻底被打懵了。
我是谁？
我在哪？
我是封号斗罗吧？
为什么对方一巴掌就把我扇跪了？
青鸾斗罗甩了甩手，用一种看神经病的眼神，居高临下地看着他们。
“刺豚，蛇矛，是我！”
听到这熟悉中带着虚弱，虚弱中又透着无尽怨念的声音，被打懵的两人浑身一震。
然后，他们就看到了此生难忘的一幕。
高贵、强大、向来以风度翩翩著称的三供奉青鸾斗罗，此刻正一手扶着膝盖，另一只手捂着肚子。"
第103章 太子拿自己家的东西，怎么能叫抢呢？,https://www.biquh.com/678_678189/65985871_6.html,"
面色青中泛绿，绿中透白，活像一根放了半个月的苦瓜。
那眼神，充满了对这个世界的绝望和生无可恋。
“三……三供奉……您这是……掉茅坑里了？”
蛇矛斗罗捂着自己同样高高肿起的脸，问出了一个他自己都觉得很作死的问题。
青鸾斗罗缓缓抬起眼皮，那眼神幽怨得能直接把人送走。
但他现在连生气的力气都没有了，只能有气无力地摆了摆手，声音虚得像蚊子叫。
“别废话。”
“计划，暂停。”
“立刻，马上，带少主回去。”
蛇矛和刺豚对视一眼，脑子“嗡”的一声，当场宕机。
啥玩意儿？！
计划暂停？
回去？！
他们俩在这里潜伏了多少年？吃了多少苦？受了多少罪？
眼瞅着就要大功告成，把天斗帝国从里到外都变成武魂殿的形状了，你说暂停就暂停？
蛇矛斗罗急了，也顾不上脸疼了，连滚带爬地凑过去。
“三供奉！是不是出什么事了？！”"
第103章 太子拿自己家的东西，怎么能叫抢呢？,https://www.biquh.com/678_678189/65985871_7.html,"
“是天斗皇室发现了什么吗？还是星罗那边有异动？您说句话啊！我们好有个准备！”
刺豚斗罗也跟着点头如捣蒜，脸上写满了焦急。
“对啊三供奉！这节骨眼上撤退，我们这么多年的心血不就全白费了吗！大供奉他老人家知道吗？！”
听到“大供奉”三个字，青鸾斗罗那张本就难看的脸，瞬间又扭曲了几分。
他剧烈地咳嗽了几声，才用一种看智障的眼神看着两人，从牙缝里挤出几个字。
“这就是大供奉的命令。”
“他还说……”
青鸾斗罗顿了顿，似乎是在组织语言，又像是在回忆某个不堪回首的画面。
“……让少主回去的时候，顺便……带点土特产。”
“土特产？”
蛇矛和刺豚又对视了一眼，更懵了。
什么土特产犯得着让少主从天斗帝国带？
青鸾斗罗看着两人脸上那清澈又愚蠢的表情，感觉自己的心好累。
他决定放弃沟通，直接下达指令。
“天斗帝国的国库，就是大供奉想要的土特产。”
“听懂了吗？”
过了足足半分钟，蛇矛斗罗才颤巍巍地伸出一根手指，指了指皇宫深处，又指了指自己。
“三供奉……您的意思是……”"
第103章 太子拿自己家的东西，怎么能叫抢呢？,https://www.biquh.com/678_678189/65985871_8.html,"
“让我们……辅佐少主，把天斗帝国的国库……给抢了？”
“不是抢。”
青鸾斗罗面无表情地纠正，声音里透着一股看破红尘的疲惫。
“是取。”
“少主是太子，拿自己家的东西，怎么能叫抢呢？”
（ps：能给咱投几张票不？月票推荐票什么的。）"
第104章 财政危机？不，只是亿点点周转不开！,https://www.biquh.com/678_678189/65985872.html,"
听到青鸾斗罗的话，蛇矛和刺豚对视一眼。
两个人脑子里同时冒出一个念头。
好有道理……
有道理个屁啊！
自家少主是太子，那也是未来的皇帝，没听说太子监守自盗，搬空自家国库的啊！
这跟明抢有什么区别？！
蛇矛斗罗捂着自己那半边还麻着的脸，小心翼翼地凑了过去，声音压得极低，跟做贼似的。
“三供奉，恕我多嘴问一句……”
“咱们武魂殿……是不是财政上出了点问题？”
这话问得相当委婉。
青鸾斗罗闻言，眼神瞬间变得有些飘忽。
他脑子里飞速过了一遍账。
比比东那个败家娘们儿为了包月，把宝库掏了个底朝天。
现在大哥又想用金魂币给少主砸出来一个神位……
那需要的钱，恐怕是个天文数字。
他沉默了一下，然后用一种无比沉痛，又无比诚恳的语气，回答了蛇矛斗罗的问题。
“嗯。”
“是有那么亿点点周转不开。”"
第104章 财政危机？不，只是亿点点周转不开！,https://www.biquh.com/678_678189/65985872_2.html,"
蛇矛斗罗和刺豚斗罗对视一眼，齐刷刷松了口气。
还好，还好。
只是“一点点”问题，那说明情况还在可控范围。
看着两人那副“我就说嘛，武魂殿家大业大，怎么可能破产”的庆幸表情，突然觉得心好累。
自己跟他们解释这么多干嘛？
自己是来传话的，不是来开“武魂殿财务状况说明会”的！
他现在只想赶紧把千仞雪以及天斗帝国国库打包送回去，然后吃点东西休息一下，谁也别来烦他。
眼瞅着蛇矛斗还想再问。
青鸾斗罗懒得废话了。
“啪！”
“啪！”
又是两巴掌，清脆响亮，主打一个左右对称。
“哪来那么多废话！”
“带我去见少主，现在，立刻，马上！”
打完人，青鸾斗罗感觉舒坦了点。
果然，能动手就别吵吵，省心又省力。
蛇矛和刺豚捂着那张火辣辣的脸，动作整齐划一。"
第104章 财政危机？不，只是亿点点周转不开！,https://www.biquh.com/678_678189/65985872_3.html,"
脸上的表情，也是同款的委屈、茫然，以及对人生的深刻怀疑。
但官大一级压死人，更何况对方大出天际。
但他们不敢问，也不敢吱声。
但奈何实力地位都不如人，也只能咽下眼泪乖乖带路。
......
太子寝宫，书房内。
烛火通明。
伪装成雪清河的千仞雪身着一袭淡金色宫装，正端坐于书案前，批阅着奏章。
她那张完美无瑕的脸蛋上，不带丝毫情绪，金色的眼眸平静如水，却又仿佛蕴含着洞悉一切的威严。
身为潜伏在天斗帝国的“太子”，她早已习惯了这种孤独与伪装。
她的一举一动，都完美符合一个储君的身份，威严，睿智，深不可测。
然而，当书房的门被推开，当她看到蛇矛和刺豚那两张对称的猪头脸时。
即便是她，那万年不变的平静眼眸中，也出现了一丝裂痕。
“你们……”
千仞雪眉头微蹙。
“被谁打了？”
两人捂着脸，异口同声：“少主，三供奉来了，还带来了大供奉的口信。”
千仞雪金色的眼眸里闪过一丝讶异。"
第104章 财政危机？不，只是亿点点周转不开！,https://www.biquh.com/678_678189/65985872_4.html,"
三爷爷？
他怎么会亲自过来？
“快请。”
青鸾斗罗的身影出现在门口，依旧是那副风度翩翩的模样，但那张俊脸却绿得像是刚从毒潭里捞出来。
千仞雪心中一紧，立刻起身，语气里带着几分关切：“三爷爷，可是计划有变？还是爷爷他……”
青鸾斗罗强撑着仪态，缓缓点了点头。
“大供奉说，他想你了。”
听到这句，千仞雪的心稍稍放下，嘴角不自觉地弯起一抹温暖的弧度。
看来不是坏事。
她示意青鸾斗罗继续。
青鸾斗罗深吸一口气，似乎在给自己做最后的心理建设，然后用一种视死如归的表情，一字一顿地说道：
“另外，大供奉特意让我嘱咐你……”
“家里……揭不开锅了。”
“……”
“……”
书房内，针落可闻。
千仞雪脸上的那抹微笑，当场凝固。"
第104章 财政危机？不，只是亿点点周转不开！,https://www.biquh.com/678_678189/65985872_5.html,"
她的大脑，在听到“揭不开锅”四个字后，直接蓝屏死机。
旁边的蛇矛和刺豚，更是怀疑自己的耳朵出了问题，两人偷偷对视一眼，眼神里写满了同样的内容。
不是……
哥们儿你刚才在外面，可不是这么说的啊！
我们武魂殿，大陆第一牛逼势力，六翼天使神的传承者……
揭不开锅了？
这是什么新型的暗号吗？
就在千仞雪怀疑人生，以为三供奉在跟她开什么恶劣玩笑的时候。
“咕噜噜——”
一声饱含着无尽委屈与辛酸的腹鸣，在寂静的书房内，炸响。
来源，正是脸色已经由绿转白的青鸾斗罗。
这一声，仿佛是压垮骆驼的最后一根稻草。
青鸾斗罗再也绷不住了，那张强行维持的优雅面具瞬间破碎，变成了一张生无可恋的苦瓜脸。
下一秒。
在千仞雪和蛇矛、刺豚三人呆滞的目光中。
这位高高在上的三供奉，以一种与他身份完全不符的饿虎扑食之姿，一个箭步冲到书案前。
他一把捞过千仞雪用来当夜宵的精致糕点，看都不看，就那么胡乱地、大把大把地往嘴里塞。
那吃相，跟八辈子没见过饭似的。"
第104章 财政危机？不，只是亿点点周转不开！,https://www.biquh.com/678_678189/65985872_6.html,"
虽然这凡间的糕点，跟枫染亭那能发光的餐食完全没法比。
但好歹是食物！
好歹能堵住那个不断冒酸水的胃！
青鸾斗罗一边咀嚼，一边含糊不清地，用心酸的哭腔补充道：
“少主……武魂殿是真的……没钱了……”
话音未落，他被最后一口桂花糕噎得直翻白眼，猛地一捶胸口，才把气顺了过来。
千仞雪：“……”
她现在百分之百确定。
三爷爷刚才说的话，没有半个字是假的。
武魂殿，她那个制霸大陆，富得流油的家。
真.揭不开锅了。
千仞雪闭上眼，再睁开，眼神里充满了对这个魔幻世界的迷茫。
她缓缓坐下，给自己倒了杯茶，动作依旧优雅，但微微颤抖的指尖暴露了她内心的惊涛骇浪。
“三爷爷。”
她的声音很轻，像是在询问，又像是在梦呓。
“到底……发生了什么？”
一盘点心下肚，青鸾斗罗那张发绿的脸，总算有了点血色。"
第104章 财政危机？不，只是亿点点周转不开！,https://www.biquh.com/678_678189/65985872_7.html,"
“少主，计划有变！”
他一字一顿，像是宣告一个时代的终结。
“这天斗帝国，咱不要了。”
他顿了顿，用一种看乡下土财主的眼神扫过这间奢华的书房，语气轻蔑。
“跟武魂殿将要迎来的大机缘相比，区区一个帝国，连根鸡毛都算不上。”
“您现在必须立刻返回武魂殿！”"
第105章 千仞雪：我被爷爷背刺了？,https://www.biquh.com/678_678189/65985873.html,"
千仞雪一言不发。
她只是垂着眼，看着书案上那个被三爷爷一扫而空的餐盘。
那里，还剩下一点点桂花糕的碎屑。
就像她那即将功成，却被一句话敲得粉碎的宏图大业。
蛇矛和刺豚站在一旁，连呼吸都小心翼翼。
他们能感觉到，少主身上那股属于储君的威严，正在飞速褪去。
取而代之的，是一种让他们从骨子里感到恐惧的冰冷。
终于。
千仞雪动了。
她缓缓抬起头，那双纯金色的眼眸里，再也没有一丝一毫的温情。
只剩下刺骨的寒意和浓得化不开的讥讽。
“三爷爷。”
她的声音很轻，很平静。
“我潜伏天斗十几年。”
“伪装成一个男人，经营一个合格的储君形象。”
“眼看这个帝国，就要成为我的囊中之物。”
“现在，您告诉我，计划终止。”
她顿了顿，目光落在青鸾斗罗的脸上，一字一顿地问："
第105章 千仞雪：我被爷爷背刺了？,https://www.biquh.com/678_678189/65985873_2.html,"
“你不觉得，这太过于荒唐了吗？”
见到千仞雪那冰冷讥讽的眼神，青鸾斗罗非但没有退缩，反而向前踏了一步。
“荒唐？”
他笑了，笑声沙哑，像是在自嘲。
“少主，真正荒唐的，是你，是我，是整个斗罗大陆！”
“我们穷尽一生追求的力量，在那个地方，只是一碗蛋炒饭的价格。”
千仞雪的眉头皱得更深。
疯了。
三爷爷他，一定是疯了。
然而，青鸾斗罗接下来的话，却让她彻底愤怒。
“少主。”
“天使神位，您继承不了了。”
砰！
千仞雪猛地一拍桌子，霍然起身。
这是她潜伏天斗以来，第一次如此失控。
她金色的眼眸里满是寒霜。
“笑话！”"
第105章 千仞雪：我被爷爷背刺了？,https://www.biquh.com/678_678189/65985873_3.html,"
“我千仞雪，先天魂力二十级，天使一族万年不遇的天才。”
“若是我都不能继承神位，还有谁能？”
青鸾斗罗似乎早就料到了她的反应，只是平静地吐出三个字。
“大供奉。”
千仞雪的脑子嗡的一下，一片空白。
爷爷？
他不是说过，身为天使神的守护者，他此生都无缘神位，自己才是唯一的希望吗？
青鸾斗罗的语气没有丝毫波澜，“几个时辰前，大哥在一家叫‘枫染亭’的饭店里，吃了三碗蛋炒饭。”
“然后，他的天使神力亲和度，增加了百分之五。”
“大哥他……看到成神的希望了。”
剩下的话，青鸾斗罗不用再说。
千仞雪也全都明白了。
她缓缓坐下，动作僵硬。
良久。
她用一种从未有过的，冰冷到极点的声音下令。
“把枫染亭的事，一字不漏地，全部告诉我！”
......
供奉殿内，空无一人。"
第105章 千仞雪：我被爷爷背刺了？,https://www.biquh.com/678_678189/65985873_4.html,"
千道流屏退了所有人，独自一人，像个贼一样，手里死死捧着那块晶莹剔透的入梦水晶。
这玩意儿，比他的老命都重要。
他的右手指尖悬在水晶之上，不住地发抖。
想当年面对天使八考，他眼皮都没眨一下。
可现在，只是要在水晶上写个名字，他却感觉自己的心脏快要从嗓子眼里跳出来了。
波塞西。
他就想写这三个字。
指尖落下，力道一歪，第一笔的“点”直接划成了一条毛毛虫。
“草！”
千道流低声咒骂了一句，赶紧擦掉，像个做错了作业的小学生。
他活了快两百岁，头一次感觉自己手不是自己的。
他闭上眼，脑子里全是那个女人的样子。
再睁眼时，眼神坚定了不少。
一笔一划，郑重其事，仿佛在签署一份关乎大陆存亡的条约。
终于，【波塞西】三个字，出现在了水晶之上。
成了！
他的脑子里，瞬间开始疯狂上演各种小剧场。"
第105章 千仞雪：我被爷爷背刺了？,https://www.biquh.com/678_678189/65985873_5.html,"
等会儿见了面，第一句话该说什么？
“西西，好久不见，你还是那么美。”
不行不行！太油腻了！她肯定以为我几百年不见，学了一肚子骚话。
“西西，我快成神了！等我成神，就去娶你！”
太装了！万一她觉得我在炫耀，直接把我从梦里一脚踹出去怎么办？！
“西西，别来无恙，我就是路过。”
狗屁！谁他妈没事干会路过海神岛啊！？
千道流急得在原地团团转，抓耳挠腮，哪还有半点绝世斗罗的威严。
就在他脑内风暴越演越烈时，一股根本无法抵抗的困意瞬间袭来。
他眼皮一沉，抱着那块宝贝水晶，直挺挺地倒在了地上，睡了过去。
再睁眼时，咸咸的海风拂面而来。
蔚蓝的天，清澈的海，还有远处海天相接的地方，那座宏伟的海神殿。
一切都和记忆里一模一样。
这里就是西西的梦境吗？
就在这时，千道流的视线，被不远处的一道背影牢牢锁住。
海蓝色的大波浪长发随风轻舞，每一根发丝都跳动着迷人的光泽。
一袭同色的长裙，勾勒出世间最完美的曲线。
她就那么静静地坐在礁石上，赤着一双雪白的小脚，轻轻拍打着浪花。"
第105章 千仞雪：我被爷爷背刺了？,https://www.biquh.com/678_678189/65985873_6.html,"
是她。
千道流的心脏，停跳了一拍，但还是迈着僵硬的步伐缓缓上前。
他整理了一下自己身上根本不存在褶皱的衣袍，清了清嗓子。
“西西~”
他的声音，抖得跟风中的落叶似的。
那道绝美的身影微微一顿，缓缓回过头。
那张颠倒众生的容颜，和记忆中分毫不差。
只是她的眼神，充满了茫然和不解。
“千道流？你怎么来海神岛了？”
下一秒，波塞西回过神来，眼神变得警惕。
“难不成你武魂殿又要攻打海神岛，就连你这个天使神大供奉都出马了？”
要知道，武魂殿可不是没有这种先例。
那还是上一代教皇千寻疾，在千道流不知道的情况下谋划的，只是最后落得个铩羽而归的下场。
听到波塞西这么说，千道流瞬间紧张的不成样子。
他整个人都快炸了，脑袋摇得跟拨浪鼓似的，双手在胸前疯狂摆动。
“不不不！西西你误会了！天大的误会啊！”
千道流急得满头大汗，差点当场给她表演一个滑跪。"
第105章 千仞雪：我被爷爷背刺了？,https://www.biquh.com/678_678189/65985873_7.html,"
“武魂殿是武魂殿，我是我！他们打不打，跟我千道流有什么关系！”
说完他就想抽自己一个大嘴巴子。
这说的都是什么混账话！
眼看波塞西的眼神越来越冷，他赶紧亡羊补牢，声音都带上了哭腔，该说的不该说的都一次性说了出来。
“西西，你听我解释！这不是现实，这里是你的梦境啊！”
“我……我是用的入梦水晶，偷偷溜进来的！”"
第106章 系统：我只会心疼gēgē~,https://www.biquh.com/678_678189/65985874.html,"
“入梦水晶？那是什么？”
波塞西黛眉微蹙，金色的眼眸里写满了不解。
“是在枫染亭吃饭获得的奖励！”
见到女神似乎没有当场发飙的迹象，千道流求生欲爆棚，竹筒倒豆子一般，语速快得像加了特技。
“枫染亭又是什么？”
“前辈开的饭店！”
“前辈又是谁？”
“就是枫染亭的老板！一个……神一样的男人！”
千道流急得快哭了，他发现自己越解释，波塞西看他的眼神就越像在看一个失心疯。
完了。
西西肯定以为我脑子被魂兽踢了。
看这架势，估计今晚千道流除了底裤什么颜色，不，他连底裤的款式和购买渠道都得一五一十地交代出去。
……
枫染亭内。
送走了心满意足的比比东和三个莺莺燕燕的小员工，林枫瞬间便迫不及待地冲上二楼。
他脸上那副云淡风轻、高深莫测的神仙面具，在踏上楼梯的瞬间就碎了一地。
取而代之的，是一张写满了“老子发了”的狂喜表情，嘴角咧开的弧度，牛顿来了都压不住。
就在他准备打开系统面板，欣赏自己辛勤“割韭菜”的成果时，脑海里，那个熟悉的、带着三分傲娇七分毒舌的御姐音，悠悠响起。"
第106章 系统：我只会心疼gēgē~,https://www.biquh.com/678_678189/65985874_2.html,"
【叮！今日营业额结算中……】
【今日总营业额：445000金魂币。】
【获得积分：44500。】
系统顿了顿，用一种像是发现了新乐子的语气补充道。
【恭喜宿主，总积分余额已突破十万大关，成功从“赤贫阶级”晋升为“温饱阶级”。】
【特此奖励，系统商城功能正式开启！】
林枫的呼吸停滞了一秒。
商城！
他等了快一百章的金手指核心功能，终于来了！
“芜湖~”
林枫一个没忍住，发出了穿越以来最真情实感的惊叹。
他感觉自己的血液都在燃烧，整个人兴奋得像个刚拿到压岁钱的三百斤孩子。
然而，系统调侃的声音无情地打断了他的幻想。
【请宿主不要叫的太大声，保持高人风范，不要像个没见过世面的土狗。】
林枫的脸皮狠狠一抽。
妈的，这破系统，嘴还是那么贱！
他懒得跟系统计较，意念一动，一个闪烁着淡淡金光的虚拟界面，在他面前缓缓展开。"
第106章 系统：我只会心疼gēgē~,https://www.biquh.com/678_678189/65985874_3.html,"
【系统商城】
琳琅满目的商品列表，像瀑布一样刷新下来，差点闪瞎了林枫的钛合金狗眼。
【商品分类：血脉类、功法类、道具类、武器类、特殊类……】
林枫颤抖着手，点开了【血脉类】。
【写轮眼（三勾玉）：50000积分。】
【白眼（宗家纯血版）：60000积分。】
【超级士兵血清：80000积分。】
嘶——
林枫倒吸一口凉气，看到这价格，他感觉自己的心脏被人狠狠攥了一把。
他再点开【武器类】。
【斩魄刀（浅打）：55000积分。】
【Excalibur（誓约胜利之剑）：积分不足，权限未解锁。】
【金箍棒（高仿版）：积分不足，权限未解锁。】
【绿魔滑板（附赠南瓜炸弹图纸）：99998积分，新品折扣，欲购从速哦亲~】
林枫的眼珠子几乎要从眼眶里弹出来。
他死死盯着那个崭新的【绿魔滑板】，又看了看后面那一长串令人心肌梗塞的积分数字。
这鬼东西，还特么是“新品折扣”价？
自己辛辛苦苦割了一百多章的韭菜，积攒下来的这十万积分，感情就只够买个飞行滑板，还得是打折的？！"
第106章 系统：我只会心疼gēgē~,https://www.biquh.com/678_678189/65985874_4.html,"
就在这时，系统那幸灾乐祸的声音，如约而至。
【哟，杂鱼宿主，瞧你那没见过世面的样子。】
【你该不会真以为，区区十万积分，就能在诸天万界横着走了吧？】
【不存在的~】
林枫的脸皮狠狠一抽，决定暂时不理会这个嘴碎的破系统。
他强行关掉那扎心的商城界面，表情严肃起来。
“系统，先别扯淡。”
“比比东今天搬空武魂殿宝库，换的那个包月套餐……”
“那笔账，怎么算？”
林枫的声音里，压抑着火山喷发般的激动。
那可是武魂殿那么多年的积累！
换算成积分，自己还不能实现积分自由？
到时候，什么神威写轮眼，直接拉满！
他再也不是那个只能窝在饭店里作威作福的“领域蹲”了！
然而。
刚才还阴阳怪气、嚣张得不可一世的系统，声音突然变得飘忽起来。
【啊？】"
第106章 系统：我只会心疼gēgē~,https://www.biquh.com/678_678189/65985874_5.html,"
【什……什么积分？】
【风太大，本系统听不清~宿主你在说什么呀？】
林枫脑门上缓缓冒出一个问号。
你跟我玩尬的是吧？
武魂殿的宝库！你特么白天还在吞金魂币，现在就给我玩失忆？！
【咳……】
系统似乎也觉得这借口太过拙劣，清了清嗓子，试图萌混过关。
【那个……宿主啊，关于这件事呢……】
系统的声音陡然变得温柔起来，甚至带上了一丝丝娇羞的腔调，开始哼起了奇怪的调调。
【我只会心疼gēgē~】
林枫的脸，黑了。
他感觉自己的拳头，硬了。
【gēgē你用来换包月资格的财富，人家……人家是拿去升级系统核心啦~】
【所以，在积分方面嘛……】
系统理直气壮地宣布。
【……就，莫得了呀！】
什么玩意？
莫得了？"
第106章 系统：我只会心疼gēgē~,https://www.biquh.com/678_678189/65985874_6.html,"
林枫的脑子嗡一声，像是被人用板砖拍了一下。
他感觉自己的心跳都停了。
整个武魂殿的宝库啊！
他从白天就期待着这笔积分了。
结果现在，系统一句轻飘飘的“莫得了”，就给他打发了？
我信你个鬼！
你这是侵吞公款！是职务侵占！是商业欺诈！
林枫气得眼前发黑，感觉自己的血压瞬间飙升到了一百八！
似乎是察觉到宿主已经处在原地爆炸的边缘，系统果断祭出了补救措施。
【但是！】
系统的声音突然拔高，充满了诱惑力。
【但是！在本系统吞噬……啊呸，是在吸收了这笔能量完成核心升级后，可以免费赠予宿主一项神技！】
【“身外化身”！】
【此技能可化出一具与宿主心意相通、厨艺一模一样的能量分身，从此宿主便可彻底解放双手，当一个真正的甩手掌柜，幕后高人！】
【心动吗gēgē？】
然而，林枫压根不买账。
心动？"
第106章 系统：我只会心疼gēgē~,https://www.biquh.com/678_678189/65985874_7.html,"
我心动你大爷！
“身外化身？”
林枫脑门青筋暴起。
“听起来不错，但你以为我不会算账吗？”
“一个分身，能替我省多少力气？武魂殿的宝库，能换多少积分？！”
林枫越说越气，感觉自己肺都快炸了。
他猛地一拍大腿，发出一声悲愤咆哮。
“我不管！”
“今天这事儿没完！”
“你必须给我一个说法！”
林枫伸出三根手指，摆出一副地主家被长工卷款跑路后，气急败坏的嘴脸。
“第一！一百万！一百万积分！少一个子儿我跟你拼命！”
“第二！商城里，我看上的东西，让我随便挑三样！不要钱！就当是精神损失费！”"
第107章 千仞雪被“小叔叔”破防！,https://www.biquh.com/678_678189/65985875.html,"
林枫的话还没说完，脑海里的声音突然一变，瞬间带上了哭腔。
【呜呜呜……补药啊宿主！】
那声音，如泣如诉，闻者伤心，见者落泪。
【一百万积分人家咬咬牙还能凑出来，可要是让你随便挑……人家真的会被你榨干，会降级的啦！giegie你就这么忍心吗？】
林枫的脸瞬间黑如锅底。
“少来这套！我看起来像冤大头吗？”
“我辛辛苦苦在前台演戏当厨师，陪吃陪喝陪抽奖，结果你倒好，在后台直接把整个金库给毛了？”
“你这叫职务侵占！商业欺诈！你信不信我明天就罢工，门口挂个牌子写‘老板携小员工跑路，永不开店’！”
系统被他怼得一噎，哭腔都卡壳了，沉默了两秒后，才用试探性的语气开口。
【那……那本系统可以赠予你一次抽奖机会，绝版奖池，里面的奖励都是商城里都没有的孤品，抽到什么全看天意，怎么样？】
林枫很敏锐的捕捉到了“绝版“二字，但他脸上依旧一副“你当我三岁小孩”的冰冷表情。
“一次？你打发要饭的呢？三次抽奖！而且必须次次保底出金！少一次我都不干！”
这下轮到系统炸毛了。
【两次！】
声音瞬间从能夹死苍蝇的夹子音变回了那个暴躁的萝莉音。
【两次！这是本系统的底线，不能再多了！】
【这是我全部的私房…..啊呸！所有的紧急备用能源了，再多本系统真的会因为能源不足而降级的！】
林枫心里快速盘算了一下。"
第107章 千仞雪被“小叔叔”破防！,https://www.biquh.com/678_678189/65985875_2.html,"
两次绝版奖池，还保底出金，见好就收吧，免得这坑货系统真的狗急跳墙。
“成交。”
下一秒，系统的声音又瞬间甜腻得发齁，无缝衔接。
【谢谢giegie~人家就知道你最好了~爱你哟~mua~】
林枫强忍着生理不适，看着面前浮现出一个巨大且骚包的黄金轮盘。
他毫不犹豫地拍下了抽奖按钮。
轮盘飞速旋转，金光四射，最后在万众瞩目（虽然只有他自己）之下，指针缓缓地，缓缓地……停在了一个散发着七彩光芒的格子。
当看清上面的字时，林枫脸上的表情瞬间一僵。
他的CPU，烧了。
......
与此同时，天斗帝国，太子东宫。
书房内，气氛死寂得能听见针落地的声音。
“所以，爷爷要我放弃十几年的心血，卷款跑路……”
千仞雪揉着发胀的太阳穴，感觉自己对这个世界的认知正在被强行格式化。
她需要最后确认一次这荒诞的现实。
“就为了去一家饭店吃饭，抽奖，然后提升实力？”
说完，她又不死心地追问了一句，语气里带着最后一丝挣扎。"
第107章 千仞雪被“小叔叔”破防！,https://www.biquh.com/678_678189/65985875_3.html,"
“就不能再等几年吗？”
“等我彻底掌控天斗帝国，将整个帝国的资源都握在手中，再去也不迟。”
这话说的合情合理，充满了战略远见。
然而，青鸾斗罗听完，脸上却露出一副一言难尽的古怪表情。
等几年？
他脑子里瞬间闪过自家大哥，那位受人敬仰的大供奉，此刻正一脸狂热地高喊“成就天使神，迎娶波塞西”的模样。
再等几年……
那画面太美，他不敢想，怕自己当场笑出声来。
青鸾斗罗深吸一口气，用一种过来人的沧桑语气，严肃地开口。
“也不是不行。”
千仞雪眼中刚燃起一丝希望，以为自己的理智说服了对方。
“不过……”
青鸾斗罗话锋一转，语气变得严肃。
“少主，你得做好心理准备。”
“什么准备？”
千仞雪的声音带着一丝不易察觉的紧绷。
她心里已经闪过了无数种可能。
是那家饭店的老板准备关门歇业？还是爷爷那边出了什么自己不知道的变故？"
第107章 千仞雪被“小叔叔”破防！,https://www.biquh.com/678_678189/65985875_4.html,"
然而，青鸾斗罗接下来说的话，让她的思维当场宕机。
只听他幽幽地叹了口气，用一种极其复杂的眼神看着她，那眼神里有同情，有怜悯，还有一丝看热闹不嫌事大的八卦。
“少主，您首先要做的，是做好……你爷爷可能要焕发第二春的心理准备。”
“……”
千仞雪大脑一片空白。
焕……焕发什么？
什么第二春？
看着千仞雪那张写满了“你在狗叫什么”的绝美脸蛋，青鸾斗罗感觉自己的胃又开始隐隐作痛。
他决定换一种更通俗易懂的说法。
“我的意思是……”
“大供奉他老人家，在经历了人生的第二次发育，啊呸，是第二次崛起之后……”
“他现在的人生目标，发生了亿点点小小的变化。“
“他现在满脑子想的都是一件事。”
“成神，然后去海神岛，把你未来的后奶奶，波塞西，给风风光光地娶回家。”
千仞雪感觉自己的世界观，再一次被这操蛋的现实给按在地上，用砂纸来回狠狠摩擦了。
她那个威严、强大、为了天使荣光奉献一生的爷爷……
要给我找个后奶？"
第107章 千仞雪被“小叔叔”破防！,https://www.biquh.com/678_678189/65985875_5.html,"
还要是波塞西？
青鸾斗罗看着她失魂落魄的样子，于心不忍，又补上了一记绝杀。
“所以，少主您明白了吗？”
“等几年？”
“再等几年，您回去要干的事，可能就不是给自己凑钱成神了。”
“而是给你爷爷送份子钱。”
“运气好点的话，你后奶奶都已经给你生下个天赋异禀的小叔叔了。”
“甚至说不定你那小叔叔，都能满地跑，出门打酱油了。”
千仞雪整个人都木了。
打……打酱油？
青鸾斗罗看着她那张呆滞的脸，心里居然诡异地平衡了许多。
于是他决定把话说得更透彻一点。
“你想想。”
“到时候您这个当大侄女的，第一次见面，总不能空着手吧？”
“不得给个大红包？”
青鸾斗罗伸出手指，比划了一个“钱”的手势。
“咱们武魂殿现在这情况……您说，这红包钱，从哪儿出？”
“……”"
第107章 千仞雪被“小叔叔”破防！,https://www.biquh.com/678_678189/65985875_6.html,"
千仞雪脸上的表情，终于彻底失控了。
那双原本锐利的金色眼眸，此刻写满了茫然。
大脑，彻底宕机。
这位潜伏十几年，心智早已磨炼得坚如磐石，喜怒不形于色的天斗太子。
此刻嘴角抽搐的跟撞上电动小马达似的，频率快得出现了残影。
她甚至开始不受控制地脑补。
爷爷千道流一脸傻笑地抱着个奶娃娃，那娃娃头顶还有个小小的天使光环，旁边站着海神岛那位风华绝代的波塞西。
然后自己风尘仆仆地赶回去，递上整个天斗帝国的国库当贺礼。
波塞西对自己点头微笑：“小雪回来了啊，快来见见你叔叔。”
然后那个奶娃娃对自己伸出肉嘟嘟的小手，奶声奶气地喊：“大侄女，抱。”
轰！
千仞雪娇躯一颤，整个人都凌乱了。
比刚才听说神位被抢了，还要懵。
神位没了，可以再想办法。
这辈分要是乱了……
那可就真乱了啊！"
第108章 千仞雪：窃国计划改为零元购！,https://www.biquh.com/678_678189/65985876.html,"
千仞雪脸上的表情，从空白到铁青，最后定格在一种即将爆发的赤红。
她猛地一拍桌子。
“不行！绝对不行！”
这一下，把桌上的茶杯都震得跳了起来。
她眼眶都红了。
“三爷爷，你再说一遍，那家饭店叫什么？”
“枫染亭。”
“在里面吃饭抽奖，真能变强？甚至能成神？”
“是。”
一问一答，干脆利落。
千仞雪沉默了。
书房里的空气安静得可怕，蛇矛和刺豚感觉自己的心跳声都跟打雷一样。
突然，千仞雪笑了。
那是一种破罐子破摔的笑。
“为了我的辈分，放弃区区一个天斗帝国，算什么！”
她眼里的光，亮得吓人。
“爷爷能成神，我这个当孙女的，当然替他高兴！”
“他想给我找个后奶奶，我忍了！”"
第108章 千仞雪：窃国计划改为零元购！,https://www.biquh.com/678_678189/65985876_2.html,"
千仞雪猛地从座位上站起来，声音拔高了八度。
“可他居然还想给我生个小叔叔……”
“这事，我管定了！”
千仞雪感觉自己要气炸了，十几年的隐忍和伪装，在“小叔叔”三个字面前，碎得连渣都不剩。
“不就是钱吗？！”
“不就是‘土特产’吗？！”
她又是一巴掌拍在书案上，那张千年金丝楠木打造的桌子，咔嚓一声，裂开了一道狰狞的口子！
“蛇矛！刺豚！”
“在！”
两人被这股气势吓得一哆嗦，腰杆挺得笔直。
千仞雪抓起桌上的太子令牌，直接扔了过去。
“计划变更！”
她的声音冰冷又果决。
“原计划‘窃国’，改为‘清空国库’！”
“你们两个，现在、立刻、马上，以太子巡查的名义清路，用最快的速度，给我把天斗帝国的国库，从里到外，舔干净！”
“记住，天斗帝国国库里的每一枚金魂币，以后都是守护我辈分的城墙砖！”
蛇矛和刺豚人都傻了。"
第108章 千仞雪：窃国计划改为零元购！,https://www.biquh.com/678_678189/65985876_3.html,"
他们看着手里的令牌，又看了看自家杀气腾腾的少主，感觉自己的世界观受到了亿点点冲击。
这画风不对啊！
我们是武魂殿潜伏在天斗的最高级别特工，肩负着颠覆一个帝国的神圣使命。
怎么任务目标突然就从“帝国战略”一步快进到“家庭伦理”了？
还是棒打鸳鸯的那种？
蛇矛斗罗感觉自己的世界观正在被按在地上反复摩擦，他艰难地吞了口唾沫，试图进行最后的挣扎。
“少主……此举……是不是有些……草率了？”
“国库乃帝国命脉，守卫森严，动作这么大的话，我们必定会暴露，十几年的潜伏……”
“潜伏？”
千仞雪冷笑一声，直接打断了他。
她现在看谁都像要给她生小叔叔的帮凶，说话自然也没了好气。
“都火烧眉毛了，还潜伏个屁！”
“爷爷那边都快焕发第二春了，我这边还跟你玩潜伏过家家？”
千仞雪一挥手，姿态决绝得像个准备掀桌子的赌徒。
“别想那些弯弯绕绕的了！”
“直接冲进去，搬空，带走，回武魂殿！”
千仞雪没理会两个已经宕机的手下，她猛地转向青鸾斗罗。
“三爷爷，等到刺豚蛇矛这边一准备好，咱们就立刻返回武魂城！”"
第108章 千仞雪：窃国计划改为零元购！,https://www.biquh.com/678_678189/65985876_4.html,"
......
深夜，天斗皇宫，国库重地。
在太子令牌的开路下，一行人畅通无阻地来到了国库核心区域。
在雷霆手段放倒了最后的几名皇家供奉后，一场史无前例的“零元购”开始了。
国库大门被强行破开，大批武魂殿的魂师们如同蝗虫过境，双眼放光地冲了进去。
“快！快点！把那箱宝石也带上！”
“对了！国库最深处的那个什么“瀚海乾坤罩”也带上，这玩意蓝汪汪的，看着就值钱，必须拿下！”
蛇矛斗罗压低声音，疯狂催促着手下。
他身上挂了满了填装满满当当的储物魂导器，叮当作响，活像个刚从战场上捡垃圾回来的破烂王。
刺豚斗罗也没好到哪去，一边警戒，一边嘴里念念有词。
“造孽啊！我堂堂武魂殿封号斗罗，居然沦落到干这种偷鸡摸狗的勾当……”
“这叫什么事啊！”
他越说越委屈，声音里带着哭腔。
“这要是传出去，我以后在魂师界还怎么混啊？”
“有意见？！”
身后，一道冰冷又压抑着怒火的声音响起。
正是千仞雪正双手抱胸，冷冷地看着他。"
第108章 千仞雪：窃国计划改为零元购！,https://www.biquh.com/678_678189/65985876_5.html,"
本就一肚子火没处发，这老东西还敢在这里哔哔赖赖，影响她“守护辈分”的效率？
刺豚斗罗一哆嗦，刚想说“没意见”。
可千仞雪压根没给他机会。
只见这位“天斗太子”一个箭步冲上去，卯足了劲，对准刺豚斗罗的屁股，就是一记狠踹！
“嘭！”
一声闷响过后，刺豚斗罗的身子，纹丝不动。
而千仞雪却是“噔噔噔”连退三步，差点一个屁墩摔在地上。
刺豚斗罗甚至还茫然地回过头，脸上写满了问号。
“少主，你拍俺屁股干啥？”
“……”
千仞雪的脚趾，尴尬地在靴子里抠出了一座三室一厅。
她深吸一口气，强行维持着自己身为少主的威严，指着刺豚斗罗的鼻子，声音都因为羞愤而有些发颤。
“再敢废话！”
“信不信我把你舌头割下来，塞你屁股里！”
这倒是把刺豚斗罗吓得赶紧捂住自己的嘴巴和屁股，生怕自家少主真的这么做了。
结果他这下意识的动作，不小心触碰到了一个花瓶砸在地上。
更要命的是，这一砸，竟意外触发了他没发现的一处警报！
“呜——！呜——！”"
第108章 千仞雪：窃国计划改为零元购！,https://www.biquh.com/678_678189/65985876_6.html,"
尖锐的声音响起，瞬间撕裂了皇宫的宁静。
“有刺客！保护国库！”
一声凄厉的呐喊，如同在滚油里滴入一滴冷水，整个天斗皇城瞬间炸开了锅。
大批大批的着甲士兵，一股脑的朝着国库涌去。
“卧槽！”
蛇矛斗罗手一抖，差点把刚顺出来的黄金夜壶都给丢掉。
他恶狠狠地瞪了刺豚一眼，那眼神仿佛在说：你这家伙怎么这么不小心！
没办法，只能撤退了！
一行人暴露实力，强行护着身上挂满储物魂导器的武魂殿人员，准备杀出重围。
没办法，几人只能暴露实力，强行护送着身上挂满储物魂导器的武魂殿人员撤离。
可就在这时。
一道无匹的剑意从天而降，仿佛要将整个夜空都劈成两半。
“好胆！”
伴随着一声冷喝，两道身影拦住了去路。
一人，身着锦服，气质儒雅，正是七宝琉璃宗宗主，宁风致。
另一人，身形瘦长，须发皆白，可那眼神，却比剑锋还要锐利。
剑道尘心！"
第108章 千仞雪：窃国计划改为零元购！,https://www.biquh.com/678_678189/65985876_7.html,"
宁风致的目光在第一时间就锁定了被人群“簇拥”着的雪清河，原本还挂着笑意的脸色瞬间阴沉得能拧出水来。
他看到了什么？
自己的弟子，天斗帝国的太子，竟然被一群黑衣人“挟持”着，而这群人身上，是再熟悉不过的武魂殿徽记！
“武魂殿！”
宁风致的声音里，是压抑的怒火。
“你们挟持天斗太子，是要全面开战吗？！”"
第109章 谁是你弟子？老娘是武魂殿圣女！,https://www.biquh.com/678_678189/65985877.html,"
听到这话，正被青鸾斗罗护着的千仞雪，差点一口气没上来。
开战？
开你妹的战啊！
没看我正忙着回家守护辈分吗！
你可千万别过来救我，你这一救，我那没出生的小叔叔怕是就板上钉钉了！
宁风致显然没接收到她内心的咆哮，他对着剑斗罗沉声道。
“剑叔，救下清河！”
剑斗罗惜字如金，只是点头作为回应。
但下一瞬，七杀剑出，带起一道锋锐寒芒，直取青鸾斗罗。
只见一道锐利的剑气，便朝着青鸾斗罗斩去。
然而，青鸾斗罗只是冷眼看着。
他连武魂都没开，只是不耐烦地抬手一挥。
一道青色的风刃凭空出现，后发先至，轻描淡写地就将那道剑芒从中切开，像是热刀切黄油。
那道风刃却余势不减，继续朝着剑斗罗和宁风致飞去。
尘心瞳孔一缩，横剑护在宁风致身前，这才将那道风刃斩碎。
仅仅一招。
高下立判。
宁风致的脸色沉了下来，但他依旧镇定自若。"
第109章 谁是你弟子？老娘是武魂殿圣女！,https://www.biquh.com/678_678189/65985877_2.html,"
对方实力很强，不在剑叔之下。
武魂殿派这种级别的人物潜入天斗城，还“劫持”了太子……
他们图谋甚大！
但他看了一眼被“挟持”的弟子，眼神又重新坚定起来。
没关系。
剑叔或许单打独斗不是对手。
可别忘了，他身边站着的是谁？
天下第一辅助系魂师！
“剑叔！”
宁风致一声低喝，璀璨的七宝琉璃塔在掌心升腾而起。
“我来助你！”
“七宝转出有琉璃！”
“一曰：力！”
“二曰：速！”
两道光芒瞬间笼罩剑斗罗。
有了天下第一辅助的加持，剑斗罗的气势节节攀升，大有再战三百回合的架势。
眼看一场恶战在所难免，千仞雪当场就急了。"
第109章 谁是你弟子？老娘是武魂殿圣女！,https://www.biquh.com/678_678189/65985877_3.html,"
这都什么时候了，还搁这儿走程序救人呢？
她可不想再继续玩太子扮演游戏了，否则她那素未谋面的小叔叔怕是都要预约投胎了！
“住手！”
她再也顾不上伪装，冲着宁风致的方向发出一声绝望的呐喊。
“别管我！我是自愿的！快滚啊！”
声音之凄厉，饱含着对命运不公的无能狂怒。
正准备释放第三魂技的宁风致，手一抖，魂力差点岔了气。
他满脸问号地看向自己的宝贝弟子。
“清河？你在说什么？”
千仞雪都快哭了，一字一顿地重复道。
“我说我是自愿的！你别多管闲事！”
自愿的？
他看着自家弟子那张写满“焦急”和“崩溃”的脸，又看了看那群凶神恶煞的武魂殿匪徒。
瞬间，宁风致脑子里电光石火，一切都“想通”了！
清河这是被威胁了！
他这是在用自己的方式保护我！
他怕武魂殿的贼人狗急跳墙，伤害到我这个老师，才故意这么说的！
我懂了！清河，为师都懂了！"
第109章 谁是你弟子？老娘是武魂殿圣女！,https://www.biquh.com/678_678189/65985877_4.html,"
想到这里，宁风致心中不禁涌起一阵感动，他看着千仞雪，用一种“你放心，一切有我”的眼神，斩钉截铁地说道：
“清河！你不用怕！”
“为师知道你是被逼的，但今日有我在，就绝不会让你落入贼人之手！”
他声音陡然拔高，响彻皇宫。
“骨叔和陛下的支援马上就到！你们这群武魂殿的鼠辈，插翅难飞！”
然而，青鸾斗罗等人还没什么反应。
千仞雪j就先炸毛了。
她听着宁风致在那慷慨激昂地给自己加戏，感觉自己的血压在疯狂飙升。
去他妈的潜伏！
去他妈的太子！
老娘不演了！
而且日后都要回武魂殿了，这个太子身份暴不暴露其实也无所谓了。
想到这里一股积攒了十几年的怨气，混杂着对“小叔叔”的恐惧，在此刻轰然引爆！
千仞雪猛地挣脱青鸾斗罗的护持，指着宁风致的鼻子，用自己原本清冷高傲的女儿声，发出一声响彻天际的咆哮：
“谁特么是你弟子！”
“宁风致！你给老娘看清楚！我是谁！”
话音落下。"
第109章 谁是你弟子？老娘是武魂殿圣女！,https://www.biquh.com/678_678189/65985877_5.html,"
千仞雪全身亮起耀眼的光芒。
身材拔高，长发及腰，面容变幻。
淡金色的宫装，在她身上化为一袭淡金色长裙。
仅仅一瞬间，那个温文尔雅的天斗太子，就变成了一位身段浮凸、容颜绝世，浑身散发着神圣与威严的金发女子。
夜风吹过。
吹动了千仞雪那头灿烂的金色长发，也吹动了她身上那袭勾勒出惊心动魄曲线的华丽长裙。
但吹不走宁风致脸上的呆滞。
他整个人都僵住了。
手里的七宝琉璃塔，光芒明灭不定，像个接触不良的老旧灯泡。
最终还是“噗”地一下，彻底熄灭了。
他身旁的剑斗罗，那柄无坚不摧的七杀剑，“哐当”一声，剑尖杵在了地上。
这位以心如磐石著称的剑道强者，此刻嘴巴微张，眼神涣散，活像个看到了哥斯拉在跳科目三的老头。
整个天斗皇宫的喊杀声、警报声，在这一刻仿佛都变成了遥远的背景音。
世界，在宁风致的脑海里，裂开了。
他看到了什么？
自己的得意弟子，那个温润如玉、谦逊有礼，被自己视为七宝琉璃宗未来最强盟友，天斗帝国未来的希望之星——雪清河。
变成了一个女的？
宁风致试图推理出一个真相，然而此事实在是太过突兀也太过离谱，他压根就没有一点头绪。"
第109章 谁是你弟子？老娘是武魂殿圣女！,https://www.biquh.com/678_678189/65985877_6.html,"
而此刻的千仞雪，看着宁风致那张痴呆脸，感觉自己的怒气槽瞬间蓄满。
“看什么看！”
千仞雪的声音冰冷又暴躁。
“没见过美女啊！”
“老娘不装了！我，千仞雪，武魂殿圣女！你那个宝贝徒弟雪清河，从头到脚都是我伪装的！”
她每说一句，宁风致的脸色就变幻一分。
当听到“武魂殿圣女”五个字时，宁风致浑身剧震，瞳孔缩成了针尖。
所以……
自己悉心教导了十几年的天斗太子。
是武魂殿派来的卧底？
一个惊天的阴谋，在他脑海中轰然炸开。
宁风致的身体晃了晃，他终于“想通了”一切。
武魂殿处心积虑，让圣女伪装成太子，就是为了从内部瓦解，甚至是窃取天斗帝国！
想到这里，一股滔天的怒火瞬间取代了震惊。
宁风致的眼神重新变得锐利，七宝琉璃塔光芒大盛！
“武魂殿……好！好一个惊天骗局！”
他指着千仞雪，声音因愤怒而颤抖。"
第109章 谁是你弟子？老娘是武魂殿圣女！,https://www.biquh.com/678_678189/65985877_7.html,"
“今日有我宁风致在此，定不会让你们的阴谋得逞！”
宁风致一番发言，彻底点燃了千仞雪的怒火。
你这脑子里是塞满了七宝琉璃塔的砖头吗？
我要是还想继续玩潜伏，我疯了才会主动暴露身份？
千仞雪气得浑身发抖，指着宁风致的鼻子就想骂娘。
可话到嘴边，又被她硬生生咽了回去。
跟这种脑补怪解释，纯属浪费口水。
动手才是硬道理！
她四下瞅了瞅，反手就从旁边蛇矛斗罗的手里，抢过一个金光闪闪的东西。
她也不知道那是什么，但是入手分量十足，手感极佳，很适合用来砸人。
察觉到手里的东西被夺走，蛇矛斗罗面色一变。
“少主！那个是......”
“这破帝国谁爱要谁要！”
“别挡着老娘回武魂城！”
然而，还不等蛇矛把接下来的话说出口。
千仞雪就已经一声怒吼，用尽全身的力气，将手里的东西抡圆了，朝着宁风致那张写满“大义凛然”的脸，狠狠砸了过去。
见到千仞雪做出投掷动作的瞬间，宁风致的嘴角甚至还挂着一丝冷嘲。
粗鄙。"
第109章 谁是你弟子？老娘是武魂殿圣女！,https://www.biquh.com/678_678189/65985877_8.html,"
这就是他对武魂殿圣女的评价。
到了他们这个级别，还用这种泼妇吵架般的原始攻击方式，简直可笑。
别说旁边站着剑叔。
就是他自己站在这里不动，任凭对方砸，七十九级的魂力护体，也断然不会被伤到分毫。
然而。
当那道金色的抛物线划过夜空，在月光下滴溜溜旋转时，宁风致脸上的笑容，一寸一寸地僵住。
卧槽！
那个东西是......"
第110章 剑斗罗：我的剑心，蒙上了尿垢.....,https://www.biquh.com/678_678189/65985878.html,"
那圆润的壶口，那饱满的壶身，还有一个极其方便提握的黄金把手……
当宁风致看清那玩意儿真面目的瞬间，他整个人都麻了。
“卧槽！”
一声凄厉的惊呼，让他苦心经营几十年的优雅宗主风范，碎了一地。
声音都劈了叉。
“剑叔！快！给它一剑！别让那玩意儿碰到我！！”
宁风致现在宁可硬接一道魂技，也绝不想和这玩意儿有任何零点零一秒的亲密接触！
这已经不是受伤的问题了，这是尊严和晚节的问题！
剑斗罗尘心的反应快如闪电。
今天，宁风致要是真被这种粗糙手段攻击到，他剑道尘心四个字，可以倒过来写！
然而，就在他抬手，七杀剑斩出的瞬间，他那张万年不变的冰山脸，裂开了一道缝。
他也看清了。
那不是金砖，不是魂导器，甚至不是什么奇形怪状的武器。
那他妈的，是一个金光闪闪，做工考究，甚至在壶身上雕刻着鸳鸯戏水图案的……
黄金夜壶！
时间，在这一刻被无限放慢。
在场所有人的目光，包括那些冲上来的天斗士兵，全都死死锁定了那个在空中进行着“自由飞翔”的黄金夜壶。
武魂殿众人：“……”"
第110章 剑斗罗：我的剑心，蒙上了尿垢.....,https://www.biquh.com/678_678189/65985878_2.html,"
蛇矛这个刚从国库里把它“请”出来的经手人，此刻恨不得给自己两个大嘴巴子。
造孽啊！
早知道少主会拿这玩意儿砸人，当初就该把它焊死在国库的地板上！
青鸾斗罗的嘴角疯狂抽搐。
他觉得，自打遇上枫染亭之后，武魂殿的画风就朝着一种不可名状的诡异方向，一路狂奔，连车轱辘都快甩飞了。
眼看那只承载了千仞雪无尽怒火与辈分焦虑的夜壶，即将与宁风致的俊脸来一次亲密接触。
剑斗罗尘心，还是动了。
他不动不行。
他能接受自己战死，使得宁风致受伤，但绝不能接受他被夜壶砸脸！
这要是传出去，七宝琉璃宗和他剑斗罗，将成为整个大陆未来数百年的笑柄。
“锵！”
七杀剑一出，剑鸣清越。
一道凝练到极致的剑气，精准无比地斩在了黄金夜壶的壶身上。
刷！
黄金夜壶被平滑的斩成两半，最后“啪嗒”两声，牺牲在了宁风致脚边。
然而，就在夜壶坠地的刹那，一股无形的，却仿佛拥有实质的“气”，轰然爆发！
那是一种超越了凡俗嗅觉定义的味道。"
第110章 剑斗罗：我的剑心，蒙上了尿垢.....,https://www.biquh.com/678_678189/65985878_3.html,"
它浓缩了天斗帝国数千年的风霜雨露，饱含着历代帝王肾功能的兴衰史。
那股积年累月、从未清洗、被强行封印在壶中的“龙气”，此刻，得到了释放！
它像是陈年酸菜坛子里腌了一百年的臭袜子，又混合了巨龙宿醉后打出的饱嗝，最后用魔鬼椒进行了一次灵魂升华！
离得最近的宁风致，脸上的血色“唰”一下就褪尽了。
他捂着嘴连退三步，胃里翻江倒海，感觉自己胃里还未消化完毕的晚饭正在进行一场说走就走的旅行。
世界，安静了。
所有打斗声、喊杀声、警报声，都消失了。
只剩下夜风吹过，卷起几片落叶，打在那个金灿灿的夜壶上，发出“沙沙”的轻响。
剑斗罗尘心，缓缓收剑。
他低头，看了一眼自己手中那柄无坚不摧的七杀剑，又看了看地上那个被斩成两半的黄金夜壶。
他那古井无波的眼神里，第一次，出现了对人生的迷茫。
我，剑道尘心。
一生练剑，一心向剑，人剑合一。
我的剑，斩过巨龙，破过山峦，退过兽潮。
今天，它用来……斩夜壶。
一种巨大的、荒谬的空虚感，瞬间填满了他的内心。
他感觉自己的剑心，蒙上了一层不可名状的污垢。
啊不！"
第110章 剑斗罗：我的剑心，蒙上了尿垢.....,https://www.biquh.com/678_678189/65985878_4.html,"
是尿垢！
过了许久，在夜风的吹拂下，那股味道终于淡了一些，宁风致才敢后怕的放开捂住口鼻的手。
他呆呆地看着脚边那个被分成两半的黄金艺术品，大脑一片空白。
十几年的悉心教导。
十几年的殷切期盼。
换来的，是一场惊天骗局，和一个……差点糊在脸上的黄金夜壶。
这算什么？
羞辱？
不，这已经超越了羞辱的范畴。
这是一种精神攻击！一种能让七十九级魂圣当场道心破碎的降维打击！
“你……”
宁风致的嘴唇哆嗦着，他想说点什么，却发现自己什么都说不出来。
他本以为那武魂殿圣女是气急败坏，黔驴技穷。
谁知道对方一出手就是王炸，直接对他进行如此恶毒的精神攻击！
他想质问，想怒骂，想谴责。
千言万语，最终只汇成了一句发自灵魂深处的拷问。
“为什么……是夜壶？”"
第110章 剑斗罗：我的剑心，蒙上了尿垢.....,https://www.biquh.com/678_678189/65985878_5.html,"
“嗯？”
千仞雪的怒火，也被这一问给问得卡了壳。
“夜壶？”
她茫然地顺着宁风致的目光看去，看到了那被一分为二的东西......
随后，千仞雪就好像刚发现什么惊恐的事情，眼珠子都快瞪出来了！
这特么不是天斗帝国祖传夜壶吗？！连开国皇帝都用过！
据说为了彰显皇权威严，三百六十五天从不刷洗，就为了保留那股独一无二的“龙气”！
刹那间，千仞雪感觉自己脑子里有什么东西，轰然炸裂。
下一秒，整个皇宫的上空，都回荡起一声尖锐到破音的爆鸣。
“啊啊啊——！！！！”
她看也不看，直接伸手抓住青鸾斗罗的袖子，用力一撕，“刺啦”一声，一块名贵的布料就到了她手里。
然后，她就像是碰到了什么世界上最脏的东西，对着自己那只丢过夜壶的右手，疯狂地、使劲地、来回地擦！
力道之大，白皙的手掌心瞬间通红，几乎要擦掉一层皮。
旁边的青鸾斗罗低头看了看自己那破烂的袖袍，默默地把那只胳膊藏到身后。
同时，脚步不动声色地往旁边挪了两步。
他怕少主等下嫌布不干净，直接用他的脸来擦手。
擦完手，千仞雪感觉还是不干净，转头就看到了那个罪魁祸首——蛇矛斗罗。
怒火，瞬间找到了宣泄口！"
第110章 剑斗罗：我的剑心，蒙上了尿垢.....,https://www.biquh.com/678_678189/65985878_6.html,"
她一个箭步冲上去，对着蛇矛斗罗就是一顿拳打脚踢。
“蛇矛！”
“你是不是脑子被门挤了！还是被驴踢了！？”
“我让你搬国库，你特么抱着个夜壶作甚！？”
她的每一拳每一脚都毫无章法，但每一击都饱含着一个少女破碎的尊严和即将社死的恐惧。
蛇矛斗罗不敢还手，只能双手抱头，蹲在地上，任由那双绣着金丝云纹的靴子在自己身上留下一个个脚印，嘴里还委屈得不行。
“少主，是您说要搬空的啊！”
“我全身的魂导器都塞满了，就这个东西有个把手拿着方便……”
“而且……”他越说声音越小，“大供奉不是说家里都揭不开锅了吗？”
“我想着这夜壶好歹是纯金的，还是老古董，肯定值不少钱！蚊子再小也是肉……就没舍得扔……”"
第111章 天斗夜壶之变！千仞雪一战封神！,https://www.biquh.com/678_678189/65985879.html,"
听完蛇矛斗罗那番淳朴到让人脑溢血的解释，千仞雪差点一口气没上来，活活气晕过去。
而另一边，看着千仞雪那副恨不得当场把手剁了的抓狂模样，宁风致心里那股差点被夜壶糊脸的憋屈，莫名其妙就散了。
好歹，自己没碰着。
他下意识瞥了一眼旁边的剑叔。
剑斗罗正低头看着自己那把斩过夜壶的七杀剑，眼神空洞，仿佛在思考“我是谁，我在哪，我的剑道还有救吗”这种哲学问题。
这么一比，自己好像还真不是最惨的那个？
宁风致再看向千仞雪时，那眼神里最初的震惊和愤怒，已经变成了一种极为复杂的……敬佩。
不愧是武魂殿的圣女，为了攻击我，连这种大杀器都敢徒手使用。
这份魄力，闻所未闻！
就在千仞雪对着蛇矛斗罗进行“物理说服”时，一道声音从天而降。
“风致，老贱人！谁胆子这么肥，敢抢天斗国库？”
人未到，声先至。
一个身形消瘦，骨架却异常宽大的男人砸在地上，正是骨斗罗，古榕。
他一落地，眼神就跟雷达似的扫了一圈。
嗯？
一群武魂殿的黑衣人，正在进行有组织的战略性转移。
一个漂亮得不像话的金发大美女，正对着自己人拳打脚踢，看起来精神状态堪忧。
而自家的宗主和那个老贱人，跟木桩子一样杵在原地，表情一个比一个诡异。"
第111章 天斗夜壶之变！千仞雪一战封神！,https://www.biquh.com/678_678189/65985879_2.html,"
骨斗罗挠了挠头，目光最后定格在宁风致脚边。
那两半金灿灿，造型别致的东西上。
“嚯~战况挺激烈啊，打架把谁家锅都给劈了？”
闻言，宁风致眼皮狠狠一跳。
你管这玩意儿叫锅？
你全家都用这玩意儿做饭是吧！
可他还没来得及解释，千仞雪那边已经打累了。
她也看到了骨斗罗的到来，心里咯噔一下。
又来一个！
而且是封号斗罗中，防御最难缠的骨斗罗！
“走！”
他们当下最重要的任务，是护送着这些“土特产”，安全返回武魂城。
青鸾斗罗能压制剑斗罗，但蛇矛和刺豚可应付不了九十五级的骨斗罗。
更别提旁边还站着一个虎视眈眈，随时准备给自家封号斗罗叠满buff的宁风致。
“蛇矛，刺豚！”
千仞雪回头，对着还在发懵的两个手下低吼。
“护好东西！跟紧了！”"
第111章 天斗夜壶之变！千仞雪一战封神！,https://www.biquh.com/678_678189/65985879_3.html,"
她口中的“东西”，自然是那群身上挂满储物魂导器，几乎走不动道的工具人。
那里面装的，可是她未来几十年，甚至上百年的家庭地位！
蛇矛和刺豚一个激灵，也顾不上思考人生了，赶紧一左一右护住那批“移动金库”，准备强行突围。
拖不起了！
四面八方传来的甲胄碰撞声和呐喊声越来越近，天斗城的守备力量正在疯狂合围。
这里是皇宫腹地，不是野外。
拖得越久，他们要突围就越麻烦。
“想走？！老贱人，拦住他们！”
骨斗罗一声爆喝，准备跟剑斗罗联手。
然而，他口中的“老贱人”的搭档，也就是剑斗罗。
此刻却跟丢了魂一样，哪里还有半点战斗意志？
他就那么死死地盯着自己的七杀剑，眼神空洞，脑子里一直回荡着一句话。
我的剑斩夜壶了......
我的剑斩夜壶了......
剑斗罗的脑子里，甚至不受控制地开始循环播放一个画面：
他日后与人对敌，七杀剑一出，对方不惊反笑，指着他的剑大喊：“我知道这把剑！它斩过夜壶！”
一想到这里，剑斗罗都想捂脸痛哭。
见老搭档直接进入贤者模式，骨斗罗心里暗骂一句“猪队友”，只能自己顶上，准备用空间能力强行留人。"
第111章 天斗夜壶之变！千仞雪一战封神！,https://www.biquh.com/678_678189/65985879_4.html,"
“骨叔！别追！”
宁风致那几乎变调的声音，制止了他。
骨斗罗一头问号地回头。
“为啥？那女的明显是头儿！实力也就那样！抓了她，这群武魂殿的孙子一个都跑不了！”
宁风致的嘴角，狠狠地抽搐了一下。
他没有说话，只是用一种看傻子的眼神，幽幽地指了指地上那两半金灿灿的玩意儿。
“你……想让她再扔一个吗？”
“？”
骨斗罗还是没明白。
一个破锅，有什么好怕的？
你宁风致好歹也是天下第一辅助，什么时候这么怂了？
但出于对老伙计的信任，他还是半信半疑地凑了过去，重新审视那两半“锅”。
可就在这时，他的嗅觉忽然捕捉到了一丝不同寻常的气息。
他凑近了点，用力吸了吸鼻子。
风，恰好在这时停了。
空气中，那股本该被彻底吹散的，浓缩了天斗帝国历代皇帝精华的“龙气”，还剩下最后一缕。
最浓，最醇，最精华的一缕。"
第111章 天斗夜壶之变！千仞雪一战封神！,https://www.biquh.com/678_678189/65985879_5.html,"
刚好被他，赶上了最后一口。
下一秒，骨斗罗那张黝黑的脸，以肉眼可见的速度，变得惨绿。
“呕——！！！”
这位九十五级的封号斗罗，当场扶着旁边的柱子，吐得昏天黑地。
趁着两大顶级战力一个自闭，一个净化肠胃。
千仞雪一行人，带着半个帝国国库，成功杀出重围，消失在夜色中。
现场，只留下一个思考人生的剑斗罗，和一个胆汁都快吐干净的骨斗罗。
宁风致看着自己这两位卧龙凤雏般的护卫，长长地叹了口气，感觉心好累。
最终，他还是决定先向雪夜大帝汇报此事。
当然，临走前他还没忘，让手下把那斩成两半的黄金夜壶带上.......
只是此刻，所有人都不知道。
在未来很长、很长的一段时间里，大陆上都会流传着这样一个传说。
史称，“天斗夜壶之变”。
据当晚侥幸存活的某位皇家护卫，在酒后颤抖着回忆：
武魂殿圣女千仞雪，于万军从中，闲庭信步。
面对七宝琉璃宗与两大封号斗罗的围攻，她只是轻蔑一笑。
挥手便祭出一件上古神器。
没有人知道那件神器的真名，因为见过它的人，都无法用语言去形容它的伟大。"
第111章 天斗夜壶之变！千仞雪一战封神！,https://www.biquh.com/678_678189/65985879_6.html,"
好事者根据其外形与无上神威，将其命名为——【皇权天授·黄金龙气之壶】。
壶中封印的，是足以颠覆一个时代的，浓缩了数千年的——“皇者之气”！
此物一出，风云色变，日月无光。
一击，便令剑道剑心崩溃，当场失去战斗能力。
七宝琉璃宗宗主宁风致，天下第一辅助。
他甚至不敢让自家宗门的七宝琉璃塔，与那【黄金龙气之壶】争辉。
当场吓得不敢动弹。
至于后来赶到的骨斗罗古榕，更是“闻”之色变！
当场魂力逆流，狂呕不止。
最后被下人抬走的时候，干呕都没停下，还说自己看到了太奶在天上向他招手。
自此，大陆上所有强者，在提到那个女人的名字时，脸上都会浮现出深深的敬畏。
最终，所有传言都汇成了一句发自肺腑的结论：
武魂殿圣女千仞雪，恐怖如斯！"
第112章 雪夜大帝：你们.....就抢回来一个夜壶？,https://www.biquh.com/678_678189/65985880.html,"
次日，三道光门准时于枫染亭内亮起。
胡列娜、朱竹云、朱竹清三人从中走出，准备开始新一天的工作。
然而，脚掌落地的瞬间，三女齐齐一愣。
胡列娜下意识地环顾四周。
不对劲。
这里还是枫染亭吗？
昨日还略显拥挤的小饭馆消失了。
取而代之的，是一个扩大了数倍的巨大厅堂，足以容纳上百人同时用餐。
地板不再是温润的木质，而是一种黑色的、光洁如镜的未知材料，清晰地倒映出她们呆滞的脸。
几件造型古怪的白色长方块，被安置在墙边。
明明没有魂力波动，却正无声地朝外吹着一股冰凉舒爽的风，让夏日的燥热一扫而空。
最离谱的，是那扇门。
原本的木门消失了，取而代之的是一整面墙大小的、完美无瑕的“琉璃”。
透过这面“墙”，街外的景象分毫毕现，连行人的表情都看得一清二楚。
如此巨大且毫无杂志的琉璃，别说见过，她们连听都未曾听说过！
此刻，街道尽头，比比东率领着一众长老供奉，正朝这边走来。
当他们看到焕然一新的枫染亭时，脸上同样写满了错愕，脚步也从散步变成了小跑。
很快，一群斗罗大陆的顶尖强者，就跟好奇的土包子似的，隔着那面巨大的“琉璃”，与店内的三女大眼瞪小眼。"
第112章 雪夜大帝：你们.....就抢回来一个夜壶？,https://www.biquh.com/678_678189/65985880_2.html,"
比比东的眼神像是在问：什么情况？
胡列娜三人只能用同样茫然的眼神回应：我们也不知道啊！
就在这时，一个声音从后厨方向传来。
“杵在那当门神？过来吃饭。”
三女回头，正是林枫端着几份散发着异香的早餐走了出来。
朱竹云的反应最快，几乎是本能地，她脸上立刻堆满了殷勤的笑，像只小猫一样凑上前去，准备接过餐盘。
“前辈，我来……”
话音未落，那扇巨大的琉璃门，竟悄无声息地向一侧滑开。
与此同时，另一个一模一样的声音，从二楼的楼梯口传来。
“都进来吧。”
众人猛地抬头。
只见二楼的扶手旁，不知何时也站着一个林枫，正懒洋洋地对比比东招了招手。
“比比东，你的VIP包月套餐，早餐也管够。”
两个前辈？
两个一模一样的前辈？！
“分身......么？”
人群中不知是谁先说了一句，众人这才回过神来。"
第112章 雪夜大帝：你们.....就抢回来一个夜壶？,https://www.biquh.com/678_678189/65985880_3.html,"
原来是分身啊。
在斗罗大陆，某些特殊的魂兽，确实能产出与分身相关的魂技。
虽然极为罕见，但对前辈这等存在而言，掌握这种手段，似乎也合情合理。
可就在这个念头升起的下一秒。
所有人的思维，都僵住了。
只见二楼的那个林枫，迈步走下楼梯。
他走得很随意，却没有半点要避让的意思。
他就那么直直地，朝着楼下那个端着餐盘的“自己”，走了过去。
众人眼睁睁看着。
一步，两步。
就要撞上了！
然而，预想中的碰撞并未发生。
二楼走下的那个林枫，身体像是投入水面的月影，只是微微晃动了一下。
然后，他整个人就那么穿过了楼下林枫的身体，悄无声息地融入了进去。
仿佛他从未真实存在过。
又或者说，他们本就是一体。
整个大厅死一般寂静，只有那白色方块吹出的凉风，在无声地昭示着此地的诡异。
林枫像是做了一件微不足道的小事，他转过身，看着门口那群已经石化的武魂殿高层，脸上露出一丝若有若无的笑意。"
第112章 雪夜大帝：你们.....就抢回来一个夜壶？,https://www.biquh.com/678_678189/65985880_4.html,"
“怎么？”
“今天都不想吃饭了？”
闻言，众人还没反应过来，一道火红色的身影已经一阵风似的冲进店里，一屁股坐下。
正是灵鸢斗罗。
察觉到所有人投来的古怪视线，她满不在乎地一拍桌子。
“看什么看？！”
“老娘昨天吃的饭都吐干净了，今天谁也别拦我，在涨破肚子之前我都不会停下！”
这话像是一把钥匙，瞬间打开了众人那段不堪回首的记忆。
所有人的目光，几乎是齐刷刷地，全钉在了那个罪魁祸首——比比东身上。
后者那张绝美的脸蛋“唰”一下就红了，尴尬地轻咳一声，默默走到胡列娜那一桌坐下，埋头就吃早餐，假装什么事都没发生。
见教皇冕下竟然恬不知耻的不理会自己，其他人也不好再杵着，陆续进店找位置坐下。
就在这时，金鳄斗罗的动作停住了。
他环顾四周，眉头皱起。
“对了，大哥怎么还没来？”
众人一愣，这才发现，供奉殿的主心骨，大供奉千道流，居然不在。
就在金鳄斗罗准备起身回去找人时，一道身影终于出现在了门口。
那人失魂落魄，脚步虚浮，双眼无神，可不正是千道流吗？"
第112章 雪夜大帝：你们.....就抢回来一个夜壶？,https://www.biquh.com/678_678189/65985880_5.html,"
那副样子，活像是被精榨干了阳气，刚从盘丝洞逃出来。
林枫在心里啧啧称奇。
好家伙。
这梦境水晶的后劲儿这么大？
一晚上而已，就把一个九十九级的绝世斗罗榨成这样了？
千道流跟波塞西在梦里，到底是玩了什么play？
可惜昨日他因为被系统吞了武魂殿宝库的原因心情不好，就没有尝试那个什么梦境主宰。
不过看了千道流这幅样子，林枫在心里默默下定了决心。
今晚，必须搞研究！
看到千道流的样子，金鳄斗罗也呆住了。
“大哥？你这是……咋了？”
谁知，就是这句再正常不过的问候，却成了压垮骆驼的最后一根稻草。
千道流身体一震。
他猛地抬头，死死盯着金鳄斗罗，嘴唇哆嗦了半天。
下一秒。
“哇——！！！”
一声惊天动地的哭嚎响彻整个饭店。
这位九十九级的绝世斗罗，武魂殿的擎天白玉柱，在众目睽睽之下，一把抱住了金鳄斗罗肩膀，当场就哭了。"
第112章 雪夜大帝：你们.....就抢回来一个夜壶？,https://www.biquh.com/678_678189/65985880_6.html,"
哭得像个三百斤的孩子。
千道流一把鼻涕一把泪地蹭在金鳄斗罗的肩膀上。
金鳄斗罗整个人都石化了，手足无措地站在原地，大脑一片空白。
“大哥？你……你冷静点！到底怎么了？”
“她根本就不给我表白的机会啊！”
千道流哭得更大声了，捶胸顿足，毫无半点绝世强者的形象。
......
与此同时，天斗皇宫，议政大殿。
文武百官，有一个算一个，全都跟被施了定身咒一样，大气不敢喘。
所有人的目光，都聚焦在大殿中央。
那里，摆着两半金灿灿的……物件。
雪夜大帝的眼皮狂跳。
他感觉自己的认知正在被强行按在地上摩擦。
他深呼吸，试图让自己冷静下来，然后用一种极度沙哑的声音，一字一顿地问。
“所以，宁宗主。”
“你的意思是……”
“朕的太子，雪清河，他不仅是个女的。”"
第112章 雪夜大帝：你们.....就抢回来一个夜壶？,https://www.biquh.com/678_678189/65985880_7.html,"
“还是武魂殿派来的卧底。”
“她昨晚带着武魂殿的三个封号斗罗，搬走了朕大半个国库。”
“而你们两个七宝琉璃宗，一个九十六级，一个九十五级，还有你这个天下第一辅助魂师。”
雪夜大帝的声音陡然拔高，充满了荒诞与崩溃。
“最后只从对面手里……抢回来一个夜壶？”"
第113章 她有病吧？！雪夜大帝心态崩了！,https://www.biquh.com/678_678189/65985881.html,"
宁风致干咳一声，用一种勘误学术论文的严谨态度，纠正道：
“陛下……这个，需要严谨一点。”
“夜壶，不是我们抢回来的。”
他顿了顿，似乎在斟酌用词。
“是对方……主动投掷过来的。”
雪夜大帝：“……”
大殿之上，文武百官：“……”
雪夜大帝看着宁风致那严肃的样子，终于是沉默了。
足足沉默了能让一个魂师冥想一圈的时间。
然后，他猛地抬起头，龙袍下的身躯因愤怒而颤抖，声音都劈了。
“她有病吧！？”
一声发自灵魂深处的咆哮，在大殿内回荡。
满朝文武，有一个算一个，全都把头埋得更低了，恨不得当场找条地缝钻进去。
谁都不敢在这个时候触霉头。
“她，千仞雪，武魂殿圣女！”
“耗费了整整十几年的青春，伪装成朕最看好的儿子，滴水不漏地扮演了一个完美的储君！”
雪夜大帝指着自己的鼻子，脸涨成了猪肝色。
“朕！把她当亲儿子疼！当唯一的继承人培养！”"
第113章 她有病吧？！雪夜大帝心态崩了！,https://www.biquh.com/678_678189/65985881_2.html,"
“她也完全取得了朕的信任！”
“结果呢？”
他猛地一指殿中央那两半遗世独立的黄金艺术品，气得浑身都在哆嗦。
“她不图谋朕的江山社稷，不搞政变，不玩什么惊天阴谋……”
“她跑了！”
“她就为了卷走朕一半的国库，连夜跑路了？！”
“她图什么啊！？”
雪夜大帝越说越激动，感觉自己像个被骗财骗色的无知老叟，充满了荒诞感。
“她是不是觉得，朕这个皇位，还没有朕的国库有吸引力？”
“在她的眼里，我天斗帝国，就这么不值钱吗？！”
大殿之上，唯一还能站直了说话的，只剩下宁风致。
但他此刻的心情，也好不到哪里去。
实在是这一“战”他七宝琉璃宗两大护宗斗罗的“战损”都太大了。
宁风致强行压下其他情绪，艰难地开口。
“陛下，此事……恐怕另有隐情。”
他的声音有些干涩。
“武魂殿原本的计划，必然是窃国无疑。”"
第113章 她有病吧？！雪夜大帝心态崩了！,https://www.biquh.com/678_678189/65985881_3.html,"
“只是中途，武魂殿内部，很可能发生了某种我们无法理解的巨大变故。”
“这个变故，重要到让她不得不放弃十几年的心血，提前暴露，并且不惜一切代价卷走大量财富，火速撤离。”
雪夜大帝闻言，胸膛的起伏稍微平复了一些，但眼里的怒火和困惑却更盛了。
变故？
什么变故，能比得上窃取一个帝国更重要？
他冷静不下来。
谁都冷静不下来。
雪夜大帝的目光，最终落在了宁风致身后的剑斗罗身上。
那位名震大陆的剑道强者，从进殿开始就一言不发。
他就那么杵在那，双眼无神地盯着自己手中的七杀剑，仿佛那上面沾了什么世界上最肮脏的东西。
最终，雪夜只是微微叹了口气。
“宁宗主。”
“朕现在不想听任何分析。”
“朕只想知道，武魂殿，到底在搞什么鬼。”
“朕想请你，亲自去一趟武魂城。”
宁风致心中一凛，瞬间明白了雪夜的意思。
这是要他代表天斗帝国，去“拜访”武魂殿，当面问个清楚！
宁风致看了一眼身旁还在自闭的剑斗罗，苦涩地点了点头。"
第113章 她有病吧？！雪夜大帝心态崩了！,https://www.biquh.com/678_678189/65985881_4.html,"
“是。”
......
枫染亭内，气氛一度十分尴尬。
所有人都看着哭啼啼的千道流，皆是面色古怪。
金鳄斗罗艰难地动了动嘴唇，小心翼翼地确认道：
“所以……大哥你的意思是……”
“你在波塞西的梦里，用一口气把枫染亭、蛋炒饭、积分抽奖、兑换神位、迎娶她过门……全给秃噜出去了？”
千道流重重地点了点头。
他把金鳄斗罗那身名贵的供奉袍子当成了手帕，又狠狠蹭了一把鼻涕眼泪。
“全说了，然后西西她就骂我一句神经病。“
“最后，一只很漂亮的脚，就踹我脸上了。”
“力道很大。”
“下一秒，我就醒了。”
这话一出，所有人都沉默了，表情一个比一个精彩。
“噗——”
一声没憋住的轻笑，打破了这尴尬的气氛。
众人齐刷刷地转头看去。"
第113章 她有病吧？！雪夜大帝心态崩了！,https://www.biquh.com/678_678189/65985881_5.html,"
只见比比东单手托着香腮，另一只手正端着一碗豆浆，慢悠悠地晃着。
她眉眼弯弯，脸上那副幸灾乐祸的表情，根本懒得掩饰。
笑声，就是从她那传出来的。
千道流的哭声戛然而止。
那张挂着鼻涕眼泪的老脸，瞬间由白转红，再由红转紫。
他猛地从金鳄斗罗的肩膀上抬起头，怒视比比东，声音都劈了叉。
“你笑什么？！”
“老夫为爱痴狂，为情所伤，很好笑吗？！”
比比东放下豆浆碗，那双漂亮的凤眸扫了一圈。
“我笑了吗？”
没人吭声。
她又把目光投向月关和鬼魅那一桌，嘴角噙着一抹玩味的笑意。
长老团那桌，月关和鬼魅恨不得把头埋进碗里，用实际行动诠释什么叫“非礼勿视，非礼勿听”。
开玩笑。
一边是顶头上司教皇冕下，一边是能一指头碾死自己的大供奉。
他们选择当场失聪。
见没人搭理，比比东这才像是恍然大悟，目光重新落回千道流身上，语气里满是真诚的“关切”。
“哦，我明白了。”"
第113章 她有病吧？！雪夜大帝心态崩了！,https://www.biquh.com/678_678189/65985881_6.html,"
“想必是大供奉昨晚在梦里被踹得太狠，不仅脑子不清醒，连耳朵都出现幻听了。”
“你！”
千道流一口气没上来，刚要指着比比东的鼻子骂娘。
可还不等他开口，一声满是厌烦的声音从林枫口中传出。
“真是聒噪！”
千道流那即将脱口而出的骂声，硬生生卡在了喉咙里，变成了一声响亮的抽噎。
他脸上的悲愤瞬间凝固，然后快速被一种名为“恐惧”的情绪彻底占领。
自己在林枫的店内大吵大闹，那和掀神祇的桌子有什么区别？
要是被前辈拉黑……
别说迎娶西西了，他怕是连蛋炒饭的味儿都闻不着了！
那比杀了他还难受！
“唰！”
千道流猛地抬起袖子，也不管那是金鳄斗罗名贵的供奉袍，对着自己的脸就是一通胡乱猛擦，试图把刚才丢人现眼的证据全部抹掉。
然后，他闪电般坐回位置上，腰杆挺得笔直，双手放在膝盖上，活像一个等待老师训话的小学生。
比比东脸上那点看热闹的笑，t同样僵住了。
她几乎是瞬间收回了视线，乖巧的低头喝豆浆。
生怕下一秒，林枫就收走她一日三餐的资格。"
第114章 朱竹云：我馋你身子，你却只给我涨工资？,https://www.biquh.com/678_678189/65985882.html,"
总算清净了。
林枫见胡列娜三个小工的早餐已经吃完，这才挥了挥手。
“开饭！”
此言一出，店内压抑的气氛瞬间被点燃。
灵鸢斗罗第一个抢过菜单，那架势，饿了三天三夜的魂兽都没她凶。
她一边疯狂吞咽口水，一边用快得冒火星子的语速，报出了一长串菜名，生怕说慢了菜就没了。
光翎斗罗更直接。
他压根没看主菜，直接把菜单翻到甜品区，眼睛里冒着光，点的全是带奶油和糖霜的玩意儿。
其他人也纷纷开始点餐，大厅里再次恢复了热闹。
轮到最后。
全场的焦点，千道流。
这位失魂落魄的绝世斗罗，幽幽地抬起头，声音沙哑。
“五份。”
“蛋炒饭。”
他现在这副样子，好像除了波塞西，也就只有蛋炒饭能给他一点人生的希望了。
林枫打了个响指。
一个与他一模一样的身影，从他身体里像是影子一样剥离出来，面无表情地走向后厨。
目睹这一幕，即便已经不是第一次见到前辈的神奇手段，众人心中依旧掀起惊涛骇浪。"
第114章 朱竹云：我馋你身子，你却只给我涨工资？,https://www.biquh.com/678_678189/65985882_2.html,"
分身进了厨房，他这个本体自然就解放了。
林枫舒舒服服地往摇椅上一躺，闭上了眼。
下一秒，一双柔若无骨的小手，带着恰到好处的力道，轻轻落在了他的肩膀上。
是朱竹云。
她的手法很专业，力道不轻不重，按得林枫浑身舒坦。
林枫甚至能闻到她身上传来的一股淡淡幽香，n那不是香料，是体香。
这小妞，有想法啊。
林枫心里跟明镜似的。
他能感觉到，朱竹云的每一次揉捏，每一次触碰，都带着一丝若有若无的撩拨。
她的指尖有意无意地划过他的耳廓，呼吸也刻意地洒在他的颈侧。
这是把他当前辈还是当老板？
不，这是把他当猎物。
朱竹云确实在把林枫当成毕生的猎物。
她一边按摩，一边用眼角的余光，偷偷观察着林枫的反应。
这个男人，是她唯一的希望。
什么星罗皇子，什么帝国权势，在这位前辈面前，连个屁都算不上。
只要能得到他的青睐，哪怕只是一点点，推翻戴家的统治，改变朱家的命运，将不再是梦！"
第114章 朱竹云：我馋你身子，你却只给我涨工资？,https://www.biquh.com/678_678189/65985882_3.html,"
为此，她愿意付出一切！
看到林枫似乎很享受，并未拒绝，朱竹云心中一喜，胆子也更大了几分。
林枫忽然睁开眼，淡淡地开口，声音听不出喜怒。
“以前练过？”
朱竹云的身体猛地一僵，心脏漏跳了半拍。
前辈这是对我的“服务”满意吗？
朱竹云赶紧低下头，用一种谦卑的语气回答。
“没……没有，只是觉得前辈辛苦，想为您分担一些疲劳。”
“我自己瞎琢磨的，要是按得不好，还请前辈莫怪。”
这话说得，那叫一个楚楚可怜，我见犹怜。
林枫嘴角噙着一丝玩味的笑意，重新闭上眼睛享受。
朱竹云这套路，放前世，那都是绿茶玩剩下的。
不过有一说一，手艺确实不错，力道和位置都恰到好处。
“嗯，手艺不错。”
林枫闭着眼，声音听不出情绪。
就是这句话，让朱竹云差点喜极而泣！
成了！
前辈这是对我满意了！"
第114章 朱竹云：我馋你身子，你却只给我涨工资？,https://www.biquh.com/678_678189/65985882_4.html,"
她的心脏狂跳，手上按得更卖力了。
为了让前辈更“深刻”地感受到自己的心意，朱竹云贝齿轻咬下唇，干脆将身子完全贴了上去。
林枫的后背，登时便感觉到了一阵惊人的柔软。
他甚至能清晰地感受到，对方的心跳在隔着几层布料，疯狂地敲击着自己的背脊。
朱竹云豁出去了。
她吐气如兰，用一种近乎呢喃的、能让所有男人骨头发酥的声音，凑在林枫耳边，轻声开口。
“只要前辈喜欢，竹云愿意……永远为您按……”
她的话还没说完。
林枫懒洋洋的声音再次响起，直接打断了她的深情告白。
“这个月给你涨两……”
他顿了顿，似乎在思考。
涨？
涨什么？
涨姿势吗？
我可以！
只要能成为前辈的女人！
什么姿势我都可以！"
第114章 朱竹云：我馋你身子，你却只给我涨工资？,https://www.biquh.com/678_678189/65985882_5.html,"
朱竹云的呼吸都停滞了，心脏狂跳，等待着决定自己命运的判词。
然而，林枫接下来的话，让她大脑当场宕机。
“……一百积分的工资。”
朱竹云感觉自己的脑子里像是有什么东西炸开了，嗡嗡作响。
那双在林枫肩上游走的小手，也猛然僵住。
她脑子里精心准备好的万千风情，无数引人遐想的剧本，瞬间被“涨工资”三个字砸得稀碎。
她人麻了。
我这又是暗示，又是身体接触，氛围都烘托到这儿了，就差把“快来占有我”五个字写在脸上了。
结果……
前辈您就给我涨了一百块的工资？
谁特么要工资啊！我要的是老板你啊！
朱竹云感觉自己精心准备的一场绝杀，结果一拳打在了棉花上。
不，是打在了一根木头上！
她脸上的表情，从狂喜到错愕，再到呆滞，最后化作一片空白。
“谢……谢谢前辈……”
她几乎是用快哭出来的语气，说出这几个字。
也就在此时，枫染亭那扇光滑如镜的琉璃门外，凭空出现了四道身影。
正是连夜从天斗城“千里奔袭”而来的千仞雪一行人。"
第114章 朱竹云：我馋你身子，你却只给我涨工资？,https://www.biquh.com/678_678189/65985882_6.html,"
为首的青鸾斗罗和千仞雪还好，一个靠实力硬撑，一个被全程带着飞，只是衣角沾了些许风尘。
但跟在后面的蛇矛斗罗和刺豚斗罗，那可就惨了。
两人佝偻着腰，双手撑着膝盖，正大口大口地喘着粗气。
那呼哧呼哧的声音，活像是两台快报废的鼓风机。
“这……这就是……枫染亭？”
蛇矛斗罗好不容易缓过一口气，抬起头，当场就傻眼了。
这闻所未闻的装修风格，这巨大到离谱的透明琉璃墙，还有墙角那几个正呼呼吹着冷风的白色铁皮疙瘩……
处处都透着一股“虽然看不懂，但感觉很牛逼”的气息。
青鸾斗罗也懵了。
他明明就只离开了一晚上而已。
昨天这里还是古色古香的饭馆，今天怎么就变成这种闻所未闻的诡异风格了？
要不是比比东、金鳄斗罗那些熟面孔都在，还有那个懒洋洋躺在摇椅上的老板林枫，他真要以为自己走错地方了。
然而，千仞雪却是对这店里的怪异装修视而不见。
她甚至没多看其他人一眼，那双灿金色的眸子里，现在只有一道身影。
就是他！
那个乖巧的坐在座位上，一脸生无可恋等着蛋炒饭的老登！
为了你那点破事！"
第114章 朱竹云：我馋你身子，你却只给我涨工资？,https://www.biquh.com/678_678189/65985882_7.html,"
害得我连夜跑路，从天斗太子转型成了江洋大盗！
我十几年的潜伏心血啊！
全给你这为爱冲锋的老登当擦屁股纸了！
千仞雪越想越气，迈开长腿，杀气腾腾地就冲了过去。"
第115章 爷爷，听说你要给我生个小叔叔？,https://www.biquh.com/678_678189/65985883.html,"
千道流也看见了风风火火闯进来的千仞雪。
他脸上那失魂落魄的表情瞬间被一抹慈祥的微笑取代，甚至下意识地挺直了腰杆，试图挽回一点绝世强者的尊严。
我孙女就是贴心！
知道爷爷我受了情伤，不远万里赶回来安慰我了！
他刚想起身开口准备说点“孙女你受苦了”之类的场面话。
人还没站起来，千仞雪已经化作一道金色旋风，杀气腾腾地冲到他面前，双手往纤腰上一叉，摆出了审问犯人的架势。
开口，就是一句直击天灵盖的灵魂拷问。
“爷爷！我听说，你准备给我生个小叔叔？”
轰！
这问题，比魂兽的十万年魂技还炸裂。
千道流一口气差点没上来，差点当场表演一个原地飞升。
“噗——咳咳咳！”
比比东一口豆浆没咽下去，直接喷了出来，呛得她连连咳嗽，但那双漂亮的凤眸里，却亮起了一众名为“看大戏”的璀璨光芒。
所有人的目光，也都“唰”地一下，聚焦在了祖孙二人身上。
“谁！谁在外面胡说八道！”
千道流下意识地一声怒吼，目光狠狠的瞪向一旁的青鸾斗罗。
除了这个混小子，他想不出第二个告密者！
好你个青鸾！我拿你当兄弟，你拿我当乐子是吧！"
第115章 爷爷，听说你要给我生个小叔叔？,https://www.biquh.com/678_678189/65985883_2.html,"
青鸾斗罗感受到那几乎要实体化的杀气，脖子一缩，但脸上却是一副“与我无关”的正直表情。
大哥，你可别怪我。
要不是我添油加醋，少主哪来这么大的动力，连夜把半个天斗帝国的国库给你搬回来？
下一秒，青鸾斗罗果断选择跑路，他一把拉住旁边还在发愣的刺豚和蛇矛，脸上挂着热情的笑容。
“哎呀，蛇矛，刺豚！”
“两位保护少主多年，劳苦功高！”
“来，别客气，菜单随便看，想吃什么点什么，这顿我请客！”
说完，头也不回地就把两个工具人拖到了角落的空桌上，完美脱离了战场中心。
自己则拿另一份菜单挡住脸，嘴里念念有词。
“我看看……这个红烧肉看起来不错，还有这个佛跳墙……”
眼看唯一的“证人”跑了，千仞雪再次把矛头对准了千道流。
她往前一步，咄咄逼人。
“爷爷，你别给我转移话题！”
“我就问你，这事，是，还是不是？”
千道流被自家孙女逼得连连后退，眼神躲闪，干咳一声，老脸上的神情居然扭捏了起来。
“那……那不是……还没生出来嘛……”
此言一出。"
第115章 爷爷，听说你要给我生个小叔叔？,https://www.biquh.com/678_678189/65985883_3.html,"
整个饭店，落针可闻。
金鳄斗罗等人更是面面相觑，表情一个比一个精彩。
大哥，咱能要点脸不？
十分钟前，是谁抱着我的袍子哭天抢地，说在梦里被人家波塞西一脚踹出来的？
是谁啊？
现在这副娇羞的样子是演给谁看呢？
千仞雪被千道流这句理不直气也壮的“还没生出来”给噎得差点一口气没上来。
她感觉自己的拳头，硬了。
那双原本灿若晨星的金色眼眸，此刻燃烧着熊熊烈火。
还没生？
这说的是人话吗？
这意思不就是……虽然八字还没一撇，但你已经在心里把户口本都给安排好了？
就在千仞雪准备撸起袖子，跟自家爷爷来一场关于“小叔叔到底该不该出生”的家庭辩论赛时。
后厨的方向，飘来了一缕霸道无比的香气。
胡列娜端着一个巨大的托盘，袅袅婷婷地走了出来，开始为一众顾客上菜。
千仞雪的鼻子不受控制地动了动。
好香！
那股香气并非单一，而是由无数种极致的美味混合而成！"
第115章 爷爷，听说你要给我生个小叔叔？,https://www.biquh.com/678_678189/65985883_4.html,"
有某种烤肉上浓郁的酱汁与油脂结合后产生的焦香。
有奶油和糖霜经过烘烤后散发出的、甜到心坎里的香甜。
甚至还有一种海鲜与高汤经过长时间熬煮后，才有的那种鲜美到极致的芬芳！
这股味道，直接贯穿了天灵盖，让她那因连夜奔袭而空空如也的胃，发出了雷鸣般的抗议。
咕噜噜——
可恶！
天斗皇宫那些御厨做的东西，跟这个一比，简直就是猪食！
现在武魂城的美食已经到了这个地步了吗？
她的目光下意识地扫过其他桌。
灵鸢斗罗面前堆着小山一样的饭，正拼命往嘴里扒。
光翎斗罗正抱着一盘淋满了巧克力酱的松饼往嘴里塞。
就连她进来后一直刻意忽略的生母比比东，也正用刀叉优雅地切着一块滋滋冒油、香气四溢的肉排。
每个人脸上，都洋溢着一种名为“幸福”的光辉。
一股前所未有的饥饿感，瞬间席卷了千仞雪的理智。
千道流是何等的人精，一看孙女那双眼睛都快黏在别人饭碗上了，立刻抓住了救命稻草。
他眼前一亮，动作麻利地将桌上的菜单塞进千仞雪手里，脸上堆满了慈祥的笑。
“小雪啊，跑了一晚上，肯定饿坏了吧？”"
第115章 爷爷，听说你要给我生个小叔叔？,https://www.biquh.com/678_678189/65985883_5.html,"
“你看你都瘦了！”
“天大的事，也得先填饱肚子再说嘛！人是铁，饭是钢，一顿不吃饿得慌！”
千仞雪拿着那份沉甸甸的菜单，陷入了天人交战。
不对！
我今天是来干嘛的？
我是来讨个说法，捍卫自己辈分的！
怎么能被区区一顿饭就腐蚀了革，命意志？
可……
这味道也太香了……
就在她内心的小天使和小恶魔激烈搏斗时，千道流已经抱着自己的蛋炒饭，心满意足地扒拉了一大口。
“嗯~~”
那一声发自灵魂深处的喟叹，成了压垮骆驼的最后一根稻草。
千仞雪的脑子，嗡的一下。
她悟了。
格局，打开了。
我为什么要跟爷爷吵？
吵架是解决不了问题的！
我要阻止“小叔叔”的诞生，靠的是什么？"
第115章 爷爷，听说你要给我生个小叔叔？,https://www.biquh.com/678_678189/65985883_6.html,"
实力！
怎么才能有实力？
那就是像三爷爷说的那样，吃饭！抽奖！变强！
所以，干饭，不是为了满足口腹之欲！
这是曲线救国！这是深谋远虑！这是为了守护家族的纯洁和辈分的稳定！
想通了这一点，千仞雪整个人都升华了。
她猛地坐下，眼神重新变得坚定而锐利，仿佛手上拿的不是菜单，而是拯救世界的作战计划。
“服务员，点餐！”
见自家孙女总算从暴走状态切换到了干饭模式，千道流长长地舒了一口气，感觉自己又活过来了。
同时，几口蛋炒饭下肚，他感觉自己那颗被波塞西一脚踹碎的心，又被黏合了起来。
嗯，真香。
要是能让西西也尝尝就好了。
嗯？
对啊！
我为什么要隔着一个梦境跟她画饼？那太虚无缥缈了！
我直接邀请她，来武魂城一起接受这份机缘不香吗？
用这无可匹敌的美味和看得见的好处，让她明白我的真心！"
第115章 爷爷，听说你要给我生个小叔叔？,https://www.biquh.com/678_678189/65985883_7.html,"
说不定到时候我们两个都能因此迈入神级，成就一段神界佳话！
嗯！
今晚就在梦境里邀请西西，就这么决定了！"
第116章 我苦哈哈卧底，你们背着我吃这么好？,https://www.biquh.com/678_678189/65985884.html,"
千仞雪翻开菜单，目光落在六级菜单上。
随便一道菜就几千金魂币。
她眉梢一挑。
这么贵？你怎么不去抢？
等等。
自己好像刚把天斗国库给抢了？
哦，那没事了。
千仞雪心安理得地按照直觉，点了三四道菜。
合上菜单，她的目光在饭店里扫了一圈。
那个躺在摇椅上的老板林枫，她只是瞥了一眼。
青鸾斗罗说了，这位是真·神仙，惹不起。
随后，她的视线就死死锁定了另一人。
她那个……正在专心致志对付一块牛排的生母，比比东。
千仞雪沉默了几秒。
其他人见千仞雪点完餐，都以为她会和千道流坐在一起。
结果，她还是端着一股莫名的劲儿，抬脚走了过去，在那张桌子旁坐下。
饭店内的喧闹，像是被一只无形的手掐住了脖子，戛然而止。
所有人的动作都僵住了。"
第116章 我苦哈哈卧底，你们背着我吃这么好？,https://www.biquh.com/678_678189/65985884_2.html,"
食客们的目光，长老们的视线，全都汇聚到那张桌子。
那张桌子，在有了店员后，几乎就成了员工专座，也是比比东这位唯一VIP的专属位置。
少主她……
就这么直接坐过去了？
比比东当然也察觉到对面多了个人。
但因为千寻疾那档子破事，她对这个女儿的情感复杂到自己都懒得去理清。
比比东切牛排的动作没有任何停顿。
银质的刀叉在光洁的盘子上划过，发出细微而清晰的声响。
她甚至没有抬眼。
仿佛对面坐下的，不是她十几年未见的亲生女儿，而是一团空气。
千仞雪就这么看着她。
看着她用优雅到无可挑剔的姿势，切下了一小块粉嫩的、还在冒着热气的肉排。
看着她将肉排送入口中，慢慢咀嚼。
甚至，看着她那双紫色的凤眸，因为极致的美味而微微眯起，流露出发自内心的满足。
时间，一秒一秒地流逝。
千仞雪心中那点仅存的，不切实际的期望，也跟着一点一点地凉了下去。
她去天斗帝国卧底十几年。"
第116章 我苦哈哈卧底，你们背着我吃这么好？,https://www.biquh.com/678_678189/65985884_3.html,"
为了什么？
窃国？那是武魂殿的目标。
她自己的目标，只是想做一件惊天动地的大事，让这个女人，能真正看自己一眼。
认可自己。
可现在，自己回来了。
她却连一个眼神都懒得给。
原来，在她眼里，我这个女儿，真的还不如一块牛排重要。
千仞雪忽然笑了。
笑声很轻，却像冰锥一样，刺破了餐厅里死寂的氛围。
比比东的动作，终于顿住。
她抬起头，看向自己的女儿，眉头微皱，眼神里带着一丝被打扰用餐的不悦。
“教皇冕下。”
千仞雪开了口，声音冷得像冰碴子。
“为了您这口吃的，一天之内败光武魂殿万年积蓄，感觉如何？”
“想必，一定很威风吧？”
面对千仞雪的质问，比比东甚至都懒得抬眼。
她只是用叉子慢条斯理地拨弄着盘子里的牛排，仿佛在欣赏一件艺术品。
“威风？”"
第116章 我苦哈哈卧底，你们背着我吃这么好？,https://www.biquh.com/678_678189/65985884_4.html,"
直到千仞雪的耐心快要耗尽，比比东才轻笑一声，切下一小块肉送进嘴里，细细咀嚼，脸上露出满足的神色。
她这才抬起那双漂亮的凤眸，看着自己这个满脸写着“兴师问罪”的女儿，语气平淡得像在谈论天气。
“威风谈不上。”
“不过，拿你们千家那些压箱底的破铜烂铁，换我一日三餐吃得舒心。”
比比东放下刀叉，用餐巾优雅地擦了擦嘴角，那眼神像是在看一个无理取闹的孩子。
“怎么想，都不亏。”
“你！”
千仞雪感觉一股血直冲脑门。
破铜烂铁？
那可是武魂殿上万年的积累！是无数先辈的心血！
到了她嘴里，就成了换取口腹之欲的破烂？
千仞雪的脑子嗡嗡作响。
她想不通！她完全想不通！
青鸾斗罗说的清清楚楚，比比东花光宝库，换来的仅仅是每天多吃两顿的资格！
不是多两次抽奖的机会！
对实力的提升几乎为零！
有那些钱，让武魂殿的封号斗罗、魂斗罗、魂圣们轮流来这里吃饭抽奖，把整个武魂殿的战力提升一个档次，它不香吗？！"
第116章 我苦哈哈卧底，你们背着我吃这么好？,https://www.biquh.com/678_678189/65985884_5.html,"
这女人，脑子里到底在想什么！
她的格局呢？她的野心呢？
都被狗吃了吗？！
就在这时，胡列娜端着餐盘，小心翼翼地将千仞雪点的菜肴摆在了桌子上。
一股无法抗拒的霸道香气，瞬间钻入鼻腔。
咕噜~
一声清晰的、不合时宜的声响，从千仞雪的小腹传来。
她的脸“唰”地一下，红到耳根。
对面，比比东甚至没抬眼，只是嘴角噙着一抹若有若无的笑意，轻轻“啧”了一声。
“出息。”
这声音不大，却比任何嘲笑都刺耳。
千仞雪的恼怒瞬间压过了羞耻，她理直气壮地瞪了回去。
看什么看？
我凭本事从天斗帝国抢来的钱，在这吃饭，天经地义！
总比某些人花光自家宝库，就为了多吃两顿饭强！
她拿起筷子，夹起一大筷子炸酱面，像是泄愤一样，狠狠吸进嘴里。
浓郁的酱汁瞬间沾满了她的唇角，可她已经顾不上了。
面条入口的刹那。"
第116章 我苦哈哈卧底，你们背着我吃这么好？,https://www.biquh.com/678_678189/65985884_6.html,"
千仞雪的瞳孔，猛地放大。
那不是面。
那是无数道信息的洪流，顺着她的舌尖，蛮横地冲进了她的脑海！
劲道的面条在齿间弹跳，每一寸都浸透了浓郁的肉酱。
酱香、肉香、面香……无数种味道如同最绚烂的烟花，在她的味蕾上依次炸开，一层又一层，无穷无尽。
好吃。
好吃到她想哭。
好吃到让她觉得，自己过去二十多年的人生，都白活了。
一滴泪，毫无征兆地从她眼角滑落。
凭什么啊！
她猛地抬起头，那双灿金色的眸子，死死地盯着周围那些吃的满嘴流油的封号斗罗，盯着那个悠闲品尝牛排的比比东。
我在天斗帝国当牛做马，为了武魂殿的破计划，吃了十几年的猪食！
你们……
你们这群混蛋，居然每天都在这里吃这种神仙才能吃到的东西？！
不公平！
这世界太不公平了！
千仞雪再也绷不住那份属于圣女的骄傲，她低下头，化悲愤为食欲，将脸埋进了碗里。"
第116章 我苦哈哈卧底，你们背着我吃这么好？,https://www.biquh.com/678_678189/65985884_7.html,"
亏了！
亏到姥姥家了！
今天！从今天开始！我必须一顿一顿，把所有的损失，全都吃回来！连本带利！
看着女儿那副饿死鬼投胎的吃相，比比东终于放下了刀叉，用餐巾慢条斯理地擦了擦嘴角。
“说起来，你应该感谢我。”"
第117章 教皇喜提逆天黑丝！宁风致到来,https://www.biquh.com/678_678189/65985885.html,"
千仞雪的动作一顿，抬起一张沾满酱汁的小脸，怒视着她，嘴里的面条却丝毫没停。
比比东的语气依旧平淡，却带着一丝洞悉一切的玩味。
“如果不是我花光了武魂殿的宝库，让千道流那老东西急了眼。”
“他又怎么会让你连夜把天斗国库搬回来？”
“若非如此，你想吃到这等美味，怕是还得再等上几年吧？”
千仞雪咀嚼的动作，缓缓停了下来。
脑子，有点懵。
好像……是这么个道理？
可为什么总感觉哪里不对劲？
算了！
想不通就不想了！
吃饭的时候思考问题，是对美食最大的不敬！
她再次把头埋进碗里，吃得更凶了。
而比比东也不再理会千仞雪，动作优雅，但看向林枫的眼神却带着一丝急切。
“前辈，我用完餐了。”
言下之意，开奖。
林枫打了个哈欠，懒洋洋地抬了抬手。
抽吧抽吧，今天的韭菜……哦不，今天的营业额也相当不错。"
第117章 教皇喜提逆天黑丝！宁风致到来,https://www.biquh.com/678_678189/65985885_2.html,"
下一秒，他脑子里响起了系统那熟悉的、欠揍的电子音。
【叮！恭喜韭菜一号，哦不，是‘尊贵的包月VIP’比比东女士，抽中史诗级时装——‘永恒黑丝’三条。】
林枫差点从躺椅上出溜下去。
啥玩意儿？
黑丝？
他脑子里瞬间闪过无数带颜色的废料，整个人都木了。
系统，你不对劲！
你让我一个正经厨子，给武魂殿教皇发黑丝？
这要是传出去，我这“高人”的马甲还要不要了？
【杂鱼宿主，请端正你的思想。】
系统毒舌的声音带着一丝鄙夷。
【此乃战斗神装，其一：自带修复，冬暖夏凉；其二：防御力堪比万年魂技。】
【最重要的一点：该神装的增幅效果与破损程度成正比，战损率越高，穿戴者获得的战力增幅越强，最高可达五成！】
【越破越强，越撕越狂！乃是为绝世女武神量身定做的翻盘神器！你懂个屁！】
林枫听完，人更傻了。
战损越高，战力越强？
这是什么鬼畜设定？"
第117章 教皇喜提逆天黑丝！宁风致到来,https://www.biquh.com/678_678189/65985885_3.html,"
他已经能想象到那个画面了：
教皇比比东与人对战，打到一半，突然冲着敌人大喊：“你行不行啊！用力！再用力点！我这丝袜都还没破！”
那场面，光是想想都让人脚趾抠地。
这要是传出去，他枫染亭老板的一世英名，怕不是要变成“黑丝真君”了？
在林枫天人交战时，一个精致的黑色礼盒已经凭空出现在他手中。
他硬着头皮，像送一包烫手山芋似的，把礼盒递了过去。
“咳，你的奖励。”
他已经做好了被比比东当成变态的准备。
比比东接过礼盒，清冷的眸子里闪过一丝疑惑。
她打开盒盖。
三双折叠得整整齐齐的黑色丝袜，静静地躺在丝绸内衬里，散发着一种神秘又危险的气息。
饶是比比东，看到这东西时，眉头也不禁微微一蹙。
送女人丝袜？
这位前辈……莫非有什么特殊的癖好？
就在她心里泛起嘀咕时，林枫那毫无起伏的声音再次响起，像是在念一份枯燥的说明书。
“永恒黑丝，特殊防具，对你自己来说和普通衣物无异，但对他人来说防御力比肩万年魂技。”
“冬暖夏凉，水火不侵，自动修复。”
“重点是，穿上后，战力增幅与丝袜破损程度成正比。”"
第117章 教皇喜提逆天黑丝！宁风致到来,https://www.biquh.com/678_678189/65985885_4.html,"
林枫顿了顿，补充了最关键的一句。
“撕得越碎，增幅越高，最高……五成。”
比比东准备合上盒盖的手，停在了半空中。
她猛地抬起头，看向林枫，那双漂亮的紫色凤眸里，之前的疑惑和古怪一扫而空。
取而代之的，是前所未有的亮光！
五成！
整整五成的实力增幅！
而且是越是陷入绝境，越是战到酣处，增幅就越强？！
这哪里是丝袜？
这分明是为她量身定做的逆天神器！是保命反杀的底牌！
比比东小心翼翼地合上礼盒，双手捧着，仿佛捧着的是武魂殿的未来。
这已经不是神器了！
这是bug！是外挂！
有了这东西，她以后跟人打架，完全可以打到一半，自己突然撕破丝袜，然后战力飙升，当场反杀！
这是何等阴险……啊不，是何等精妙的战术！
看着比比东那副欣喜若狂、恨不得当场换上试试的模样，林枫的世界观彻底崩塌了。
不是……"
第117章 教皇喜提逆天黑丝！宁风致到来,https://www.biquh.com/678_678189/65985885_5.html,"
这你也能接受？
你可是武魂殿教皇啊！你的高冷呢？你的威严呢？
比比东小心翼翼地合上礼盒，如获至宝般地将其收入自己的储物魂导器。
她看着林枫，由衷地感叹了一句。
“前辈的馈赠，总是如此……直击要害。”
林枫：“……”
他觉得，自己的风评，可能真的要被害了。
也就在此时，枫染亭那扇光滑如镜的琉璃门外，凭空出现了三道身影。
店内的喧嚣，有那么一瞬间的停滞。
所有人的目光都转了过去，包括躺在摇椅上的林枫。
今天是怎么了？
新客人一波接一波的。
来者不是别人，正是七宝琉璃宗宗主宁风致，以及他的左膀右臂，剑、骨斗罗！
宁风致本来只想带一个来，留一个看家。
但架不住骨斗罗非要跟来。
用古榕的话说，他必须亲自问问千仞雪，他七宝琉璃宗是刨了她家祖坟还是怎么了，至于用上那种惨绝人寰的武器吗？！
他吐了一宿！胆汁都快吐没了！这仇必须报！
至于剑斗罗……"
第117章 教皇喜提逆天黑丝！宁风致到来,https://www.biquh.com/678_678189/65985885_6.html,"
宁风致觉得，这位爷自打斩了夜壶，剑心就跟存折似的，只剩个折了。
留在宗门也是对着空气发呆，不如带出来见见光，万一想开了呢？
三人来到武魂城，直奔教皇殿，准备就“圣女卧底窃国库”一事，要武魂殿给个说法。
结果，扑了个空。
比比东、月关、鬼魅……武魂殿有头有脸的人物，一个都没见着。
一打听，宁风致差点没气乐了。
吃饭去了？
全都跑去一家叫“枫染亭”的饭店吃饭去了？！
宁风致当时就憋着一股火。
你们武魂殿的圣女身份暴露，卷了天斗帝国半个国库跑路，你们这帮高层还有心思下馆子？
行！
今天我宁风致，就要当着你们所有人的面，问问你比比东，这事儿，打算怎么收场！
然而，当他雄赳赳气昂昂地踏入饭店的瞬间。
他麻了。
宁风致脸上的职业假笑，一寸一寸地碎裂开来....."
第118章 宁风致：这武魂城我是一秒都不想多待！,https://www.biquh.com/678_678189/65985886.html,"
不止是宁风致。
就连他身后那个憋了一肚子国粹，准备进来就开喷的骨斗罗，此刻也把脏话全咽了回去。
他喉结上下滚动，却一个字都吐不出来。
只剩下一句发自肺腑的，带着颤音的。
“卧槽……”
就连那个自从斩了夜壶，剑心就蒙上了一层尿垢，整个人都仿佛丢了魂的剑斗罗。
此刻都猛地回过神来，那双本已空洞的眸子剧烈收缩，死死握住了七杀剑的剑柄！
饭店内的景象，不能用“热闹”来形容。
应该说，是“离谱”，是“恐怖”！
是足以让任何一个知晓内情的人当场心肌梗塞的画面！
比比东。
千道流。
金鳄斗罗。
还有好几个他宁风致只在情报卷宗里见过的，几十年没在大陆上露过面的武魂殿长老和供奉。
而这些人，每一个身上都萦绕着让他头皮发麻的魂力波动。
……
宁风致的目光每扫过一张脸，心就凉一截。
一，二，三……他妈的，数不过来！"
第118章 宁风致：这武魂城我是一秒都不想多待！,https://www.biquh.com/678_678189/65985886_2.html,"
这根本不是饭店！
这是封号斗罗年终表彰大会！
武魂殿这是把家底全掏出来，搁这儿开团建呢？
十六位！
整整十六位封号斗罗！
这是什么概念？
众所周知，七宝琉璃宗和蓝电霸王龙宗加在一块儿，也不过才三位封号斗罗，绑一块儿连一桌麻将都凑不出来！
就算把斗罗大陆上明面上所有势力的封号斗罗加起来，都不够眼前这群人塞牙缝的！
可在这个小小的饭店内，居然聚集了整整十六个？！
这股力量就算是要吧这片大陆“拆了”也不是问题！
“唰——”
十六道目光，或好奇，或玩味，或冰冷，或不善，如同十六柄无形的利剑，瞬间锁定在他们三人身上。
那一刻，宁风致感觉自己腿肚子在疯狂抽筋，若不是身旁的骨斗罗下意识地用身体靠了一下，他几乎要当场软倒在地。
而现在，这群足以让整个大陆版图在一夜之间重新划分的顶尖战力，正做着一些……极其接地气的事情。
有人在为了一块淋满奶油的蛋糕和同伴拌嘴。
有人则用一种近乎虔诚的姿态，小口品尝着一碗看似平平无奇的蛋炒饭。
还有人，比如武魂殿那位唯一的女性长老，正吃得满嘴流油，仪态全无。"
第118章 宁风致：这武魂城我是一秒都不想多待！,https://www.biquh.com/678_678189/65985886_3.html,"
“咕咚。”
宁风致清晰地听见了自己吞咽口水的声音，喉咙干涩得像是要冒出火来。
他来的时候想好了上百种质问的方案，准备了无数犀利的措辞。
可现在，他脑子里只剩下一片空白和无尽的恐惧。
什么兴师问罪？
什么惊天骗局？
通通都被他抛到了九霄云外。
宁风致现在只想抓住武魂殿随便一个人的领子，用尽全身力气声嘶力竭地咆哮一句：
你们特么早说啊！
早说你们家有十六个封号斗罗在这儿聚餐，我吃饱了撑的跑来问罪？
我直接派人把天斗帝国剩下的半个国库也给你们打包送过来当贺礼了好吗！
早知道你们武魂殿有十六位封号斗罗，我还搞个屁的上三宗同气连枝？
宁风致拼了命地转动他那引以为傲的大脑，试图打破这足以将人神智都压垮的尴尬气氛。
只是在整整十六个封号斗罗的注视下，他的大脑根本就运转不起来，只剩下警报长鸣。
就在宁风致感觉自己的职业假笑快要彻底崩裂，准备当场给这群大佬拜个早年的时候。
那个躺在摇椅上的年轻人，终于打破了这令人窒息的沉默。
“吃饭？”
那两个字，平淡得像是随口一问。"
第118章 宁风致：这武魂城我是一秒都不想多待！,https://www.biquh.com/678_678189/65985886_4.html,"
可在宁风致的耳中，却不亚于天神降下的纶音，给了他一个救命的台阶。
他脸上那僵硬的肌肉瞬间活了过来，绽放出一个他这辈子最真诚、最灿烂、最谄媚的笑容。
他腰杆都下意识弯了三分，姿态放得极低。
“正是来吃饭的！”
“早就听闻武魂城新开了一家枫染亭，此地的美食只应天上有，人间难得几回闻！”
“宁某仰慕已久，今日特地带两位长老，前来品鉴！品鉴一番！”
他急中生智，硬是把一句漏洞百出的谎话，说得情真意切，仿佛他真是个不远千里寻味而来的美食家。
既然是开饭店的，那夸菜的味道好应该是没错吧？
而且如果不是味道好的话，武魂殿这群封号斗罗至于全都来聚餐？
一旁的骨斗罗眼角狂抽，心中对自家宗主的敬佩又上了一个新台阶。
好家伙，不愧是宗主，这胡说八道的本事，真是刻进骨子里的。
林枫眼皮都懒得抬一下，只是朝空着的桌位扬了扬下巴。
“坐。”
一个字吐出，那十六道几乎要将空气压爆的恐怖视线，这才缓缓收敛。
一众封号斗罗收回了目光，重新专注于眼前的食物。
只是每个人的心里，都涌上一股难以言喻的不爽。
该死的宁风致！"
第118章 宁风致：这武魂城我是一秒都不想多待！,https://www.biquh.com/678_678189/65985886_5.html,"
他怎么找到这儿来的？
这泼天的机缘，他七宝琉璃宗也要来分一杯羹了？
可前辈金口已开，他们再不忿，也只能把火气和食物一起吞进肚子里。
只是不知为何，众人咀嚼的速度，几乎全都慢了下来。
就连大吃货灵鸢斗罗，都放慢了扒饭动作，他们就好像提前做过商量一般，在故意拖延时间。
宁风致感觉压在身上的万丈高山瞬间消失，整个人都虚脱了。
他迈着灌了铅的双腿，带着剑、骨两位斗罗，选了一个离门口最近的角落坐下。
仿佛这样能给他带来一丝安全感。
刚一落座，他的视线便被不远处的一道身影牢牢吸住。
千仞雪！
那个把他骗了十几年，差点用夜壶砸了他一脸的“宝贝徒弟”！
此刻，她正把一张绝美的脸蛋埋在一个比她脸还大的海碗里，吃得满嘴酱汁，毫无半点圣女仪态，活像个饿了三天三夜的难民。
宁风致的脑子彻底宕机了。
所以……你暴露身份，放弃十几年心血，连夜洗劫天斗国库，搞出那么大的阵仗……
真的就只是为了跑回来，吃顿热乎的？
宁风致的世界观，彻底裂开了。
裂得比那只被七杀剑斩成两半的黄金夜壶还要彻底。
他感觉自己坐在这里，每一秒都是煎熬。"
第118章 宁风致：这武魂城我是一秒都不想多待！,https://www.biquh.com/678_678189/65985886_6.html,"
在十六位封号斗罗的无形气场笼罩下，他甚至连呼吸都觉得是一种奢侈。
武魂城太危险了！
这辈子都不想再来了！
他强迫自己将目光从那群“食客”身上移开，落在了桌上的菜单上。
然后，他再次愣住了。
菜单上的价格，有点小贵啊，动辄数千金魂币。
不过，问题不大。
他是谁？
七宝琉璃宗宗主，宁风致。
论有钱，在座的有一个算一个，绑一块儿都不够他一个人打的。
整个斗罗大陆，他宁风致说自己是第二狗大户，就没人敢称第一。
区区几千金魂币一道菜？
洒洒水啦。
宁风致脸上重新挂起那副从容不迫的笑容，准备随便点两道菜，装模作样地吃两口，然后立刻跑路。
这鬼地方，多待一秒都感觉心脏受不了。
然而，他刚准备开口。
长老团那一桌，一个壮得跟熊一样的封号斗罗猛地打了个饱嗝，动静大得吓人。"
第118章 宁风致：这武魂城我是一秒都不想多待！,https://www.biquh.com/678_678189/65985886_7.html,"
那汉子抹了把油光锃亮的嘴，扯着嗓子就喊。
“前辈，结账！”
“抽奖！”
简短的两个字，像四记重锤，狠狠砸在宁风致的脑门上。
他整个人都僵住了。
抽……
抽奖？
抽什么奖？吃饭还带抽奖的？"
第119章 让你嘴快！魔熊斗罗刚升级就被群殴！,https://www.biquh.com/678_678189/65985887.html,"
看着魔熊斗罗那副搓着手满脸期待的样子，宁风致差点没忍住笑出声。
抽奖？
他堂堂七宝琉璃宗宗主，大陆首富，什么营销手段没见过？
在他看来，这不过是些招揽客人的小把戏，顶天了送盘花生米，或者饭钱打个八五折。
用这种东西来笼络封号斗罗？
未免太瞧不起人了。
然而，就在魔熊斗罗说出抽奖的那一刻。
十几道目光，带着毫不掩饰的杀气与怨念，如同实质的刀子，齐刷刷地钉在了魔熊斗罗的后背上。
那眼神，活像是要把这头熊生吞活剥了一样。
金鳄斗罗的后槽牙都快咬碎了。
这个蠢货！白痴！
我们辛辛苦苦演戏，故意放慢吃饭速度，就是为了把宁风致这只老狐狸耗走，不让他发现这里的天大机缘！
你倒好！
三口两口吃完，当着人家的面就喊抽奖？
你是生怕七宝琉璃宗不知道这里能让人原地飞升吗？！
被十几位同僚的杀气锁定，魔熊斗罗一个激灵，脖子都凉了半截。
咋……咋了？
我吃完饭抽个奖，你们这都是什么眼神？"
第119章 让你嘴快！魔熊斗罗刚升级就被群殴！,https://www.biquh.com/678_678189/65985887_2.html,"
林枫可不管这群戏精心里在想什么，胡列娜将四万金魂币放到柜台后，他便准备开奖。
他甚至还有闲心在脑子里跟系统交流：“你看这群活宝，为了点秘密，眼珠子都快瞪出来了。
【一群没见过世面的韭菜罢了。】
系统毒舌依旧。
脑海里，系统那欠揍的电子音准时响起。
【消费金额：4万金魂币。】
【系统评价：一个很不会看气氛的韭菜，脑子里长的都是肌肉。但蠢有蠢的好处，宣传效果拔群，建议给予正面激励，方便他出去吹牛。】
【奖励随机生成中……生成完毕，奖励：魂力等级+1。】
【宿主奖励：4000美食积分。】
林枫抬了抬手指。
在一众封号斗罗恨不得冲上去捂住宁风致眼睛的目光下，一个光点慢悠悠地从他指尖弹出。
“你的奖励，等级突破。”
“从现在起，你是九十五级的封号斗罗了。”
那光点，不快不慢，晃晃悠悠地飞过去，融入了魔熊斗罗的眉心。
随后，一股雄浑到让人窒息的魂力威压，从魔熊斗罗身上轰然炸开。
九十五级！
宁风致身边的剑斗罗，那双自从斩了夜壶就一直死气沉沉的眼睛里，猛地爆出两团刺目的精光！"
第119章 让你嘴快！魔熊斗罗刚升级就被群殴！,https://www.biquh.com/678_678189/65985887_3.html,"
骨斗罗更是直接从椅子上蹦了起来，他指着一秒突破的魔熊斗罗，舌头都捋不直了。
“他……他他……他！”
二人的反应告诉宁风致，那不是他的错觉。
那是实打实的，九十五级封号斗罗才有的气息！
宁风致脸上的笑容，彻底凝固了。
他那引以为傲，足以应对任何场面的大脑，在这短短数分钟内第二次当机。
怎么回事？
就吃顿饭的功夫，他就地突破了？
这不符合常理！
这不符合斗罗大陆万年以来的任何一条修炼铁则！
“谢前辈赏赐！”
直到魔熊斗罗那一声发自肺腑，充满狂喜与敬畏的感谢，才把宁风致三人的思绪拉回来。
前辈？
宁风致感觉自己耳朵出了问题。
一个九十五级的封号斗罗，管一个看上去二十出头的年轻人叫……前辈？
宁风致的目光猛地转过去，死死地钉在林枫身上。
他想起来了。
就在刚才，那个年轻人说过一句话。"
第119章 让你嘴快！魔熊斗罗刚升级就被群殴！,https://www.biquh.com/678_678189/65985887_4.html,"
“你的奖励，等级突破。”
“从现在起，你是九十五级的封号斗罗了。”
所以，魔熊斗罗原地升级，是那个年轻人的手笔？
宁风致、剑斗罗、骨斗罗三人对视一眼，都从对方眼中看到了堪称惊悚的情绪。
这一瞬间，所有的困惑，所有的不解，所有的荒诞感，都在魔熊斗罗突破的这一刻，被彻底轰成了渣。
他懂了。
他彻底懂了。
难怪！
难怪千仞雪会放弃十几年的卧底心血，卷了国库就跑！
什么潜伏十几年的惊天骗局？
什么窃取天斗帝国的宏图大业？
在眼前这顿饭面前，全是狗屁！
跟这比起来，一个天斗帝国算个毛？
吃顿饭，封号斗罗就能当场升一级！
这他妈已经不是机缘了！
这是神迹！
换做是他宁风致站在千仞雪的角度，但凡他犹豫一秒，都是对这神迹的不尊重！"
第119章 让你嘴快！魔熊斗罗刚升级就被群殴！,https://www.biquh.com/678_678189/65985887_5.html,"
就在这时，饭店内十几位武魂殿的封号斗罗，像是收到了某种无声的指令。
他们齐刷刷地放下了筷子。
然后，又齐刷刷地站了起来。
整个动作整齐划一，带着一种即将进行某种神圣仪式的肃穆感。
他们转过身，用一种“和善”的目光，微笑着看向刚刚突破，还沉浸在九十五级喜悦中的魔熊斗罗。
魔熊斗罗还乐呵呵地想跟兄弟们分享这份喜悦。
“兄弟们，我……”
话还没说出口，他就看见金鳄斗罗对他露出了一个森白的牙齿。
下一秒，金鳄斗罗砂锅大的拳头轰出。
“扁他！”
砰！
魔熊斗罗，九十五级的封号斗罗，当场就被一拳干趴在地。
“嗷！”
魔熊斗罗的惨叫声还没来得及传开，就直接被淹没在了拳拳到肉的闷响之中。
十几位封号斗罗，瞬间将他淹没。
场面一度十分残忍。
灵鸢斗罗一脚踹在魔熊斗罗的屁股上，嘴里还骂骂咧咧。
“让你他妈暴露秘密！”"
第119章 让你嘴快！魔熊斗罗刚升级就被群殴！,https://www.biquh.com/678_678189/65985887_6.html,"
“老娘为了不暴露秘密，硬生生把吃饭速度放慢了一倍！你知道这对我来说是多大的折磨吗？！”
“你倒好！当着外人的面就喊抽奖！你是生怕宁风致那老狐狸不知道这里的机缘吗？！”
“弄死你个憨批！”
金鳄斗罗更是边打边骂：“老子们辛辛苦苦演了半天，全让你个蠢货给毁了！”
“今天不把你打出屎来，都对不起我们浪费的演技！”
魔熊斗罗刚突破九十五级又如何？
不算教皇比比东，这里比他强的足足还有九个！
他被按在地上，连有效的防御都做不到，只能抱头发出阵阵求饶声。
“错了！各位大哥我错了！”
“鬼长老！别掏我裤裆！我知道是你小子！你他妈来真的啊！”
一分钟后。
众人心满意足地散开，留下一地狼藉。
鼻青脸肿，浑身都是鞋印的魔熊斗罗，像一滩烂泥一样躺在地上。
他双手还死死地护着自己的要害部位，眼神空洞，仿佛失去了所有的人生希望。
宁风致三人看着这一幕，嘴角疯狂抽搐。
不是……
你们武魂殿……"
第119章 让你嘴快！魔熊斗罗刚升级就被群殴！,https://www.biquh.com/678_678189/65985887_7.html,"
内部关系都这么和谐的吗？
在回过神来后，宁风致的目光终于变得火热起来。
那是一种混杂了贪婪、渴望、以及对未来的无限憧憬的狂热！
刚才那年轻人，啊不！
那位前辈已经允许自己等人在这里吃饭了，那岂不是代表着，剑叔骨叔他们也能获得这等机缘。
“剑叔骨叔。”
待到两人都看向自己后，宁风致才深吸一口气压抑住话音里的颤抖。
“点菜！”"
第120章 宁风致：去他妈的风度，吨吨吨！,https://www.biquh.com/678_678189/65985888.html,"
剑斗罗和骨斗罗哪还坐得住，两双眼睛死死黏在菜单上，恨不得把纸看出火来。
就在这时，宁风致那镇定自若的声音，轻轻飘了过来。
“剑叔，骨叔。”
“点菜，别贪多，两三样足矣。”
他的语气很平淡，但眼神却带着一种洞悉一切的锐利。
宁风致是什么人？人精中的人精。
他早就看出来了，武魂殿那帮人里，除了那个一看就是饿死鬼投胎的女长老，其他人桌上的盘子都不超过四个。
这地方的规矩，绝对不简单。
稳一手，总没错。
听到这话，好几位长老供奉，不约而同地，长长地，无声地，叹了一口气。
那一口气里，充满了“妈的，失算了”的浓浓怨念。
金鳄斗罗刚准备看好戏的嘴角，瞬间垮了下去。
妈的！
这老狐狸！
怎么就让他看出来了！
本来还指望七宝琉璃宗财大气粗，上来就把菜单点个遍，结果吃不完，直接触发规则被前辈拉进黑名单呢！
这下可好，计划全泡汤了！
一时间，十几道饱含怨念的目光，像刀子一样，再次“唰”地一下，全扎在了地上那滩烂泥身上。"
第120章 宁风致：去他妈的风度，吨吨吨！,https://www.biquh.com/678_678189/65985888_2.html,"
正躺在地上思考人生的魔熊斗罗，只觉得浑身一冷。
他不用抬头都知道，那帮老六又在瞪自己了。
别看我了，各位大哥！
我真的在很努力地装死了啊！
剑斗罗和骨斗罗闻言，也瞬间冷静下来。
对啊！
宗主说的对！
此地处处透着诡异，行事必须谨慎！
最终，在宁风致这位“大陆第一辅助”的精心遥控下，三人跟拆炸弹似的，小心翼翼地点好了菜。
剑斗罗点了一份“千刃星痕脍”，一份“流光飞雪羹”。
光听名字，就充满了剑客的诗意与锋芒。
骨斗罗就简单粗暴多了。
“东坡肘子！”
“煨蚀天兽肋！”
理由是看着就顶饿，扎实！管饱！
而宁风致，作为全场唯一一个消费大户，却只点了一份“玉魄仙月露”。
胡列娜面无表情地记下菜单，转身离去。"
第120章 宁风致：去他妈的风度，吨吨吨！,https://www.biquh.com/678_678189/65985888_3.html,"
饭店内的气氛，再次变得古怪起来。
武魂殿众人不再交谈，只是用一种看乡巴佬进城的眼神，时不时地瞥向宁风致那一桌。
那眼神里的含义丰富得能写一篇八百字作文。
翻译过来大概就是：
“等着吧，土包子。”
“马上就让你们知道，世界的参差到底有多大。”
随后，他们也不再刻意放慢吃饭速度，当然，也没人敢再像饿死鬼一样狼吞虎咽。
当然，也没人敢再狼吞虎咽，在外人面前，武魂殿的面子还是要的。
地上挺尸的魔熊斗罗默默流下两行清泪。
说好的面子呢？
刚才十几个人围殴我一个的时候，你们的面子被狗吃了？
宁风致三人在这种诡异的注视下，坐如针毡。
每一秒，都是煎熬。
终于，胡列娜端着托盘，从后厨走了出来。
当她把菜摆上桌的那一刻，三股截然不同，却又同样霸道到极致的香气，便化作三头无形的洪荒猛兽，咆哮着冲了出来！
第一股香气，是骨斗罗的“东坡肘子”和“煨蚀天兽肋”。
那不是香。
那是一颗用纯粹的馋意和油脂凝聚成的炸弹！"
第120章 宁风致：去他妈的风度，吨吨吨！,https://www.biquh.com/678_678189/65985888_4.html,"
浓郁、滚烫、蛮横！
这股味道冲进骨斗罗鼻腔的瞬间，他感觉自己脑子里那股盘踞了一整晚的、属于“黄金龙气之壶”的恶臭，被一瞬间暴力清除了！
就好像一个住了十几年流浪汉的破房子，被一整个施工队冲进去，连地基都给扬了！
通透！
舒坦！
骨斗罗古榕，九十五级的封号斗罗，眼角竟不受控制地沁出了一滴感动的泪水。
太奶，我又能闻到这个世界的美好了！
第二股香气，来自剑斗罗的“千刃星痕脍”和“流光飞雪羹”。
这股香气，冷冽，锋锐，干净。
它不像食物，更像出鞘的绝世好剑。
闻到它的瞬间，剑斗罗那颗因为斩了夜壶而蒙尘的剑心，猛地一颤。
他仿佛看到了一片一尘不染的雪原，看到了天上最明亮的那颗星。
纯粹，极致。
最后的，是宁风致的“玉魄仙月露”。
那是一股无法用言语形容的清甜，仿佛月光凝聚成了实体，带着仙灵之气，温柔地包裹了他的灵魂。
作为大陆首富，天下第一辅助。
宁风致什么山珍海味没尝过？什么奇珍异果没见过？"
第120章 宁风致：去他妈的风度，吨吨吨！,https://www.biquh.com/678_678189/65985888_5.html,"
可在这股香气面前，他过去七十多年的人生，吃过的所有东西，都是那般无味。
他引以为傲的从容，镇定，在这一刻碎得连渣都不剩。
他现在只想做一件事。
吃！
把它们，全都吃下去！
下一秒，餐桌上爆发了与三人身份地位完全不符的骚动。
骨斗罗第一个动手。
仪态？
那是什么东西？能吃吗？
他蒲扇般的大手直接抓起了那块比他脸还大的“东坡肘子”，张开血盆大口，狠狠就是一口！
酱汁浓郁的肉皮入口即化，肥而不腻的脂肪层在舌尖爆开，瘦肉酥烂咸香，每一丝纤维都吸满了汤汁。
“呜——！”
骨斗罗发出一声满足的呜咽。
什么“黄金龙气之壶”，什么精神创伤，什么太奶招手……
在这一口肉面前，通通滚蛋！
他现在只想把整张脸都埋进这盘肘子里，与这人间绝味同生共死！
另一边，剑斗罗还维持着最后一丝剑客的孤傲。
他用筷子夹起一片薄如蝉翼的“千刃星痕脍”。"
第120章 宁风致：去他妈的风度，吨吨吨！,https://www.biquh.com/678_678189/65985888_6.html,"
鱼肉晶莹剔透，不见一丝血色，仿佛寒冰雕琢。
入口的瞬间。
剑斗罗的瞳孔剧烈收缩！
他那双死寂的眼睛里，重新燃起了光！
下一秒，那双握了一辈子剑，稳如磐石的手，开始出现了残影。
咻咻咻！
筷子化作了漫天剑影，桌上的“千刃星痕脍”和“流光飞雪羹”以肉眼可见的速度消失。
而全场唯一的文化人，七宝琉璃宗宗主，宁风致。
他看着身边两个饿死鬼投胎般的护卫，无奈地摇了摇头，脸上还挂着“终究是我辈楷模”的从容微笑。
他端起那碗“玉魄仙月露”，拿起配套的白玉小勺，准备优雅地品尝一口。
一勺入口。
宁风致脸上的笑容，凝固了。
时间，仿佛在这一刻静止。
他保持着品尝的姿势，一动不动，如同石化。
三秒后。
“当啷！”
白玉小勺掉在桌上，发出一声脆响。"
第120章 宁风致：去他妈的风度，吨吨吨！,https://www.biquh.com/678_678189/65985888_7.html,"
宁风致那双总是闪烁着智慧与算计的眼睛，此刻瞪得像铜铃，里面写满了颠覆世界观的震撼。
他……他过去七十年吃的都是猪食吗？！
风度？
算计？
大陆第一辅助的体面？
去他妈的！
宁风致猛地端起那个比他脸盆还大的玉碗。
然后，在一众封号斗罗呆滞的目光中，仰起头。
吨~
吨~
吨~"
第121章 系统：这老狐狸的女儿骂过我，必须报复！,https://www.biquh.com/678_678189/65985889.html,"
在武魂殿众人齐刷刷的注视下，这位七宝琉璃宗宗主竟是一口气，一滴不剩，直接干完了一整盆！
放下碗，他心满意足地打了个悠长的饱嗝。
“嗝~舒坦！”
宁风致缓缓睁开眼，一脸回味无穷。
然后，他脸上的表情，凝固了。
饭店里，死一般寂静。
身旁的骨斗罗，张着嘴，手里啃了一半的肘子都忘了咽下去，就那么直勾勾地看着他。
另一边的剑斗罗，默默地把自己的凳子往旁边挪了半尺，垂下眼帘继续小口夹，一副“我不认识他”的表情。
而对面……
武魂殿那十几位封号斗罗，全都停下了筷子。
他们的眼神里，满是“果然如此”、“我就知道”、“啧啧啧”以及“没眼看”之类的情绪。
菊斗罗更是露骨，他直接对着旁边的鬼小声逼逼：
“老鬼，看见没？土包子就是土包子，装得再像，一吃饭就露馅了。”
“还大陆首富，风度呢？仪态呢？让狗吃了？”
声音不大，但在场的哪个不是顺风耳？
宁风致感觉自己的老脸，火辣辣地烧了起来。
然而，大陆第一辅助的心理素质，岂是浪得虚名？
尴尬只持续了零点三秒。"
第121章 系统：这老狐狸的女儿骂过我，必须报复！,https://www.biquh.com/678_678189/65985889_2.html,"
下一秒，宁风致便面不改色地放下了玉碗，甚至还用纸巾地擦了擦嘴角，仿佛刚才那个吨吨吨干了一大盆的莽夫不是他。
他看向对面那一脸看好戏的菊斗罗，脸上重新挂起了那副招牌式的、温和中带着一丝疏离的微笑。
“月关长老，见笑了。”
他的声音不疾不徐，带着一种上位者特有的从容。
“宁某自幼体弱，不比各位冕下体魄强健。平日里饮食皆是清汤寡水，何曾品尝过这等天上仙酿？”
“一时失态，倒是让诸位看了笑话。”
见状，武魂殿众人齐刷刷翻了个白眼。
但是怕前辈不悦，也没再为难宁风致，各自埋头吃饭。
但那一道道若有若无的视线，还是像探照灯一样，时不时扫过七宝琉璃宗那桌。
宁风致当然不想在这种地方浪费时间。
他现在满脑子就俩字。
抽奖！
能让九十四级的封号斗罗原地突破一级的奖励，落在他一个魂圣身上，又会是什么光景？
他结完账，仔仔细细整理了一下自己那身一丝不苟的宗主袍，然后朝着林枫的方向，深深地，郑重地行了一礼。
“前辈。”
宁风致的声音带着一丝他自己都没察觉到的颤抖。
“宁某用餐完毕，斗胆……恳请前辈赐下机缘！”"
第121章 系统：这老狐狸的女儿骂过我，必须报复！,https://www.biquh.com/678_678189/65985889_3.html,"
此言一出，武魂殿众人心里咯噔一下。
该来的，终究是来了！
林枫甚至懒得睁眼，心里已经响起了系统那幸灾乐祸的电子音。
【消费：5000金魂币。】
【系统评价：一根还算上道的韭菜，知进退，懂礼数，可以给点甜头。】
【但是！】
系统的声音突然拔高，带着一股子小人得志的快意。
【他那个叫宁荣荣的宝贝女儿，上次可是把本系统骂了个狗血淋头！这口气必须出！】
【宿主，给他点甜头，然后把宁荣荣的所作所为告诉他，让他这个当爹的教训那小丫头！就这么办！】
【随机奖励生成中……叮！奖励已锁定：武魂品质晋升——七宝琉璃，化为八宝！】
林枫心里直乐。
你这破系统，心眼儿比针尖还小。
不过……我喜欢。
帮自家系统出气，总比帮一个八竿子打不着的黄毛丫头强。
他抬了抬眼皮，目光落在宁风致身上，声音平淡。
“你的奖励，武魂进化。”
话音刚落，还不等宁风致反应过来这四个字意味着什么。
林枫对着他，随意地一指。"
第121章 系统：这老狐狸的女儿骂过我，必须报复！,https://www.biquh.com/678_678189/65985889_4.html,"
嗡——！
宁风致只感觉一股无法抗拒的伟力笼罩全身，他的武魂，那座七彩绚烂的宝塔，竟不受控制地从他体内被强行拖拽了出来！
宝塔悬浮于他掌心之上，疯狂旋转。
“咔嚓！”
一声仿佛来自灵魂深处，如同枷锁碎裂的脆响，在饭店里清晰可闻！
在所有人惊骇的目光中，在那座七彩宝塔的顶端，一道全新的、璀璨夺目的紫色光华，猛地绽放开来！
光芒凝聚，硬生生在第七层的顶上，构造出了全新的、匪夷所思的——
第八层！
七层七彩，化作八层八彩！
剑斗罗和骨斗罗两个人，像是被雷劈了，直挺挺地从椅子上弹了起来。
两位名震大陆的封号斗罗，就这么傻站着。
“这……这……”
武魂殿那群人同时咂舌一声，脸上写满了不爽。
妈的，便宜这老狐狸了！
而作为全场焦点的宁风致，本人却像是被抽走了魂，呆呆地看着自己掌心上那座流光溢彩的八层宝塔，一动不动。
“宗主？”
剑斗罗的声音都有些发颤。"
第121章 系统：这老狐狸的女儿骂过我，必须报复！,https://www.biquh.com/678_678189/65985889_5.html,"
宁风致缓缓抬起手，眼神直勾勾的，然后——
“啪！！”
一声响亮的耳光，清脆得让整个饭店都安静了一瞬。
他用尽全力，给了自己一个大嘴巴子。
力道之大，半边脸当场就红肿起来，头上的紫金冠都被抽歪了，一头长发散落下来，狼狈不堪。
“宗主！你这是干什么！”
剑骨斗罗大惊失色，刚要上前。
宁风致却抬手阻止了他们。
他感受着脸上传来的火辣辣的剧痛，脸上那份呆滞，终于被一种极致的狂喜所取代。
紧接着，一阵压抑不住的、近乎癫狂的笑声从他喉咙里爆发出来，再无半分平日里运筹帷幄的宗主模样。
“哈哈……哈哈哈哈！”
“是真的！会疼！是真的！”
他笑着。
眼泪却止不住地从眼眶里滚落。
“父亲！祖父！”
“列祖列宗！”
“你们……都看到了吗？”
“我们宁家数代人的梦想，我们七宝琉璃宗数千年的枷锁……破了啊！！”"
第121章 系统：这老狐狸的女儿骂过我，必须报复！,https://www.biquh.com/678_678189/65985889_6.html,"
“就在今天，就在我宁风致的手里，破了啊！！”
他哭得像个孩子，笑得像个疯子。
紧接着。
在所有人错愕的目光中，宁风致双膝一软，朝着林枫的方向，重重地跪了下去。
“前辈再造之恩，宁某……不，七宝琉璃宗上下，永世不忘！”
武魂殿的一众封号斗罗，看着这位大陆第一辅助宗主如此失态，心中那点酸味也淡了，只剩下无尽的震撼。
然而，就在所有人都以为，林枫会像往常那样，随手一挥让他起身时。
预想中的动作，并未发生。
林枫依旧懒洋洋地躺在摇椅上，甚至都没有睁开眼。
他就那么让宁风致，堂堂七宝琉璃宗的宗主，大陆首富，继续跪在地上。
一股无形的压力，从那张摇椅上弥漫开来，明明很轻，却让在场的所有封号斗罗都感到了心悸。
就在宁风致自己都觉得有些不对劲时，林枫的声音才慢悠悠地响起。
“你就是宁风致？”"
第122章 七宝琉璃宗的灭顶之灾，从一句“狗屁”开始！,https://www.biquh.com/678_678189/65985890.html,"
宁风致跪在那里，整个人都在微微颤抖。
不是害怕。
是激动。
前辈竟然知道他的名字！
这意味着什么？
意味着他宁风致，在这位通天彻地的大人物眼中，不是什么路人甲！
他有了存在感！
“是！晚辈就是宁风致！”
他昂起头，声音洪亮，恨不得当场把族谱背一遍，好让前辈加深印象。
“既然是你，那正好。“
林枫换了个姿势，单手托着下巴，声音懒洋洋的。
“你有个女儿，叫宁荣荣？“
这名字一出，角落里正在拖地的朱竹清手上一停，默默地抬眼看了一下。
宁风致的心脏，幸福得快要炸开！
前辈他……他竟然连荣荣都知道！
难道说，前辈早就默默关注着他们七宝琉璃宗了？
“回前辈！正是小女！”
宁风致的语气里充满了为人父的骄傲，脸上的光彩几乎要溢出来。"
第122章 七宝琉璃宗的灭顶之灾，从一句“狗屁”开始！,https://www.biquh.com/678_678189/65985890_2.html,"
“小女荣荣，天资聪颖，乃是先天九级魂力，是我宗门数百年来……”
话说到一半，他自己咽了回去。
跟前辈吹嘘这点天赋做什么？在前辈眼里，这和路边野草恐怕也没什么区别。
就在这时，宁风致的眼角余光，忽然捕捉到了一个熟悉又陌生的身影。
朱竹清！
那个本该在史莱克学院，和自家女儿当同学的小姑娘。
七宝琉璃宗的情报网何其强大，他当然知道，入学时的朱竹清，不过是个二十七级的大魂师。
可现在……她身上的魂力波动，分明已经是魂尊！而且气息凝练，根基扎实得可怕！
这还不是重点。
重点是她身上那套黑红相间的制服，和那个负责上菜、结账的女孩一模一样！
侍者？
她竟然成了这位前辈的侍者？！
一个念头如同闪电，瞬间劈开了宁风致的脑海！
前辈问起荣荣，莫非……也是看中了她，想收她当个端茶送水的侍女？！
这个念头刚冒出来，宁风致的心脏就激动得快要从嗓子眼跳出来了！
这是什么？
这是天大的机缘！是泼天的富贵！"
第122章 七宝琉璃宗的灭顶之灾，从一句“狗屁”开始！,https://www.biquh.com/678_678189/65985890_3.html,"
能在这等神仙人物身边当个端茶送水的丫头，那可是他七宝琉璃宗祖坟集体冒青烟了！
一瞬间，什么宗主风度，什么沉稳内敛，全被宁风致抛到了九霄云外。
他膝行两步，语气急切，姿态谦卑到了极点。
“前辈若是想见荣荣，晚辈这就派人去史莱克学院，不！晚辈亲自去！亲自把她接回来侍奉您！”
宁风致想得到的，在场这些活成人精的封号斗罗们，自然也想得到。
一时间，十几道目光齐刷刷地落在了宁风致身上。
妈的！
这老狐狸，运气也太好了吧！
林枫挑了挑眉，似乎来了点兴趣，故意顺着他的话头问了下去。
“史莱克学院？”
“是！小女正在那里求学！”
宁风致的腰弯得更低了，脸上堆满了笑。
“晚辈觉得那地方虽然又破又烂，但正好能磨练磨练小女性子，吃点苦头对她有好处！”
林枫听完，点了点头，慢悠悠地拖长了音调。
“哦——”
“那就难怪了。”
宁风致一愣。
“前……前辈，此话何意？”"
第122章 七宝琉璃宗的灭顶之灾，从一句“狗屁”开始！,https://www.biquh.com/678_678189/65985890_4.html,"
只见林枫终于从摇椅上坐直了身子。
他那双一直懒洋洋的眼睛里，透出一股子毫不掩饰的玩味，看得宁风致心里直发毛。
“你女儿嘛。”
林枫歪了歪头，像是在回忆什么好笑的事情，脸上浮现出一个极其恶劣的笑容。
“前两天，她跟我说过一些……很有趣的话呢。”
不知为何，在看到这个笑容的瞬间，宁风致心里突然涌出一股不祥的预感。
但他还是壮着胆子问，“是，是什么？”
武魂殿那帮人瞬间竖起了耳朵，连筷子都放下了，一个个伸长了脖子，那八卦的眼神，活像一群准备吃瓜的猹。
菊斗罗更是对着鬼斗罗挤眉弄眼，嘴型分明是“有好戏看”。
林枫没卖关子，只是随手打了个响指。
下一秒，一道空灵中带着蛊惑的声音，凭空在饭店里回荡开来。
【少女哟~你渴望力量吗？渴望突破武魂的限制吗？】
这声音一出，众人都是一愣。
前辈的声音？
不对啊，听着不像。
紧接着，一个清脆又带着几分警惕的少女声音响起。
“谁？！”"
第122章 七宝琉璃宗的灭顶之灾，从一句“狗屁”开始！,https://www.biquh.com/678_678189/65985890_5.html,"
“谁在说话？！”
这声音，宁风致熟啊！太熟了！
他下意识地喃喃出声：“荣荣？”
【吾乃枫染亭之意志。】
【成为枫染亭的店员，你将获得无上机缘，实现宗门数千年夙愿。】
“枫染亭？”
“店员？”
听到这，饭店里的人精们基本都懂了，看来这是之前前辈聘请店员时的声音啊。
武魂殿众人心里那叫一个佩服，前辈这格局，明明能用强的，偏偏还要用怀柔政策许以好处，简直是神仙胸怀。
宁风致自然也听懂了。
他先是一愣，随即，一股巨大的狂喜冲垮了理智的堤坝！
前辈也对荣荣发起邀请了！？
这是何等的天赐良机！
可下一秒，他就发现了不对劲。
既然发了邀请，荣荣人呢？
难道说……
宁风致的心咯噔一下。
难道荣荣她……给拒了？！"
第122章 七宝琉璃宗的灭顶之灾，从一句“狗屁”开始！,https://www.biquh.com/678_678189/65985890_6.html,"
一想到这个可能，宁风致的血压“蹭”一下就上来了。
糊涂啊！荣荣你糊涂啊！
你知道你拒绝的是什么吗？！
那是能让你爹把祖宗牌位都笑裂的泼天富贵啊！
不行，等会儿无论如何，都得求前辈再给一次机会！
他已经打定了主意。
然而，宁风致的算盘还没打响，一声清脆又猖狂的笑声，毫无征兆地在饭店里炸开。
“哈哈哈哈！笑死我了！”
这笑声一出，宁风致心里那点懊恼，瞬间变成了更加不妙的预感。
“让我，七宝琉璃宗的宁荣荣，去给你那个什么狗屁‘枫染亭’当……店员？”
少女那清脆又嚣张的声音，回荡在死寂的饭店里。
“狗屁”两个字，像是两记无形的耳光，狠狠抽在宁风致的脸上。
他脸上的血色，就仿佛被一只大手给抹去似的，瞬息间变得惨白无比。
前一秒，他还是承载了宗门千年夙愿、光宗耀祖的天命之子。
这一秒，他成了全场的笑话。
一股冰寒刺骨的凉意，从宁风致的尾椎骨猛地窜上天灵盖。
店内的温度，仿佛在这一瞬间降到了冰点。
之前那种若有若无的审视消失了。
取而代之的是，十几道目光带着毫不掩饰的冰冷杀意，像钢针一样，齐刷刷地钉在了宁风致的身上。"
第123章 一句话，引爆十六尊封号斗罗的杀意！,https://www.biquh.com/678_678189/65985891.html,"
林枫脸上的玩味分毫未减，就那么静静地看着跪在地上的宁风致。
比比东不知何时已经将自己的“永恒黑丝”妥善收起，一双动人的凤眸危险地眯起，流露出的寒意让空气都为之凝结。
金鳄斗罗捏着筷子的手，指节因过度用力而根根凸起，发出“咯吱”的脆响，一双眸子中，闪烁着凶兽般的残忍光芒。
菊斗罗和鬼斗罗对视一眼，嘴角不约而同咧开一个阴冷的、毫无笑意的弧度。
他们甚至没有刻意释放魂力。
但十几名封号斗罗的视线汇聚在一起，那股无形的冰冷，已经让整个饭店的空气都变得粘稠。
剑斗罗和骨斗罗脸色骤变，一步跨出，挡在宁风致身前，却感觉自己像是顶着一座看不见的山，连呼吸都变得困难。
这时，宁荣荣那清脆又嚣张的声音，仍在继续。
“你脑子被门夹了吧？还是被魂兽踢了？”
“你知道本小姐是谁吗？我可是七宝琉璃宗宗主宁风致的女儿！未来的宗门继承人！”
“你让我去端盘子？你配吗？”
一句比一句更尖锐，一句比一句更诛心。
最后那句话，更是像一把淬了毒的刀，狠狠捅进了宁风致的心窝。
“再敢用这种鬼话来烦我，等我回到宗门，定要请动剑爷爷和骨头爷爷，把你那个什么亭子给拆了！”
话音落下。
饭店里，死寂一片。
宁风致跪在地上，整个人像是被抽空了灵魂。
完了。"
第123章 一句话，引爆十六尊封号斗罗的杀意！,https://www.biquh.com/678_678189/65985891_2.html,"
全完了。
他脑子里嗡嗡作响，眼前一阵发黑。
什么宗门数千年的夙愿。
什么八宝琉璃塔的荣光。
在这一刻，都被他那个不成器的女儿，用几句蠢话，烧得一干二净。
砰！
一声震耳欲聋的闷响，是千道流忍无可忍，一掌狠狠拍在桌子上！
他霍然起身，金色的魂力沸腾，那股属于绝世斗罗的威压已经如山海倾倒。
“姓宁的！”
千道流的声音不高，却像寒冰刮过骨头。
“你七宝琉璃宗，好大的狗胆！”
“竟敢如此对前辈出言不逊！”
话音未落，他手中便凝聚出一把天使圣剑，剑尖已经遥遥锁定了宁风致的眉心。
刷拉！
饭店里，十几道身影几乎在同一瞬间站了起来。
金鳄斗罗、灵鸢斗罗、魔熊斗罗……
没有呐喊，没有咆哮。"
第123章 一句话，引爆十六尊封号斗罗的杀意！,https://www.biquh.com/678_678189/65985891_3.html,"
只有一道道冲天而起的魂力光柱，和一个个颜色各异的魂环。
剑斗罗和骨斗罗的脸色瞬间惨白，那股由十几位封号斗罗汇聚成的压力，让他们感觉自己像是狂涛骇浪中的两片破木板，下一秒就要被撕成碎片。
然而，这股几乎要撕裂空间的恐怖气势，却诡异地被约束在了一个极小的范围内。
金鳄斗罗周身的金色气焰刚刚升腾半尺，就猛地一缩，小心翼翼地绕开了桌上的茶杯。
菊斗罗那奇茸通天菊武魂刚刚显现，就立刻收敛了所有外放的锋芒，生怕花瓣上的锐气划裂了地板。
他们怒火中烧，杀意沸腾。
但他们更怕打碎店里的一盘一碗。
就在这剑拔弩张，气氛凝固到极点的时候。
林枫却是淡然的躺会椅子上，伸出一根手指，轻轻地，在扶手上敲了一下。
嗒。
一声轻响，却像无上的法旨，瞬间抚平了这暴走的魂力海洋。
“唉？都多大年纪了，还这么大火气。”
他抬起眼皮，扫了一眼杀气腾腾的千道流。
“而且在我这儿动刀子，不合规矩。”
“我这是饭店，开门做生意的地方。”
“打打杀杀的，影响我心情。”
千道流手里的天使圣剑瞬间消散，他深吸一口气，对着林枫躬身。
“可是前辈，此獠之女……”"
第123章 一句话，引爆十六尊封号斗罗的杀意！,https://www.biquh.com/678_678189/65985891_4.html,"
林枫终于把目光转了过来，毫不在意的摆了摆手。
“小孩子嘛，不懂事，很正常。”
他轻飘飘地一句话，让武魂殿众人酝酿的满腔怒火，全堵在了嗓子眼。
“都坐下。”
“吃饭。”
命令下达，千道流等人狠狠瞪了宁风致一眼，这才不情不愿地重新坐下。
但那杀气并未消散。
而是化作了十六道冰冷刺骨的视线，死死钉在七宝琉璃宗三人身上。
似乎还在盘算着等他们离开后，再找机会动手！
剑骨斗罗松了半口气，可后背早已被冷汗浸透。
剑斗罗和骨斗罗如蒙大赦，腿一软，差点跪倒在地。
可他们和宁风致一样，根本感受不到半分劫后余生的庆幸。
这件事，前辈不追究，但武魂殿这十六个杀神会放过他们？
前辈明着说不能在店里动手。
可出了这个门呢？
这件事，要是不能给出一个让这位前辈，以及武魂殿这群杀神满意的交代……
恐怕明天之后，斗罗大陆的地图上，就要把七宝琉璃宗给抹去了。"
第123章 一句话，引爆十六尊封号斗罗的杀意！,https://www.biquh.com/678_678189/65985891_5.html,"
必须做点什么！
必须让前辈消气！
否则，七宝琉璃宗，今日之后，便要在大陆除名！
宁风致颤声开口，嗓音嘶哑。
“前辈！晚辈这便将那孽女带来，任凭前辈发落！生死不论！”
然而，林枫却只是淡然的挥了挥手。
“急什么？”
“我这儿的规矩，不能浪费食物。”
“让你的两个护卫，吃完再走。”
剑斗罗和骨斗罗哪敢违逆，两人架起几乎瘫软的宁风致，重新坐回桌边。
可桌上的珍馐，此刻在他们口中，却味同嚼蜡。
每一口吞下的，不是美食。
是恐惧。
是七宝琉璃宗摇摇欲坠的未来。
......
林枫在心里懒洋洋地问了一句。
“怎么样，系统，这口气出了没？”
【真不戳！】"
第123章 一句话，引爆十六尊封号斗罗的杀意！,https://www.biquh.com/678_678189/65985891_6.html,"
系统那幸灾乐祸的电子音在林枫脑中响起。
【看着这老狐狸从云端跌进泥里的表情，本系统很愉悦，爱死你啦~】
【不过……】
系统话锋一转，语气里透着一丝唯恐天下不乱的兴奋。
【要是能再杀人诛心一点，那就更完美了！】
林枫的眉梢动了动。
杀人诛心？
你这破系统，说的容易，这种情况下我还能怎么杀人诛心？
也就是这时，林枫的视线，不经意地扫过角落。
那个正拿着拖把，默默拖地的少女，朱竹清。
一个绝妙的损招，在他脑子里成型了。
林枫对着角落，轻轻招了招手。
朱竹清身体一愣，但还是立刻放下拖把，快步走了过来。
“前辈？”
全饭店的目光，瞬间都聚焦了过来。
武魂殿那帮人精，又一次停下了筷子，眼神里全是看戏的精光。
前辈这是……又要整活儿了？"
第123章 一句话，引爆十六尊封号斗罗的杀意！,https://www.biquh.com/678_678189/65985891_7.html,"
林枫坐直了些，抬手，很自然地揉了揉朱竹清的脑袋。
少女的身体轻轻一僵，却没有躲闪。
站在林枫身后的朱竹云，眼底深处闪过一丝不易察测的嫉妒，手上的力道却放得更轻柔了。
“竹清啊。”
林枫的声音很温和，像是长辈在和晚辈闲聊。
“你现在能安安稳稳地在这儿干活，不用再担心星罗城那些破事。”
“说起来，你得谢谢一个人。”"
第124章 虾仁还要猪心？宁风致气吐血,https://www.biquh.com/678_678189/65985892.html,"
朱竹清愣了一下。
谢一个人？
她当然知道该谢谁，若不是眼前的前辈，庇护她，给予她仙草，此刻自己恐怕还在史莱克学院在绝望中挣扎呢。
然而林枫的手，却指向了剑骨斗罗中间，那个已经面如死灰的男人。
“去吧。”
“好好谢谢他。”
这两个字，像一根针，轻轻扎破了饭店里死寂的空气。
宁风致猛地抬头，涣散的瞳孔里，竟燃起一小撮死灰复燃的火苗。
然而下一秒，林枫不紧不慢的声音，便化作一只无情的脚，将那点可笑的火星，彻底踩灭。
“要不是他那个叫宁荣荣的宝贝女儿……”
林枫顿了顿，似乎在回忆什么有趣的事。
“……瞧不上我这儿拖地洗碗的活儿。”
“你这个备选，又怎么可能转正呢？”
“所以从道理上讲，是你女儿，亲手把这份工作让给了你。”
“去吧，过去好好谢谢人家。”
轰！
宁风致的脑子里，“嗡”的一声，彻底空白。
他整个人都瘫软了下去，那双刚刚还闪烁着希冀的眼睛，此刻只剩下无尽的空洞。"
第124章 虾仁还要猪心？宁风致气吐血,https://www.biquh.com/678_678189/65985892_2.html,"
原来……
原来是这样。
原来现在站在前辈身边，享受着神恩的，本该是他的荣荣。
可这个足以让宗门登天的机会，被她亲手……送给了一个外人！
“噗——”
旁边的菊斗罗一口茶水没憋住，喷了出来，又赶紧拿袖子狼狈地捂住嘴。
鬼斗罗那标志性的阴笑声，再也毫不掩饰。
金鳄斗罗等人看着宁风致那副失魂落魄的样子，脸上挂着毫不掩饰的嘲弄。
杀人，还要诛心。
前辈这手段，高！实在是高！
朱竹云的反应快到极致，她几乎是瞬间就领会了林枫的意图。
她非但没有停下按摩，反而更贴近了林枫几分，吐气如兰，声音里带着恰到好处的感激与娇媚。
“是啊，竹清，你可得好好谢谢宁宗主。”
“要不是宁小姐看不上这里，我们姐妹俩，哪有机会在这里冰释前嫌，一起侍奉前辈呢？”
而朱竹清，在短暂的错愕后，也瞬间明白了所有。
她看向宁风致的眼神里，多了一丝复杂的怜悯。
但更多的，是一种发自内心的、无比庆幸的后怕。"
第124章 虾仁还要猪心？宁风致气吐血,https://www.biquh.com/678_678189/65985892_3.html,"
她依言走到了宁风致面前，对着这个已经失魂落魄的男人，微微躬身。
“多谢宁宗主。”
“也……多谢令爱。”
宁风致听到朱竹清那句发自肺腑的感谢，喉头一甜，竟是直接喷出一口逆血。
鲜红的血溅在地上，触目惊心。
“宗主！”
剑骨斗罗差点吓得魂飞魄散。
宁风致却只是摆了摆手，用袖子擦去嘴角的血迹，硬是挤出一个比哭还难看的笑容。
“这位神使说笑了。”
“能得前辈青睐，是……是你自己本身的优秀。”
他不敢反驳，甚至不敢露出一丝不满。
他只能认。
见到自家宗主如此低声下气，剑骨斗罗心里堵得发慌，如同压了一块万斤巨石。
见状也不再多浪费时间，用最快的速度吃完东西结了账。
餐费很快被胡列娜放到柜台上。
林枫还没开口，脑子里系统那嬉皮笑脸的电子音已经响了起来。
【啧啧，这两根老家伙倒是挺忠心。】
【可惜家里摊上那么一个坑爹的宝贝女儿。】"
第124章 虾仁还要猪心？宁风致气吐血,https://www.biquh.com/678_678189/65985892_4.html,"
【消费金额：剑斗罗，21000金魂币。】
【系统评价：一个心如死灰的剑痴，勉强算根不错的韭菜。既然他的剑心碎了，那就给他粘起来！】
【奖励随机生成中……叮！奖励已锁定：剑道总纲——独孤九剑！】
【消费金额：骨斗罗，23000金魂币。】
【系统评价：一块还算硬的骨头，有点蛮力。那就让他变得更硬一点！】
【奖励随机生成中……叮！奖励已锁定：武魂本源进化——万载玄玉骨！】
【宿主奖励：4400美食积分。】
他懒洋洋地打了个哈欠，目光扫过已经起身，准备带着宁风致仓惶逃离的剑骨斗罗。
“站住。”
两个字，轻飘飘的。
剑骨斗罗的身体却瞬间僵住，像是被无形的锁链钉在原地。
他们转过身，脸上是掩饰不住的恐惧。
“前辈……还有何吩咐？”
林枫抬了抬手，两个光点从他指尖弹出，慢悠悠地飘向两人。
“你们的奖励。”
第一个光点，融入了剑斗罗的眉心。
那一瞬，剑斗罗尘心，整个人如遭雷击。"
第124章 虾仁还要猪心？宁风致气吐血,https://www.biquh.com/678_678189/65985892_5.html,"
他那双死寂的眼睛里，猛地爆开一团精光。
脑海里，一套完全超出了他认知，甚至超出了这个世界体系的剑法，蛮横地灌了进来。
“独孤九剑，总诀式，破剑式，破刀式……”
没有魂技，没有魂力。
有的，只是对“剑”这一概念最根本的解构与重塑！
天下万物，皆可为剑！
天下万法，皆有破绽！
那柄斩过夜壶，蒙上了污秽的七杀剑，此刻在他的意念中嗡嗡作响，发出了前所未有的欢鸣！
他的剑心，在这一刻，非但被修复，更被重铸！
第二个光点，融入了骨斗罗的身体。
古榕只感觉自己的武魂“骨龙”，发出了一声震天的咆哮。
他的每一块骨头，都在发光，发热！
一种坚不可摧，万劫不磨的恐怖感觉，从骨髓深处蔓延开来！
他甚至产生了一种荒唐的错觉。
现在的他，就算站着不动，任凭九十七级的封号斗罗用全力攻击，恐怕都伤不到他分毫！
这是何等逆天的神恩！
若是放在半个时辰前，两人得到如此造化，怕是会当场欣喜若狂，仰天长啸。
可现在……"
第124章 虾仁还要猪心？宁风致气吐血,https://www.biquh.com/678_678189/65985892_6.html,"
他们感受着体内脱胎换骨般的力量，脸上的表情，却不是狂喜。
是痛苦。
是无尽的，深入骨髓的悔恨与心悸！
他们对视一眼，都从对方眼中看到了同样的情绪。
他们，得到了神迹。
而他们的宝贝孙女，宁荣荣，竟是把随手赐下这等神恩的前辈给得罪了！
两人生怕林枫这打一巴掌，给的不是一颗甜到发齁的糖。
而是断头饭啊！
宁风致带着剑、骨两位斗罗，再一次对着林枫的方向深深拜下。
这一拜，比之前任何一次都更谦卑，也更恐惧。
随后，三人像是逃命一般，头也不回地冲出了枫染亭。
直到踏出那扇门，重新呼吸到武魂城的空气，宁风致才敢大口喘息，整个人像是从水里捞出来一样。
他死死攥着拳头，指甲嵌入掌心，声音从牙缝里挤出来，带着血腥味。
“去史莱克！”
“把那个逆女绑回来，跪死在前辈的门前！”
而在三人离开后，比比东转头看向林枫，低声问道。
“前辈，需要处理干净吗？”"
第124章 虾仁还要猪心？宁风致气吐血,https://www.biquh.com/678_678189/65985892_7.html,"
话没说透。
但在场的所有人都听懂了。
其余的封号斗罗也都站直了身体，目光灼灼地盯着林枫，只等他一个点头。
只要林枫一句话，明日天亮之前，世上再无七宝琉璃宗！"
第125章 有其母必有其女，千仞雪也要败光国库！,https://www.biquh.com/678_678189/65985893.html,"
整整十六位封号斗罗，目光灼灼地望着林枫。
他们此刻是枫染亭最忠诚的拥趸，是前辈手中最锋利的刀。
然而，面对这份足以让大陆变色的力量，林枫的反应，却让所有人始料未及。
他环视一圈，最终，只剩下了一声轻轻的叹息。
“唉……”
这声叹息很轻。
却像一柄无形的巨锤，狠狠砸在武魂殿所有人的心口。
比比东心头猛地一跳。
千道流拧紧了眉头。
所有人都从这声叹息里，听出了一股子……失望。
我们……做错什么了吗？
林枫终于开口，声音里带着一种看透了世事浮沉的疲倦和寥落。
“我问你们。”
“我这里，是做什么的地方？”
众人一愣，下意识地张嘴，却又被林枫接下来的话，堵得哑口无言。
“我开的是饭店。”
“不是什么杀人越货的黑店。”
林枫的声音很平淡，却让在场每一个封号斗罗都感觉脸颊发烫。"
第125章 有其母必有其女，千仞雪也要败光国库！,https://www.biquh.com/678_678189/65985893_2.html,"
“那小丫头不过是几句无知之言。”
“对我，对枫染亭，对我手下的员工，可曾造成半分实质性的伤害或威胁？”
“你们就要打要杀，动不动就灭人满门。”
“这像话吗？”
杀气腾腾的武魂殿众人，被他这两个问题问得集体愣住了。
伤害？
威胁？
好像……确实没有。
就在这时林枫再次开口，他语气里带着一丝恨铁不成钢的训诫。
“而且你们心中如此浮躁，又怎能迈入更高的境界？”
林枫的声音很轻，却让千道流和比比东等人，像是被当头浇了一盆冰水，从头凉到脚。
杀意，瞬间就散了。
是啊。
前辈是何等存在？
举手投足间，便可逆转武魂，重塑法则。
这等伟力，早已超脱了凡俗的恩怨情仇。
而他们，竟然还想着打打杀杀，用灭人满门这种最低级的手段，去揣度前辈的心意。"
第125章 有其母必有其女，千仞雪也要败光国库！,https://www.biquh.com/678_678189/65985893_3.html,"
何其可笑。
何其浅薄！
千道流第一个低下那高傲的头颅，满脸羞愧。
“晚辈……着相了。”
比比东凤眸中的冰冷也化为自省，她明白了。
前辈这是在借着宁风致父女的蠢事，点拨他们。
杀心、怒火、骄躁……这些都是修行路上的心魔。
若不能勘破，此生休想再进一步。
原来前辈的一言一行，都蕴含着通往至高境界的真理。
不愧是前辈！
此等胸怀，此等境界，我等望尘莫及！
看着这群封号斗罗一个个低头认错，满脸“我悟了”的表情，林枫心里满是无语。
点拨？
境界？
放屁。
老子是在心疼钱。
灭了七宝琉璃宗？
你们是不是脑子进水了？"
第125章 有其母必有其女，千仞雪也要败光国库！,https://www.biquh.com/678_678189/65985893_4.html,"
那可是两个封号斗罗级别的高级韭菜！
宁风致更是大陆首富！
这种客户在大陆上可不多。
我今天把人吓得差点尿裤子，纯粹是为了给自家那个小心眼系统出口气罢了。
结果你们倒好，上来就要把我的韭菜连根拔了？
这叫断我财路！
杀鸡取卵都没你们这么蠢的！
我这枫染亭还做不做生意了？
积分还要不要攒了？
就在武魂殿众人对林枫的敬仰再度拔高到新境界，整个饭店都沉浸在一种“朝闻道，夕死可矣”的庄严气氛中时。
一个不合时宜的饱嗝，打破了饭店里这种近乎于“悟道”的庄严气氛。
嗝~
声音不响，却无比清晰。
众人循声望去，目光齐刷刷地落在了千仞雪身上。
此刻的千仞雪，早已没了半点太子的仪态。
她整个人像是没了骨头，瘫软地靠在椅背上，一张绝美的脸蛋上泛着满足的潮红。
那双灿金色的眸子水汪汪的，微微失神，显然还沉浸在刚才的美味中没有缓过来。"
第125章 有其母必有其女，千仞雪也要败光国库！,https://www.biquh.com/678_678189/65985893_5.html,"
几缕金发被汗水浸湿，贴在光洁的额角。
微微张开的红唇，还沾着一圈油亮的酱汁，在灯光下闪着诱人的光泽，仿佛在无声地诉说着方才的饕餮盛宴。
最引人注目的是，她那身华贵的宫装长裙，在小腹的位置，被撑起了一个微微的、饱满的弧度。
菊斗罗默默地别开了视线，嘴里小声嘀咕。
“这吃相……真是……”
他没敢把“粗鄙”两个字说出来。
千仞雪完全没注意到众人的目光，她只是呆呆地摸着自己滚圆的肚子，脑子里只有一个念头。
亏了。
那个黄金夜壶，真不该丢。
蛇矛那憨货说得对，那玩意儿好歹是纯金的，拿回来融了，怎么也能换一盘炸酱面啊！
不过据三爷爷说，这店内一般情况下一天只能用一餐？
一天只能来一次？
那怎么行。
她的胃，她的灵魂，她的品味，已经彻彻底底，变成了前辈的形状了。
她现在满脑子都是一个念头。
想要。
一直要。
每时每刻都要。"
第125章 有其母必有其女，千仞雪也要败光国库！,https://www.biquh.com/678_678189/65985893_6.html,"
在所有人惊愕的注视下，之前还在心中暗骂比比东败家的千仞雪，“蹭”地一下站了起来，动作之猛，差点把椅子带翻。
她也顾不上仪态了，那张沾着酱汁的绝美脸蛋涨得通红，一双灿金色的眸子死死盯着林枫，像是豁出了一切。
“前辈！”
她声音洪亮，带着一丝豁出去的决绝。
“我也要包月！”
一瞬间，整个饭店落针可闻。
千道流一口气没上来，差点没当场栽倒。
武魂殿众人更是集体石化，嘴巴张得能塞进一个鸡蛋。
啥玩意儿？
你也要包月？
千仞雪完全没理会众人见鬼般的表情，她向前一步，语气急切，生怕林枫不答应。
“就算……就算一天只能抽一次奖也没关系！”
“只要能让我像她一样！”
她白皙的手指猛地指向另一边，那个正慢条斯理喝茶的教皇比比东。
“只要能让我拥有和她一样的待遇，一天……来三次！”
一直云淡风轻的比比东，端着茶杯的手，几不可查地顿了一下。
她抬起凤眸，看向自己那个满脸决绝的女儿，眼神里先是闪过一丝错愕，随即化为一抹难以言喻的古怪笑意。"
第125章 有其母必有其女，千仞雪也要败光国库！,https://www.biquh.com/678_678189/65985893_7.html,"
林枫靠在躺椅上，眼皮都懒得抬一下，只是从鼻子里发出一声单音节的疑问。
“你？”
这一个字，充满了质疑。
千仞雪瞬间急了。
她还以为前辈是嫌她穷，付不起饭钱！
“前辈放心！”
她挺起胸膛，把自己的小金库抖了个底朝天。
“我昨晚刚抢……咳，取了天斗帝国半个国库的财宝！”
“只要您答应，那些……我全数奉上！”
闻言，千道流身子猛地一晃。
他捂着胸口，感觉心口那块堵得慌。
那是天斗帝国半个国库！
不是半车大白菜！
武魂殿宝库还得到补充，你就跟你妈一样，转头去包月了？
而饭店里的其他人，脑子里则不约而同地冒出了同一个念头。
好家伙。
真不愧是母女啊。
连败家，都是一个模子里刻出来的！"
第126章 溺爱成祸！就当我没有这个女儿！,https://www.biquh.com/678_678189/65985894.html,"
林枫眼皮都没抬一下。
又来一个？
这熟悉的台词，这熟悉的配方……
搞得他都快以为这是什么母女档的家庭活动了。
他甚至都懒得表现出惊讶，内心毫无波澜，甚至还有点想打哈欠。
他在心里戳了戳系统。
“喂，听见没？”
“又一头肥羊，嗷嗷叫着要办包月，还是带国库来的那种。”
“咋样？要不要再来一次‘史诗级版本更新’，给我整个活儿？”
林枫的语气里，带着一丝调侃。
谁知，系统那高傲又欠揍的电子音，这次却没了半点激动，反而充满了鄙夷。
【杂鱼宿主，你当本系统的‘至尊VIP包月服务’是菜市场的大白菜吗？】
【想开就开？】
【那是给虔诚到极致的信徒，独一无二的恩典！是本系统心血来潮的限定版神迹！】
【当然，主要是本系统已经更新到了最完美的版本，暂时没有升级的必要。】
【所以，这次就丑拒了吧。】
林枫：“……”
行吧，你牛逼。"
第126章 溺爱成祸！就当我没有这个女儿！,https://www.biquh.com/678_678189/65985894_2.html,"
既然系统没兴趣，那这半个国库，也就瞬间不香了。
他缓缓抬起眼，目光在千仞雪那张充满期盼的脸上扫过。
“不久前，比比东也站在这里，说过同样的话。”
“我也确实为她，破了本店的铁律。”
千仞雪的眼睛瞬间就亮了，呼吸都急促了几分，以为这事儿有戏。
林枫看着她的反应，话锋陡然一转。
“但神恩，不可复制。”
他微微侧过头，目光落在了对面的比比东身上，声音不大，却清晰地传遍了整个饭店。
“我曾说过，她是本店第一位，也是未来唯一一位，能享有此等权力的客人。”
“这个承诺，比规矩本身，更重要。”
他收回视线，重新看向脸色一瞬间变得煞白的千仞雪，语气淡漠得像在陈述一件无关紧要的事。
“所以，你的请求，我拒绝。”
轰。
千仞雪脚下一个踉跄，差点没站稳，那双灿金色的眸子里所有的光，顷刻间熄灭，只剩下灰败。
而另一边。
正端着茶杯，姿态优雅的比比东，手指微微一顿。
她缓缓抬起眼，看向林枫，那双总是覆盖着冰霜的凤眸深处，有什么东西正在融化。"
第126章 溺爱成祸！就当我没有这个女儿！,https://www.biquh.com/678_678189/65985894_3.html,"
因为……对我的承诺？
他拒绝千仞雪，竟是因为曾对我说过的话？
一股难以言喻的暖流，毫无征兆地撞进她的心口，让她鼻尖一酸，眼眶瞬间就热了。
前辈他……
他真的，我哭死。
林枫看着呆愣住的众人，干咳一声，提醒了一句。
“都吃饱了？”
这一句话，瞬间让众人回过神来。
对啊！
光顾着给前辈表忠心，琢磨着怎么把七宝琉璃宗骨灰都给扬了……
正事儿给忘了！
刚才还同仇敌忾，一副随时准备出门灭人满门的团结气氛，瞬间碎的跟玻璃渣似的。
“滚开，别挡道！”
只听一声娇斥，灵鸢斗罗那只踩着火红色高跟鞋的脚，一脚就把没回过神的魔熊斗罗给踹到一边。
魔熊斗罗再一次瘫倒在地上，甚至连哼都没哼一声，只是默默地流下了屈辱的泪水。
为什么受伤的总是我？
就因为我提前抽奖吗？
灵鸢斗罗完全无视了同僚的悲伤，她三两步走到柜台前，眼中闪闪发亮。"
第126章 溺爱成祸！就当我没有这个女儿！,https://www.biquh.com/678_678189/65985894_4.html,"
“前辈，我先来……”
……
狂风在耳边撕扯，发出厉鬼般的尖啸。
剑斗罗和骨斗罗将速度提到了极致，身下的山脉与河流化作模糊的色块，飞速倒退。
可他们身边的宁风致，脸色比脚下的深渊还要阴沉。
沉默。
死一般的沉默。
这种沉默，比任何咆哮和怒吼都更让人心悸。
骨斗罗古榕终究是憋不住了，他看着宁风致那张毫无血色的脸，粗声粗气地骂了一句。
“荣荣这丫头这才离开宗门半个月，居然闯下这么大的祸来！”
“早知如此，就不该让她去那劳什子史莱克学院！”
他感受着体内那坚不可摧，仿佛能硬抗神罚的“万载玄玉骨”，心里却堵得像塞了一团沾了水的棉花。
力量是变强了。
可宗门都要没了，这身骨头再硬，又能护住谁？
一旁的剑斗罗尘心，没有说话。
他的指尖，正无意识地划动着。
脑海中，那套名为“独孤九剑”的剑理正在疯狂流转，破尽天下万法，重塑了他对剑道的全部认知。"
第126章 溺爱成祸！就当我没有这个女儿！,https://www.biquh.com/678_678189/65985894_5.html,"
他的剑心，前所未有的通透。
也正因为这份通透，他比任何人都清楚，宁荣荣那几句话，到底斩出了怎样一道无法弥补的裂痕。
那不是意气用事，不是口出狂言。
那是……因。
而七宝琉璃宗的覆灭，很可能就是即将到来的……果。
想到这里，尘心那张冷峻的脸上，第一次浮现出一丝痛苦。
“老骨头。”
他声音嘶哑。
“现在说这些，晚了。”
“像是那等存在，远远不是我们，甚至是大陆上任何一个势力可以得罪的起的。”
“我们......必须平息那位前辈的怒火。”
骨斗罗的怒火瞬间被这句话浇灭，只剩下无尽的凄凉，
“那你说怎么办？难不成真把荣荣那丫头……”
他没敢说下去。
一直沉默的宁风致，终于开口了。
他的声音很轻，很平静，却带着一股子让剑骨斗罗都为之胆寒的决绝。
“做好准备吧。”
宁风致眼里布满血丝，死死盯着史莱克学院的方向，像一头被逼入绝境的困兽。"
第126章 溺爱成祸！就当我没有这个女儿！,https://www.biquh.com/678_678189/65985894_6.html,"
“如果那位前辈的怒火，需要荣荣的命来平息……”
他每一个字，都像是从骨头里刮出来的。
“那就当，我宁风致……从未有过这个女儿。”
话音落下。
剑斗罗和骨斗罗，彻底没了声音。
宗主的决定，他们懂。
和整个宗门的存亡比起来，一个女儿的分量，太轻了。
悔恨。
是两人此刻心中唯一的情绪。
他们毫无底线的溺爱，亲手养出了那个无法无天的宁荣荣。
也亲手锻造了这柄几乎要将整个宗门未来都斩断的利刃。
两人对视一眼。
不需要任何言语。
一个眼神，便已胜过千言万语。
从今天起。
七宝琉璃宗那个集万千宠爱于一身的小公主……
死了。"
第127章 菊斗罗的紫色裤衩，千道流主动申请看大门,https://www.biquh.com/678_678189/65985895.html,"
枫染亭内，抽奖环节仍在继续。
拿到奖励后心情最为激动的，莫过于蛇矛斗罗和刺豚斗罗。
当那块“七万年右腿骨”入手时，蛇矛斗罗这个九十二级的汉子，竟是当场双膝跪地，用拳头狠狠砸着地面，哭的肩膀剧烈耸动。
没人嘲笑他。
所有人都知道，为了保护千仞雪，他和刺豚斗罗在天斗城蹉跎了十几年，实力早已被同僚们远远甩开。
这份奖励，对他们而言，不只是力量。
是迟到了十几年的慰藉。
刺豚斗罗那边更夸张，看着自己第九魂环直接从黑色蜕变为耀眼的赤红，他激动得浑身都在哆嗦，嘴里翻来覆去就两个字。
“神迹！这简直就是神迹！”
当然，有喜极而泣的，自然也有想哭但是哭不出来的。
轮到菊斗罗月关的时候，所有人的眼神都变了。
那是一种混杂了期待、同情和幸灾乐祸的复杂目光。
月关自己倒是信心满满，只是当属于他的奖励光团入手，他脸上的表情也绷不住了。
没有魂力暴涨的异象，也没有魂环浮现。
光芒散去，一件叠得整整齐齐的……东西，静静躺在他手上。
布料顺滑，颜色骚紫，款式……相当贴身。
鬼斗罗默默地凑了过来，用他那特有的沙哑嗓音，幽幽念出了物品信息。
“永不破损、自动清洁、冬暖夏凉、王者紫典藏款……”"
第127章 菊斗罗的紫色裤衩，千道流主动申请看大门,https://www.biquh.com/678_678189/65985895_2.html,"
他顿了顿，补上最后两个字。
“裤衩？”
“噗嗤！”
不知是谁先没忍住，笑出了声。
紧接着，整个饭店里，此起彼伏的全是压抑不住的笑声，就连千道流都别过头，肩膀一抖一抖的。
月关的脸，绿了。
他怎么就忘了自己还在观察名单上一事了呢？
他转头看向自己的好基友，眼神里满是控诉。
鬼斗罗却只是拍了拍他的肩膀，一脸认真地安慰道：
“月关，没事。”
“我觉得这裤衩……挺配你的。”
菊斗罗一口老血闷在胸口，差点当场去世。
最后，只剩下千仞雪一人。
她还沉浸在包月被拒的失落中，连抽奖都有些提不起兴趣。
直到林枫的声音响起。
“你的奖励，武魂进化。”
林枫话音落下，一道白光没入千仞雪体内。"
第127章 菊斗罗的紫色裤衩，千道流主动申请看大门,https://www.biquh.com/678_678189/65985895_3.html,"
在她身后，神圣的六翼天使虚影浮现，三对灿金色的羽翼竟开始融合、重塑。
最终，化为了一对更加凝练、更加纯粹的圣白羽翼。
千道流瞳孔一缩，他能感觉到，千仞雪此刻的武魂品质，已经超越了自己的六翼天使！
这等神恩，让千仞雪因包月被拒的失落稍稍平复。
可一想到以后每天只能吃一顿，她的心情又沉了下去。
就在这时，一直沉默的千道流，忽然动了。
他整理了一下衣袍，走到饭店中央，对着林枫那张摇椅，深深一躬。
“前辈。”
这一声，恭敬到了极点。
饭店里所有人的目光，瞬间聚焦在他身上。
千仞雪一愣。
爷爷这是要做什么？
林枫眼皮都懒得抬一下。
“说。”
千道流深吸一口气，声音洪亮，却带着一丝不易察的颤抖。
“前辈，枫染亭乃当世第一神圣之地，晚辈斗胆，请愿为前辈护持门庭！”
“担当……门卫一职！”
此言一出，整个饭店死一般寂静。"
第127章 菊斗罗的紫色裤衩，千道流主动申请看大门,https://www.biquh.com/678_678189/65985895_4.html,"
比比东端着茶杯的手停在半空，嘴角咧开一个玩味的弧度。
这老东西，为了口吃的，脸都不要了？
金鳄斗罗等人更是直接石化，下巴掉了一地。
大供奉……要去……看大门？
千仞雪更是脑子嗡的一声，一片空白。
她怀疑自己听错了。
“爷爷，您……”
千道流却置若罔闻，只是用那双充满期盼的眼睛，死死盯着林枫。
林枫终于睁开了眼，似乎来了点兴趣。
“条件？”
千道流老脸一红，竟有些扭捏。
他搓了搓手，声音都小了许多。
“晚辈……晚辈不要任何报酬。”
“只是……晚辈想通过前辈赐下的梦境水晶，将海神岛的波塞西唤来，与我一同镇守神门。”
“当然……”
他顿了顿，终于说出了心里话，语气卑微得像个讨要糖果的孩子。
“如果可以的话……能不能让晚辈……每天多吃一顿蛋炒饭？”"
第127章 菊斗罗的紫色裤衩，千道流主动申请看大门,https://www.biquh.com/678_678189/65985895_5.html,"
其他人一听这话，尤其是六位供奉，差点没气得当场围殴自家大哥。
还是兄弟不？
又有这种好事，你居然不想着自家兄弟，反而向着其他女人！
大哥！你变了！
千道流话音刚落，其余六大供奉的眼神就变了。
那眼神里，充满了背叛、谴责，以及“你这老东西居然想吃独食”的浓浓怨念。
金鳄斗罗的后槽牙咬得咯咯作响。
好你个千道流！
我们把你当大哥，你居然偷偷跑去卷保安？
还是兄弟吗？
为了个女人，为了口吃的，连兄弟都不要了？
大哥！
你变了！
你这个浓眉大眼的家伙也学会叛变了！
当然，骂归骂，他们心里也门儿清。
以前辈这饭店的格调，要找两个看大门的，放眼整个大陆，除了千道流，也就只有海神岛那位，有这个资格了。
毕竟两人一个是天使神大供奉，在林枫这里获得奖励也早晚能够继承天使神位。
而波塞西，也同样是海神岛大祭司，未来也极有可能成神！"
第127章 菊斗罗的紫色裤衩，千道流主动申请看大门,https://www.biquh.com/678_678189/65985895_6.html,"
他们几个……还真差点意思。
可恶！
千仞雪则是彻底傻了，小脸涨得通红，粉拳攥得死死的。
爷爷！
你这是干什么！
你抛下我不管，自己偷跑去应聘保安也就算了！
你这字里行间的意思，不就是想把那个波塞西弄过来，你好近水楼台先得月吗？！
你这是给我找后奶奶啊！
林枫捏了捏下巴，脑子里还有点懵。
随即，这股懵圈就化作了狂喜，一台名为“奸商”的计算机在他脑中飞速运转。
等会儿，让我捋捋。
这老头子，九十九级绝世斗罗，大陆战力天花板之一。
他现在要主动申请当保安，不要工资。
不仅不要工资，还要自带干粮——不对，是自带另一个九十九级的绝世斗罗波塞西来当同事！
还有这种好事？
那可是海神岛大祭司，斗罗大陆三大绝世斗罗之一！
这送上门来的，不就是一根又大又肥的顶级韭菜吗？"
第127章 菊斗罗的紫色裤衩，千道流主动申请看大门,https://www.biquh.com/678_678189/65985895_7.html,"
再看千道流的条件。
他需要付出的代价，仅仅是……每天多提供一份蛋炒饭？
一份蛋炒饭。
这玩意儿也就是他给胡列娜她们做员工餐的时候，多颠两下锅的事儿！
怎么想都不亏的好吧?"
第128章 门卫千道流，错失八蛛矛的唐三,https://www.biquh.com/678_678189/65985896.html,"
“一顿蛋炒饭？”
林枫虽然在内心早已作出决定，但表面上依旧维持着高深莫测的姿态，做出一副认真思考的模样。
他的食指不紧不慢地在摇椅扶手上轻敲。
“哒。”
“哒。”
“哒。”
每一下，都像是踩在千道流的心尖上。
整个饭店里，落针可闻。
金鳄斗罗等一众供奉，心都提到了嗓子眼。
他们既嫉妒又期盼。
他们既嫉妒这老东西可能真能搞到每天多吃一顿的特权，又期盼他能成功。
毕竟武魂殿大供奉成了这神迹之地的门卫，传出去，对他们武魂殿的威望也是一种变相的提升。
又期盼他能成功，毕竟武魂殿大供奉成了这神迹之地的门卫，对他们武魂殿没有任何坏处。
只有千仞雪，死死咬着下唇，一双金色的眸子快要喷出火来，瞪着爷爷的背影。
拒绝他！
快拒绝他！
这个老登为了口吃的，为了那个叫波塞西的女人，连脸都不要了！
这要是成了，自己岂不是平白无故多了个后奶奶？"
第128章 门卫千道流，错失八蛛矛的唐三,https://www.biquh.com/678_678189/65985896_2.html,"
在千仞雪即将崩溃的目光中，林枫那慵懒的声音终于响起。
他只吐出两个字。
“准了。”
轰！
千道流瞬间欣喜若狂。
“谢前辈恩典！谢前辈恩典！”
他语无伦次地连连道谢，激动得像个三百斤的孩子，哪里还有半点绝世斗罗的威严。
另一边，千仞雪感觉天都塌了。
淦！
真让这老登得逞了！
这样一来，距离我那素未谋面的小叔叔出世，岂不是更近一大步？
千道流几乎是蹦跳着出了饭店大门，那欢快的步伐，让金鳄斗罗等人看得眼角直抽抽。
下一秒，这位九十九级的绝世斗罗，武魂殿的擎天之柱，当场凝聚出一把天使圣剑。
他没有用来攻击，而是l来到店门左侧，将剑尖“铛”地一声拄在地上，双手交叠按住剑柄，腰杆挺得笔直，目光如炬，扫视着门外的大街。
那副架势，比他这些年在天使神像前祈祷时，还要虔诚一万倍。
仿佛他守的不是饭店的门，而是通往神界的南天门。
饭店内，林枫像是忽然想起了什么，目光扫向胡列娜三女。"
第128章 门卫千道流，错失八蛛矛的唐三,https://www.biquh.com/678_678189/65985896_3.html,"
“对了，饭店扩建，二楼多了几间空房。”
“你们要是嫌每天来回跑麻烦，就自己去挑一间住下，算员工宿舍。”
这话一出，三女的反应截然不同。
胡列娜受宠若惊，美眸中异彩连连，前辈这是何等的体恤员工！
能和前辈住在一个屋檐下，这是天大的幸福！她发誓要更努力地工作，成为前辈最得力的神使！
而朱竹云，那双妩媚的眸子里，瞬间闪过一丝灼热的野心。
住在一起？
近水楼台先得月……
侍奉前辈的机会，这不就来了吗？
一时间，朱竹云的呼吸都变得急促许多。
朱竹清的想法就简单多了，她紧绷的身体悄然放松。
住在这里，就再也不用担心史莱克学院和星罗帝国的纠缠，只要待在枫染亭，她就是绝对安全的。
只要他在这枫染亭内，谁敢对她下手？
角落里，比比东默默地放下了茶杯。
不知为何，她突然觉得手里的“至尊VIP包月套餐”，瞬间就不香了。
她也想住下。
她用一种无比渴望，甚至带着一丝委屈的眼神，眼巴巴地望向林枫。
然而，林枫像是没看见一样，甚至还悠闲地换了个更舒服的姿势躺着。"
第128章 门卫千道流，错失八蛛矛的唐三,https://www.biquh.com/678_678189/65985896_4.html,"
他甚至连一个眼角的余光，都没分给这位武魂殿的教皇冕下。
......
星斗大森林外围，空气潮湿而闷热。
几只不知名的飞虫绕着众人嗡嗡作响，惹人心烦。
史莱克一行人的气氛，比这天气还要压抑。
自从朱竹清在唐三和戴沐白的眼皮子底下人间蒸发后，队伍里就再也没有了笑声。
戴沐白一张脸阴沉得快要拧出水来，满脑子都是朱竹清获得天大机缘后，毫不犹豫与自己切割的决绝背影。
屈辱和暴怒，像是两条毒蛇，啃噬着他的心脏。
唐三则默不作声走在队伍一侧，看似冷静，但没人知道，他心里的怒火比戴沐白还要凶猛。
那朱竹清究竟是怎么离开的，他一点都不关心。
他只知道，属于自己的仙草飞了！
“院长，要不……咱们今天先歇歇？”奥斯卡有气无力地开口，一张脸皱成了苦瓜。
“这都找了大半天了，连个合适的魂兽毛都没看见。”
弗兰德回头瞪了他一眼，尖声道：“歇什么歇！这次是为你找魂兽，别人什么都没说，结果你倒是抱怨上了？！”
赵无极在一旁咳嗽一声，揉了揉依旧隐隐作痛的胸口。
他到现在还想不明白，自己一个魂圣，怎么就被一件衣服给干趴下了。
丢人，太他妈丢人了。"
第128章 门卫千道流，错失八蛛矛的唐三,https://www.biquh.com/678_678189/65985896_5.html,"
而且要不是自己还有点伤，也不至于让弗兰德一起行动，预防出什么意外。
就在这时，走在最前面的戴沐白忽然停下脚步，压低了声音。
“前面有东西！”
众人精神一振，连忙放轻脚步，拨开身前的灌木。
一条色彩斑斓的大蛇，正瘫在林间的空地上。
它头顶的肉冠鲜红如火，蛇身遍布菱形鳞片，正是千年级别的凤尾鸡冠蛇！
“是凤尾鸡冠蛇！看年限，非常适合做小奥的第三魂环！”
唐三一眼就认出了这魂兽的真面目。
“我的天！”奥斯卡眼睛瞬间就亮了，激动得声音都在发颤，“这运气也太好了吧？院长，赶紧帮我制服这魂兽吧？”
弗兰德却脸色难看，直接指了指前面。
“等等。”
“你看仔细点。”
奥斯卡定睛一看，脸上的狂喜瞬间凝固。
那条凤尾鸡冠蛇，一动不动，头部有一个细长的血洞，早已死得透透的。
最关键的是，它的尸体上，没有一丝魂力波动。
这说明，就在他们赶到前不久，已经有人利落地猎杀了它，并且吸收了魂环。
“靠！”奥斯卡一屁股坐在地上，心态崩了，“谁啊！谁特么强老子的魂环！”
无奈，众人只能拖着疲惫的身体，继续在林子里瞎转。"
第128章 门卫千道流，错失八蛛矛的唐三,https://www.biquh.com/678_678189/65985896_6.html,"
没走多远，他们又在路边发现了一具魂兽的尸体。
那是一只人面魔蛛。
“晦气！”
奥斯卡看了一眼就嫌恶地移开目光。
戴沐白更是看都懒得看，心里还在为朱竹清的事憋着一团火。
其他人也没当回事，毕竟星斗大森林里，魂兽的尸体太常见了。
唯有唐三。
在看到那具人面魔蛛尸体的瞬间，他的脚步，猛地顿住了。
心脏，毫无征兆地被人狠狠攥了一把！
一股难以言喻的、撕心裂肺的空虚感，瞬间席卷了他的全身！
那感觉……
就好像他生命中最重要的一块拼图，被人硬生生挖走了！
“三哥？怎么了？”
小舞发现了他的异样，不解地问道。
唐三没有回答，他死死盯着那具干尸，紫极魔瞳催动到了极致。
没有魂环。
没有能量波动。
就是一具普普通通的魂兽尸体。
可为什么……为什么心里会如此失落呢？"
第129章 爸爸，我好怕……啪！逆女，闭嘴！,https://www.biquh.com/678_678189/65985897.html,"
“三哥，别看了，一具尸体而已，咱们还得给小奥找魂环呢！”
小舞拉了拉他的衣袖。
唐三这才强行压下那股没来由的感觉，跟着大部队继续往前走。
可每走一步，那股被人生生“牛头人”了的憋屈感就更重一分。
入夜.
星斗大森林的夜晚，没有半点静谧可言。
潮湿的空气里，混合着腐烂落叶和不知名野兽的腥臊气，黏糊糊地贴在每个人的皮肤上。
史莱克众人围着一小簇篝火，气氛压抑得能拧出水。
找了一整天，连一根合适的魂兽毛都没看见。
所有人的耐心，都快被这鬼环境和糟糕的运气消磨殆尽了。
就在这时。
咚。
一声沉闷的巨响，从森林深处传来。
大地，轻微地颤了一下。
“什么动静？”
奥斯卡吓了一跳，手里的干粮都被吓掉了。
弗兰德和赵无极几乎是同一时间站了起来，脸色难看到了极点。
咚！"
第129章 爸爸，我好怕……啪！逆女，闭嘴！,https://www.biquh.com/678_678189/65985897_2.html,"
第二声。
比刚才更近，更响。
脚下的地面像是被人用巨锤砸了一下，篝火的火苗都猛地一窜。
“不对劲！”弗兰德的声音尖锐，“所有人都靠过来！戒备！”
不需要他多说。
一股无法形容的恐怖威压，如同山洪暴发，从黑暗中席卷而来。
那不是魂力。
是一种更原始、更纯粹的，来自生命食物链顶端的绝对压制。
咚！咚！咚！
这一次，声音不再有间隔。
那是沉重的脚步声！
伴随着脚步，两旁的参天古树开始剧烈摇晃，然后像是被一只无形的大手粗暴地拨开。
一个庞然大物，从黑暗中走了出来。
在月光的照耀下，众人这才看清对方的真面目。
那是一头猿猴。
一头……山一样的猿猴。
黝黑的毛发如同钢针，小山般大小的拳头垂在身侧，一双黄澄澄的眼睛，比灯笼还大，正漠然地俯瞰着他们这些渺小的虫子。"
第129章 爸爸，我好怕……啪！逆女，闭嘴！,https://www.biquh.com/678_678189/65985897_3.html,"
泰坦巨猿！
弗兰德的脑子里“嗡”的一声，一片空白。
怎么可能？
这种只存在于传说中的森林帝皇，为什么会出现在外围区域？
“别……别动。”
赵无极的声音干涩得像是砂纸在摩擦，“谁都别动，别释放魂力！”
“尊敬的森林霸主，我们无意闯入您的领地，如果都您造成了冒犯，我们这就离开。”
但泰坦巨猿显然不想搭理他。
它只是抬起了手。
比一辆马车还要巨大的手掌缓缓落下。
目标不是别人。
正是小舞。
“小舞！”
唐三的尖叫撕裂了夜空。
可一切都太快了。
巨猿的手掌只是轻轻一捞，就将那个活蹦乱跳的少女，抓在手中。
小舞甚至“没来得及”躲闪，就那么被带离了地面。
众所周知，小舞受伤=唐三爆种。"
第129章 爸爸，我好怕……啪！逆女，闭嘴！,https://www.biquh.com/678_678189/65985897_4.html,"
见到自己的小舞被抓，唐三立刻变得双目猩红，气喘如牛。
手腕翻飞，各种唐门暗器化作一片密集的钢雨，铺天盖地地射向泰坦巨猿！
这暗器效果不能说很好吧，只能说是毛用没有。
这种程度的攻击，连给他挠痒痒都算不算......
泰坦巨猿没兴趣理会唐三，抓着小舞，转身就要没入黑暗。
“第七魂技！武魂真身！”*2
两位魂圣的怒吼响彻林间。
一头巨大的四眼猫鹰和一尊威猛的大力金刚熊，同时出现在这片空地上，悍然迎向那座不可战胜的“大山”。
弗兰德和赵无极同时怒吼，武魂真身瞬间开启，一左一右扑了上去。
“戴沐白，带他们走！快！”弗兰德的声音已经变形。
唐三的眼睛红了，死死盯着被巨猿抓走的小舞。
“小舞！”
他不可能走。
可笑的是，戴沐白、马红俊这帮人，竟然也一个个跟打了鸡血似的，非但不跑，反而摆开了架势。
“我们是伙伴！决不会抛下任何一个人！”
“没错！史莱克没有孬种！”
真是感人肺腑。"
第129章 爸爸，我好怕……啪！逆女，闭嘴！,https://www.biquh.com/678_678189/65985897_5.html,"
宁荣荣的七宝琉璃塔光芒大放，几道增益光芒没入弗兰德和赵无极身上。
然而，并没有什么用。
泰坦巨猿反手随意地向后挥了一下。
砰！
一声巨响。
弗兰德的猫鹰真身，被一巴掌从半空中拍了下来，羽毛纷飞，像一颗陨石砸进地面。
砰！
又一声闷响。
赵无极那武魂真身当场溃散，赵无极喷着血倒飞出去，撞断了数棵大树才停下。
两大主力瞬间溃败，小舞即将消失在黑暗中。
就在这绝望的一刻。
夜空，被剑光撕裂。
“第六魂技，万剑归宗！”
一道冷峻的声音仿佛从九天之上传来。
紧接着，成千上万道璀璨的剑影凭空而生，汇成一股奔流不息的钢铁洪流，带着斩断一切的气势，直冲泰坦巨猿！
这突如其来的变故，让不可一世的泰坦巨猿都愣住了。
它发出一声低沉的咆哮，来不及多想，急忙转身，用自己庞大的身躯死死护住手里的小舞。
剑雨倾盆而下，密集地砸在巨猿的背上，发出一阵阵金铁交鸣的闷响。"
第129章 爸爸，我好怕……啪！逆女，闭嘴！,https://www.biquh.com/678_678189/65985897_6.html,"
虽然泰坦巨猿皮糙肉厚，未受重创，但这惊天动地的魂技，成功阻拦了它的脚步。
这熟悉的魂技，让绝望中的宁荣荣发出一声惊喜的尖叫。
“是剑爷爷！”
“小舞有救了！”
剑光散去。
三道身影飘然落地。
为首的，是宁风致。
他身后，站着面无表情的剑斗罗和神色复杂的骨斗罗。
“爸爸！剑爷爷！骨头爷爷！”
宁荣荣看清来人，眼泪，瞬间夺眶而出。
之前在学院受的所有委屈，被孤立的难过，以及刚才的绝望，此刻全部化作了滔天的喜悦和安心。
是爸爸来了！
是她最坚实的后盾来了！
那个无论她闯了多大的祸，都会无条件站在她这边，为她摆平一切的父亲，来了！
而唐三，在听到宁荣荣对三人称呼的瞬间，那颗因小舞被抓而几乎停跳的心脏，重新剧烈地搏动起来。
七宝琉璃宗宗主！
还有两位封号斗罗！"
第129章 爸爸，我好怕……啪！逆女，闭嘴！,https://www.biquh.com/678_678189/65985897_7.html,"
有救了！小舞有救了！
只要说服他们，凭借两位封号斗罗的实力，绝对能把小舞从泰坦巨猿手里救下来！
他甚至已经想好了说辞，准备上前请求。
宁荣荣已经像一只受惊的小鹿，哭着朝宁风致扑了过去。
“爸爸，你终于来了，我好怕……”
她期待着那个熟悉的、温暖的怀抱。
期待着父亲一如既往的安慰和宠溺。
唐三也迈出了脚步，正要开口。
可下一秒。
一声清脆到极点的声响，让森林里所有声音都消失了。
啪！
唐三所有的话，都堵死在了喉咙里。
他整个人都定住了，像是被人施了定身咒。
史莱克学院的所有人，弗兰德，赵无极，戴沐白……全都石化当场。
因为在他们眼前，宁风致面对扑过来的女儿，没有拥抱，没有安慰。
只有一记用尽了全力的，毫不留情的耳光，狠狠抽在了宁荣荣的脸上。"
第130章 你吼什么！拿泰坦巨猿当出气筒。,https://www.biquh.com/678_678189/65985898.html,"
“爸爸？”
宁荣荣捂着脸，整个人都傻了。
左边脸颊火辣辣地疼，像被烧红的烙铁烫过，五个清晰的指印迅速浮现。
她难以置信地看着宁风致，记忆里永远对她温和笑着的父亲，此刻那张脸，却冷得像一块冰。
那眼神里没有心疼，没有愤怒，只有一片让她感到刺骨寒意的……陌生。
她心里一慌，那股灭顶的恐惧让她本能地转向自己最依赖的靠山。
“剑爷爷……”
话音未落，剑斗罗尘心却面无表情地向后退了一步。
就这一步，看似很轻，却像一道无形的天堑，将两人永远地隔开。
宁荣荣伸出的手，就那么僵在了半空，指尖离剑斗罗的衣角，不过咫尺，却宛若天涯。
她最后的希望，落在了骨斗罗身上，带着哭腔哀求道：“骨头爷爷……”
然而，那个总是爽朗大笑，会把她扛在肩头的铁塔般的汉子。
此刻却只是重重地叹了口气，眼眶微微泛红，却还是狠心地扭过了头，不忍再看她一眼。
被最亲近的三个人，用三种截然不同的方式，在同一瞬间，彻底抛弃。
这一刻，某种支撑着她的东西，从根基处，轰然碎裂。
刚刚止住的眼泪，再也控制不住，像是断了线的珠子，疯狂涌出。她声音发颤，带着哭腔，像个在暴风雪中迷路的孩子，无助地哀嚎：
“爸爸，剑爷爷，骨头爷爷……”
“你们……你们为什么不要荣荣了？你们不爱我了吗？”"
第130章 你吼什么！拿泰坦巨猿当出气筒。,https://www.biquh.com/678_678189/65985898_2.html,"
这句话像一根无形的针，扎进了宁风致、剑斗罗和骨斗罗的心里。
爱？
怎么可能不爱。
那是捧在手心怕摔了，含在嘴里怕化了，集全宗门宠爱于一身的珍宝。
可现在，这份爱，是催命的毒药，是灭族的祸根。
宁风致看着女儿那张挂着泪痕和指印的脸，心脏像是被一只无形的大手攥住，疼得几乎要窒息。
但他不能为了自己的女儿，置七宝琉璃宗数千人命于不顾，更不能因为一个宁荣荣，就断送了七宝琉璃宗不知多少代的传承！
他只能用更冷的漠然，来掩饰那份几乎要将他撕裂的心痛。
剑斗罗尘心，那双因为领悟了“独孤九剑”而变得愈发通透的眼眸里，此刻也只剩下一片死寂。
他看到了这场灾祸中的所有“破绽”，也看到了唯一的“生机”。
而那生机，恰恰需要斩断眼前这份最珍贵的亲情。
他默默地，又向后退了半步。
“吼——！！”
一声震耳欲聋的咆哮，打断了这压抑到极点的氛围。
是泰坦巨猿。
它在不满。
不满这三只渺小的人类先是偷袭，后又无视它的存在，在它面前上演家庭伦理剧。"
第130章 你吼什么！拿泰坦巨猿当出气筒。,https://www.biquh.com/678_678189/65985898_3.html,"
可这声咆哮，却像一根烧红的钢针，狠狠刺穿了宁风致紧绷到极限的神经。
他脑子里那根名为“理智”的弦，当场崩断。
宁风致猛地转过头。
他双目赤红，死死盯住那头山一般的巨猿，脸上再无半分大陆第一辅助系魂师的儒雅风度。
那张扭曲的脸上，只剩下两个字。
疯狂。
“该死的畜生！”
宁风致的声音嘶哑得像两块破铁在摩擦，他用尽全身的力气，指着那山岳般的巨猿。
“你吼什么！！”
他状若疯魔，对着剑斗罗和骨斗罗的方向，发出了这辈子最失态的嘶吼。
“剑叔！骨叔！”
“给我撕了它！”
“是，宗主！”
剑斗罗与骨斗罗身上那股压抑的死气，瞬间化为沸腾的杀意。
没有半分犹豫。
他们同样需要一个宣泄口。
一个能让他们倾泻所有悔恨、痛苦和恐惧的沙袋！
眼前的泰坦巨猿，再合适不过了！"
第130章 你吼什么！拿泰坦巨猿当出气筒。,https://www.biquh.com/678_678189/65985898_4.html,"
宁风致手掌一翻，那座流光溢彩的八层宝塔冲天而起，八色光华前所未有地炽烈，几乎要烧穿这片夜空。
他将所有的心神，所有的魂力，所有的绝望，尽数灌注其中。
至于他那个还呆愣在原地，满脸泪痕的女儿？
他一眼都没再看。
宁荣荣看着父亲武魂上那匪夷所思的第八层，先是愣住。
紧接着，一股巨大的、不合时宜的狂喜，瞬间淹没了她先前所有的委屈和不解。
爸爸的武魂……进化了！
我们七宝琉璃宗数千年的梦想……实现了！
唐三此时也从震惊中反应过来，他看着那即将被怒火淹没的巨猿，急切地冲着三人的背影大喊。
“三位前辈！小舞！小舞还在那魂兽手里，求求你们，救救她！”
他以为，以宁荣荣同学的关系，这个请求合情合理。
若是平时听到荣荣同学这种请求，在没有任何损失的情况下，宁风致自然会考虑帮忙救人。
但你也不看看现在他们仨是个什么心情？
宁风致甚至没有回头。
他只是从牙缝里，挤出一个冰冷的、自嘲的音节。
“救她？”
紧接着，是一阵压抑不住的，近乎癫狂的低笑。"
第130章 你吼什么！拿泰坦巨猿当出气筒。,https://www.biquh.com/678_678189/65985898_5.html,"
“呵……”
“哈哈……哈哈哈哈哈哈！”
“我救她，那谁又来救我宁家满门！？”
“滚！”
最后那个字，如同惊雷，炸得唐三脑中一片空白。
这一刻，宁荣荣也察觉到了异样。
不对劲。
太不对劲了。
这根本不是战斗。
这是一场歇斯底里的发泄！
过去的父亲，运筹帷幄，每一次辅助都用在刀刃上，精准无比。
可现在，他只是机械地、疯狂地将一道道增幅光环不要钱似的砸在剑斗罗和骨斗罗身上。
魂力像是开了闸的洪水，毫无节制地倾泻而出。
剑爷爷也是。
他的剑，向来是大陆最锋利的剑，一击致命，追求的是最极致的“破”。
可现在，他挥出的每一剑，都是大开大合，魂技的光芒照亮了半个夜空，绚烂夺目，却浪费了七成以上的力道。
骨爷爷更是放弃了自己最擅长的空间限制与防御，像一头发了狂的野兽，用最原始的蛮力去和泰坦巨猿硬碰硬。
“院长......”"
第130章 你吼什么！拿泰坦巨猿当出气筒。,https://www.biquh.com/678_678189/65985898_6.html,"
唐三的声音干涩，他看着不远处那场华丽却混乱的战斗，扭头看向弗兰德。
“宁宗主他们……为什么这么打？”
弗兰德和赵无极对视一眼，都从对方眼中看到了恐惧。
他们当然也看出来了。
这两位封号斗罗，根本不是在攻击泰坦巨猿的要害。
他们只是在用最耗费魂力的方式，将自己的魂技，一招一招地，砸在那头巨猿的身上！
像是在……出气。
赵无极几乎是下意识的开口提醒了一句。
“宁宗主，你们这样战斗……魂力消耗会不会太大了！？”
“闭嘴！”
宁风致猛地嘶吼一声，他双目猩红地转过头来，那眼神，如同地狱里爬出的恶鬼。
眸子中的怒火和杀意让赵无极背后冷汗直流，瞬间闭上了嘴。
“再敢多嘴，我连你一起杀！”"
第131章 挑选“决胜战衣”，准备“夜袭”的朱竹云,https://www.biquh.com/678_678189/65985899.html,"
送走最后一个赖着不走的顾客比比东，又把门口当门神杵着的千道流打发走。
枫染亭也终于结束了今日的营业。
林枫打着哈欠，三步并作两步窜回二楼自己的房间，一头扎进柔软的大床里。
“系统，报账！”
【叮！今日营业额总计：575000金魂币。】
【按照10:1比例兑换，恭喜杂鱼宿主获得美食积分：57500点。】
五万七千五！
爽！
林枫感觉自己浑身上下每一个毛孔都舒展开了。
还得是封号斗罗啊，这韭菜割起来，就是又快又爽！
然而，狂喜之后，巨大的空虚感席卷而来。
数完钱后的人生，总是这么的朴实，且枯燥。
林枫躺在床上，翘着二郎腿，开始寻思着给自己找点乐子。
今晚去自家员工的梦里视察一下工作？
对，就这么干！
身为一个体恤下属的良心老板，关心员工的身心健康和睡眠质量，不是理所应当的吗？
这个念头一起，林枫整个人都精神了。
他从系统空间里摸出一块流光溢彩，看起来就特别不正经的水晶。"
第131章 挑选“决胜战衣”，准备“夜袭”的朱竹云,https://www.biquh.com/678_678189/65985899_2.html,"
梦境主宰！
梦幻水晶的ProMaxPlus版本！
功能更加强大，发动方式简单粗暴，心里默念名字就行，堪称偷……咳，员工关怀神器！
“嗯，纯粹是为了搞好团队建设，增进老板与员工之间的感情。”
林枫一本正经地给自己找好了借口。
那么问题来了。
今晚，该翻哪个小员工的牌子呢？
胡列娜太忠心，梦里估计都在念叨“前辈牛逼”。
朱竹清太努力，怕不是在梦里都在修炼。
那就……朱竹云吧。
嘿嘿。
这个带劲。
林枫清了清嗓子，努力让自己看起来像个正人君子，手握水晶，心中默念。
“我发誓，我绝对没有别的意思，阿门。”
“朱竹云。”
一秒......
五秒......"
第131章 挑选“决胜战衣”，准备“夜袭”的朱竹云,https://www.biquh.com/678_678189/65985899_3.html,"
十秒......
房间里依旧是死一般寂静，林枫脸上的贱笑一点点僵住。
嗯？
延迟太高？网卡了？
他把水晶拿到眼前，使劲晃了晃，跟摇一个没信号的老人机似的。
再来一次！
还是没反应。
林枫沉默了。
“系统，你给我滚出来！”他在脑子里咆哮。
“你这破玩意儿是不是拼夕夕九块九包邮砍来的？怎么是个残次品！我要给差评！”
系统那欠揍的电子音幽幽响起。
【杂鱼宿主，请搞清楚，要进入对方梦境，最基本的前提是……对方得睡着了。】
【你选的目标，现在非但没睡。】
【她甚至还在纠结，今晚穿什么款式的睡衣来夜袭你，成功率会比较高。】
林枫：？？？
夜......夜袭？
他还没反应过来，系统已经十分贴心地在他面前投影出一道光幕，画质高清，自带夜视，隔壁房间的情景清晰得仿佛就在眼前。
那里，也就是朱竹云精心挑选的房间内。"
第131章 挑选“决胜战衣”，准备“夜袭”的朱竹云,https://www.biquh.com/678_678189/65985899_4.html,"
这里没有开灯。
只有清冷的月光透过雕花木窗，在地板上投下一片冰冷的银辉，勾勒出一道动人心魄的曼妙曲线。
朱竹云刚洗完澡，身上只松松垮垮地披着一件浴巾，堪堪遮住关键部位。
乌黑的长发还在滴着水，水珠顺着她修长白皙的脖颈滑落，没入深邃的沟壑，消失不见。
她赤着一双莹白如玉的脚，踩在冰凉的木地板上，却丝毫感觉不到寒意。
她的内心，正燃烧着一团火。
机会！
这是千载难逢的机会！
朱竹云很清楚，遇见林枫，是她这辈子最大的机缘。
一步登天的梯子，就摆在眼前。
但想爬上去，太难了。
前辈身边，胡列娜那个狐媚子，是标准的忠犬，指哪打哪，忠诚度拉满了。
教皇比比东，是砸钱不眨眼的氪金大佬，纯纯的钞能力玩家。
一个拼忠心，一个拼钱包。
她朱竹云，拿什么跟人家争？
她低头看了一眼自己引以为傲的资本。
呵。"
第131章 挑选“决胜战衣”，准备“夜袭”的朱竹云,https://www.biquh.com/678_678189/65985899_5.html,"
看来，只能拼“服务”了。
她必须……先一步抓住未来！
她走到床边，从自己的魂导器里，小心翼翼地捧出一个丝绸小包打开。
林枫的眼睛瞬间就直了。
好家伙！我直接一个好家伙！
里面是几件她前两天在朱家，就早已准备好的……决胜战衣。
一件是薄如蝉翼的黑色蕾丝，布料少得可怜，只有几根细得过分的绳儿连接着关键部位。
还有一套，是纯白色的，看起来清纯无辜，却在关键位置大胆镂空。
最后一件，是能将她完美身材勾勒得淋漓尽致的紫色紧身款。
每一件，都足以让大陆上任何一个男人疯狂。
朱竹云的脸颊在月光下泛着诱人的红晕，呼吸都变得急促起来。
她咬着下唇，手指在三件衣物上犹豫不决。
最终，她的指尖，落在了那件最能体现她成熟风韵的紫色款式上。
就它了！
做出决定的瞬间，她的心跳快得几乎要从嗓子眼里蹦出来。
她换上衣服，走到镜子前。
镜中的女人，身姿婀娜，曲线惊人，那双妩媚的眸子在黑暗中亮得惊人，充满了野心和一丝豁出去的决绝。
她深吸一口气，像是给自己鼓劲。"
第131章 挑选“决胜战衣”，准备“夜袭”的朱竹云,https://www.biquh.com/678_678189/65985899_6.html,"
然后，她光着脚，一步一步，悄无声息地走出了自己的房间。
走廊里一片寂静。
林枫的房门，就在不远处。
那扇门后，是她一步登天的捷径，是能让她和妹妹彻底摆脱宿命的无上机缘！
朱竹云走到了门前。
她能清晰地听到自己擂鼓般的心跳声。
手，缓缓抬起。
指尖，已经触碰到了冰凉的门板。
只要敲下去……
不，甚至不用敲。
只要轻轻一推，以前辈那深不可测的实力，肯定会瞬间察觉。
可她的手，却在距离门板一寸的地方，停住了。
万一……
万一前辈觉得我轻浮，心生厌恶怎么办？
万一我弄巧成拙，不但没能获得恩宠，反而被赶出了枫染亭……
那岂不是得不偿失！
前辈的性格，看似随和懒散，实则高深莫测，无人能真正看透。"
第131章 挑选“决胜战衣”，准备“夜袭”的朱竹云,https://www.biquh.com/678_678189/65985899_7.html,"
胡列娜的忠诚，妹妹的纯粹，或许才是前辈真正欣赏的品质。
自己这般主动……会不会太急切了？
冷汗，从她的额角渗出。
那股足以让她豁出一切的勇气，在即将成功的最后一刻，如同泄了气的皮球，迅速干瘪下去。
最终，朱竹云咬了咬牙，像是做出了一个无比艰难的决定。
她缓缓收回手，捂着自己滚烫的身体，像一只偷腥失败的小猫，灰溜溜地、一步三回头地跑回了自己的房间。
“不行……还是太冒险了。”
她背靠着自己冰冷的房门，大口喘着气，在心里安慰自己。
“现在亲密度还不够……被前辈赶出去就全完了。”
“再等等，再刷一段时间的好感度……”
“对，不急，不急于一时……”
而在她隔壁。
林枫看着眼前消失的光幕，眼神中满是无语。
“切，雷声大雨点小。”"
第132章 小舞身份暴露！唐三的惊惧！,https://www.biquh.com/678_678189/65985900.html,"
林枫撇了撇嘴，感觉自己像是被耍了。
裤子……咳，情绪都酝酿好了，你就给我看这个？
算了，还是去胡列娜的梦境里看看吧。
......
星斗大森林，夜色如墨。
骨斗罗古榕与泰坦巨猿又一次撼天动地的对撞后，身形在空中出现了刹那的凝滞。
就是这短暂的空隙。
他的目光穿透了肆虐的魂力风暴，越过了巨猿山岳般的臂膀，死死钉在了那巨掌之中。
被泰坦巨猿死死护住的女孩，小舞。
她那张总是挂着天真笑容的脸，此刻只剩下一片惨白。
但这都不是重点。
重点是，在他那封号斗罗级别的感知里，这个女孩的身体中，盘踞着一股浓郁到化不开的魂兽气息。
她不是人？！
古榕的瞳孔瞬间缩成针尖大小。
一个荒谬，却又唯一的答案，在他脑子里轰然炸响。
他猛地扭头，用尽全身的力气，朝着后方那已经状若疯魔的宁风致和剑斗罗，发出了一声惊骇到变调的嘶吼。
“风致！老剑人！”
“那个女娃！是十万年魂兽化形！！”"
第132章 小舞身份暴露！唐三的惊惧！,https://www.biquh.com/678_678189/65985900_2.html,"
声音撕裂夜空。
整个战场，被按下了暂停键。
剑斗罗的万千剑影悬停在半空，宁风致托举八宝琉璃塔的动作也僵在原地。
所有人的动作都定格了。
互相搀扶着的弗兰德和赵无极面面相觑，都以为自己的耳朵出了毛病，下一秒，无尽的狂热涌上心头。
戴沐白、马红俊、奥斯卡，他们脸上的表情，在短短一秒内，完成了从呆滞到狂热的转变。
那不是惊喜。
那是贪婪，是灼热到毫不掩饰的、赤裸裸的贪婪。
十万年魂兽。
这五个字，对任何魂师而言，都意味着一步登天。
一枚十万年魂环，以及……一块必定会产出的十万年魂骨！
这是足以让封号斗罗都为之血战的至宝！
足以改变一个宗门千年命运的无上机缘！
“咕咚。”
奥斯卡吞咽口水的声音，在死寂的林间格外清晰。
他看着小舞的眼神，再也不是看一个同学，而是在看一条能让他一飞冲天的黄金阶梯。
戴沐白的邪眸里，金光暴涨，呼吸粗重如牛。"
第132章 小舞身份暴露！唐三的惊惧！,https://www.biquh.com/678_678189/65985900_3.html,"
他死死盯着小舞，仿佛已经看到自己吸收了魂环魂骨，将戴维斯踩在脚下，父皇那张写满震惊与赞许的脸。
就连脸颊红肿的宁荣荣，看向小舞的眼神也变了。
她不需要十万年魂环魂骨。
但这不代表她的剑爷爷骨头爷爷不需要啊。
如果他们二人之一能够吸收十万年魂骨，她们七宝琉璃宗的实力将会更上一层楼！
这个念头一起，她看向小舞的眼神，比戴沐白和奥斯卡更加炙热。
而在所有贪婪的目光中，只有唐三的反应，格格不入。
他没有贪婪，只有茫然。
“不……不可能……”
他下意识地喃喃自语，根本无法接受这个事实。
小舞怎么可能是魂兽？
那个会甜甜地叫他“哥”，会和他盖一床被子，会因为他受一点伤就哭鼻子的女孩，怎么可能是魂兽？
但吼出这句话的，是封号斗罗。
当这个事实无法再被否认时，唐三感觉自己的世界，塌了。
小舞是魂兽。
她骗了自己。
整整六年！
他，一个心思缜密、带着前世记忆的唐门精英。"
第132章 小舞身份暴露！唐三的惊惧！,https://www.biquh.com/678_678189/65985900_4.html,"
竟然与一只恐怖的十万年魂兽，同吃同睡了整整六年！连他的紫极魔瞳都未能看穿分毫！
一股刺骨的寒意，从他的尾椎骨猛地窜上天灵盖，让他浑身的汗毛都倒竖了起来。
她潜伏在我身边六年，是为了什么？
图谋我的暗器？我的功法？还是……把我当成她在人类世界行走的伪装和护身符？
无数个冰冷的念头，瞬间冲垮了他所有的兄妹之情。
他看着小舞的眼神，变了。
那里面再没有半分温柔与宠溺。
取而代之的，是惊恐，是后怕，是被彻底欺骗后的审视与疏离。
他甚至下意识地，朝后退了半步。
仅仅是半步。
对于被泰坦巨猿护在掌心的小舞而言，这半步，却隔开了两个世界。
她一直看着他。
从骨斗罗吼出那句话开始，她的目光，就死死锁在唐三身上。
戴沐白的贪婪，奥斯卡的垂涎，宁荣荣的算计，她都看到了，但她不在乎。
封号斗罗的追杀，她也不在乎。
她在乎的，只有他。
她视为唯一亲人的唐三。"
第132章 小舞身份暴露！唐三的惊惧！,https://www.biquh.com/678_678189/65985900_5.html,"
可是，她看到了什么？
她没有在他眼中看到贪婪，倒不如说如果有或许还能让她好受一点。
她看到的，是惊恐。
是审视。
是看一个彻头彻尾的怪物时，那种下意识的疏远和戒备。
最后，是那要了她命的，下意识的半步后退。
原来，六年的朝夕相处，六年的兄妹情深，都抵不过“魂兽”这两个字。
原来，他跟外面那些人，没什么不同。
那一瞬间，小舞感觉自己被整个世界抛弃了。
一滴绝望的泪，从她眼角滑落，滚烫。
她放弃了所有伪装，放弃了所有幻想，用尽最后一丝力气，朝着泰坦巨猿喊出了那个熟悉的名字。
“二明！”
她的声音，带着泣血般的悲鸣。
“别跟他们打了，我们走！”
泰坦巨猿心中的滔天怒火，在听到这个声音的瞬间，被强行浇灭。
它不敢有丝毫犹豫。
保护小舞姐，是它唯一的使命。
它咆哮一声，庞大的身躯猛地一转，迈开大步，朝着森林深处全速狂奔。"
第132章 小舞身份暴露！唐三的惊惧！,https://www.biquh.com/678_678189/65985900_6.html,"
“想走？！”
剑斗罗和骨斗罗同时反应过来，下意识地就要追上去。
那可是行走的十万年魂环和魂骨！
虽然被另一头十万年魂兽保护着，但拼一把，还是有很大概率拿下的。
然而，一个低沉的声音，拦住了他们。
“别追了。”
是宁风致。
他面无表情，那张儒雅的脸，此刻阴沉得能拧出水来。
“一只畜生化形罢了。”
“眼下，正事要紧。”
他口中的“正事”，自然是指带着宁荣荣，回到那个让他寝食难安的地方，去跪地赔罪。
若是以往，别说一只十万年魂兽化形，就算是一块十万年的魂骨，他宁风致拼了宗门半数家底也要拿下。
可现在……
灭族的危机，如同达摩克利斯之剑，悬在他的头顶。
他哪里还有半分心情，去管什么天赐的机缘？
听到宁风致的提醒，剑骨斗罗才猛地惊醒，是啊，和那位前辈的怒火比起来，区区十万年魂兽，又算得了什么？
两人压下心中的不甘，重新回到宁风致身边。"
第132章 小舞身份暴露！唐三的惊惧！,https://www.biquh.com/678_678189/65985900_7.html,"
见到小舞逃掉，最为惋惜的就是宁荣荣了。
她跑了过来，语气里满是天真的埋怨。
“哎呀，爸爸，你怎么不让剑爷爷和骨头爷爷追下去啊？那可是十万年魂兽诶！”
她是真的替宗门错失机缘而感到可惜，但很快她就把这事儿抛到脑后，双眼放光地看着宁风致手中那前所未见的八宝琉璃塔。
“爸爸，你是怎么突破武魂限制的啊？我们七宝琉璃宗的千年夙愿终于实现了！”
她天真地以为，宁风致会满心欢喜的与自己分享喜悦与心得。
可当她一抬头，对上的，却是宁风致那愈发阴沉，甚至带着一丝……死气的脸。"
第133章 戴沐白作死！骂朱竹清“贱人”,https://www.biquh.com/678_678189/65985901.html,"
“爸爸，你怎么了？”
宁荣荣满眼不解，“你的武魂……我们成功了！为什么不高兴啊？”
宁风致看着女儿那张天真到愚蠢的脸，忽然笑了。
那笑声干涩、沙哑，像两块碎玻璃在喉咙里摩擦。
“我怎么了？”
他死死盯着她，每一个字都像是从牙缝里挤出来的。
“宁荣荣，我怎么了，你心里当真一点数都没有吗？”
这眼神，冰冷、陌生，仿佛在看一个毁掉他全部心血的仇人。
宁荣荣心头猛地一跳，一股寒气从脚底板直冲天灵盖。
宁风致脸上的笑意消失得无影无踪，只剩下死一般的冰冷。
“我问你。”
“你最近，是不是听到过一个声音？”
他的嘴唇哆嗦了一下，才从牙缝里挤出那几个字。
“一个自称……‘枫染亭意志’的声音？”
枫染亭？
宁荣荣愣住了，这个名字有些耳熟，她努力在混乱的脑子里搜索。
片刻后，她想起来了。
不就是那个在她脑子里神神叨叨，想让她去当服务员的声音吗？"
第133章 戴沐白作死！骂朱竹清“贱人”,https://www.biquh.com/678_678189/65985901_2.html,"
她疑惑地看向宁风致，不明白父亲为何突然提起这个。
看到她这副模样，宁风致心中最后一点侥幸也破灭了，他再也压不住那股足以焚毁一切的恐惧和怒火。
“回答我！”
一声暴喝，如同炸雷。
“是……是听到过。”
宁荣荣吓得一哆嗦，下意识地点了点头，随即委屈地辩解道“
“可这跟您生气有什么……”
“有什么关系？！”
宁风致猛地一挥手，声嘶力竭地咆哮：“关系大了！”
“你知不知道！你这个逆女！因为你的无知和傲慢，究竟给我们七宝琉璃宗，惹来了怎样的祸端！？”
奥斯卡看着宁荣荣被骂得抬不起头来，浑身发抖，终究是于心不忍。
他鼓起勇气上前一步，想替她说句好话。
“宁叔叔，您消消气，荣荣她也不是故意的……”
话音未落。
宁风致猩红的眼睛猛地转向他，那眼神里的疯狂让奥斯卡瞬间失声。
“滚！”
他抬腿就是一脚，裹挟着魂力狠狠踹在奥斯卡的胸口。"
第133章 戴沐白作死！骂朱竹清“贱人”,https://www.biquh.com/678_678189/65985901_3.html,"
奥斯卡闷哼一声，酸水都吐出来了，整个人像个破麻袋一样倒飞出去，重重砸在地上，半天爬不起来。
而作为老师的赵无极和弗兰德，只是快步上前，一人架住奥斯卡的一边胳膊，将他从地上拖了起来。
全程，两人都低着头。
连看一眼宁风致的勇气都没有。
至于为学生讨个公道？
别开玩笑了。
他们毫不怀疑，现在谁敢多说一个字，下一秒就会变成一具尸体。
眼前的宁风致，就是一头被逼入绝境，随时会噬人的野兽。
谁碰谁死。
宁风致看都没看两人一眼，只是指着奥斯卡继续嘶吼。
“你算个什么东西！”
“这里有你插嘴的份吗？！”
宁风致这才把视线，重新落回宁荣荣的身上。
“你可知那枫染亭的主人是怎样的存在？”
“弹指间，便可令封号斗罗当场晋级。”
“随手一指，便解了我七宝琉璃宗千年都无法突破的桎梏！”
他的声音不大，却像一把冰锥，狠狠扎进在场每个人的耳朵里。
“可你！”"
第133章 戴沐白作死！骂朱竹清“贱人”,https://www.biquh.com/678_678189/65985901_4.html,"
宁风致的声音陡然拔高，那张儒雅的脸因为极致的愤怒而扭曲，显得格外狰狞。
“你这个逆女，竟然拒绝了那位前辈的邀请！”
“甚至还敢口出狂言，说什么要拆了那位前辈的店！”
空气死一般的寂静。
弹指间让封号斗罗晋级？
这是什么概念？
弗兰德和赵无极下意识地对视一眼，喉结滚动，却一个字都说不出来。
他们脑子里第一反应是：假的。
可说出这句话的，是宁风致。
是七宝琉璃宗的宗主。
他疯了？
“爸爸……”
宁荣荣终于从那句话的冲击中回过神，她看着父亲扭曲的面孔，非但没有害怕，反而升起一股荒谬的愤怒。
她忍不住尖声反驳。
“这种鬼话你也信？”
“你一定是被人骗了！大陆上怎么可能会有这种人！”
宁荣荣的声音又尖又利。"
第133章 戴沐白作死！骂朱竹清“贱人”,https://www.biquh.com/678_678189/65985901_5.html,"
这句话，也说出了戴沐白和唐三等人的心声。
这太假了。
假得像个笑话。
他们甚至觉得，宁风致是不是因为女儿闯祸，气急攻心，说胡话了。
“呵~”
然而，宁风致不仅没有被说服，反而发出了一声极度嘲弄的冷笑。
嘴里吐出一个所有人都意想不到的名字。
“被骗？”
“那你还记不记得，朱竹清？”
这个名字一出来，史莱克众人里，有几个人的脸色瞬间就变了。
那个弗兰德院长前两天还信誓旦旦，要派人跟踪，从她身上挖出仙草秘密的女孩。
那个在戴沐白和唐三眼皮子底下，凭空消失的女孩。
宁荣荣当然也记得，她撇了撇嘴，认为父亲又在乱扯了。
宁风致将她脸上那细微的不屑尽收眼底，y语气彻底化为冰渣。
“你知不知道。”
他咬着牙，一字一顿说出接下来的话。
“就因为你的拒绝，那位前辈随手丢下的恩赐，被她捡了去。”
“因为你的傲慢，本该属于我们七宝琉璃宗的无上机缘，现在落到了她的头上！”"
第133章 戴沐白作死！骂朱竹清“贱人”,https://www.biquh.com/678_678189/65985901_6.html,"
宁风致的音量陡然拔高，那张儒雅的脸因为充血而涨红，青筋在额角突突直跳。
“我今天，就在那个地方见到了她！”
“她已经是魂尊了！”
“是你！”
宁风致的手指几乎要戳到宁荣荣的鼻子上。
“是你把这份天大的机缘，亲手！白白地！送给了外人！”
魂尊？！
宁荣荣脑子里嗡的一声。
这才几天？！
可她还没来得及消化这个信息，旁边就传来一个压抑着暴怒、几乎是咬碎了后槽牙才挤出来的声音。
“原来……那个贱人是这样得到仙草的！”
“她竟敢背叛我，投靠别的男人！逃到那个名为枫染亭的地方去了？！”
原本还在嘶吼的宁风致，声音戛然而止。
他脸上所有的表情，无论是对女儿的心痛，还是对宗门未来的恐惧，都在这一刻被瞬间抽干。
只剩下一片绝对的、死寂的冰冷。
他缓缓转过头。
那目光不再看自己的女儿，而是越过所有人，死死钉在了声音传来的方向。
一直沉默的剑斗罗与骨斗罗，动作几乎与他完全同步，全都面无表情的朝着那里看去。"
第134章 说完了？剑叔，斩他一臂！,https://www.biquh.com/678_678189/65985902.html,"
森林里最后一丝风，也停了。
戴沐白那句充满暴怒和占有欲的嘶吼，还在林间回荡。
史莱克学院的每一个人，都清晰地看到了宁风致转过头的动作。
很慢。
慢到足以看清他脸上每一丝肌肉的抽动。
他的目光，越过了所有人，像两枚淬了剧毒的钢针，死死钉在了戴沐白的脸上。
他身后的剑斗罗与骨斗罗，如两尊没有生命的雕塑，几乎在同一时间转过身。
两人的脸上，是同款的，毫无生机的漠然。
“你，说什么？”
宁风致开口了，声音很轻，很平静，听不出喜怒。
可弗兰德和赵无极，却在这平静的语调中，听到了山崩海啸前的死寂。
两人浑身的鸡皮疙瘩瞬间炸起，一股源自灵魂深处的恐惧，让他们的大脑一片空白。
然而，戴沐白没有这种觉悟。
他正处在被背叛的暴怒与自尊心受创的屈辱之中。
在他看来，朱竹清是他戴沐白的未婚妻，是他未来的太子妃，是他宣示了所有权的私有物。
现在，这件“物品”不但带着本该属于他的机缘跑了，还搭上了别的男人！
这让他如何能忍？
听到宁风致那轻飘飘的问话，戴沐白非但没有察觉到任何危险，反而精神一振。"
第134章 说完了？剑叔，斩他一臂！,https://www.biquh.com/678_678189/65985902_2.html,"
听到宁风致的问话，戴沐白完全没察觉到任何不对。
他甚至以为，这位七宝琉璃宗的宗主，终于从女儿的闹剧中清醒过来，准备倾听“真相”了。
“宁宗主，看来你也被骗了。”
戴沐白往前一步，声音里充满了揭穿“真相”的得意。
“什么前辈高人？全是狗屁！”
“朱竹清那个贱人的实力提升，根本不是遇到了什么高人，而是走了狗屎运，得到了一株仙品药草！”
他看宁风致没什么反应，还以为对方不懂，愈发卖弄起来，将从唐三那里听来的一知半解，添油加醋地说了出来。
“所谓仙草，乃天地奇珍，一株，便可让人脱胎换骨，魂力大增！”
“那朱竹清，就是靠着仙草才在短时间内突破到了魂尊！”
弗兰德和赵无极的心脏已经快从嗓子眼里跳出来了，两人疯狂地给戴沐白使眼色，可后者却完全沉浸在自己的逻辑里。
他越说越激动，越说越觉得自己的计划天衣无缝。
“宁宗主，您想啊，既然那个贱人都能轻易得到一株仙草，那就证明那个什么店主手里肯定有更多仙草！”
“一个傻子，守着一座金山！”
戴沐白的眼中，迸发出贪婪而炽热的光。
他压低了声音，像是在分享一个天大的秘密，语气里充满了不容置疑的煽动性。
“我可以联系父皇，也就是星罗大帝，与七宝琉璃宗联手！”
“直接杀上门去，把那个什么狗屁老板抓起来！”"
第134章 说完了？剑叔，斩他一臂！,https://www.biquh.com/678_678189/65985902_3.html,"
“用尽酷刑，逼他交出所有的仙草！”
“届时，这些机缘，不就都是我们的了吗？！”
他说完了。
甚至还带着一丝期待，等着宁风致的赞许。
出人意料的是，宁风致笑了。
他甚至还慢条斯理地鼓起了掌。
啪。
啪。
啪。
掌声不急不缓，在这死寂的森林里，显得异常刺耳。
弗兰德和赵无极的心跳，随着这掌声，一下一下被攥紧，几乎要从喉咙里蹦出来。
他们能听出，这不是赞许。
这是葬礼的哀乐。
“好。”
宁风致点点头，脸上的笑意愈发浓郁，眼神却是一片死灰。
“好一个星罗帝国，好一个史莱克学院。”
“当真是……人才辈出啊。”
戴沐白没听出这其中的意味，还以为自己的“妙计”得到了认可，挺起胸膛，脸上露出几分得意。"
第134章 说完了？剑叔，斩他一臂！,https://www.biquh.com/678_678189/65985902_4.html,"
他正要再说些什么，比如联手之后利益如何分配。
宁风致平静的声音再次响起。
“剑叔。”
“先斩他一条胳膊。”
什么？
戴沐白脸上的得意僵住了。
史莱克所有人脑子都嗡的一声。
话音未落，剑斗罗甚至连身形都未曾移动，只是并指如剑，对着戴沐白的方向，轻轻一划。
没有绚烂的魂技光芒，没有惊天动地的声势。
只有一道快到极致，几乎无法用肉眼捕捉的微光，一闪而逝。
噗嗤。
一声皮肉被利器切开的闷响。
“啊——！！！”
戴沐白那撕心裂肺的惨叫，终于打破了这诡异的平静。
他的右臂，从肩膀处齐根而断，带着一蓬喷涌而出的鲜血，飞上半空，然后“啪叽”一声掉在不远处的草丛里。
断口平滑如镜。
剧痛，如同潮水，瞬间淹没了戴沐白的大脑。"
第134章 说完了？剑叔，斩他一臂！,https://www.biquh.com/678_678189/65985902_5.html,"
他双膝一软，跪倒在地，左手死死捂住肩膀上血流如注的伤口，身体剧烈地颤抖着，额头上青筋暴起，冷汗瞬间浸透了衣衫。
“我的手！我的手啊！！！”
他看着那截掉在草丛里的胳膊，瞳孔因为极致的恐惧和痛苦而缩成了针尖。
这一幕，把史莱克学院的所有人都吓傻了。
他们呆呆地看着这一切，浑身冰冷，如坠冰窟。
宁风致缓缓走到戴沐白面前，居高临下地俯视着他，眼神里没有怜悯，只有刺骨的蔑视。
“渣滓。”
他从牙缝里挤出两个字。
“就凭你，也配议论那位前辈？”
说完，他不再看地上哀嚎的戴沐-白，开始在这片空地上慢悠悠地踱步，像一头巡视领地的困兽。
他看向面无人色的弗兰德。
“弗兰德，我本以为，你这所谓的‘怪物学院’，环境虽然恶劣了些，但总归能磨一磨荣荣那丫头的性子。”
“现在看来，我错了。”
“错得离谱！”
宁风致的音量陡然拔高，他猛地转身，抬手一根根指向史莱克的学生，脸上满是癫狂的嘲弄。
“你看看你学院里都是些什么东西！？”
他指向在地上抽搐的戴沐白。
“一个被愤怒和欲望冲昏头脑，连死字都不知道怎么写的皇室废物！”"
第134章 说完了？剑叔，斩他一臂！,https://www.biquh.com/678_678189/65985902_6.html,"
他指向瘫软在地的奥斯卡。
“一个认不清自己几斤几两，妄图染指天鹅的癞蛤蟆！”
他指向吓得瑟瑟发抖的马红俊。
“一个脑子里除了女人，就没其东西的勾栏肥鸡！”
他的手指，最终又缓缓地，指向了泰坦巨猿消失的方向。
“甚至……”
“还有一个十万年的魂兽混在你们中间，你们却朝夕相处，懵然不知！”
宁风致的视线，最终从所有人脸上扫过，落在了唯一一个从头到尾都保持着沉默，此刻还没有从小舞身份脱离出来的唐三身上。
他笑了，笑得无比讽刺。
“还有......”
宁风致的手指，最终稳稳地，指向了唐三。
“一个能与十万年魂兽相处整整六年，却毫发无损的存在……”
“我都怀疑你是不是也是一只魂兽了！？”"
第135章 史莱克关闭？后悔的唐三,https://www.biquh.com/678_678189/65985903.html,"
最终，宁风致的耐心耗尽了。
他甚至懒得再多看史莱克这群人一眼，仿佛那会脏了他的眼睛。
他只是疲惫地一摆手。
“剑叔，带上这个逆女。”
“我们回武魂城，向前辈……赔罪。”
赔罪。
这两个字，他说得极其艰难。
剑斗罗尘心没有说话。
他只是沉默地转身，走向那个已经彻底傻掉的宁荣荣。
宁荣荣下意识地后退，她看着一步步走来的剑爷爷，那张冷峻的脸上，再也没有一丝一毫她所熟悉的宠溺。
“剑爷爷，我……”
她的话没能说完，尘心的手已经搭在了她的肩膀上。
然后她便感觉一股不容抗拒的力量封住了自己全身的魂力，整个人被提了起来，像是一只待宰的鸡仔。
骨斗罗古榕的目光，落在了地上还在抱着断臂哀嚎的戴沐白身上。
那眼神，充满了毫不掩饰的厌恶。
“宗主，这小杂碎呢？要不要......”
他抬起手，比划了一个抹脖子的动作。
杀意，凛冽如冬。"
第135章 史莱克关闭？后悔的唐三,https://www.biquh.com/678_678189/65985903_2.html,"
戴沐白被这股杀气一冲，哀嚎声都卡在了喉咙里，只剩下因为剧痛和恐惧而发出的“嗬嗬”声。
“带走。”
宁风致的声音冷得没有一丝温度。
“他不是想去抢前辈的宝物吗？不是觉得我们都被骗了吗？”
“正好，连同这个逆女一起，交给前辈，让前辈亲自发落。”
“是！”
骨斗罗应了一声走到戴沐白面前，在那张因痛苦而扭曲的脸上，重重一耳光扇了下去。
“啪！”
他二话不说，走到戴沐白面前，在那张因痛苦而扭曲的脸上，重重一耳光扇了下去。
戴沐白脑袋猛地一歪，几颗带血的牙齿飞了出去，人彻底晕死过去。
紧接着，骨斗罗像拖一条死狗一样，单手抓住戴沐白的脚踝，转身就走。
戴沐白那张平日里引以为傲的英俊脸庞，就这么在满是碎石和枯枝的林间土地上拖行，留下一道混杂着泥土与血迹的狼狈痕迹。
三道身影，很快便融入了无边的黑夜，消失得无影无踪。
森林，再次陷入死寂。
只有那截还带着余温的断臂，和一滩不断扩大的血泊，证明着刚才发生的一切不是噩梦。
过了许久。
“呕——”"
第135章 史莱克关闭？后悔的唐三,https://www.biquh.com/678_678189/65985903_3.html,"
奥斯卡再也忍不住，扶着一棵大树，将晚饭吐得一干二净。
他吐出的不只是食物，还有那深入骨髓的恐惧。
戴沐白被斩断手臂的画面，那喷涌的鲜血，那撕心裂肺的惨叫，像烙印一样刻在了他的脑子里。
弗兰德和赵无极站在原地，一动不动，如同两尊石雕。
他们对视了一眼，都从对方眼中看到了同种表情。
怒火？有。
可更多的，是无力。
为学生讨回公道？找谁？找七宝琉璃宗？找那两位封号斗罗？
他们拿什么去找？用他们这魂圣的修为，去跟人家讲道理吗？
弗兰德的嘴角，咧开一个比哭还难看的弧度。
“走吧。”
他的声音干涩得厉害。
“回……回学院。”
回学院？
这个词，像一根针，扎在了弗兰德的心上。
他的史莱克。
他引以为傲的怪物学院。
几天前，还是七个意气风发的天才。"
第135章 史莱克关闭？后悔的唐三,https://www.biquh.com/678_678189/65985903_4.html,"
转眼间，朱竹清走了，宁荣荣和戴沐白被抓了，小舞……小舞是魂兽，也跑了。
七去其四。
这学院，还有必要开下去吗？
他甚至有了一个荒唐的念头。
关了它吧。
这史莱克学院，不开了。
听到弗兰德的话，一直沉默的唐三身体猛地一颤，他抬起头，双眼布满血丝。
“院长，那小舞……”
“小舞怎么办？”
宁风致最后那番话，像一把锤子，将他从对小舞身份的惊恐和被欺骗的疏离感中，硬生生砸醒了。
小舞和他相处了六年。
整整六年，朝夕相处，同床共枕，她从未伤害过自己。
小舞不是伪装。
小舞没有害他。
她只是……没有告诉他真相。
而且那份真挚的感情，做不了假。
就算她是魂兽，那也是一只……善良的魂兽！"
第135章 史莱克关闭？后悔的唐三,https://www.biquh.com/678_678189/65985903_5.html,"
她还是自己的妹妹！
他不能就这么放弃她！
可是刚才，小舞身份暴露的时候，自己在做什么？
在骨斗罗吼出真相的那一刻，在所有人都用贪婪的目光看着她的时候，自己……
后退了。
他竟然，对小舞表现出了恐惧的情绪。
那一刻，他的惊恐，他的疏离，小舞一定都看到了。
小舞她一定很伤心吧......
一股锥心刺骨的悔恨与愧疚，瞬间淹没了唐三。
听到唐三的问题，弗兰德还没说话，旁边的赵无极先炸了。
他差点一巴掌呼过去，但一想到这小子背后那个不讲道理的爹，又硬生生把火气压了下去。
“怎么办？！”
赵无极的声音又粗又哑，像一头被逼急了的野熊。
“她是一只十万年魂兽！身边还有另一只十万年魂兽护着！你问她怎么办？她比我们所有人都安全！！”
唐三当然知道这些，他只是死死地咬着嘴唇，血腥味在口腔里弥漫。
“我要去找她。”
他声音不大，却带着一种不容置疑的偏执。
“我要跟她道歉。”"
第135章 史莱克关闭？后悔的唐三,https://www.biquh.com/678_678189/65985903_6.html,"
赵无极用一种看傻子般的眼神看着他。
“道歉？你脑子坏掉了？”
“她可是一只魂兽！”
唐三反驳：“但她也是我妹妹！”
赵无极被他一噎。
“那你知道她现在在哪吗？你知道怎么在星斗大森林里找一只不想被你找到的魂兽吗？”
赵无极是真的怕了。
他不敢让唐三死在这里。
那个男人的怒火，他承受不起，史莱克学院同样承受不起。
他只能耐着性子，用最残酷的现实去敲醒唐三。
“星斗大森林危机四伏，再继续深入，别说你，就算我和弗兰德进去，都可能出不来！”
“你现在的实力，太弱了！弱得可怜！”
“你想去找她，可以！等你什么时候有了自保的实力后，再来想这件事吧！”
唐三还想说什么。
赵无极却直接吼出了最后一句话。
“你要是现在死了，就再也见不到她了！永远！”
这句话，像一把重锤，狠狠砸在唐三的心口。"
第135章 史莱克关闭？后悔的唐三,https://www.biquh.com/678_678189/65985903_7.html,"
他沉默了。
是啊。
死了，就什么都没了。
道歉，解释，弥补……一切都将化为泡影。
他最后回头，深深地看了一眼泰坦巨猿消失的方向，那片无尽的黑暗，仿佛能吞噬一切。
“小舞……”
他在心里默默念道。
“等我。”
“等我拥有足够强大的力量，等我能站在你面前，保护你，而不是像今晚这样，无力地看着！”
“我一定会回来找你。”
说完，他转过身，背影萧瑟，一步步跟在赵无极等人的身后。"
第136章 要怪就怪狐狸精太诱人了！,https://www.biquh.com/678_678189/65985904.html,"
清晨，第一缕阳光照进枫染亭。
朱竹云已经在大厅里忙得热火朝天。
她躬着身子，用一块软布细细擦拭着每一张桌面，动作轻柔，仿佛在对待一件稀世珍宝。
光洁如镜的桌面倒映出她那张带着几分潮红的俏脸，还有那双燃烧着野心火焰的眸子。
昨晚的夜袭计划虽然搁浅，但朱竹云心里的那团火，非但没灭，反而烧得更旺了。
既然正面强攻没把握，那就迂回包抄，打持久战！
她朱竹云，最擅长的就是忍耐和算计。
从今天起，擦桌子洗碗是基础业务，必须做到桌明几净，盘光碗亮。
捏肩捶腿是核心业务，要练到前辈一抬手，她就知道是哪个穴位酸了。
只要好感度刷上去，经验条拉满，总有一天能触发终极隐藏任务！
到那时，还需要她主动夜袭吗？
怕不是前辈直接下令，让她侍寝！
一想到前辈躺在床上，用那慵懒又带着命令的口气说“竹云，过来”的场景……
朱竹云感觉自己浑身燥热，擦桌子的力道都大了几分，手里的抹布几乎要擦出火星子。
腰不酸了，腿不疼了。
熬夜带来的那点疲惫感，瞬间被这宏伟蓝图冲得一干二净。
干劲，这不就来了嘛！
朱竹清是第二个下楼的。"
第136章 要怪就怪狐狸精太诱人了！,https://www.biquh.com/678_678189/65985904_2.html,"
她一眼就看到了自己的姐姐，然后整个人都愣住了。
那个女人，跟疯了一样。
朱竹云正拿着一块抹布，对着一张桌子疯狂输出，胳膊抡出了残影。
那力道，不像是擦桌子，倒像是在给桌子抛光，桌面上都快反光了。
她搞什么鬼？
朱竹清眉头微皱。
这个女人，满脑子不都是怎么爬上前辈的床吗？
什么时候对打扫卫生这么有热情了？
太阳打西边出来了？
不过，朱竹清也懒得管她。
这一晚，是她自打觉醒武魂后睡得最安稳的一觉。
没有刺杀，不用提防史莱克，更没有那该死的家族宿命。
这种安稳日子，不能被破坏。
她深吸一口气，默默拿起角落的拖把。
既然是员工，就要有员工的样子。
她刻意绕开了朱竹云所在的区域，从另一头开始，一下一下，认真地拖地。
两个人，隔着半个大厅，一个疯狂抛光，一个安静拖地。"
第136章 要怪就怪狐狸精太诱人了！,https://www.biquh.com/678_678189/65985904_3.html,"
谁也没搭理谁。
姐妹二人，一个心怀鬼胎，一个只求安稳，泾渭分明。
姐妹二人，一个野心勃勃，一个只求安稳，泾渭分明。
两人把活干得差不多了，胡列娜才顶着一头乱糟糟的头发，慌里慌张地从二楼跑下来。
她脸上还带着一丝没睡醒的红晕。
朱竹云停下手里的活计，上下打量了她一眼，嘴角一勾，那股子茶味儿就飘了出来。
“哟，这不是我们的娜娜姐嘛。”
“瞧你这脸蛋红扑扑的，昨晚是做了什么天大的美梦，才舍得到现在起床呀？”
这话一出口，胡列娜的身体猛地一僵。
昨晚的梦境，瞬间如潮水般涌入脑海。
胡列娜的脸，“轰”一下，从脖子根红到了耳朵尖。
那红，像是熟透的苹果，烫得吓人。
朱竹云脸上的笑容凝固了。
？？？
剧本不是这么写的啊！
我这是在阴阳怪气地讽刺你懒惰，你脸红个泡泡茶壶啊！
怎么搞得跟你真做了什么春梦一样？
朱竹云撇了撇嘴，瞬间没了继续逗弄的兴致。"
第136章 要怪就怪狐狸精太诱人了！,https://www.biquh.com/678_678189/65985904_4.html,"
她抬头看了看天色，又瞥了眼二楼楼梯口，那里静悄悄的。
一个念头，在她心里疯狂滋长。
要不……
自己上去服侍前辈起床？
都说男人早上醒来的时候，意志力最为薄弱，也最……嗯，龙精虎猛。
这要是把握住机会……
朱竹云的心跳开始加速，正要付诸行动，一个懒洋洋的身影已经出现在了楼梯口。
是林枫。
“啧。”
朱竹云心里暗骂一声，脸上的失望一闪而逝，随即又挂上了甜美的笑容，眼神却幸灾乐祸地扫了胡列娜一眼。
等林枫晃晃悠悠地走到柜台后，往那张专属的摇椅一躺。
朱竹云立刻莲步轻移，像只温顺的小猫，乖巧地站到他身后，伸出纤纤玉手，力道适中地为他揉捏肩膀。
那声音，甜得发腻，软得能掐出水来。
“前辈~”
“胡列娜姐姐她……她欺负我和妹妹……”
林枫刚分了个化身去厨房。
耳朵里就钻进来一股浓浓的茶味儿。"
第136章 要怪就怪狐狸精太诱人了！,https://www.biquh.com/678_678189/65985904_5.html,"
他差点没当场起一身鸡皮疙瘩。
“怎么了？”
朱竹云瞥了眼那边正用眼神刀自己的胡列娜，小嘴一瘪，声音里全是委屈。
“前辈，您可得为我们做主呀。”
“我和妹妹在这儿累死累活，娜娜姐倒好，故意睡懒觉，把活儿全丢给我们干呢！”
胡列娜脸上的血色“唰”一下就没了。
完了！
胡列娜脑子里嗡的一声，一片空白。
她起晚了，这是事实。
前辈会不会觉得她偷懒，然后把她开除，收回一日三餐的权力？
她下意识就要跪下认错。
然而还不等她行动，林枫就干咳一声，表情古怪到了极点。
“是，是嘛？”
林枫端起朱竹清端上来的茶水，抿了一口空气，试图掩饰自己的不自然。
“咳……她可能是不适应新环境，没睡好。”
“你们是同事，要互相关爱，互相体谅一下。”
这话说出来，朱竹云直接僵住了。
前辈这包庇得也太明显了吧？"
第136章 要怪就怪狐狸精太诱人了！,https://www.biquh.com/678_678189/65985904_6.html,"
胡列娜则是愣在原地，鼻子一酸，眼眶瞬间就红了。
前辈……他竟然在为我说话！
明明是我犯了错，他不仅没有责怪，反而主动为我找好了理由。
前辈这是何等的仁慈！
看着胡列娜那副感激涕零的模样，林枫心中那点微不足道的罪恶感，又冒了出来。
毕竟胡列娜起晚这事儿，跟他林枫也有那么亿点点的关系。
因为昨晚在朱竹云退缩后，他转头就把魔爪伸向了自己最忠诚的小员工。
他动用“梦境主宰”，直接空降胡列娜的梦里，，本想进行一下常规的员工思想建设。
可谁能想到。
平时那个对他毕恭毕敬胡列娜，在梦里居然那么“放肆”！
一见面就化出了毛茸茸的狐狸耳朵和尾巴，直接扑进他怀里，用脸颊一个劲儿地蹭自己。
这谁顶得住？
林枫也是个讲究人，送上门的狐狸，没有不撸的道理。
于是就多陪她玩了一会儿。
而且他这个“梦境主宰”权限高得离谱，只要他不喊停，梦境就能无限续杯。
结果就是，他撸得爽了，胡列娜直接睡过头了。
所以，这事儿真不能怪胡列娜。"
第136章 要怪就怪狐狸精太诱人了！,https://www.biquh.com/678_678189/65985904_7.html,"
更不能怪他林枫意志不坚定。
要怪，就怪梦里的狐狸精……
实在是太诱人了。"
第137章 比比东的黑丝诱惑！千道流痛哭流涕？,https://www.biquh.com/678_678189/65985905.html,"
林枫还在回味。
那对狐耳的绒毛扫过指尖的细腻触感。
那条毛茸茸的狐狸大尾巴缠在脖子上时，若有若无的痒意。
啧，昨晚的梦境体验，属实顶级。
正当他琢磨着今晚要不要换个主题时，店门外，一道高贵又霸道的气场由远及近。
比比东来了。
不得不说，自从开启了“至尊VIP包月套餐”，这位武魂殿的教皇冕下，打卡比谁都积极。
她款步走入，身后是菊斗罗等一众忠实的小弟。
今日的比比东，没有穿那身象征着无上权力的教皇长袍。
她身上是一件裁剪得体的白色衬衣，质料极好，在晨光下泛着柔和的光泽。
领口最上面的两颗扣子没有扣上，露出一小片白皙的肌肤和精致的锁骨，多一分则媚，少一分则寡，恰到好处地将性感与端庄融合。
视线下移。
那是一条黑色的包臀短裙，紧紧包裹着她挺翘丰满的臀部，勾勒出一条惊心动魄的完美曲线。
随着她的走动，裙摆下的风景若隐若现，引人遐想。
而最让林枫眼皮一跳的，是那双腿。
两条修长、笔直、圆润的大长腿，被一层薄如蝉翼的黑色丝袜包裹着。
正是昨天她抽到的奖励——永恒黑丝。
这玩意儿果然不是凡品。"
第137章 比比东的黑丝诱惑！千道流痛哭流涕？,https://www.biquh.com/678_678189/65985905_2.html,"
那黑丝的材质仿佛不是丝绸，而是流动的暗影，将她腿部的每一寸线条都完美地呈现出来。
却没有一丝一毫的俗气，反而增添了一种神秘而高贵的气质。
脚下是一双简约的黑色高跟鞋，每一步都踩得极稳，在地板上发出清脆的“嗒嗒”声，像是在敲击着旁观者的心脏。
好家伙。
林枫的内心，直接就是一个好家伙。
这身打扮，完美戳中了他的性......
咳咳！
是审美！
对！审美！
比比东走到柜台前，停下脚步。
她没有立刻说话，而是像个初次面见领导的秘书，双手交叠放在平坦紧致的小腹前，对着摇椅上的林枫，深深地弯下了腰。
这个动作，让她胸前的风光愈发惊人，而紧绷的裙身也因此勾勒出了一个更加夸张的臀线。
“前辈，早上好。”
她的声音清冷，却带着一丝不易察服的紧张。
林枫眼角的余光扫过那片深邃，内心波澜壮阔，表面却稳如老狗。
他甚至连姿势都没换一下，只是从喉咙里，懒洋洋地挤出一个单音节。
“嗯。”"
第137章 比比东的黑丝诱惑！千道流痛哭流涕？,https://www.biquh.com/678_678189/65985905_3.html,"
“坐吧，饭就来。”
很简单的一句话，但在比比东听来，这却是天大的肯定！
前辈注意到了！
他虽然表面平静，但那声“嗯”，分明带着一丝满意的鼻音！
我昨晚研究了一夜的穿搭，赌对了！
比比东心中狂喜，那张绝美的脸上，不由自主地浮现出一抹动人的红晕。
她直起身，眼中波光流转，满是欣喜。
“谢前辈。”
说完，她才迈着优雅的猫步，走到那张属于她的“专属座位”上坐下。
坐下的瞬间，她还特意调整了一下姿势，双腿并拢，微微倾斜。
将那双被黑丝包裹的长腿，以一个最优美的角度，呈现在林枫的视线范围内。
林枫：“……”
这女人，怎么这么会啊！
他默默在心里给比比东点了个赞。
紧接着，月关和鬼魅等一众封号斗罗也鱼贯而入，恭敬地行礼后，各自找了熟位坐下。
林枫的点了点头，算是打过招呼，目光这才转向站在一旁，神色各异的三位女员工。
“你们也去坐吧，准备开饭了。”
他的目光在胡列娜和朱竹清身上一扫而过，最终落在了朱竹云那张还带着点委屈的小脸上。"
第137章 比比东的黑丝诱惑！千道流痛哭流涕？,https://www.biquh.com/678_678189/65985905_4.html,"
小丫头片子，还因为早上的事闹别扭呢。
林枫心中失笑，顺手伸过去，在她那头柔顺的秀发上揉了揉。
动作很随意，就像安抚一只闹脾气的猫咪。
可这个动作，却让朱竹云浑身一颤，整个人都僵住了。
刚才所有的委屈、不甘、嫉妒，在林枫手掌接触到她头顶的那一刻，瞬间烟消云散。
取而代之的，是一股电流般的酥麻感，从头皮炸开，迅速传遍四肢百骸。
前辈……他是在安慰我吗？
他知道我受了委屈！
他虽然偏袒胡列娜，但心里是有我的！
朱竹云的脑子，嗡的一声。
前辈这是在告诉我，让我不要急，要沉住气，他自有安排！这是对我的考验！
想通了这一点，朱竹云瞬间满血复活。
她的小脸蛋“腾”地一下红了，之前撅起的小嘴也不自觉地上扬，挺直了腰杆，眼神里重新燃起了熊熊的斗志。
她昂首挺胸，像一只打了胜仗的小母鸡，跟着胡列娜和朱竹清，坐到了比比东那一桌。
一场无形的战争，在早餐开始前，就已经硝烟弥漫。
很快，林枫的化身端着几个精致的白玉托盘从后厨走出。
早餐被一一摆上桌，"
第137章 比比东的黑丝诱惑！千道流痛哭流涕？,https://www.biquh.com/678_678189/65985905_5.html,"
今天的早餐是【龙须金丝面】配【流心翡翠包】。
那面条细如发丝，根根分明，浸在清澈却香气浓郁的金色高汤中，汤面上漂浮着几片翠绿的菜心，宛若艺术品。
而旁边的翡翠包子，皮薄如纸，隐约能看到里面碧绿的馅料在流动，一股清甜与咸鲜混合的奇特香气，勾得人食指大动。
就在比比东拿起筷子，众人准备开动，享受这难得的清晨美味时——
店门外就传来一阵鸡飞狗跳的动静。
那动静，与其说是走路，不如说是一群人在进行某种激烈的拔河比赛。
还夹杂着某个老年人中气十足的哀嚎。
“我不去！我没脸见前辈啊！”
林枫眼角微微抽搐。
这声音，咋就这么耳熟呢？
貌似是他枫染亭昨日才招募的那个门神？
果不其然。
下一秒，枫染亭的玻璃门向两边打开。
金鳄斗罗领着一帮老伙计，连拖带拽地架着一个人走了进来。
那人，正是武魂殿的大供奉，天空无敌的九十九级绝世斗罗，千道流。
此刻，这位绝世斗罗正手舞足蹈，拼命地用脚蹬着地面，试图顽抗，像个被抓去打针的三百斤的孩子。
“放开我！你们这群老东西！”
可惜，他那点挣扎在金鳄斗罗这群铁了心的老伙计面前，毫无作用。"
第137章 比比东的黑丝诱惑！千道流痛哭流涕？,https://www.biquh.com/678_678189/65985905_6.html,"
店内的比比东等人见到这一幕，已经下意识的为自己倒一杯茶，准备吃瓜看戏了。
而走在最前面的千仞雪，脸上更是难得地露出了真心实意的笑容，那双漂亮的眼睛都弯成了月牙。
林枫心里都乐开了花。
他还寻思今天早饭供奉殿怎么集体迟到了，原来是在家上演全武行呢。
终于，这场闹剧在金鳄斗罗一声带着憋笑的低吼中结束。
“大哥，别闹了！早死早超生嘛~”
他直接松手。
被架在半空的千道流一个踉跄，几乎是滚着冲到了林枫的柜台前。
他连身形都来不及稳住，膝盖一软，没有半分犹豫。
“噗通”一声。
这位站立在斗罗大陆顶点，活了不知多少年的大供奉，就这么直挺挺地跪在了林枫面前，姿势标准得像是演练过成千上万遍。
他一把鼻涕一把泪，声嘶力竭地哭嚎起来。
“前辈！我对不起您啊！”"
第138章 一群老畜生的“求情”，千道流痛失第二餐！,https://www.biquh.com/678_678189/65985906.html,"
林枫被这突如其来的一嗓子，喊的整个人都懵了。
对不起我？
你对不起我什么了？
而且你昨天不是才刚刚应聘成功，走马上任，成为枫染亭荣誉门神（兼职）吗？
这还没干满二十四小时呢，就想辞职跑路了？
林枫眯着眼，打量着跪在地上，哭得一把鼻涕一把泪，形象全无的绝世斗罗。
大厅里的气氛，在这一刻变得极其微妙。
整个饭店，除了当事人，所有人都进入了喜闻乐见的吃瓜模式。
“前辈！”
千道流见林枫没反应，以为前辈是气得不想理他，哭得更伤心了。
他用袖子抹了把脸，声音悲怆，充满了悔恨。
“晚辈无能！晚辈有罪！”
“昨夜，晚辈再次以梦境水晶联系了海神岛的波塞西，邀她一同前来，为前辈镇守神门，共沐神恩。”
“可……可那婆娘油盐不进，死活不肯相信，还破口大骂，说什么怎么又梦见发了疯的我了。”
“晚辈辜负了前辈的期望，没能完成任务！晚辈罪该万死啊！”
说完，他竟是“咚”的一声，一个响头重重磕在地上，姿态卑微到了极点。
林枫：“……”
他脑子里的CPU差点烧了。"
第138章 一群老畜生的“求情”，千道流痛失第二餐！,https://www.biquh.com/678_678189/65985906_2.html,"
就这？
就因为没能把波塞西忽悠过来，你就给我跪在这里哭天抢地，要死要活？
我还以为你偷看我员工洗澡了呢！
林枫心里那点小小的失望一闪而逝，取而代之的是哭笑不得。
他摆了摆手，正准备说句“无妨”。
可还不等他开口。
金鳄斗罗一个箭步冲了上来，满脸“沉痛”地按住自家大哥的肩膀。
“大哥！你怎么能这么说！你已经尽力了！”
他转过头，对着林枫，一脸的“真诚”与“恳切”。
“前辈，您看，我大哥他虽然没能完成任务，但这份忠心日月可鉴，天地可表啊！”
“还请前辈看在他年事已高，没有功劳也有苦劳的份上，从轻发落吧！”
林枫眉毛一挑，来了兴趣。
哦？求情？
他倒想看看这群塑料兄弟能玩出什么花样。
果然，金鳄斗-罗话锋一转，语气里充满了“为兄弟着想”的沉重。
只是脸上那憋笑憋到内伤的表情，嘴角疯狂上扬，怎么都压不住。
“晚辈斗胆，替大哥求个情。”"
第138章 一群老畜生的“求情”，千道流痛失第二餐！,https://www.biquh.com/678_678189/65985906_3.html,"
“不如……前辈您就收回昨日赐予大哥的那份……‘额外’的恩典吧。”
“虽然这对大哥来说是沉重的打击，但和他犯下的错比起来，想必大哥他……一定能够理解前辈的良苦用心！”
他特意在“额外”两个字上加重了读音。
话音刚落，其余五大供奉也纷纷围了上来，更是人均一副“诶呀~好心痛~好不忍心看~但又真的好想看”的精彩模样。
“是啊前辈！二哥言之有理！还请从轻发落吧。”
“赏罚分明，方显前辈神威！我们都支持这个决定！”
“大哥，你放心，就算少吃一顿，我们兄弟几个也会陪着你的！”
这哪是求情啊。
这分明就是一群眼红千道流能吃第二顿，心里不平衡的老畜生啊！
林枫差点没当场笑出声。
千道流自然也听明白了，他猛地抬起头，整个人都气傻了。
他指着金鳄斗罗，嘴唇哆嗦着，半天说不出一句话来。
“你……你们……”
好一群老王八羔子！
我把你们当兄弟，你们居然组团来丢我饭碗！
然而，真正的暴击，还在后头。
一直看戏的千仞雪，也款款走了上来，对着林枫微微一躬，声音清脆。
“前辈，金鳄爷爷言之有理。”"
第138章 一群老畜生的“求情”，千道流痛失第二餐！,https://www.biquh.com/678_678189/65985906_4.html,"
“爷爷没能办成事，自然不该再享用那份额外的奖励，不能因为爷爷就轻易破了您的规矩。”
来自亲孙女的致命背刺，让千道流眼前一黑。
一口老血闷在胸口，差点当场喷出来。
我的亲孙女啊！
那可是蛋炒饭啊！
你怎么能为了防止多个后奶奶，就断了你亲爷爷的口粮啊！
林枫强忍着笑意清了清嗓子，装模作样地捏着下巴，“认真思考”了整整两秒半。
最终，在千道流那绝望的眼神和金鳄斗罗等人期盼的目光中，他缓缓点了点头。
“也罢。”
林枫的声音淡然，却像最终的审判之锤，狠狠落下。
“赏罚分明，确是本座的规矩。”
“既然如此，那便暂时免去千道流的第二顿蛋炒饭吧。”
轰——！
千道流只觉得一道晴天霹雳，从天灵盖直劈到脚后跟。
完了。
全完了。
他昨天才刚刚体会到一天两顿蛋炒饭的神仙日子，那种灵魂升华的美妙，还余味绕梁。"
第138章 一群老畜生的“求情”，千道流痛失第二餐！,https://www.biquh.com/678_678189/65985906_5.html,"
结果今天，就因为这群不当人的老东西和胳膊肘往外拐的亲孙女，直接被打回了原形。
他的人生，瞬间从彩色变成了黑白。
然而，就在千道流心如死灰，准备就地躺平之际，林枫那不咸不淡的声音再次响起。
“不过……”
千道流的耳朵猛地一动，那双黯淡的眸子，重新燃起了一丝微弱的火苗。
林枫嘴角勾起一抹不易察觉的弧度，抛出了那个他早就准备好的诱饵。
“本座向来只看结果。”
“若是哪天，你能成功将那海神岛的波塞西请来，与你一同守门。”
“这每日两餐的特权，本座也不是不可以恢复。”
毕竟，他还指望着通过千道流这个渠道，把海神岛那几根又肥又壮的顶级韭菜，全都忽悠过来呢。
此言一出。
千道流那死灰般的眼眸中，瞬间爆发出惊人的光亮！
可以恢复！
还有机会！
他猛地从地上窜了起来，腰也不酸了，腿也不疼了，整个人容光焕发，仿佛年轻了二十岁。
“前辈放心！”
他拍着胸脯，声音洪亮如钟，充满了前所未有的决心。
“晚辈就算是绑，也要把波塞西那个婆娘给绑过来！”"
第138章 一群老畜生的“求情”，千道流痛失第二餐！,https://www.biquh.com/678_678189/65985906_6.html,"
而他身后，金鳄斗罗等人的笑容，则彻底僵在了脸上。
淦！
白高兴了！
这都能给他留一个翻盘的机会！
然而，金鳄斗罗心里刚骂完，忽然愣住了。
他缓缓转头，跟身边的三供奉对视了一眼。
一个眼神，两人瞬间就懂了。
不对啊。
大哥他……打得过波塞西那个女人吗？
他们记得，当年大哥其实输给了波塞西吧？
而且他要绑波塞西，必须得去海神岛吧？
在人家的地盘上，那不纯纯是去送菜？
那他刚才那句豪气干云的“绑也要绑过来”……
岂不是纯纯的口嗨？
想到这，金鳄斗罗和三供奉脸上的表情，瞬间就变了。
那股子失望劲儿一扫而空。
取而代之的，是一种更加扭曲，更加期待，更加幸灾乐祸的狂喜。"
第138章 一群老畜生的“求情”，千道流痛失第二餐！,https://www.biquh.com/678_678189/65985906_7.html,"
打不过啊？
那没事了~
大哥，您大胆地去！
我们这群好兄弟，就在家等您……凯旋归来！
就在供奉殿这出“兄友弟恭”的大戏落下帷幕，千道流等人刚要坐下点餐时。
枫染亭的店门，再次打开了......"
第139章 逆女磕头谢罪：一人做事一人当！,https://www.biquh.com/678_678189/65985907.html,"
来者不是别人，正是七宝琉璃宗宗主，宁风致。
只是两天一夜没合眼，这位曾经风度翩翩的宗主，此刻像个落魄的不成样子。
发冠不知掉在何处，长发凌乱地披散着，一头长发乱糟糟地披散着，沾着清晨的露水和不知哪来的草叶。
他的眼球里布满了血丝，那张儒雅的脸上只剩下疲惫和宗门未来的恐惧。
跟在他身后的剑斗罗与骨斗罗，同样面如死灰，像是奔赴刑场的囚徒。
店门打开的瞬间，一股淡淡的血腥味，混杂着泥土的气息，突兀地闯进了满是食物香气的大厅。
正在用餐的比比东停下了筷子，美眸中闪过一丝玩味。
而千道流等人则是精神一振，默默端起茶杯，进入了最佳的看戏位置。
他们的视线越过宁风致，落在了骨斗罗的手上。
那里，拖着一个人。
一个满脸血污、右臂齐根而断的年轻人，被像拖死狗一样拽着，意识模糊。
他的脸伤得太重，再加上大量干涸的血污，已经看不清本来面目。
只有角落里正在吃饭的朱竹清，手里的筷子微微一顿。
她总觉得那个狼狈的身影，有点眼熟，却又一时间想不起来。
但也她没有多想，只是垂下眼帘，继续小口吃着碗里的面。
在这里，她只是一个小小的店员，天塌了有前辈顶着。
宁风致领着人，一步一步，走到了大厅中央。
他没有看任何人，目光死死地盯着柜台后那张摇椅上的身影。"
第139章 逆女磕头谢罪：一人做事一人当！,https://www.biquh.com/678_678189/65985907_2.html,"
“前辈。”
他开口，声音沙哑得厉害。
“宁某，携罪女前来赔罪。”
话音落下。
他身后的剑斗罗上前一步，手掌在宁荣荣背后轻轻一推。
宁荣荣一个踉跄，被推到了所有人视线的最中央。
瞬间，店内所有封号斗罗的目光，都聚焦在了她的身上。
十几道目光，冰冷，审视，甚至带着毫不掩饰的恶意。
那不是单纯的注视。
那是一座座无形的大山，轰然压下。
在七宝琉璃宗被宠上天的宁荣荣，何曾受过这种阵仗？
她感觉自己像是一只小绵羊，被扔在了一群饿狼中间。
突如其来的恐惧攥住了她的心脏，让她浑身止不住地发抖。
她下意识地想往后躲，想抓住那最熟悉、最温暖的依靠。
“爸爸，我害怕……”
她的眼泪不受控制地涌了出来，声音细若蚊蚋，带着哭腔。
然而，回应她的，不再是温柔的安抚。"
第139章 逆女磕头谢罪：一人做事一人当！,https://www.biquh.com/678_678189/65985907_3.html,"
“逆女！”
宁风致一声暴喝。
“还不快给前辈跪下！”
他甚至不给宁荣荣任何反应的时间，直接一脚，重重踢在她的腿弯上。
“呜！”
宁荣荣痛呼一声，双膝一弯，再也站立不住，直挺挺地朝着冰凉的地板跪了下去。
咚！
膝盖与木制地板的沉闷撞击声，在大厅里格外清晰。
这只是一个开始。
在她跪下的瞬间，宁风致，剑斗罗，骨斗罗，这三位站在大陆顶端的人物，没有任何犹豫，齐齐跪倒在地。
他们往日里哪怕面见帝国皇帝也无需弯下的膝盖，此刻却无比标准地跪着。
他们高傲的头颅，紧紧地贴着地面，卑微如尘。
骨斗罗更是抓着处于半昏迷的戴沐白的头发，狠狠朝下一按。
“砰！”
戴沐白的额头砸在地板上，发出一声闷响，当即留下了一小滩刺眼的血迹。
做完这一切，宁风致颤抖的声音才断断续续地传来。
“宁某……深知罪孽深重。”
“七宝琉璃宗上下，五千三百九十二口，任凭前辈发落！”"
第139章 逆女磕头谢罪：一人做事一人当！,https://www.biquh.com/678_678189/65985907_4.html,"
他不敢求情。
因为他怕，任何求情的言辞，都会引来前辈更大的不快。
到那时，七宝琉璃宗就真的万劫不复了。
宁荣荣跪在地上，整个人都傻了。
膝盖的剧痛，远远比不上心里的惊骇。
她能清晰地感受到，身后父亲的身体在剧烈颤抖，那是一种源自灵魂深处的恐惧。
她看到了，平日里顶天立地的剑爷爷和骨头爷爷，此刻跪在地上，像两尊失了魂的石雕。
她又看了看周围。
那一双双冰冷的眼睛，那一圈气息恐怖的身影，都用看死人一样的眼神看着她。
她终于明白了。
她闯下的祸，是真的，大到足以毁灭一切。
是她的无知，她的傲慢，她那可笑的小脾气，将整个宗门推到了悬崖边上。
一股巨大的恐惧和悔恨涌上心头，几近将她淹没。
而极致的恐惧过后，一股难以言喻的情绪，从她内心深处涌了上来。
那不是勇敢。
那是一个意识到自己毁掉了一切的罪人，最后的一点担当。
她看着父亲和两位爷爷匍匐在地的背影，泪水决堤而下。"
第139章 逆女磕头谢罪：一人做事一人当！,https://www.biquh.com/678_678189/65985907_5.html,"
她颤抖着，用尽全身的力气，挺直了那被恐惧压弯的脊梁。
宁荣荣抬头看向那个坐在摇椅上，从始至终一言不发的身影。
“一人做事一人当……”
她咽了口唾沫，泪水模糊了视线，声音却在这一刻，奇异地坚定了起来。
仿佛在一瞬间，那个娇蛮任性的小公主，死了。
“是……是我宁荣荣对你出言不逊，任何惩罚，我都认！”
“求你，不要伤害我的家人。”
说完。
这个小丫头，学着父亲的样子，重重地，将自己的额头往坚硬的地板上砸去。
“咚！”
“哪怕……是要我去死！”
听到女儿那带着决绝的话，跪在地上的宁风致，身体几不可察地剧烈一颤。
一股混杂着骄傲和心碎的酸楚，猛地冲上他的喉咙。
他的小公主，终于长大了。
却是在她即将永远离开自己的这一天。
眼眶瞬间滚烫，可他死死咬着牙，不敢让一滴眼泪落下。
在这里，他没有哭的资格。
看着地上跪成一片，抖如筛糠的几人，林枫在心里吹了声口哨。"
第139章 逆女磕头谢罪：一人做事一人当！,https://www.biquh.com/678_678189/65985907_6.html,"
“狗系统，看见没。”
“七宝琉璃宗五千多口人，现在就等你一句话了。这下，气出够了？”
系统那欠揍的电子音懒洋洋地响起。
【哼，本系统的气量，岂是这等小事能影响的？】
【不过嘛……】
【看在这小丫头磕头磕得还算响的份上，本系统就不跟她计较了。】
林枫撇了撇嘴。
就你这乐子人，还气量？
你要是真有气量就不会让我给你出气了！
大厅里死一般安静。
宁风致，以及剑骨斗罗，甚至是武魂殿一众封号斗罗都屏住了呼吸。
他们能感受到，那位前辈的目光在他们身上扫过，轻描淡写，却重如山岳。
因为他们知道，整个七宝琉璃宗的命运，都在那张摇椅上的人一念之间。
就在这死寂之中，一声轻笑，突兀地响起。
很轻，很随意，像是看到了什么有趣的事情。
这笑声，比任何暴怒的喝骂，都让宁风致感到刺骨的寒冷。
完了，彻底完了……
然而，那个慵懒的声音，却并没有宣判他们的死刑，反倒是带着几分玩味。
“我说......”"
第140章 戴罪之身？史莱克的人追到这儿来了？,https://www.biquh.com/678_678189/65985908.html,"
“我说……”
林枫躺在摇椅上，轻轻晃着，甚至没拿正眼瞧一下跪在地上的宁荣荣。
“你该不会真的觉得，你这条小命……”
他顿了顿，语气轻飘飘的。
“……很值钱吧？”
这句话，像一根无形的针，戳破了宁荣荣刚刚鼓起的全部勇气。
她那张挂着泪痕的小脸猛地抬起，眼睛里全是荒谬。
什么意思？
自己豁出性命，赌上尊严，做出了这辈子最大义凛然的决定。
换来的，就是这么一句轻描淡写的嘲讽？
这比直接一巴掌扇在她脸上，还要让她难堪百倍。
不止是她。
跪在她身后的宁风致、剑斗罗、骨斗罗，三个人齐刷刷地僵住了。
他们想过无数种可能。
前辈当场击杀宁荣荣。
或者前辈狮子大开口，索要七宝琉璃宗大部分的家产。
甚至想过，前辈会觉得他们碍眼，直接把整个七宝琉璃宗从大陆上抹去。
可他们万万没想到，等来的会是这样一句话。"
第140章 戴罪之身？史莱克的人追到这儿来了？,https://www.biquh.com/678_678189/65985908_2.html,"
一句，将他们所有的觉悟、恐惧、悲壮，都踩进泥里的，一句带着笑意的话。
邻桌，刚咽下一个包子的朱竹云，眼角弯弯，看都没看宁荣荣一眼，嘴里发出一声腻人的轻笑。
“哎哟，这小丫头片子，八成是觉得自个儿梗着脖子，来一出‘要杀要剐悉听尊便’的戏码，特有骨气，能让前辈高看一眼呢。”
她的话音不大，但在死寂的大厅里，清晰地传到每个人耳朵里。
“噗……”
不知是谁先没忍住，紧接着，整个饭店的客人都笑出了声。
那不是刻意的嘲笑。
而是一种看到小孩子办家家酒时，发自内心的、纯粹的、不加掩饰的哄笑。
这些笑声，像无数根烧红的钢针，扎在宁荣荣的脸上，她的脸颊瞬间涨的通红，羞耻得恨不得当场找条地缝钻进去。
原来，她自以为悲壮的牺牲，在别人眼里，只是一个天大的笑话。
林枫看着朱竹云，摇了摇头：“你呀，嘴巴积点德，好歹给人家小姑娘留点面子。”
朱竹云嘻嘻一笑，对着林枫眨了眨眼，那意思是：下次还敢。
林枫嘴上说着别人嘴上积德，可自己却没那个自觉。
他从摇椅上坐直了些，手肘撑在柜台上，像是真的来了点兴趣。
“小丫头，我跟你说句实话吧。”
“你的命，在你爹眼里，在你那两个老头子爷爷眼里，或许很是宝贵。”
林枫伸出一根手指，在空中不紧不慢地摇了摇。"
第140章 戴罪之身？史莱克的人追到这儿来了？,https://www.biquh.com/678_678189/65985908_3.html,"
“可在我这儿……”
他嘴角的弧度更大了。
“一文不值。”
“你死在这，只会弄脏我的地板。血腥味，会影响到我的客人们用餐时的心情。”
“懂吗？你那套‘一死以谢天下’的把戏，除了给我添麻烦，没有任何意义。”
他扫了一眼呆滞的宁荣荣。
“收起你那套可笑的牺牲精神吧。”
“我对你，对你爹，甚至对你整个七宝琉理宗的死活，都不感兴趣。”
“对于你对本座出言不逊一事......”
“就给你们七宝琉璃宗，暂时挂个“戴罪之身”的名头吧。”
林枫的话锋一转，目光悠悠地转向大厅里那群看戏的封号斗罗。
“当然，如果你非要坚持你之前的想法，让你那两位爷爷拆了我的枫染亭……”
话还没说完。
比比东用餐巾优雅地擦了擦嘴角，第一个接过了话茬，声音清冷。
“她但凡敢有这个念头，我就代理整个武魂殿，即刻便让七宝琉璃宗从大陆除名。”
她话音刚落，旁边就响起了拍桌子的声音。
千道流瞪着比比东，一脸的不乐意。
“比比东，你什么意思？抢活儿是吧？”"
第140章 戴罪之身？史莱克的人追到这儿来了？,https://www.biquh.com/678_678189/65985908_4.html,"
“真到了那个时候，那也得是老夫我这个枫染亭首席门卫，亲自带队去灭宗！怎么也轮不到你这个教皇来献殷勤！”
比比东美眸一挑，毫不客气地回敬道。
“本座可是前辈店里，唯一享有‘一日三餐’资格的客人。”
“为前辈分忧，本座义不容辞，天经地义。”
她上下打量了一眼千道流，嘴角勾起一丝嘲弄。
“什么时候，轮到你这个刚被前辈收回第二顿蛋炒饭资格的老东西，在这里大呼小叫了？”
“你！”
千道流的脸瞬间就绿了。
这一刀，精准地捅在了他的心窝子上，他一口气没上来，差点当场破防。
你马勒个……这女人嘴怎么这么毒！
此刻，林枫的脑海里，系统的电子音都带上了几分叹为观止的调调。
【不愧是你啊宿主，竟然这么能装.....啊不是，我是说，居然这么会pua。】
林枫在心里对这狗系统竖了个中指。
什么叫PUA？
我说的是事实，毕竟我可不会做出将优质韭菜连根拔除的愚蠢行为。
听着这两位大佬居然在为“究竟谁更有资格获得灭他们宗门的权力”而争吵，宁风致的冷汗就没停过。
但很快，他就反应了过来。"
第140章 戴罪之身？史莱克的人追到这儿来了？,https://www.biquh.com/678_678189/65985908_5.html,"
前辈的意思是……暂时不追究了？
这个念头一起，一股劫后余生的狂喜冲上脑门。
他顾不上多想，和剑骨斗罗一起，拼命地对着林枫磕头。
“谢前辈不杀之恩！谢前辈大恩大德！”
七宝琉璃宗，总算是保住了！
就连她的女儿，也不用死了！
宁风致连忙拉了拉还在发傻的宁荣荣，示意她赶紧道谢。
可宁荣荣此刻脑子里一片空白，勇气和羞耻都已退潮，只剩下深入骨髓的后怕，抖得连一句完整的话都说不出来。
就在这时，林枫的目光，终于从宁荣荣身上移开，落到了被骨斗罗丢在一旁，那个半死不活的人影身上。
“说起来，这个是谁？”
“我记得，你七宝琉璃宗，好像没这么一号人物吧？”
闻言，宁风致不敢抬头，几乎是瞬间就把宁荣荣丢到了一边。
他指着地上被骨斗罗按晕过去的戴沐白，声音里带着毫不掩饰的献媚和憎恶。
“回前辈，此人名叫戴沐白，是星罗帝国的三皇子。”
戴沐白？
这三个字一出口。
哐当！
一声脆响，打破了大厅的宁静。"
第140章 戴罪之身？史莱克的人追到这儿来了？,https://www.biquh.com/678_678189/65985908_6.html,"
角落里，朱竹清手中的筷子掉在了碗沿上。
她猛地抬起头，那张向来冰冷的脸上，第一次出现了剧烈的波动，双目中甚至隐隐浮现出血丝！
史莱克的人……居然追到这里来了？
但下一秒，她看到了戴沐白那条空荡荡的袖管和满身的血污。
再看看自己身处的，这个连封号斗罗都得跪着说话的地方。
朱竹清眼中的一切情绪，缓缓退去。
她对着林枫的方向微微低头致歉，随后重新捡起筷子，只是夹面的动作，慢了半拍。
另一边，她的姐姐朱竹云则完全是另一番光景。"
第141章 林枫：把他弄醒。菊斗罗：好嘞，他腿没了！,https://www.biquh.com/678_678189/65985909.html,"
朱竹云那对漂亮的眸子轻轻一转。
她的视线先是像刀子一样，飞快地刮过妹妹朱竹清的脸。
很好，没有心疼，没有不忍。
只有一片冰冷，以及冰冷之下，那压抑得几乎要喷薄而出的快意。
朱竹云放心了。
她的目光这才慢悠悠地落回到地上那摊烂肉似的戴沐白身上，脸上是毫不掩饰的幸灾乐祸。
戴家的废物越惨，她心里就越痛快。
最好今天就死在这儿，死得越难看越好！
林枫心里倒是有点犯嘀咕。
戴沐白？
怎么又跟史莱克那帮子穷鬼扯上关系了？
但他面上不动声色，只是懒洋洋地抬了抬下巴。
一个简单的动作，却带着不容置疑的命令。
宁风致不敢耽误，立刻将戴沐白的罪状一一道来，声音里全是压不住的愤怒与恐惧。
“回前辈！此獠心术不正，满口污言秽语，竟敢……”
他说到一半，下意识地看了角落里的朱竹清一眼，才继续把话说了下去。
“……竟敢侮辱竹清神使。”
话音落下。"
第141章 林枫：把他弄醒。菊斗罗：好嘞，他腿没了！,https://www.biquh.com/678_678189/65985909_2.html,"
角落里，朱竹清捏着筷子的手猛然收紧，骨节根根凸显，几欲将那双象牙筷捏碎。
她没抬头，但大厅里所有人都感受到了一股刺骨的寒意从她身上散发出来。
而柜台后的林枫，原本平静的眼神，彻底眯成了一条缝。
‘侮辱我的员工？’林枫内心轻哼一声。
‘就凭这一点，这戴沐白的胳膊就丢得不亏。’
这一个细微的变化，让整个大厅的温度骤然降了好几度。
饭桌上，菊斗罗月关喝茶的动作，停了。
鬼斗罗鬼魅身周的阴影，似乎比刚才浓重了几分。
他们很清楚，朱竹清现在是前辈的人。
侮辱她，就是打前辈的脸。
这个星罗帝国的皇子，真是活腻了。
宁风致虽然感受着周围气压的变化，却不敢停顿，硬着头皮继续往下说。
“另外……他还说前辈您……您是个骗子……”
这句话一出口，宁风致感觉自己的心脏都漏跳了一拍。
“咔。”
一声轻响。
是比比东放下了手中的筷子，筷子与白玉碗沿碰撞。"
第141章 林枫：把他弄醒。菊斗罗：好嘞，他腿没了！,https://www.biquh.com/678_678189/65985909_3.html,"
她没说话，只是那双凤眸中的温度，瞬间降到了冰点。
“哐当！”
金鳄斗罗的茶杯重重顿在桌上，滚烫的茶水溅出，他却恍若未觉，一双压抑着怒火的眼睛死死盯住地上的戴沐白。
骗子？
他们信奉如神明，赐予他们无上机缘的前辈，让他们看到更进一步的前辈，是骗子？
这已经不是在找死。
这是在掘他们所有人的祖坟！
宁风致能感觉到，十几道凝如实质的杀气，像钢针一样扎在他身上，让他几乎喘不过气来。
这倒是让他头皮发麻，连冷汗都一个劲的往外钻。
宁风致心里那叫一个苦啊。
他娘的！
我就是个传话的，你们拿那种要吃人的眼神瞅我干什么？
正主在那边躺尸呢！
“他……他还煽动我等……”
宁风致的声音已经带上了哭腔，充满了极致的恐惧。
他身后的剑斗罗见他快要说不下去，压低声音提醒了一句。
“仙草。”
“对！仙草！”"
第141章 林枫：把他弄醒。菊斗罗：好嘞，他腿没了！,https://www.biquh.com/678_678189/65985909_4.html,"
宁风致像是抓住了救命稻草，他几乎是吼了出来。
“他说您手里有什么能让人脱胎换骨的仙草！”
“他说……他说星罗帝国可以与七宝琉璃宗联手，杀上您的枫染亭！”
“轰！”
千道流猛地一拍桌子，整张由千年铁木打造的桌子发出一声不堪重负的呻吟。
他霍然起身，须发皆张。
“放肆！”
这位九十九级的绝世斗罗，此刻怒得双目赤红。
杀上枫染亭？
这是他千道流现在看守的大门！
有人要砸他的饭碗，还要拆他上班的地方？！
林枫只是抬手，随意地往下压了压。
下一秒，那十六股看不懂杀气瞬间烟消云散，仿佛从来没出现过。
宁风致整个人都瘫软了，趴在地上，像一条被捞出水的鱼，大口大口地喘着粗气，贪婪地呼吸着店里混杂着食物香气的空气。
他不敢停顿，用尽全身的力气，将最后那句话从喉咙里挤了出来，每一个字都带着血腥味。
“还……还要对您用尽酷刑，逼问出所有仙草的下落……”
他的声音越来越小。"
第141章 林枫：把他弄醒。菊斗罗：好嘞，他腿没了！,https://www.biquh.com/678_678189/65985909_5.html,"
到最后，几乎细不可闻。
因为他已经说不下去了。
整个大厅，陷入了一片死寂。
一种令人窒息的，暴风雨前的死寂。
武魂殿的十六位封号斗罗，此刻全都站了起来。
没有魂力波动，没有武魂显现。
但那十六道身影，就像十六座蓄势待发的火山，那股纯粹由愤怒和杀意凝聚成的气势，几乎要将大厅的屋顶都给掀翻。
最后，宁风致又说了最后一句话，证明自己和七宝琉璃宗，绝对跟这个蠢货没有半点关系！
“晚辈自作主张，斩其一臂，已将他生擒活捉至此，由前辈亲自发落！”
z在所有人的注视下林枫笑了，只是那笑意里没有半点温度。
他冲着离得最近的月关，懒洋洋地歪了歪头。
“把他弄醒。”
“好嘞，前辈！”
菊斗罗月关像是听到了什么天籁之音，那张略显阴柔的脸上，瞬间绽开一抹病态的狂喜。
在前辈面前表现的机会，这不就来了嘛！
他扭着腰，迈着优雅中透着几分骚气的步子，走到戴沐白身边。
他居高临下地俯视着地上昏死的戴沐白，兰花指翘起，轻轻点了点自己的嘴唇。
“小崽子，睡得还挺香？”"
第141章 林枫：把他弄醒。菊斗罗：好嘞，他腿没了！,https://www.biquh.com/678_678189/65985909_6.html,"
“前辈叫你呢，该起床了哦。”
那声音，说不出的温柔。
但话音未落，菊斗罗便抬起脚，动作轻盈得像是一个柔弱女子准备清洗小脚。
然后，那只穿着精致软靴的脚，对准戴沐白的左小腿，重重落下！
“咔嚓——噗！”
一声让人头皮发麻的闷响！
那不是骨头断裂的清脆，而是骨头连带着血肉，被硬生生踩成一滩肉泥和骨渣的混合音！
原本昏死过去的戴沐白，身体猛地绷成一张拉满的弓，后背硬生生离地半尺！
他双眼骤然爆开，眼球上瞬间布满血丝，瞳孔因为极致的剧痛缩成了一个针尖！
寂静了零点五秒。
“啊啊啊啊啊——！！！”
一声根本不似人声的、撕心裂肺的惨叫，炸响在枫染亭的清晨。"
第142章 这女人下手太黑，全场男斗罗双腿一紧！,https://www.biquh.com/678_678189/65985910.html,"
戴沐白此刻终于醒了。
醒得不能再醒了。
那碎骨穿肉的剧痛，比昨夜断臂之时，猛烈十倍不止！
大厅里，一众封号斗罗看得眼皮直跳。
菊斗罗这一脚，狠。
是真的狠。
他甚至没用魂力，纯粹就是用蛮力，把那截小腿连骨带肉踩了个稀碎。
这种伤势，就是九心海棠魂师来了，估计也得摇摇头，叹一句“截肢吧，下一位”。
但是该说不说，戴沐白这废物，实力不咋地，嗓门倒是天赋异禀。
那一声惨叫，差点没飙出海豚音，尖锐得能刺穿人的耳膜。
正躺在摇椅上的林枫，眉头几不可察地皱了一下。
就这一下。
菊斗罗月关的心脏“咯噔”一声，差点从嗓子眼里跳出来。
完了！
我搞砸了！我居然让这小杂碎的污秽之声，打扰了前辈的清净！
这是渎神！
月关的脑子嗡的一声，求生欲在一瞬间飙到了极致。
他想都没想，反手就是一耳光，朝着戴沐白那张因剧痛而扭曲的脸，狠狠扇了过去！"
第142章 这女人下手太黑，全场男斗罗双腿一紧！,https://www.biquh.com/678_678189/65985910_2.html,"
“闭嘴！”
砰！！
一声清脆到让所有人都牙酸的爆响！
这一巴掌，菊斗罗是含恨出手，是戴罪立功，是献媚，是表忠心！
力道，用得稍微有那么亿点点大。
只见戴沐白整个人以一个极其诡异的姿势，原地陀螺般旋转了两圈半，一串带血的牙齿飞洒而出。
最后“噗通”一声，脸朝下，死狗一样趴在地上，再一次没了动静。
世界，终于清净了。
菊斗罗僵在原地，还保持着扇耳光的姿势，兰花指翘得笔直。
他额头渗出细密的冷汗，眼神里充满了小猫犯错后看着主人的那种无辜和讨好。
众人：“……”
千道流嘴角一抽，默默喝了口茶，心里直骂：蠢货，用力过猛了，这还怎么审？
比比东则轻轻放下筷子，美眸中闪过一丝鄙夷。
粗鄙。
太粗鄙了。
这种献殷勤的方式，简直毫无技术含量可言。
而菊斗罗本人，在看到林枫那舒展开的眉头后，长长地松了口气。"
第142章 这女人下手太黑，全场男斗罗双腿一紧！,https://www.biquh.com/678_678189/65985910_3.html,"
还好还好。
前辈似乎满意了。
虽然手法粗暴了点，但结果是好的。
至于人是不是又晕过去了……
那不重要。
再弄醒一次不就好了嘛！
月关刚准备再给这废物来一下，林枫再次开口了。
“算了，月关，你退下吧。”
他顿了顿，目光扫过角落里那个从刚才起，眼神就亮得吓人的女人。
“竹云，你去。”
朱竹云浑身一颤，随即一股狂喜涌遍四肢百骸。
前辈点我名了！
前辈把教训戴家废物的美差，交给我了！
这跟皇帝递给你一把尚方宝剑，让你去砍仇家脑袋有什么区别？！
“是！前辈！”
朱竹云的声音甜得发腻，那声调里充满了难以形容的亢奋。
她站起身，高跟鞋踩在木地板上，发出“哒、哒、哒”的清脆声响。
来到戴沐白身边后，朱竹云优雅地弯下腰，像拎一只死鸡一样。"
第142章 这女人下手太黑，全场男斗罗双腿一紧！,https://www.biquh.com/678_678189/65985910_4.html,"
单手揪住戴沐白那一头脏兮兮的金毛，将他提了起来。
朱竹云另一只手的五指缓缓张开，指甲瞬间变得幽长锋利，一缕极度阴寒的紫色魂力在指尖缭绕。
她笑了。
笑得妩媚又残忍。
下一刻，她手臂轻描淡写地一挥。
唰！
一道利落的魂力光刃闪过。
“噗嗤。”
一声轻微的、利刃切入软肉的闷响。
仅此而已。
然而，这一声轻响，却让饭店里所有男性顾客，齐刷刷地打了个哆嗦，下意识并紧了双腿。
菊斗罗月关更是翘着兰花指，默默地捂住了自己的嘴，眼神里写满了惊恐。
就连林枫都暗地里倒吸一口凉气。
这小娘们，下手也太黑了！
戴沐白那张惨白的脸上，五官扭曲成一团，身体剧烈地抽搐着，却连一丝声音都发不出来。
极致的痛苦，让他失声了。
几秒后，他涣散的瞳孔终于重新聚焦，看清了眼前那张美艳又恶毒的脸。"
第142章 这女人下手太黑，全场男斗罗双腿一紧！,https://www.biquh.com/678_678189/65985910_5.html,"
“朱……朱竹云！你……你怎么会在这里！”
戴沐白的声音抖得不成样子，恐惧已经彻底淹没了他。
这女人是戴维斯的未婚妻！
她在这里，大哥是不是也来了？！
朱竹云看他的眼神，就像在看一坨垃圾。
她随手一甩，将戴沐白丢在地上，然后拿出一方手帕，仔仔细细地擦了擦自己刚刚拎过他头发的手指。
做完这一切，她才转身，对着林枫乖巧地一躬身，那副邀功的甜美模样，和刚才的冷酷判若两人。
“前辈，弄醒了。”
戴沐白直到此刻，才顺着朱竹云的目光，看到了那个坐在柜台后，从始至终都一言不发的男人。
恐惧、屈辱、怨毒……无数情绪涌上心头。
“是你！”
戴沐白用尽全身力气，嘶吼出声。
“是你害我！你到底是谁！”
林枫单手托着下巴，歪了歪头，脸上的笑容温和得像是邻家大哥哥。
“听说，你要带人杀上我的枫染亭。”
“还要对我用尽酷刑，逼问出仙草的下落？”
每一个字，都轻飘飘的，却像一柄重锤，狠狠砸在戴沐白的心脏上。
他的大脑一片空白。"
第142章 这女人下手太黑，全场男斗罗双腿一紧！,https://www.biquh.com/678_678189/65985910_6.html,"
直到这时，他才终于注意到，那些之前被他当成背景板的食客。
一道，两道，三道……
整整十六道视线，每一道都像是一座大山，压得他喘不过气。
一道道视线，不再是看戏，而是像屠夫在打量一头待宰的牲口。
明明没有没有半分杀气外露，却比任何魂技都让戴沐白胆寒。
求生的本能让他用仅剩的左手撑地，疯狂地想要后退。
他想逃！
可他一转头，整个人都冻住了。
那是……剑斗罗？骨斗罗？
昨天还不可一世，轻易击退泰坦巨猿的两位封号斗罗，此刻正跟宁风致一起，跪在大厅中央！
跪着？！
他的视线僵硬地转回来，扫过那十六个气息恐怖的身影，最后……落回到柜台后那个始终带着微笑的男人脸上。
一个念头，如同惊雷，在他脑海中炸开。
他明白了。
他全都明白了。
“大人！前辈！我错了！”
他涕泗横流，拼命磕头，额头砸在地板上发出砰砰的闷响。"
第142章 这女人下手太黑，全场男斗罗双腿一紧！,https://www.biquh.com/678_678189/65985910_7.html,"
“我……我……”
绝望中，他混乱的思绪如同溺水之人，胡乱抓取着任何一丝可能。
他的余光，瞥到了角落里那个自始至终都沉默不语的熟悉身影。
朱竹清！
那一瞬间，仿佛溺水的人抓住了最后一根稻草。
“竹清！救我！”"
第143章 朱竹云：前辈，我能杀了吗？,https://www.biquh.com/678_678189/65985911.html,"
“竹清！救我！”
戴沐白这一声嘶吼，简直是用尽了生命在呐喊，嗓子都喊劈了。
整个饭店，所有目光齐刷刷地转了过去，聚焦在角落里那个安安静静吃饭的少女身上。
朱竹清像是没听见。
她甚至连眼皮都没抬一下，只是好看的眉头微微皱了皱，似乎被这噪音影响了她品尝美食的心情。
她夹起一筷子金黄色的龙须面，姿态优雅地送入口中，细细地咀嚼。
那撕心裂肺的哀嚎，于她而言，真的就跟窗外哪条野狗被人踹了一脚一样，不值一瞥。
可这副全然无视的态度，却成了压垮戴沐白心气的最后一根稻草。
他疯了。
“竹清！！”
他像一条蛆虫，用唯一能动的左手和那条还算完好的右腿，奋力地在地上蹬着，朝着朱竹清的方向蠕动。
那动作，要多难看有多难看。
光洁如镜的地板上，被他拖出一条长长的，混合着鲜血、碎肉、尘土和口水的丑陋痕迹。
“竹清！你看看我！是我啊！我是戴沐白！”
“我们有婚约的！我是你的未婚夫啊！！”
他把“未婚夫”三个字咬得极重，好像这是什么可以号令天下的免死金牌。
他以为，只要搬出这个身份，就能唤醒朱竹清哪怕一丝一毫的旧情。
就能抓住这最后一根救命稻草。"
第143章 朱竹云：前辈，我能杀了吗？,https://www.biquh.com/678_678189/65985911_2.html,"
“我错了！我真的错了！我不该在星罗帝国抛下你一个人跑掉！”
他哭得一把鼻涕一把泪，整张脸皱成一团，哪里还有半分皇子的英俊，只剩下让人作呕的可悲。
“你让那位前辈饶了我！只要你开口，他一定会听你的！”
“竹清，你救救我！我发誓！我发誓以后再也不去找那些乱七八糟的女人了，我只对你好，我一心一意地对你好！”
他爬着，哀求着，嘴里絮絮叨叨地许诺着一个他自己都不信的未来。
廉价，又可笑。
他完全没意识到，自己这番惊世骇俗的言论，在这个地方说出来，是何等的愚蠢。
“噗——”
饭桌上，月关一口茶没忍住，直接喷了出来。
他赶紧用手帕捂住嘴，肩膀一耸一耸的，那张阴柔的脸憋得通红，想笑又不敢笑得太大声。
千道流更是直接摇了摇头，发出一声不加掩饰的嗤笑。
“啧，现在的年轻人，脑子是怎么长的？”
他端起茶杯，吹了吹热气，慢悠悠地对旁边的金鳄斗罗吐槽。
“拿一个破帝国的婚约，来求前辈的人开恩？”
“这脑回路，比老夫我被取消了第二顿蛋炒饭的命运，还要悲惨。”
金鳄斗罗深以为然地点了点头：“大哥说的是，这智商，属实有点感人了。”
翘着二郎腿的比比东调换了一下姿势，永恒黑丝相蹭发出轻微的摩擦声。"
第143章 朱竹云：前辈，我能杀了吗？,https://www.biquh.com/678_678189/65985911_3.html,"
未婚夫？
这星罗帝国的蠢货，恐怕到死都不会明白，他嘴里那纸可笑的“婚约”，在前辈亲封的“员工”这个身份面前，连一张擦屁股的纸都不如。
戴沐白的挣扎还在继续。
他离朱竹清越来越近，眼中甚至迸发出了希望的光彩。
就在他距离朱竹清只剩下三步远时。
她终于有了动作。
那终于到来的“回应”，让戴沐白欣喜若狂。
“竹清！我就知道！我就知道你心里还是有我的！你放心，我刚才说的，以后一定会做……”
他的话，像是被掐住脖子的鸭子，戛然而止。
因为朱竹清站了起来。
她并没有立刻做什么，只是不紧不慢地将一根拖把，从角落里拿了出来。
然后，她提着拖把，走到了他面前。
戴沐白仰着头，呆呆地看着她。
朱竹清动了。
一脚。
不是泄愤的猛踹，甚至没带多少力气。
就像人走路时，随意地踢开脚边的一颗石子。
“砰。”"
第143章 朱竹云：前辈，我能杀了吗？,https://www.biquh.com/678_678189/65985911_4.html,"
一声闷响。
戴沐白整个人被踹得贴地滚了回去，不偏不倚，正好停在他开始爬行的地方，回到了原点。
他懵了。
彻底懵了。
朱竹清没有看他，甚至连一个多余的眼神都没给他。
她只是垂下眼，看着自己早上才拖干净的木地板上，那条被戴沐白拖出来的、混杂着血肉的污痕。
她眉头紧锁。
那是一种洁癖发作时，发自内心的厌恶。
“真是恶心。”
她低声说了一句，像是在抱怨今天的工作量又无端增加了。
说完，她便提着拖把，开始清理那道丑陋的痕迹。
哗啦。
哗啦。
拖把沾着清水，不急不缓地，在那条污痕上，来回擦拭。
一下。
又一下。
仿佛，他这个人，连同他存在过的证据，都和地上的垃圾一样。"
第143章 朱竹云：前辈，我能杀了吗？,https://www.biquh.com/678_678189/65985911_5.html,"
需要被清除。
戴沐白像一滩烂泥，呆滞地趴在地上。
他忘了疼痛，忘了求饶，甚至忘了绝望。
就在这时。
一只通体红底黑皮高跟鞋，悄无声息地，将那细长的鞋跟落在了他的左手手背上。
然后，鞋跟的主人，将身体的重心，缓缓压了上去。
噗嗤！
一声利器入肉的轻响。
尖锐的鞋跟，几乎没遇到任何阻碍，便洞穿了他的掌骨与血肉，与坚硬的瓷砖地板，来了个亲密接触。
“呃啊……”
戴沐白喉咙里挤出一声野兽濒死般的闷哼。
疼！
疼到极致的痛苦让他身体猛地弓起，像一只离水的虾，又重重砸下。
他眼球翻白，口吐白沫，几乎再次昏死过去。
直到这时，鞋子的主人，朱竹云，才像是刚刚发现自己脚下踩到了什么异物。
她捂住小嘴，发出一声娇滴滴的惊呼，那张美艳的脸上，全是恰到好处的歉意与无辜。
“哎呀！沐白，你怎么还趴在这儿呢？”
她缓缓弯下腰，声音甜得能掐出水来，可听在戴沐白耳中，却比深渊恶鬼的诅咒还要恐怖。"
第143章 朱竹云：前辈，我能杀了吗？,https://www.biquh.com/678_678189/65985911_6.html,"
“你看我这一不小心，踩到你的手了呢。”
“真是抱歉哦。”
说着，她踩在他手背上的那只脚，还看似无意地，以鞋跟为轴心，轻轻地，碾了碾。
“咯吱……”
“咯吱……”
骨头与地板摩擦的声音，清晰地传到每个人耳朵里。
闻言，满屋子人脸上尽是无语之色。
谁都看得出来，她那一下，跟“不小心”没有半毛钱关系。
哪有人不小心，能用高跟鞋的鞋跟，直接把人的手掌钉穿在地板上的？
朱竹云做完这一切，才慢悠悠地提起脚。
她看了一眼鞋跟上沾染的血污，好看的眉头微微蹙起，满脸都是嫌恶。
然后，她就在戴沐白那因为剧痛而剧烈颤抖的后背上，仔仔细细地，来回蹭了蹭。
直到鞋跟上再也看不见一丝血迹，她才满意地停下。
她居高临下地俯视着地上那滩连呻吟都发不出的戴沐白，声音里的甜腻消失了，只剩下冰冷的讥讽。
“到了现在，你还以为自己是那个高高在上的星罗三皇子？”
“你还以为，那纸连屁都不如的婚约，能保住你的狗命？”
朱竹云的语气里，充满了毫不掩饰的、报复的快意。"
第143章 朱竹云：前辈，我能杀了吗？,https://www.biquh.com/678_678189/65985911_7.html,"
“要不是前辈还没发话。”
她的声音压得很低，充满了恶毒的快慰。
“我早就把你剁碎喂狗了！”
说完这句话，她甚至懒得再多看戴沐白一眼。
朱竹云转过身，面向柜台后的林枫。
就是这一秒。
她脸上所有的狠戾、冰冷、恶毒，都消失得无影无踪。
取而代之的，是甜到骨子里的乖巧笑容，像一只刚刚办完坏事，急于向主人邀功的猫咪。
“前辈~”
“这个垃圾，弄脏了地板。”
“我能杀了他吗？”"
第144章 当着星罗大帝的面，处决皇子！,https://www.biquh.com/678_678189/65985912.html,"
朱竹云的尾音拖得又长又媚，就好像是在索要一块糖果。
只是她索要的，可是戴沐白的命！
林枫看着她，明知故问。
“哦？你想杀他吗？”
朱竹云却点头点得像小鸡啄米，生怕林枫看不见她的决心。
那双勾魂夺魄的眸子里，闪烁着一种近乎于癫狂的渴望。
“想！”
她毫不犹豫地回答，声音里甚至带着一丝颤抖的兴奋。
“做梦都想！”
她当然想。
戴家的混蛋害死朱家那么多女子，她恨不得将戴家那群道貌岸然的男人，一个个挫骨扬灰！
今天先收点利息，不过分吧？
林枫点了点头。
朱竹云懂了。
她毫不犹豫，指尖利爪暴涨，直取戴沐白那脆弱的咽喉。
然而林枫懒洋洋的声音再次响起。
“但不是现在，更不能在我的店里。”
那淬毒般的利爪，在距离戴沐白喉结不到一厘米的地方，硬生生停住。"
第144章 当着星罗大帝的面，处决皇子！,https://www.biquh.com/678_678189/65985912_2.html,"
爪风甚至已经割断了他脖颈上的几根汗毛。
朱竹云疑惑地回头，看向摇椅上的林枫。
前辈这是……什么意思？
林枫还没来得及解释。
地上，那滩烂肉般的戴沐白，在死亡的锋芒前彻底崩溃了。
他感觉一股热流瞬间冲破了最后的闸门。（话说被切了还憋得住吗？）
就在他裤裆被侵湿的那零点一秒。
距离较劲，同时又被赋予过极致之速的鬼豹斗罗，那双豹眼骤然瞪圆！
不好！
地板！
前辈的地板！
他脑子里只剩下这一个念头。
下一瞬，他整个人化作一道肉眼难辨的残影，瞬间从原地消失。
一同消失的，还有地上的戴沐白。
当众人再次看清时，鬼豹斗罗已经出现在枫染亭门外十米开外的地方。
他手里还提溜着满头冷汗的戴沐白。
也就在这时。"
第144章 当着星罗大帝的面，处决皇子！,https://www.biquh.com/678_678189/65985912_3.html,"
“哗啦啦……”
一股黄色的液体顺着戴沐白的裤管流下，在店外的青石板上迅速晕开一滩。
浓郁的骚味，随风飘散。
“草！真他妈晦气！”
鬼豹斗罗像是碰到了什么绝世污秽之物，骂骂咧咧地将戴沐白狠狠掼在地上。
他甚至来不及看戴沐白一眼，就从魂导器里掏出一大桶清水，拼命冲洗着自己那只抓过戴沐白的手。
店里，林枫的面皮忍不住抽了抽。
他对着洗完手，一脸邀功表情跑回来的鬼豹斗罗，投去一个赞许的眼神。
“鬼豹，干得不错。”
血迹，让朱竹清拖一下就行了。
这要是真让戴沐白尿在店里，那味道……
林枫光是想想，都觉得今天这饭吃不香了。
得到前辈的亲口夸奖，鬼豹斗罗整个人都快飘起来了。
他腰杆挺得笔直，脸上喜气洋洋，嘴里谦虚道：
“分内之事，分内之事！怎能让此等污秽，脏了前辈的圣地！”
周围的封号斗罗们，一个个在心里暗骂。
踏马的！
狗腿子！"
第144章 当着星罗大帝的面，处决皇子！,https://www.biquh.com/678_678189/65985912_4.html,"
马屁精！
可那眼神里的羡慕、嫉妒、懊悔，却是怎么也藏不住。
我怎么就没他快呢！
怎么就被他抢先了呢！
错亿啊！
处理完这个小插曲，林枫的目光才重新落回宁风致三人身上。
宁风致三人一个激灵，姿态更低了。
“给你们一个将功补过的机会。”
林枫的声音淡淡传来。
宁风致三人闻言，狂喜。
将功补过的机会！
“你们三个，带着这个废物，去一趟星罗帝国。”
林枫的指尖在柜台上轻轻敲击着，每一下，都像敲在宁风致的心脏上。
“告诉星罗那个皇帝。”
“三日之内，我要他亲自滚到我枫染亭门口，为他儿子的所作所为，磕头道歉。”
林枫的语气很平淡，像是在说一件微不足道的小事。
“如果三日后，我没见到人……”"
第144章 当着星罗大帝的面，处决皇子！,https://www.biquh.com/678_678189/65985912_5.html,"
他顿了顿，笑了。
“那星罗的皇位，也该换个姓氏的人来坐坐了。”
这句话，比任何魂技都有杀伤力。
宁风致浑身剧颤，冷汗瞬间浸透了后背的衣衫。
他毫不怀疑，眼前这位前辈，真的做得出来。
虽然他这么做了会彻底罪星罗帝国。
但和得罪眼前这位神明比起来，星罗帝国算个屁！
别说得罪，就是现在让他带队去把星罗皇宫给点了，他都毫不犹豫！
“晚辈遵命！晚辈一定将话带到！”
宁风致点头如捣蒜，声音都因为激动而变了调。
林枫这才满意地点了点头。
他的目光转向朱竹云，那张因为没能亲手了结戴沐白而略带失落的俏脸上，写满了委屈。
林枫看着她那期待又忐忑的眼神，微微一笑。
“你也跟着去，到时候，你可以当着那个星罗大帝的面。”
“亲手，处决了戴沐白。”
轰！
朱竹云的脑子，嗡的一声。
一股难以言喻的巨大狂喜，像是火山爆发，瞬间冲垮了她所有的理智。"
第144章 当着星罗大帝的面，处决皇子！,https://www.biquh.com/678_678189/65985912_6.html,"
前辈……
他说什么？
让我在星罗大帝面前，亲手杀了戴沐白？！
这是何等的快意！
一股滚烫的热流直冲眼眶。
她再也控制不住自己。
朱竹云几乎是本能地，一个纵身，直接越过了高高的柜台，不管不顾地扑进了林枫怀里。
“前辈！呜呜呜……谢谢你！我……我……”
她将脸深深埋在林枫的胸口，像一个受了天大委屈后终于找到依靠的孩子，嚎啕大哭。
所有的恨，所有的隐忍，所有的野心和算计，在这一刻，都化作了最原始的、滚烫的泪水。
温香软玉入怀，林枫也是一愣。
嗯，软。
还挺香。
他抬起手，轻轻拍了拍她因为剧烈抽泣而颤抖的背。
“好啦好啦，知道你受委屈了。”
“这不是给你出气的机会了嘛，别哭了。”
朱竹云从他怀里抬起头，那张梨花带雨的俏脸哭得一塌糊涂，但那双眸子，却亮得惊人，仿佛燃烧着两团火焰。"
第144章 当着星罗大帝的面，处决皇子！,https://www.biquh.com/678_678189/65985912_7.html,"
她重重地点了点头，脸上绽开一个比任何时候都灿烂的笑容。
“嗯！”
一旁的宁风致看着这一幕，心里五味杂陈。
这位前辈是何等的宠爱自家仆从啊！
他看了一眼不远处还处于失魂落魄状态的女儿宁荣荣，心中长长地叹了口气。
罢了，罢了。
七宝琉璃宗能保住，已经是天大的幸运了。
就在宁风致准备领命带人离开时。
林枫的声音，再次幽幽传来。
“宁风致。”
宁风致身体一僵，连忙躬身：“晚辈在！”
林枫甚至没看他，只是随手地帮怀里的朱竹云抹去眼泪。
“去星罗这一路，保护好竹云。”
他顿了顿，抬起眼皮，扫了宁风致一眼。
“若是因为尔等保护不力而受伤……”"
第145章 神仆？神妃！玉小刚大胆的想法！,https://www.biquh.com/678_678189/65985913.html,"
林枫话音刚落，宁风致吓得一哆嗦，差点没再次跪下。
他想都没想，拍着胸脯立下军令状。
“前辈放心！”
“此行竹云神使若少了一根汗毛，宁某提头来见您！”
林枫这才满意地点点头，轻轻推了推还赖在自己怀里的朱竹云。
“去吧。”
朱竹云乖巧地嗯了一声，恋恋不舍地从他怀里走出。
可只走了两步，她又停了下来，猛地转过身。
此刻，她脸上已经没了泪痕，那双勾人的桃花眼里，媚意如丝，几乎要溢出来。
她快步回到柜台前，踮起脚尖，将那诱人的红唇凑到林枫的耳边。
温热的、带着一丝甜腻香气的气息，轻轻吹拂在林枫的耳廓上。
“前辈。”
她的声音压得极低，酥麻入骨，带着毫不掩饰的挑逗和许诺。
“等竹云回来，一定……”
“好好地‘伺候’您。”
说完，她还伸出温热的舌尖，在林枫的耳垂上，闪电般地轻轻一舔。
做完这个大胆到极点的动作，她才脸颊绯红地退开，眼里的得意和妩媚让人口干舌燥。
林枫：......"
第145章 神仆？神妃！玉小刚大胆的想法！,https://www.biquh.com/678_678189/65985913_2.html,"
朱竹云这才心满意足地转身，看向早已呆若木鸡的宁风致。
然而，就是那么随意地瞥了一眼，没有杀气，甚至没有任何敌对情绪，
宁风致的瞳孔却骤然收缩，全身的汗毛根根倒竖！
仆人？
神使？
不。
不对。
宁风致只觉得一道闪电劈开了自己的天灵盖。
他全身上下的血液，在这一刻都冲上了头顶，又在下一秒冻结成冰。
这哪里是选拔什么店员！
这分明是一场试炼！
一场……成为这位神明枕边人的试炼！
他先前所有的理解，在这一刻被全部推翻，显得无比可笑。
她们最终的归宿，根本不是什么仆人。
而是神妃！
是能与这位无上存在同床共枕，获得最大宠爱的存在！
这个认知，让他心脏j几近骤停。"
第145章 神仆？神妃！玉小刚大胆的想法！,https://www.biquh.com/678_678189/65985913_3.html,"
紧接着，一股比面临灭宗之危时，还要强烈百倍的悔恨，如同火山爆发，瞬间吞噬了他！
他七宝琉璃宗……他的女儿宁荣荣……本也有这个机会的！
一步登天！
一人得道，鸡犬升天！
可这个天大的、足以改变整个大陆格局的机缘，就被荣荣那恶劣脾气，给儿戏般的葬送了！
宁风致的身体剧烈颤抖起来，脸色惨白如纸。
他看着朱竹云的眼神，彻底变了。
那是仰望一尊未来神祇的眼神！
他不敢怠慢，几乎是瞬间往旁边一闪，摆出个请的手势。
“神使……您，您先请！”
这位可是前辈的枕边人！是能对前辈“吹枕边风”的存在！
某种程度上，她比前辈本人，还要更不能得罪！
朱竹云压根没理会宁风致的异样，昂首挺胸地从他身边走过。
脑子里已经在幻想着自己蜷缩在林枫怀里，享受无上宠爱的场景了。
他自己则和剑骨斗罗一起，亦步亦趋地跟在后面，活像一个管家和两个护卫。
护送着她与那个半死不活的戴沐白，奔赴星罗帝国。
人走了。
大厅里恢复了早餐时该有的宁静，食物的香气重新占据了主导。"
第145章 神仆？神妃！玉小刚大胆的想法！,https://www.biquh.com/678_678189/65985913_4.html,"
菊斗罗等人更是迫不及待的开始搓手点餐。
仿佛刚才那场足以颠覆一个顶级宗门，决定一个帝国未来的闹剧，只是一段无足轻重的插曲。
但宁荣荣还跪在那里。
她像一尊被抽走了灵魂的瓷娃娃，失去了所有的色彩，呆呆地跪在原地。
父亲走了。
剑爷爷和骨头爷爷也走了。
他们护送着那个叫朱竹云的女人，去执行那位前辈的神谕。
她被留下了。
或者说，被抛弃了。
他甚至不敢去回想父亲临走时最后看她的那个眼神。
带着压不住的怒火、迁怒，甚至还有一丝丝......疏离。
那里面没有了宠溺，没有了心疼，甚至没有了失望。
只有一片冰冷的、掺杂着迁怒与……解脱的漠然。
宁荣荣茫然的抬头环顾四周，她甚至不知道自己接下来该去哪，该做什么。
......
与此同时。
史莱克学院。"
第145章 神仆？神妃！玉小刚大胆的想法！,https://www.biquh.com/678_678189/65985913_5.html,"
那座熟悉的，刻着“史莱克学院”五个大字的破旧木匾大门下，站着一个人。
玉小刚。
他负手而立，常年板着一张司马脸的嘴角，带着一丝若有若无的笑意。
一切尽在掌握。
他已经从李郁松口中，得知了史莱克现在七名“怪物”学员的全部资料。
甚至为他们量身定做了一套堪称完美的训练计划。
至于那个疑似叛逃的朱竹清？
一个小女娃罢了，抽空找时间抓回来就是。
他已经能预见到，在他的指导下，这几个孩子将会在整个大陆掀起何等的波澜。
远处，传来一阵杂乱的脚步声。
玉小刚推了推眼镜，朝着声音的方向看去。
弗兰德和赵无极回来了。
然而，只看了一眼，玉小刚脸上的自信就僵住了。
不对劲。
弗兰德整个人像是被抽了主心骨，失魂落魄，l连他眼中标志性的奸商光芒都消失了。
旁边的赵无极更是惨，一张黑脸跟锅底似的，连连叹气。
玉小刚的心里“咯噔”一下。
他的视线猛地越过二人，投向他们身后。"
第145章 神仆？神妃！玉小刚大胆的想法！,https://www.biquh.com/678_678189/65985913_6.html,"
唐三。
奥斯卡。
马红俊。
没了。
就这三个。
出去的时候，不是六个吗？
戴沐白呢？
拥有大陆第一辅助的宁荣荣呢？
玉小刚气得面皮直抽抽。
他为之构筑了无数未来的理论大厦，在这一刻，仿佛被人硬生生抽走了三根顶梁柱。
“弗兰德！”
玉小刚的声音因为愤怒和惊骇，变得尖锐无比。
“你带队出去猎个魂，死了三个？！”
弗兰德看见玉小刚，挤出一个比哭还难看的笑脸。
“小刚，你来了。”
“到底发生了什么事？你的学生们呢？”
在玉小刚的不断追问下，还是赵无极沉着脸，将事情的经过用最简练的语言说了一遍。"
第145章 神仆？神妃！玉小刚大胆的想法！,https://www.biquh.com/678_678189/65985913_7.html,"
“小舞是十万年魂兽？”
“戴沐白被剑斗罗废了一条胳膊，和宁荣荣一起被抓走了？”
这些消息每一个都足够震撼，但玉小刚的大脑却自动过滤掉了那些“旁枝末节”。
他死死抓住了其中最关键的一点。
他的手攥住赵无极的肩膀，唾沫星子都快喷到赵无极脸上了。
“宁风致找到突破武魂桎梏的方法，还是在武魂城？”
玉小刚的声音因为极度的亢奋而发尖。
武魂城。
打破桎梏。
这两个词组合在一起，让一个女人的身影瞬间在他脑海中变得清晰无比。
那个高高在上，执掌着大陆最强权柄的女人。
那个......深深伤了自己心的女人。
玉小刚的眼中，燃起一股炙热的火焰，那是压抑多年后，自以为即将翻身的野心。
宁风致在武魂城突破武魂桎梏，比比东作为教皇不可能不知道一点消息。
那她当初伤我那么深，如今我给她一个弥补的机会，让她命令那个能人异士，顺手帮我玉小刚突破魂力桎梏……
这，很合理吧？"
第146章 唐昊也要去武魂城？,https://www.biquh.com/678_678189/65985914.html,"
当赵无极沉重点头，给出肯定的答案后，玉小刚的呼吸停了一瞬。
整个世界的声音都消失了。
史莱克学院、未来的计划、眼前的弟子……
所有的一切，都在他脑中被瞬间清空。
只剩下一件事。
一条路。
一条通往武魂城，通往他魂牵梦萦了几十年的道路！
他这辈子最大的遗憾是什么？
不是比比东，不是柳二龙，更不是被家族驱逐的狼狈。
是他那该死的，停滞在二十九级，一辈子都动弹不得的魂力！
世人嘲笑了他几十年，这根刺就在他心里扎了几十年！
现在，机会来了。
比比东连宁风致那种外人都能帮。
她凭什么不帮我？
她有什么脸面拒绝我？！
一股压抑了二十多年的怨气和野望，轰然炸开，冲刷着他的四肢百骸。
玉小刚猛地转身。
那张僵硬的脸上，第一次有了鲜活的表情，一种极致的贪婪和渴望。"
第146章 唐昊也要去武魂城？,https://www.biquh.com/678_678189/65985914_2.html,"
“弗兰德，我现在不能在你的史莱克待着了，我必须立刻去一趟武魂城！”
他的声音，都因为过度的亢奋而变了调，尖锐得有些刺耳。
弗兰德先是一愣，随后便反应过来对方的目的。
但他并没有说什么，只是勉强露出个笑容。
“嗯，去吧，小刚，去实现你的梦想吧。”
完全沉浸在自己世界里的玉小刚完全没听出他话里的滋味，转身就要走。
就在这时，唐三向前一步。
他低着头，双拳攥得死死的，指甲深陷掌心。
“老师……”
他的声音沙哑得厉害，像是两块砂纸在摩擦。
“请你带我一起去吧。”
玉小刚眉头一皱，眼中的狂热褪去几分。
“小三，你去干什么？你现在的任务，是留下来好好修炼。”
“我想变强！”
唐三猛地抬起头，那双布满血丝的眼睛死死盯着玉小刚。
“我要快速变强，只有这样，我才能更早的去找小舞。”
“我一定要把她找回来！”"
第146章 唐昊也要去武魂城？,https://www.biquh.com/678_678189/65985914_3.html,"
他的声音，带着不顾一切的决绝和痛苦。
然而，这番话听在玉小刚的耳朵里，却只觉得聒噪。
找小舞？
愚蠢！
一只十万年魂兽而已。
你找他干什么？
而且你唐三可是唐昊的儿子，是武魂殿的仇人！
若是带着你去武魂城，被识破身份后，影响了我突破桎梏怎么办？
这跟你老师我的未来比起来，算得了什么？
玉小刚的脸色彻底沉了下去，他看着唐三，语气里带着不容置喙的威严，那是他作为“大师”的惯用姿态。
“胡闹！”
“你的心情我理解，但正因如此，你才更需要冷静！一个被情绪左右的魂师，是走不远的！你太让我失望了！”
唐三的身体晃了晃，几乎站立不稳。
“可是……”
“没有可是！”
玉小刚厉声打断了他，耐心已经消耗殆尽。
他的目光扫过唐三，扫过弗兰德，扫过赵无极，最后重新变得坚定而灼热。
“这件事，就这么定了。”"
第146章 唐昊也要去武魂城？,https://www.biquh.com/678_678189/65985914_4.html,"
“我去武魂城，你们留在学院，等我回来！”
说完，他甚至不再看唐三那张写满痛苦的脸，直接转身，大步流星地朝着学院外走去。
他的未来，他的前途，他玉小刚一飞冲天的机会，就在武魂城！
谁，都不能耽误他！
然而，玉小刚的身影才刚消失在史莱克学院的破旧门头后，前方小路的阴影里，一个轮廓便缓缓走了出来。
那人披着一身看不出原色的破烂袍子，身形高大，仅仅是站在那里，就让周围的光线都暗淡了几分。
玉小刚的脚步瞬间钉在原地。
唐昊。
玉小刚的瞳孔猛地一缩，之前被突破桎梏的狂喜冲昏的头脑，瞬间被一盆冰水浇醒。
他刚才呵斥唐三的话，恐怕一字不落地都被这位听了去。
冷汗，瞬间就下来了。
正当玉小刚准备开口解释，唐昊那沙哑低沉的声音已经先一步响起。
“你做得对。”
嗯？
玉小刚愣住了，一时间没反应过来。
唐昊的目光越过他的肩膀，望向史莱克学院的方向，声音里听不出情绪：
“武魂城是龙潭虎穴，现在的小三，还不够资格去闯。”"
第146章 唐昊也要去武魂城？,https://www.biquh.com/678_678189/65985914_5.html,"
玉小刚暗自松了口气，心头的大石瞬间落地。
他立刻背起手，重新摆出那副为人师表的沉稳姿态，痛心疾首地摇了摇头。
“小三这孩子，终究是太重感情，此番心性，还需要多多磨砺才行啊。”
说完，他话锋一转。
“冕下，小舞她……”
“我早就知道。”
唐昊的声音沉了下去，隐约带着几分压抑的怒火。
“只是没想到，出了这等意外，被宁风致那老狐狸给搅了局。”
他眼中的杀意一闪而过。
该死的七宝琉璃宗！
这笔账，迟早要算！
他很快将情绪收敛，不再纠结于此。
“算了，不说这个。”
唐昊转过头，那双深邃的眼睛，死死盯住了玉小刚。
“这次你去武魂城，必须办成一件事。”
“从比比东那里，拿到解决双生武魂反噬的方法。”
（作者自己的想法：要说唐昊让唐三拜玉小刚为师，没有这层想法我是不信的。）
玉小刚心中一凛，脸上却立刻换上义正言辞的表情。"
第146章 唐昊也要去武魂城？,https://www.biquh.com/678_678189/65985914_6.html,"
“冕下放心，这也是我此行最重要的目的！小三是我的弟子，我绝不会坐视不管！”
当然，他心里究竟是怎么排序的，只有他自己清楚。
唐昊看着他，似乎是满意了，周身的压力都缓和了几分。
他沉默了片刻，做出了一个让玉小刚头皮发麻的决定。
“我跟你一起去。”
玉小刚的眼角剧烈地跳动了一下。
开什么玩笑！
你儿子我都不敢带，你一个武魂殿的头号通缉犯要亲自过去？
你是嫌我死得不够快吗？
唐昊仿佛看穿了他的心思，语气淡漠。
“我不会露面。”
“但此事太过重要，你自己去我不太放心。”
他顿了顿，那身破旧的袍子无风自动，一股无形的霸气扩散开来。
“况且，就算被发现了又如何？”
“武魂殿那群废物，想留下我，还没那个本事。”
听着这番话，玉小刚那颗悬着的心彻底放下了，取而代之的是一阵狂喜。
且不说唐昊这番话里有多少吹牛的意思，反正玉小刚是信了！"
第146章 唐昊也要去武魂城？,https://www.biquh.com/678_678189/65985914_7.html,"
唐昊不主动暴露，那自己就能节省大量时间，更早地见到比比东，早日突破这该死的二十九级！
而且这一路上，还多了个大陆最顶级的免费保镖！
这等好事，何乐而不为？
“冕下深谋远虑，小刚佩服。”
“我们，即刻出发！”"
第147章 天使神灵魂碎片！怎么？想吃？,https://www.biquh.com/678_678189/65985915.html,"
枫染亭内，餐后的悠闲时光格外难得。
饭店扩建后，空间宽敞了许多，客人们不再需要像过去那样吃完就匆匆离去。
浓郁的食物香气在空气中盘旋不去，像一只无形的手，挠着宁荣荣空空如也的胃。
这是她人生中第一次，如此清晰地体会到饥饿的痛苦。
她跪在冰冷的地板上，只能眼巴巴地看着武魂殿的大人物们，享受着她无法触及的珍馐。
可任凭她肚子咕咕作响也没人理会。
她像个透明人。
刚才的抽奖环节，更是一场对她自尊心的公开处刑。
魂骨。
魂力提升。
魂环年限暴涨。
林枫每随手抛出一件奖励，都像一记响亮的耳光，狠狠扇在宁荣荣的脸上。
让她愈发清楚地认识到，自己当初拒绝的，究竟是何等逆天的机缘。
此刻，轮到最后一个抽奖的千道流。
林枫看着系统面板上弹出的奖励，眼皮几不可察地跳了一下。
【叮！奖池生成特殊奖励：天使神灵魂碎片一份。（集齐五份可拼出天使神完整灵魂。）】
他抬起眼，看向一脸期待的千道流，声音平淡无波。
“你的奖励是，天使神残魂碎片一份。”"
第147章 天使神灵魂碎片！怎么？想吃？,https://www.biquh.com/678_678189/65985915_2.html,"
千道流脸上的期待瞬间凝固。
今天不是天使神力亲和度吗？
唉~
浪费啊。
可突然，他像是才意识到什么，猛的抬起头来，干涩地开口。
“前辈……这天使神残魂碎片，是什么意思……”
林枫托着下巴，似乎在组织语言，过了两秒才耸了耸肩道：
“就是字面意思。”
“你们武魂殿信奉的那个天使神，陨落了。”
“这是她死后的一块灵魂碎片。”
轰——！
这句话，如同一道惊雷，在整个大厅所有人的脑海中炸响。
“哐当！”
原本还在悠闲喝茶的千仞雪，手中的茶杯直接脱手，摔在桌上。
供奉殿所有封号斗罗，有一个算一个，全部僵在原地，脸上的血色以肉眼可见的速度褪尽。
千道流浑身都在抖，这位九十九级的绝世斗罗，此刻脸白得像一张纸，脑子嗡嗡作响。
“不……不可能！”"
第147章 天使神灵魂碎片！怎么？想吃？,https://www.biquh.com/678_678189/65985915_3.html,"
他的声音嘶哑，充满了荒谬和崩溃。
“先祖……是神！神怎么会陨落！？”
林枫嗤笑一声，换了个更舒服的姿势躺在摇椅里，反问了一句。
“神又怎样？”
“杀不死么？”
这一句轻飘飘的反问，像一柄无形的重锤，砸碎了供奉殿众人最后的侥幸。
是啊。
在他们眼中高高在上，永恒不朽的神祇。
在这位前辈的眼中，恐怕和他们这群封号斗罗一样，都是随手可以捏死的蝼蚁。
前辈，没必要拿这种事开玩笑。
这个认知，让千道流的身体剧烈地晃动了一下，整个人仿佛瞬间被抽走了所有的精气神。
“先祖……”
他双目失神，嘴里喃喃着，两行老泪毫无征兆地滚落下来。
信仰崩塌的剧痛，远比肉体上的任何伤势都要致命。
供奉殿众人，尤其是千仞雪，更是心神剧震，一股巨大的悲恸涌上心头。
眼看这位老人就要当场哭过去了，林枫不耐烦地撇了撇嘴。
“哭什么？”
“等集齐了她所有的灵魂碎片，把她复活不就行了？”"
第147章 天使神灵魂碎片！怎么？想吃？,https://www.biquh.com/678_678189/65985915_4.html,"
闻言，刚准备放声大哭的千道流猛地一噎，差点被自己的口水呛死。
他猛地抬头，那泪汪汪的双眼里，爆发出骇人的光。
“复……复活！？”
不止是他，在场所有人，包括一直看戏的比比东，都瞪大了眼睛。
复活一个……陨落的神祇？
千道流像是溺水之人抓住了最后一根救命稻草，他声音颤抖，带着哭腔，充满了卑微的祈求。
“前……前辈！此言当真！？”
林枫懒得回答，只是随手一挥。
一个黯淡的金色光团，从他掌心悠悠飘出。
千道流几乎是扑过去的，用尽一生中最轻柔的动作，将那光团捧在手心。
光团入手的瞬间，一股同根同源，却又虚弱到极致的气息涌入他的感知。
他感受到了。
那是天使神的气息。
只是，这气息里，充满了死亡、破碎与无尽的悲凉。
先祖，真的陨落了。
这个事实，再也无法辩驳。
“把她的残魂暂时融入天使神像中，用你们的信仰之力温养着，不至于消散。”林枫随口提醒了一句。"
第147章 天使神灵魂碎片！怎么？想吃？,https://www.biquh.com/678_678189/65985915_5.html,"
“谢前辈指点！”
千道流对着林枫躬身行礼后，然后像捧着全世界最珍贵的至宝，化作一道金光，疯了一般冲出饭店，直奔供奉殿而去。
饭店里的气氛，这才稍稍缓和。
一直葛优躺在椅背上，心满意足地轻抚着自己微微隆起小腹的比比东，将刚才的一幕尽收眼底。
她的姿态慵懒而满足，那餐后的红润让她整个人都散发着惊人的魅力。
忽然，她红唇轻启，问出了一个让所有人呼吸都为之一滞的问题。
“前辈。”
“封号斗罗所能点的九级菜单，就是最顶级的食谱了吗？”
众人齐刷刷地看向林枫。
林枫闻言，轻轻一笑，那眼神，像是在看一群井底之蛙。
“总不能因为你们自己不争气，就说我没有更好的菜了吧？”
一句话，让在场所有人心脏狂跳。
还有更高级的菜单？
封号斗罗之上？
那岂不是……
神级菜单？！
比比东回过神后，那双平日里威严睥睨的凤眸，此刻只剩下一种情绪。
渴望。"
第147章 天使神灵魂碎片！怎么？想吃？,https://www.biquh.com/678_678189/65985915_6.html,"
她忽然起身了，那双包裹在永恒黑丝下的长腿划出优雅的弧线。
在一众封号斗罗震惊的注视下，这位武魂殿的最高统治者，竟是莲步轻移，走到了林枫的身后。
她没有说话。
只是将自己的重心，朝着林枫脑后压去。
一双柔若无骨的玉手，就这么轻轻搭在了林枫的肩膀上。
而后，不轻不重地，捏了起来。
“前辈。”
比比东的声音压得很低，带着一丝餐后特有的沙哑与娇憨，吐气如兰。
“那神级菜单……究竟是什么样的？”
“能跟人家……稍微透露一点点吗？”
饭店里所有人的动作都停了。
月关等人眼珠子都快瞪出来了，心里疯狂呐喊：还能这样？
林枫眼皮都没抬一下，不过看在比比东“贴身服务”的份上，他倒也不介意多说两句。
“你们现在所吃的九级菜单，充其量也就是凡间珍馐，味道好些罢了。”
“对于修炼，以及实力的提升并无半点帮助。”
他顿了顿，似乎在回味什么。
“神级菜单嘛……”"
第147章 天使神灵魂碎片！怎么？想吃？,https://www.biquh.com/678_678189/65985915_7.html,"
“则是能够从根本上弥补自身的缺陷，强化神魂，提升境界。”
大厅里，呼吸声都消失了，只剩下心脏狂跳如鼓，以及不断咽口水的声音。
林枫能清晰地感觉到，身后那双给自己捏肩的手，猛地一僵，连带着那紧贴着自己的柔软娇躯，都因为极致的激动而微微颤抖起来。
他侧过头，似笑非笑地看着那张近在咫尺、写满渴望的绝美脸庞。
“怎么？”
“想吃？”"
第148章 宁宗主卑微撑伞，竹云女王驾到，统统闪开！,https://www.biquh.com/678_678189/65985916.html,"
“怎么？想吃？”
比比东几乎是毫不犹豫，像小鸡啄米一样用力点头。
“嗯嗯嗯！”
那副急切又乖巧的模样，哪里还有半分教皇的威严。
周围的封号斗罗们心态崩了。
不是？凭什么啊！
就因为她给您捏肩吗？
早知道我也上了啊！
然而，林枫只是轻笑一声，重新躺回摇椅里，语气随意得像是打发一个嘴馋的小孩。
“那就努努力，先升到神级再说吧。”
比比东撅起小嘴，那模样带着一丝恰到好处的委屈。
但她手上的动作非但没停，反而更加用心，指尖的力道穿透衣物，精准地按在林枫的穴位上。
她眼中那“阴谋”得逞的笑意一闪而过。
客人？
她的目标，可从来不是当一个简简单单的客人。
一想到朱竹云离开前，几乎是挂在林枫身上的亲昵姿态，比比东心中就升起一股强烈的、不加掩饰的竞争欲。
那个位置，那小丫头可以做得，自己凭什么坐不得？
就在这时，系统的声音在林枫脑中响起。"
第148章 宁宗主卑微撑伞，竹云女王驾到，统统闪开！,https://www.biquh.com/678_678189/65985916_2.html,"
【宿主，朱竹云已抵达星罗帝国，是否开启现场直播？】
林枫嘴角微扬，心念一动。
播。
下一秒，枫染亭大厅中央的空气微微扭曲，一道巨大的蓝色光幕凭空展开。
光幕中的画面清晰得仿佛身临其境，瞬间吸引了所有人的目光。
“这是……神迹！”
有封号斗罗失声惊呼，看向林枫的眼神愈发敬畏。
隔着半个大陆，将实时影像投射于此，这是何等伟力？
跪在地上的宁荣荣也下意识地抬起头，当她看清画面中的人时，身体一颤，嘴里无意识地呢喃。
“爸爸……”
画面里，星罗帝国皇城正下着倾盆大雨。
乌云压城，豆大的雨点砸在青石板上，溅起一片片冰冷的水花，整座城市都笼罩在一片灰蒙蒙的压抑之中。
长街之上，一道诡异的风景线，正朝着皇宫的方向缓缓移动。
走在最前面的，是朱竹云。
她一身黑红相间服饰，昂首挺胸，脸上没有任何表情。
在她身后，七宝琉璃宗宗主宁风致，正高举着一把大伞。
他的姿态谦卑到了极点，几乎将整个伞盖都倾向了前方的朱竹云，任由冰冷的雨水打湿自己的半边身子，却浑然不觉。"
第148章 宁宗主卑微撑伞，竹云女王驾到，统统闪开！,https://www.biquh.com/678_678189/65985916_3.html,"
林枫看着这一幕，内心啧啧称奇：这宁风致还真有天赋，业务能力很强嘛，倒是可以表扬一下。
再往后，是面无表情的剑斗罗与骨斗罗。
两位封号斗罗如两尊沉默的石雕，任由雨水冲刷着他们的身体，眼神中只有对四周的警戒。
毫不怀疑，如果有人突然袭击朱竹云。
那么下一秒，那人将会见识到何为七宝琉璃宗两大守护神的恐怖。
骨斗罗的手中，还提着一个物体。
那东西依稀能看出是个人形，断了一臂，一腿。
在湿漉漉的地面上被拖行，留下一道混杂着血水与泥泞的丑陋痕迹。
这种堪称惊悚的组合，让整条长街陷入了死寂。
街边的商铺，“哐当”、“哐当”地落下门板，仿佛在躲避什么末日瘟疫。
一队碰巧巡逻至此的城卫军，在看清这几人的瞬间，齐刷刷地停下脚步。
为首的百夫长脸色惨白，手按在腰间的刀柄上，却抖得怎么也拔不出来。
他身后的士兵们更是连呼吸都忘了，只觉得一股寒气从脚底板直冲天灵盖。
这些人是谁？
他们为何会以这副姿态，护送一个女人？还拖着一个半死不活的血人？
百夫长张了张嘴，想要上前盘问，可喉咙里像是被塞了一团棉花，一个字都发不出来。
最终，他只能眼睁睁地看着这支队伍从他面前走过，默默地对着所有手下，做了一个噤声后退的手势。
没人敢拦。"
第148章 宁宗主卑微撑伞，竹云女王驾到，统统闪开！,https://www.biquh.com/678_678189/65985916_4.html,"
也没人敢问。
朱竹云的脚步不疾不徐，高跟鞋踩在积水的地面上，发出清脆的“哒、哒”声，像是死神的催命钟。
他们的目标很明确。
星罗城最大，也是防卫最森严的建筑——星罗皇宫。
当这支队伍出现在皇宫前那宽阔的广场上时，高耸城墙上的数百名禁卫军，瞬间炸了锅。
“那是什么人！”
“站住！皇宫禁地，不得擅闯！”
警告声色厉内荏。
但朱竹云四人，连脚步都没有丝毫停顿。
“放箭！！”
一名将领模样的军官终于无法忍受这种被无视的屈辱，嘶吼着下达了命令。
咻咻咻——
密集的箭雨，带着尖锐的破空声，从天而降！
然而，接下来的一幕，让城墙上所有人都怀疑自己是不是在做梦。
宁风致身后的剑斗罗，终于动了。
他一个闪身来到队伍最前边，身上第五魂环亮起。
“第五魂技！威震四方！”"
第148章 宁宗主卑微撑伞，竹云女王驾到，统统闪开！,https://www.biquh.com/678_678189/65985916_5.html,"
刹那间，一股无形的压力出现。
所有飞向他们的箭矢，在半空中骤然停滞。
然后，像是被一只无形的大手碾过，瞬间化为齑粉，随风飘散。
“嘶——”
城墙上，响起一片倒吸冷气的声音。
所有禁卫军的脸上，都写满了惊骇与绝望。
做完这一切，剑斗罗才退到一旁，继续像个忠实的护卫，跟在朱竹云身后。
这支队伍，就这么在数百名禁卫军的注视下，一步步，踏上了通往皇宫正门的阶梯。
星罗皇宫，议政大殿。
气氛压抑的人喘不过气来。
“废物！”
一声震怒咆哮，从最上方的皇座传来。
身穿虎袍的星罗大帝戴天风，那张威严与狠戾的脸上，此刻布满了阴云。
“区区四个人，就硬闯了朕的皇宫正门？”
“朕养的数千禁卫军，都是一群连魂兽都不如的饭桶吗！”
帝皇之怒，让整个大殿的温度都仿佛下降了好几度。
大殿中央，一个浑身湿透，身披禁卫军铠甲的百夫长跪在地上，身体抖个不停。
皇座之侧，站着一个身形挺拔的青年。"
第148章 宁宗主卑微撑伞，竹云女王驾到，统统闪开！,https://www.biquh.com/678_678189/65985916_6.html,"
他比戴沐白更高，更壮，一头同样的金发打理得一丝不苟。
面容与戴沐白有着七分相似，但那双眼眸里更显狂傲，更加冰冷。
正是星罗帝国大皇子，戴维斯。
他冷眼扫过地上那个抖如筛糠的百夫长，声音没有一丝波澜。
“对方是谁？”
那百夫长身体剧烈一颤，牙齿磕碰着，发出“咯咯”的声响，结结巴巴地回答。
“回……回禀陛下，太子殿下……”
“雨……雨势太大，看不真切……”
“但……但是……”
戴维斯眉头微皱，眼中闪过一丝不耐。
百夫长感受到了那股寒意，几乎是吼了出来。
“但是其中一人出手了！只用了一招，就……就将兄弟们的箭雨全部化为了齑粉！”
“从那恐怖的剑意和魂技波动判断……那个人，很有可能是……是七宝琉璃宗的……”
他说到这里，声音因为极致的恐惧而嘶哑，几乎无法成言。
“剑斗罗，尘心！”
最后五个字，像是五记重锤，狠狠砸在空旷的大殿之中。
戴天风那前一秒还暴怒欲狂的表情，瞬间凝固。"
第148章 宁宗主卑微撑伞，竹云女王驾到，统统闪开！,https://www.biquh.com/678_678189/65985916_7.html,"
戴维斯那古井无波的眼神，也骤然收缩！
父子二人的心脏，在同一时刻，狠狠地“咯噔”了一下！
（ps：淦！这宁荣荣咋处理啊？还要不要再处罚了？有人提提建议吗？）"
第149章 父皇说得对！下一秒，星罗大帝脸都绿了！,https://www.biquh.com/678_678189/65985917.html,"
剑斗罗，尘心！
戴天风那只搭在虎皮皇座扶手上的手，猛地收紧。
他眼中的暴怒消失了。
一股比暴怒更可怕的阴沉，从这位帝王的眼底深处浮现。
虽说七宝琉璃宗向来与天斗帝国交好，但与星罗最多也就是井水不犯河水。
可今日，他们的人，竟敢硬闯他星罗的皇宫？
台阶之下，满朝文武百官，瞬间死寂。
方才还抱着看热闹心态的官员，此刻脸上的血色褪得一干二净，有几位年老的，身子已经开始不受控制地发抖。
戴天风沉默了足足五秒，冰冷的杀意在他眼中一闪而逝，最终又被强行压下。
他咬着牙，从齿缝里挤出几个字。
“让所有守卫，退下。”
那名报信的百夫长如蒙大赦，连滚带爬地跑了出去。
“父皇！”
戴维斯再也站不住了，他上前一步，声音压抑着急切。
“剑斗罗来意不明，就这么放他进来，无异于引狼入室！”
他的话音刚落，底下立刻传来几声低低的附和。
“是啊，陛下，万万不可！”
“大皇子言之有理，此举太过凶险！”"
第149章 父皇说得对！下一秒，星罗大帝脸都绿了！,https://www.biquh.com/678_678189/65985917_2.html,"
戴天风的目光从戴维斯脸上扫过，又落到下方那些面带惊恐的臣子身上。
他非但没有动怒，反而笑了。
“危险？”
戴天风闻言，竟是冷笑一声，紧绷的身体重新放松，靠回了皇座。
他看了一眼自己这个最出色的儿子，语气里带着几分帝王的教导与自负。
“维斯，你的眼界还是太窄了。”
“你还没明白，一个封号斗罗，尤其是一个九十五级以上的攻击系封号斗罗，意味着什么。”
戴天风的视线投向殿外那片磅礴的雨幕，声音沉稳如山。
“他若真想杀人，这皇宫里的数千禁卫，不过是数千具尸体，拦不住的。”
“继续阻拦，除了徒增伤亡，让皇家的脸面更难看，没有任何意义。”
戴维斯脸色阵青阵白，嘴唇动了动。
但他还是不解。
“可……”
“没有可是。”
戴天风直接打断了他，语气里透着一种对游戏规则的绝对洞悉。
“记住，维斯，封号斗罗是一个宗门最强大的底牌与威慑，不是街边的刺客。”
“他今天敢硬闯皇宫，已经是把七宝琉璃宗，架在火上烤。”"
第149章 父皇说得对！下一秒，星罗大帝脸都绿了！,https://www.biquh.com/678_678189/65985917_3.html,"
“他若敢在这里对朕动手……”
戴天风说到这里，再次笑了，那笑容充满了帝王的傲慢与自负。
“那他动手的瞬间，就意味着七宝琉璃宗，在向我星罗帝国宣战。”
“届时，武魂殿会坐视不理吗？他们会放弃这个削弱上三宗的机会吗？”
”凭他一个宁风致，还没这个胆子，更没这个实力，去搅动整个大陆的风云！”
最后一句话，掷地有声。
最后一句，铿锵有力，回荡在大殿之中。
下方那些战战兢兢的臣子们，此刻纷纷抬起头，眼中的恐惧渐渐散去，转为敬畏和了然。
戴维斯也明白了。
他眼中的担忧和急切褪去，一种属于上位者的冰冷重新占据了他的眼神。
没错。
父皇说得对。
规则之内，他们才是最强的。
七宝琉璃宗，没那个实力面对他们的百万大军！
戴天风甚至已经开始在脑中构思，待会儿该如何利用帝国的威严。
敲打对方，从这次冒犯中，为星罗帝国榨取到最大的利益。
就在大殿中的气氛，从惊恐转为一种微妙的“同仇敌忾”时。
殿外，传来了不疾不徐的脚步声。"
第149章 父皇说得对！下一秒，星罗大帝脸都绿了！,https://www.biquh.com/678_678189/65985917_4.html,"
清脆，而富有节奏。
在场的所有人，目光齐刷刷地投向了大殿门口。
雨幕中走来的四道身影，与他们预想中的任何一种场面都截然不同。
走在最前面的，不是剑斗罗尘心。
而是一个女人。
当看清那张脸时，大殿内响起一片极低的抽气声。
朱竹云。
可又不像他们记忆中的朱竹云。
那张脸美得惊心动魄，肌肤在昏暗的光线下莹莹生辉，远比过去动人百倍。
一双桃花眼眼波流转，却深藏着冰冷的傲慢。
那种自信，那种仿佛将皇权踩在脚下的气场，是过去的朱竹云绝不可能拥有的。
她身上穿着一套黑红相间的紧身衣物，剪裁合体，将她那惊人的身段勾勒得淋漓尽致，那种款式，整个星罗帝国都找不出第二件。
那不是星罗的风格，更不是天斗的。
那是一种他们无法理解的，带着俯瞰意味的尊贵。
戴维斯几乎是瞬间就直了眼。
他的喉结不自觉地上下滚动了一下，目光像是黏在了朱竹云的身上，从她精致的锁骨，一路滑到那不堪一握的腰肢，再到挺翘的弧线。
一股灼热的占有欲，从他小腹升起。"
第149章 父皇说得对！下一秒，星罗大帝脸都绿了！,https://www.biquh.com/678_678189/65985917_5.html,"
这个女人，比以前更有味道了。
不，是彻底脱胎换骨了。
戴维斯心中火热，自己的未婚妻变得如此极品，这让他那属于皇子的虚荣心和男人的征服欲，得到了双重的满足。
他甚至已经决定，今晚就让她给自己侍寝！
而站在皇座之上的戴天风，注意到的却是另一件让他心头狂跳的事情。
跟在朱竹云身后的，是宁风致。
这位七宝琉璃宗的宗主，此刻正不紧不慢地收起一把大伞，动作小心翼翼。
他的左边肩膀，已经被雨水完全浸透，湿漉漉地贴在身上，显得有些狼狈。
可他似乎毫不在意。
戴天风的瞳孔猛地一缩。
宁风致淋着雨，却在给朱竹云撑伞？！
一个顶级宗门的宗主，给一个尚未过门的皇子妃撑伞？
这他妈算什么？！
他的视线越过宁风致，落在了后面那两尊如同铁塔般的身影上。
剑斗罗，尘心。
骨斗罗，古榕。
两大封号斗罗，沉默地跟在最后面，骨斗罗的手里，还提着一个手脚残缺之人。
虽然身形有些眼熟，但因为垂下的脸被一头金发遮挡，也看不出那人是谁。"
第149章 父皇说得对！下一秒，星罗大帝脸都绿了！,https://www.biquh.com/678_678189/65985917_6.html,"
戴天风的心脏，狠狠地沉了下去。
一个宗主，两个封号斗罗，全都来他星罗皇宫了？
这阵仗，到底想干什么？
但他毕竟是帝王，很快就反应过来。
“不知宁宗主大驾光临，真是有失远迎，有失远迎啊！”
戴天风的声音洪亮，充满了帝王的威严，试图将场面的主导权死死攥在自己手中。
他主动走下台阶，亲自相迎，声音洪亮。
这番姿态，给足了七宝琉璃宗面子。
可宁风致，没理他。
别说回话，宁风致甚至连眼皮都没抬一下。
他就那么沉默地，近乎卑微地，跟在朱竹云身后半步的位置。
头微垂，身微躬。
那姿态，戴天风只在一种人身上见过。
皇宫里，最低贱的仆役，面对他这位帝王时，才会摆出这种姿态。
戴天风脑子里“嗡”的一声。
他引以为傲的帝王心术，在这一刻碎得像地上的瓷片。
宣战？"
第149章 父皇说得对！下一秒，星罗大帝脸都绿了！,https://www.biquh.com/678_678189/65985917_7.html,"
敲打？
榨取利益？
他看着大殿中央那个卑微弓着身子，连头都不敢抬的宁风致，只觉得自己的脸火辣辣地疼。
仿佛被一只无形的大手，当着满朝文武的面，狠狠地来回抽了十几个耳光！
这他妈是一个顶级宗门的宗主该有的姿态？
谁能告诉我，这究竟是怎么回事！"
第150章 一句“主人”，饭店众人表情精彩了！,https://www.biquh.com/678_678189/65985918.html,"
戴天风强行压下心头的惊涛骇浪，给了还在贪婪打量着朱竹云的戴维斯一个眼色。
戴维斯立刻会意，立刻开口打破这种诡异的气氛。
他向前一步，属于大皇子的威严尽显，对着朱竹云厉声呵斥。
“还不快过来！”
“没看到有贵客在此吗？身为未来的皇子妃，一点规矩都不懂！”
这一声呵斥，既是敲打，也是一种主权的宣示。
他要让满朝文武，让七宝琉璃宗的人看清楚，这个身姿容颜皆为极品的女人，是他戴维斯的。
然而，当朱竹云缓缓转过头，那双绝美的桃花眼，第一次正眼看向了戴维斯时。
他才发现那眼神里，没有了过去的隐忍、恐惧或是顺从。
只有一片纯粹的，看垃圾般的冰冷与漠然。
“你算个什么东西。”
朱竹云红唇轻启，声音不大，却像一道惊雷，在死寂的大殿中炸响。
“也配，对我发号施令？”
满朝文武，有一个算一个，全都懵了。
戴维斯更是如遭雷击，整个人都僵在原地，脸上的表情从震怒，到错愕，再到极致的荒谬。
她……她刚才说什么？
“贱人！你找死！”
戴维斯怒吼一声，身形一动，夹杂着魂力的大手便朝朱竹云那张绝美的脸扇去。"
第150章 一句“主人”，饭店众人表情精彩了！,https://www.biquh.com/678_678189/65985918_2.html,"
这个女人，即便变得再漂亮，也只是他的所有物。
违逆主人，就该被教训。
然而，他的手掌刚扬到一半。
一道影子在他眼前一晃而过。
那是他此生见过最快，也最无法理解的画面。
紧接着，一股无法抗拒的巨力狠狠抽在他的脸上。
啪！！！
清脆的爆响，盖过了殿外的雷鸣！
戴维斯感觉自己的半边脸瞬间失去了知觉，紧接着是骨头碎裂的剧痛。
他整个人被这股力量带着，双脚离地，在空中划出一道屈辱的抛物线。
视野天旋地转。
他最后看到的，是父亲戴天风那张瞬间凝固的脸，和满朝文武惊骇欲绝的眼神。
“砰”的一声闷响。
戴维斯重重摔在冰冷坚硬的金砖上，滑出数米远，一口混着碎牙的血沫从他嘴里喷了出来。
世界，死一般的寂静。
先前还抱着看戏心态，准备看戴维斯如何“管教”未来皇妃的文武百官们，此刻全都成了泥塑木雕。
一个个张大了嘴，表情凝固在脸上，眼底深处是无法掩饰的恐惧。"
第150章 一句“主人”，饭店众人表情精彩了！,https://www.biquh.com/678_678189/65985918_3.html,"
那可是大皇子殿下！
星罗帝国未来的皇帝！
就在这皇宫大殿之上，当着皇帝陛下的面，被人……一巴掌抽飞了？
戴天风那张还维持着帝王威严的脸，肌肉不受控制地剧烈抽搐。
他眼睁睁看着自己最出色的儿子，被人用最羞辱的方式打翻在地。
那清脆的巴掌声，不只是抽在戴维斯的脸上，更是狠狠地抽在了他星罗皇室的脸上，抽在了他这个皇帝的脸上！
一股血气直冲脑门，戴天风的太阳穴青筋暴起。
他死死盯着宁风致，连那虚伪的笑容都懒得维持了，声音极为低沉。
“我星罗帝国与你七宝琉璃宗，虽无深交，却也从未有过嫌隙！”
“今日，你不仅带着封号斗罗强闯朕的皇宫，还当着满朝文武的面，出手重伤朕的皇子！”
他猛地一拍扶手，站起身来，帝王之怒如狂涛席卷整个大殿。
“朕要一个解释！”
“你七宝琉璃宗，到底想做什么？！”
戴天风有理由怀疑这一切都和朱竹云有关，但理智告诉他不可能。
一个女人，凭什么能让七宝琉璃宗如此大动干戈？
但面对他的质问，宁风致只是摇了摇头。
然后微微侧过身，面向朱竹云的方向，微微躬身，做出了一个无比标准，甚至带着几分谦卑的“请”的手势。
仿佛朱竹云，才是他此行真正的主人。"
第150章 一句“主人”，饭店众人表情精彩了！,https://www.biquh.com/678_678189/65985918_4.html,"
“陛下，您误会了。”
宁风致的声音很轻，很平淡，却清晰地传入大殿中每一个人的耳朵里。
“宁某今日，只是一个护卫罢了。”
戴天风怀疑自己听错了。
他死死盯着宁风致，试图从那张恭敬到近乎卑微的脸上，找出一丝开玩笑的痕迹。
没有。
什么都没有。
堂堂七宝琉璃宗宗主，上三宗之一的掌门人，魂师界地位最高的那几个人之一。
是护卫？
给谁当护卫？
这个念头刚冒出来，戴天风的视线就不受控制地，僵硬地，移向了大殿中央那个女人。
朱竹云。
“砰！”
殿外一道惊雷炸响，惨白的电光瞬间照亮大殿，也映亮了朱竹云那双冰冷的眼眸。
她根本没理会皇帝的质问，也没看地上像死狗一样的大皇子戴维斯。
她就这么轻轻一摆手。
仅此而已。"
第150章 一句“主人”，饭店众人表情精彩了！,https://www.biquh.com/678_678189/65985918_5.html,"
骨斗罗古榕会意，手臂随意一甩。
就像扔一件垃圾。
“噗通——”
一声闷响。
那个被他提了一路的血人，被他像丢垃圾一样，扔在了大殿中央。
那人翻滚了两圈，露出了那张沾满血污和泥水的脸。
一头标志性的金发，以及离得近了才看出对方几分原本模样的脸。
戴天风的心脏，猛地漏跳了一拍。
“陛下。”
朱竹云终于开口，清冷的声音在大殿中回荡，没有半分敬畏。
“我家主人听说，您的三皇子在外惹了些麻烦。”
她迈开长腿，黑色的高跟鞋鞋跟，轻轻踢了踢地上那颗低垂的脑袋。
“所以，特意命我将他给您送回来。”
“不必谢。”
大殿之上，戴天风的呼吸停滞了。
那个刚刚挣扎着从地上爬起来，满脸怨毒的戴维斯，脸上的表情也彻底凝固。
......
光幕中，朱竹云那声又甜又媚的“我家主人”，清晰地传遍了枫染亭的每一个角落。"
第150章 一句“主人”，饭店众人表情精彩了！,https://www.biquh.com/678_678189/65985918_6.html,"
这些个封号斗罗们，有一个算一个，全都动作一僵。
众人先是面面相觑，随后，一道道目光齐刷刷地，带着一种全新的、混杂着恍然大悟与敬佩的眼神，投向了柜台后那个男人。
懂了。
他们全都懂了！
原来前辈好这一口！
什么员工，什么神使，那都是对外人的说法！
真正的核心圈子，玩的居然是这种称呼！
看看朱竹云，再想想她得到的宠爱，这不明摆着吗！
菊斗罗月关更是翘着兰花指，用一种“我懂的”眼神，偷偷和鬼斗罗交换着视线，心里直呼：还是前辈会玩！
林枫：“……”
他感觉自己的后槽牙有点痒。
朱竹云这丫头，在外面乱喊什么呢！
私底下两个人关起门来……呸！就没有私底下！
自己维持了这么久的高人形象，眼看就要往奇怪的方向一去不复返了！
他能感觉到，身后那双给自己捏肩的玉手，力道突然大了一瞬。
紧接着，那柔软的娇躯，似乎又往他背上贴近了几分。
比比东的呼吸，都变得有些灼热。
主人……吗？"
第151章 当着皇帝的面，碾死皇子！,https://www.biquh.com/678_678189/65985919.html,"
的心中，一扇新世界的大门，仿佛被朱竹云一脚踹开。
原来……还可以这样？
那个朱家的小丫头，不过是抢先了一步，就敢用这种称呼来宣示主权，博取宠爱。
这声“主人”，她叫不得？
论姿色，论身份，论实力，她比比东哪一点输了？
另一边，站在柜台旁的胡列娜，也捏紧了衣角，心里拉响了一级警报。
危机感！
前所未有的危机感！
自己作为第一个员工，居然还规规矩矩地喊“前辈”，那个朱竹云一来，直接弯道超车，开始喊“主人”了！
不行！
自己元老级的地位，绝对不能被一个新人动摇！
看来，是时候研究一下，更高级的称呼了。
光幕之中，那被扔在地上的血人艰难地抬起头。
那张曾经英俊的脸，此刻只剩下扭曲的痛苦和深入骨髓的绝望。
“父亲……救我……”
戴沐白用尽最后一丝力气，挤出这几个字，声音微弱得像风中残烛。
朱竹云俯视着他，那张美艳的脸上露出一抹残忍至极的笑容，那笑容里满是复仇的快意。
“既然你已经说完遗言了。”"
第151章 当着皇帝的面，碾死皇子！,https://www.biquh.com/678_678189/65985919_2.html,"
“那么戴沐白，跟这个世界说再见吧！”
话音落下，她抬起脚，那高跟鞋前半部分，对准了戴沐白脆弱的喉骨，缓缓压下。
没有魂力。
纯粹的，缓慢的，施虐般的物理压力。
大殿中，所有人都能清晰地听到那令人牙酸的“咯吱”声。
那是喉骨在极致的压力下，即将碎裂的声音。
“放肆！！”
戴天风身上的黄袍无风自动，恐怖的魂力波动轰然炸开。
他没有看地上的戴沐白一眼，那双充斥着血丝的眼睛，死死锁定着朱竹云。
他流着戴家血脉的儿子，就算是个废物，也只能由他这个父亲，或者由戴维斯这个兄长来亲手裁决。
这是星罗皇室铁一般的规矩！
是皇权的体现！
什么时候，轮到一个朱家的女人，在这皇宫大殿之上，当着他的面行刑？
戴天风怒吼，身形化作一道残影，直扑朱竹云。
然而，还有一道身影比他更快。
“竹云快住手！”
朱家家主朱晨飞，朱竹云的亲生父亲，此刻脸色惨白如纸，不顾一切地冲了过来。"
第151章 当着皇帝的面，碾死皇子！,https://www.biquh.com/678_678189/65985919_3.html,"
他看着那个视皇权如无物，即将踩碎皇子喉骨的女儿，眼中全是恐惧。
只可惜，他根本就过不了两位封号斗罗那一关。
剑斗罗与骨斗罗甚至没有动。
仅仅是气息的释放，就让整座议政大殿的空气重若铅汞。
大殿上百名星罗帝国的权贵，感觉自己像是被灌入了水泥，连动一根手指都成了奢望。
那股压力看不见，摸不着，却又无处不在，钻入骨髓，碾压着他们的尊严和意志。
因为朱家女子，而在星罗帝国地位至高无上的朱家家主朱晨飞，此刻脸上的血色早已褪尽。
他想冲过去，想推开朱竹云，想用尽一切办法阻止这场疯狂的闹剧。
可身体不听使唤。
那股来自封号斗罗的威压，像一座无形的山岳，死死地将他钉在原地。
他只能眼睁睁看着，看着那个自己的女儿，用那只踩在皇子喉咙上的高跟鞋，一步步将整个朱氏家族推向深渊。
“竹云！！”
朱晨飞用尽全身力气，从喉咙里挤出嘶哑的咆哮。
“你疯了吗！你知不知道你在做什么！”
“杀了三皇子的代价，我们承受不起！！”
他双目赤红，那副狼狈的惊恐模样，哪里还有半分家主的威严。
他哀嚎着，祈求着。
“停下！爹求你了！你快停下啊！”"
第151章 当着皇帝的面，碾死皇子！,https://www.biquh.com/678_678189/65985919_4.html,"
这声音，充满了绝望。
他不是在担心女儿的安危，他是在恐惧！
为整个朱家，为他自己，为这无法挽回的弥天大祸而恐惧！
朱竹云的动作，因为这声哀嚎，仅仅停顿了一瞬。
她甚至没有回头。
只是脚下那只黑色的高跟鞋，依然不急不缓地，继续向下施压。
“嗬……嗬……”
戴沐白嘴里发出破风箱般的声响，眼球因为缺氧而向上翻白，四肢......两肢无意识地抽搐着。
他能清晰地感觉到，自己喉骨上传来的，那种令人牙酸的、即将崩裂的压力。
戴天风，这位星罗帝国至高无上的君主，此刻正以一种极度屈辱的姿态，单膝跪在自己的皇座前。
他全身的魂力都在疯狂运转，金色的虎纹在他皮肤下若隐若现，额角的青筋一根根坟起，狰狞得像是要爆开。
可没用。
他那八环魂斗罗巅峰的实力，在那两位封号斗罗的联手威压下，脆弱得像一张纸。
脚下的地砖，因为承受不住他身上传来的反作用力，已经龟裂开细密的蛛网。
“宁！风！致！”
戴天风咬碎了后槽牙，每一个字都像是从牙缝里迸出来的寒冰。
“连我戴家的家事你都要干预！”"
第151章 当着皇帝的面，碾死皇子！,https://www.biquh.com/678_678189/65985919_5.html,"
“你七宝琉璃宗，是铁了心要与我星罗帝国，开战吗？！”
他的声音，震得大殿嗡嗡作响。
这是帝王的最后通牒。
是代表着一个帝国的质问。
然而，宁风致依旧是那副卑微的姿态，低着头，一言不发，仿佛外界的一切都与他无关。
这种彻底的无视，比任何反驳都更让戴天风疯狂。
他的目光猛地转向朱竹云，那双虎目中，杀意与屈辱交织成一片血红。
“朱竹云！朕以星罗大帝的名义命令你！”
“给朕——停下！！”
然而，回应他的，只有朱竹云一声不加掩饰的轻笑。
“停下？”
她终于舍得偏过头，那双绝美的桃花眼，居高临下地瞥了一眼这位跪地的帝王。
那眼神里，没有恐惧，没有敬畏，只有纯粹的、猫戏老鼠般的嘲弄。
“呵~”
一声轻笑。
脚下的力量，猛然加大！
“咔——嚓！”
一声清脆到极致的骨裂声，在大殿中突兀地响起，盖过了一切声音。"
第151章 当着皇帝的面，碾死皇子！,https://www.biquh.com/678_678189/65985919_6.html,"
戴沐白！
死！
戴天风的瞳孔，在这一瞬间缩成了针尖大小。
他眼睁睁地看着，自己儿子的喉骨，被那个女人用鞋跟，一寸寸地……踩得粉碎。
朱竹云似乎还不解气。
她抬起的脚尖，在那已经变成一滩烂肉的脖颈上，又重重地，带着十足的厌恶与快意，碾了碾。
直到确认戴沐白已经死得不能再死，她才缓缓抬起脚。
殷红的血，顺着那纤细的鞋跟滴落，在冰冷的地砖上，绽开一朵妖异的花。
朱竹云缓缓直起身子，闭上眼，长长地，舒爽地呼出了一口气。
那副模样，像是在品味一道无上的人间美味。
压抑了十几年的恨意，在这一刻，终于得到了最酣畅淋漓的释放。
枫染亭内，众斗罗看着光幕中这血腥而解气的一幕，只觉得浑身舒泰。
而一直默默看着这一幕的朱竹清，也同样的心潮澎湃。
一双粉拳死死的攥着，指甲已经刺破掌心她都没有察觉。
直到这时，宁风致那平淡的声音，幽幽响起。
“戴天风......”"
第152章 帝王秒变脸，魔熊再遭群殴！,https://www.biquh.com/678_678189/65985920.html,"
“戴天风，在神使面前，收起你那可笑的帝王威严。”
“那东西，一文不值。”
宁风致的声音很轻，却像一柄重锤，砸在戴天风的耳膜上。
神使？
神使！
这两个字，如同两道天雷，劈进了星罗大殿所有人的脑子里。
戴天风那张因暴怒而扭曲的脸，瞬间凝固。
挣扎的动作停了。
咆哮的声音卡在了喉咙里。
他身边的朱晨飞，前一秒还在瑟瑟发抖，此刻也跟被人点了穴一样，僵在原地。
就连满朝文武，那些低着头装鹌鹑的大臣们，此刻也都忘了恐惧，一个个猛地抬头，脸上写满了极致的震惊。
神祇！
星罗帝国作为大陆上传承最古老的势力之一，自然知晓在那魂师的尽头，还有着怎样的存在。
那，是真正的神！
是他们这些凡人终其一生都只能仰望的存在！
朱竹云……成了神的使者？
戴天风的脑子嗡的一声，一片空白。
他看向朱竹云的眼神，再也没有了半分杀意与愤怒。"
第152章 帝王秒变脸，魔熊再遭群殴！,https://www.biquh.com/678_678189/65985920_2.html,"
取而代之的，是一种混杂着了然、惊骇、以及一丝……狂热的情绪。
怪不得！
怪不得几天不见，她便脱胎换骨！
怪不得她敢如此大胆，视皇权如无物！
怪不得宁风致他们，会像仆人一样护送她。
他们不是疯了，他们是找到了最粗的大腿！
一个念头通达，戴天风瞬间又觉得无比憋屈。
他妈的！
朱竹云是我星罗帝国的人！是我戴家的未来儿媳！
就算要当神使的狗……啊呸，就算要辅佐神使，那也该是他星罗帝国来啊！
凭什么让你一个七宝琉璃宗抢了先？！
剑骨斗罗的气势缓缓收回。
那座压在戴天风身上的无形山岳，消失了。
他没有狼狈地跳起来，反而慢条斯理地站起身，抬手拍了拍龙袍上根本不存在的灰尘。
脸上的阴沉和狰狞消失得无影无踪。
原本威严无比的星罗大帝，瞬间切换形态，成了一位慈眉善目、和蔼可亲的长辈。
“哎呀！竹云，你看你这孩子！”"
第152章 帝王秒变脸，魔熊再遭群殴！,https://www.biquh.com/678_678189/65985920_3.html,"
戴天风的语气里充满了宠溺和一丝嗔怪，仿佛刚才那个要杀人的不是他。
“成了神使这么大的事儿，怎么不提前跟家里人说一声？”
“要是早点告诉我们，朕……咳，我们也好提前为你举办一场全大陆最盛大的庆功宴嘛！你说是不是啊，朱爱卿？”
说着，他热情无比地亲自上前，将还瘫在地上的朱晨飞搀扶起来，那亲热的劲头，不知道的还以为是失散多年的亲兄弟。
他口中的“家里人”，自然是巧妙地将自己这个皇帝也包含了进去。
同时，也是在不动声色地提醒宁风致。
你再献殷勤，她也是我星罗的人！
朱晨飞是什么人？那是常年混在皇帝身边的顶级老油条。
皇帝一个眼神，他就心领神会。
他立刻借着戴天风的力站起来，满脸堆笑，对着朱竹云连连点头。
“是啊是啊！竹云，你这孩子就是太任性了！还劳烦宁宗主亲自护送你回来，下次可不许这样了！”
……
枫染亭内，光幕前的众人，清晰地看到了戴天风那堪称戏剧性的变脸过程。
一时间，鄙夷之声四起。
“切！”
金鳄斗罗的嘴角撇的老高，脸上写满了不屑。
“还天天吹什么星罗帝国国风彪悍，皇帝铁面无私，我看也不过如此嘛，典型的看人下菜碟。”
不在用餐时间，灵鸢斗罗就恢复了她那身为长老的威严。"
第152章 帝王秒变脸，魔熊再遭群殴！,https://www.biquh.com/678_678189/65985920_4.html,"
她抱着双臂，冷哼一声，嗓音带着几分英气。
“彪悍？那也是分跟谁比。”
“跟天斗那群软脚虾比，他当然彪悍。可他敢在我们武魂殿面前硬一个试试？”
“不把他屎打出来，都算他拉得干净！”
此言一出，周围的几个封号斗罗嘴角都抽了抽。
灵鸢长老，您这用词……是不是也太彪悍了点？
眼看众人你一言我一语地发表着高见，一旁的魔熊斗罗坐不住了。
他总觉得这种场合自己要是不说点什么，就显得特别憨，不合群。
他挠了挠自己那颗储存量不多的大脑袋，一双熊眼死死盯着光幕。
看什么呢？
找切入点啊！
左思右想，看了半天，他的目光最终定格在了那个满脸堆笑，活像个福娃的朱晨飞身上。
有了！
魔熊斗罗只觉得脑中灯泡一亮，计上心来。
他清了清嗓子，用自认为很有见地的语气，语不惊人死不休地开了口：
“是啊！还有那个姓朱的，你们看他那德行，嬉皮笑脸的，简直跟戴天风养的一条狗似的！”
话音未落。"
第152章 帝王秒变脸，魔熊再遭群殴！,https://www.biquh.com/678_678189/65985920_5.html,"
整个长老团那一桌，空气瞬间凝固。
就连供奉殿那一桌，也都停下了讨论，纷纷看了过去。
魔熊斗罗最近的圣龙斗罗拓跋希，脸色刷的一下就白了。
这位出了名的老好人，此刻脸上的肌肉都在抽搐，看魔熊的眼神仿佛在看一头待宰的猪。
“我操！”
只见他大骂一声，想都没想，一记蕴含了毕生耻辱和愤怒的鞭腿，就朝着魔熊斗罗的腰子狠狠踹了过去！
“砰！”
没有任何防备的魔熊斗罗如何能挡得住这一脚？直接就摔了个四脚朝天，当场就懵了。
还不等他从懵逼中回过神来。
“你他妈找死啊！”
“弄死你个憨批！”
“嘴上没个把门的玩意儿！”
长老团的其他人也反应了过来，一个个跟被踩了尾巴的猫似的，炸毛了。
他们一拥而上，对着地上的魔熊斗罗就是一顿惨无人道的围殴。
肘击！膝撞！锁喉！掏裆！
“嗷！嗷！你们干什么！”
“有完没完！又打我！”
莫名其妙挨了一顿毒打的魔熊斗罗急了，熊熊红温，凭借着皮糙肉厚，外加林枫赐予的力量翻倍属性的优势，硬生生从人堆里挣脱出来。"
第152章 帝王秒变脸，魔熊再遭群殴！,https://www.biquh.com/678_678189/65985920_6.html,"
他顶着一头包，怒视着众人。
“昨天我不小心把神迹的事说漏嘴了，你们打我也就罢了！我认！”
“可今天为啥又打俺！俺说错什么了？！”
听到这话，众人那本就难看的脸色，瞬间黑如锅底。
鬼斗罗一个箭步冲上去，一把揪住魔熊斗罗的耳朵，几乎是贴着他的耳廓，咬牙切齿地低声嘶吼：
“你问为什么？”
“那个姓朱的，叫朱晨飞！是前辈店里两位朱神使的亲爹！！”
“你说我们为啥打你！！！”"
第153章 魔熊斗罗作大死，放开那只鞋，让老臣来舔！,https://www.biquh.com/678_678189/65985921.html,"
嗡——！
魔熊斗罗原本还委屈巴巴的熊眼，瞬间瞪得溜圆。
他的脖子像是生锈的齿轮，发出“咯吱咯吱”的声响，一寸一寸地，僵硬地扭向柜台的方向。
果然。
那位向来冰冷，负责打扫卫生的朱竹清神使，此刻正停下了手中的活计，一双清冷的眸子，呆呆地看着他。
魔熊斗罗的脸，“刷”的一下，血色褪尽。
他脑门上的冷汗，瞬间就下来了。
他扬起蒲扇般的大手，“啪”的一声，给了自己一个响亮的大嘴巴子。
力道之大，把自己都抽得一个趔趄。
“神……神使，俺错了，俺不是有意的，俺嘴贱！”
说完，也不等朱竹清有什么反应，他“噗通”一声就往地上一躺，摆出一个太字。
一副任人宰割的架势。
“你们……你们还是再打我一顿吧，往死里打！”
一群长老面面相觑，都给他整不会了。
魔熊斗罗犹豫了一秒，还是觉得不保险。
他默默地将双手捂住了自己的裤裆，眼神警惕地看向鬼斗罗。
“鬼长老，说好了啊，不能掏我裤裆！”
毕竟，这家伙有前科，下手太黑了！"
第153章 魔熊斗罗作大死，放开那只鞋，让老臣来舔！,https://www.biquh.com/678_678189/65985921_2.html,"
鬼斗罗：“……”
其他人纷纷捂脸，不忍直视，感觉长老团的脸都被这个活宝给丢尽了。
而另一边，朱竹清也终于回过神，重新将目光投向光幕。
只是眼神，变得无比复杂。
原来……记忆中那个永远只会对自己板着脸，用最严苛的标准要求自己的父亲。
也会露出那种……谄媚讨好的表情吗？
……
星罗皇宫大殿。
戴天风和朱晨飞说的比唱的还好听，但这幅“亲情牌”，却只打给了空气。
朱竹云压根没理他们。
宁风致更是眼观鼻，鼻观心，假装什么都没听见。
眼看场面再度尴尬，戴天风脸色一沉，猛地转头，对着刚刚从地上爬起来，嘴角还在流血的戴维斯怒斥一声。
“逆子！还不滚过来！”
戴天风的声音洪亮，中气十足，充满了帝王的怒火。
但殿内几个老狐狸心里跟明镜似的，陛下这声骂，哪里是骂给大皇子听的，分明是吼给那位神使听的。
戴天风指着他的鼻子，唾沫星子横飞，一番话说得是义正言辞，慷慨激昂。
“竹云是你未来的妻子，是我星罗未来的皇后！”"
第153章 魔熊斗罗作大死，放开那只鞋，让老臣来舔！,https://www.biquh.com/678_678189/65985921_3.html,"
“你刚才是什么态度？啊？！”
“还不快给竹云道歉！”
他半个字不提“神使”，只谈“家人”和“皇后”的名分。
仿佛他真正在乎的，是自家儿媳，而不是那能决定帝国生死的恐怖背景。
戴维斯身体一颤，哪还有半点皇子的傲气，整个人都悟了。
他连滚带爬地凑到朱竹云面前。
那张原本还带着怨毒的脸，瞬间挤满了谄媚的笑，热情得像是迎回了失散多年的亲娘。
“竹云，我……我错了！我不是人！我混蛋！”
戴维斯抬手就给了自己两个响亮的大嘴巴子。
“啪！啪！”
“你千万别往心里去，我发誓，我以后再也不找别的女人，一定一心一意好好待你！”
这番话，戴维斯说的情真意切，就差指天为誓了。
这可是神使啊！
神使！
早知道自己的未婚妻有这等逆天背景，戴维斯别说打她骂她了。
他恨不得把朱竹云给活活供起来！
光幕前，比比东看到这一幕，没忍住“噗嗤”一声笑了出来。
她俯下身，温热的呼吸凑到林枫耳边，带着几分玩味和调侃。"
第153章 魔熊斗罗作大死，放开那只鞋，让老臣来舔！,https://www.biquh.com/678_678189/65985921_4.html,"
“前辈，这戴家的血脉，是不是脑子都有点问题？”
“弟弟被废了手脚，还想着娶竹清妹妹当老婆。”
“这当哥的更厉害，亲眼看着弟弟被踩死，转头就趴下去给凶手擦鞋，还觉得自己能抱得美人归？”
林枫眼皮都没抬，只是淡淡地吐出两个字：“天性。”
比比东微微一怔，随即笑得更欢了，胸前的饱满紧贴着林枫的后背，轻轻起伏。
“我看呀。”
月关翘着兰花指，笑得花枝乱颤，“他就是单纯的想尝尝神使的鞋底儿是什么味道。”
闻言，众人笑得前仰后合，整个枫染亭充满了快活的空气。
而戴维斯一低头，目光恰好落在朱竹云那只黑色高跟鞋上。
鞋尖因为碾碎了戴沐白那废物的喉骨，染上了一抹刺眼的血渍。
戴维斯眼睛瞬间就亮了。
“竹云你看，你的鞋子脏了！”
他的声音充满了心疼，仿佛那血不是溅在鞋上，而是滴在他心上。
“我来给你擦擦！”
说着，他这个星罗帝国的大皇子，未来的皇帝，就这么当着文武百官的面。
“噗通”一声，五体投地，直接趴在了地上。
戴维斯顺手把旁边碍事的，戴沐白的尸体给扒拉到一边，像是扔一条死狗。"
第153章 魔熊斗罗作大死，放开那只鞋，让老臣来舔！,https://www.biquh.com/678_678189/65985921_5.html,"
他拽起自己身上那件价值连城的蟒袍袖子，小心翼翼地，对着那点血渍擦了过去。
动作轻柔得像是在擦拭神像。
那虔诚的模样，看得一群大臣眼皮直跳。
见到戴维斯如此“懂事”，戴天风眼中流露出一丝不易察觉的……骄傲。
不错。
不愧是朕的儿子。
能屈能伸，这才是当皇帝的料！
而一众大臣，已经默默地低下了头，不是羞愧，而是怕自己眼里的嫉妒藏不住。
未来皇帝趴在地上给未婚妻擦鞋，丢人吗？
若是以前，那绝对是把星罗皇室的脸扔在地上反复践踏。
但现在？
那他妈是神使的鞋！
能亲手擦拭神使的鞋，那是何等的荣耀？那是能向神明表忠心的天赐良机！
若非身份不合适，他们恨不得现在就冲上去，一脚把戴维斯这碍眼的玩意儿踹开。
然后大骂一句：‘蠢货！蠢货啊！’
‘用袖子？那蟒袍料子那么硬，万一刮花了神使大人的鞋履怎么办？’
‘这种时候，就该用舌头！’
‘对！只有用最柔软、最虔诚的舌头，仔仔细细，不放过任何一个角落的舔舐，才能表达出我星罗帝国最崇高的敬意！"
第153章 魔熊斗罗作大死，放开那只鞋，让老臣来舔！,https://www.biquh.com/678_678189/65985921_6.html,"
‘大皇子殿下还是太年轻，放不开！
这种机会，就该让俺们这些见过世面的老臣来！’
这一刻，大殿之上，文武百官，有一个算一个，脑子里只有一个念头。
为什么趴在地上的不是我！
在这众人之中，只有一个站在队伍最前列的，是星罗帝国的丞相，一个头发花白，眼看就要告老还乡的老狐狸。
他那双浑浊的老眼，死死盯着戴维斯手中那块用来擦鞋的蟒袍布料，气得呼吸都急促了。
蟒袍！
那可是皇子才能穿的蟒袍！
用这玩意儿去擦鞋？
暴殄天物！"
第154章 踩死皇子只是你的私事？接下来还有正事？,https://www.biquh.com/678_678189/65985922.html,"
太暴殄天物了！
这怎么能体现出对神使大人的虔诚呢？
用袖子擦，哪有老夫的胡子擦得干净！
老夫这把养了六十年的山羊胡，柔顺光亮，冬暖夏凉，还带着一股淡淡的书卷气。
用它来为神使大人拂去鞋上的尘埃，岂不是一桩美谈？
丞相大人越想越觉得可行，身子都开始微微前倾，跃跃欲试。
可就在这时，朱竹云抬起了脚。
那只刚被戴维斯擦干净的黑色高跟鞋，不偏不倚，轻轻踩在了戴维斯的手背上。
戴维斯脸上的谄媚笑容僵了一下。
他下意识抬头，笑容挤得更卖力了，甚至带着一丝讨好。
“竹云，你……你踩到我手了，是不是站累了？要不要我给你搬张椅子来？”
然而，他对上的，是一双毫无温度的眼睛。
冰冷，漠然。
戴维斯心里“咯噔”一下，一股不祥的预感瞬间炸开。
下一秒，朱竹云脚下的力道开始缓缓增加。
“咔……咔嚓……”
细微的，令人牙酸的骨裂声，在大殿中清晰地响起。
戴维斯脸上的笑容彻底扭曲，豆大的冷汗从额角滚落。"
第154章 踩死皇子只是你的私事？接下来还有正事？,https://www.biquh.com/678_678189/65985922_2.html,"
他下意识想求救，可一转头，就对上了父亲戴天风那警告的眼神。
戴天风对他缓缓摇了摇头，眼神里的意思很明确。
忍着！
给老子忍住！
戴维斯懂了。
他咬紧牙关，任凭朱竹云的鞋子，一点一点的碾碎自己的掌骨。
“嘎……吱……”
令人牙酸的骨裂声，不断的在大殿中响起。
戴维斯疼得浑身发抖，脸色惨白如纸，可嘴角依旧努力向上扬起，维持着那个比哭还难看的笑容。
他甚至不敢发出一丝痛哼。
见他这副模样，朱竹云眼中划过一丝无趣，撇了撇嘴。
真没劲。
倒是比戴沐白那个废物意志力坚定些，可惜，终究也只是个认不清现实的蠢货。
若非林枫没有给她更多的权力，她非要连着戴维斯一起弄死！
她脚尖一挑，直接将戴维斯像垃圾一样踹到了一边。
整个大殿，无论是戴天风父子，还是一众大臣，都齐齐松了口气。
戴天风看也不看戴维斯那彻底变形的手，刚想走上前点什么。"
第154章 踩死皇子只是你的私事？接下来还有正事？,https://www.biquh.com/678_678189/65985922_3.html,"
朱竹云却已经转过身，看都没再看这些人一眼。
“我的私事办完了。”
她对着宁风致，语气平淡得毫无波澜。
“剩下的，交给你了。”
私事？
大殿里的所有人脑子都转不过来了。
当着皇帝的面，在皇宫大殿上，踩死一个皇子，踩断另一个皇子的手……
这……这他妈只是你的私事？！
那什么才叫正事？！
就在众人惊疑不定之际，宁风致微微躬身，对着朱竹云告罪一声后，第一次从她身后走了出来。
他站到了队伍的最前方。
这一刻，宁风致身上那股卑微的仆从气质消失得无影无踪。
取而代之的，是一种前所未有的肃穆与庄严。
他的目光扫过全场，扫过满朝文武惊骇的脸，扫过戴天风那强作镇定的神情，最后，还在地上那具尚有余温的尸体上停留了一瞬。
然后，他看向戴天风，一字一顿，声音不大，却如天宪降临。
“传前辈口谕！”
轰！
戴天风脑子里所有的念头，瞬间被“口谕”这两个字碾得粉碎。"
第154章 踩死皇子只是你的私事？接下来还有正事？,https://www.biquh.com/678_678189/65985922_4.html,"
口谕！
居然是口谕!
那岂不是说，宁风致并非只是在巴结朱竹云这位神使。
他是……
亲耳听到了神的旨意！
宁风致，他亲眼见到了那位神！
“噗通！”
也不知是谁先带的头。
大殿之上，满朝文武百官，有一个算一个，齐刷刷地跪了下去，动作整齐划一，像是演练了千百遍。
就连宁风致身后的剑斗罗与骨斗罗，这两位封号斗罗，也在此刻恭敬地低下头颅，垂手而立。
最终，在宁风致那冰冷的注视下，以及对那未知神祇的无边恐惧中。
戴天风缓缓单手抚胸，低下了他那颗自登基以来，便再未对任何人低过的头颅。
“星罗帝国，戴天风，恭听神谕！”
......
见到宁风致前后态度变化的菊斗罗，忍不住噗呲一声笑出声来。
“瞧瞧宁宗主这派头，狐假虎威的本事，倒是学了个十足十。”
然而，这次没人附和他。"
第154章 踩死皇子只是你的私事？接下来还有正事？,https://www.biquh.com/678_678189/65985922_5.html,"
身旁，鬼斗罗头都没回，阴冷的声音幽幽传来。
“换了你背后有前辈撑腰，只会比他更威风。”
菊斗罗的笑声一滞。
他下意识地瞥了一眼柜台后，那个正在享受比比东按摩的男人。
那日，被这男人一个眼神压得跪在地上，连魂力都无法调动的恐怖，瞬间涌上心头。
菊斗罗的后背，一层白毛汗唰地就冒了出来。
他脸上的笑意彻底僵住，刚刚还挺直的腰杆，不自觉地矮了半截。
菊斗罗干咽了口唾沫，声音小得跟蚊子哼哼似的。
“说……说得也是……”
且不说枫染亭的气氛如何，光幕内的宁风致已经开口了。
光幕里，宁风致的声音还在回荡。
“星罗皇帝戴天风，限你三日之内，前往武魂殿枫染亭，为其子戴沐白的所作所为，磕头赔罪！”
“三日内若是不见其人，这星罗皇位，就换个其他姓氏的人来坐。”
宁风致的话，每一个字都像钉子，狠狠敲进戴天风的脑子里。
他僵在原地。
整个人，仿佛被冻住了一般。
枫染亭？
那是什么地方？"
第154章 踩死皇子只是你的私事？接下来还有正事？,https://www.biquh.com/678_678189/65985922_6.html,"
武魂城？
要朕……磕头赔罪？
不。
都不是重点。
重点是，戴沐白那个逆子，他......得罪了一个神？
这个念头炸开的瞬间，戴天风只觉得一股寒气从尾椎骨直冲天灵盖。
他那身象征着至高皇权的龙袍，瞬间就被冷汗浸透，湿哒哒地贴在背上，冰冷刺骨。
他想维持帝王的威严，可嘴角却不受控制地抽搐起来。
大殿之上，死寂被一阵压抑不住的骚动打破。
跪在地上的大臣们，再也顾不上什么君臣礼仪，惊恐的议论声如同瘟疫般蔓延开来。
“戴沐白！那个逆贼！”
一个老臣猛地抬头，老脸上满是劫后余生的庆幸与后怕，声音都在发颤。
“我就说！我就说过！此子性格懦弱，更是历代以来，第一个不战而逃的皇子！乃我星罗皇室之奇耻大辱！”
“陛下！老臣早就上书，请求废其皇子之位，将其终身圈禁，可您就是不听啊！”
“现在好了，为我帝国招来如此弥天大祸！”
另一名武将更是直接，他猛地一拍大腿，对着戴沐白的尸体怒目而视。
“他死得太便宜了！就该将他千刀万剐，挫骨扬灰！他凭什么敢去招惹一位神祇？让陛下给他擦屁股！”"
第154章 踩死皇子只是你的私事？接下来还有正事？,https://www.biquh.com/678_678189/65985922_7.html,"
“对！神使大人杀得好！杀得太好了！”
“此等罪人，死不足惜！老夫恨不得亲手了结了他！”
戴天风听着这些甩锅之言，心中却是一片冰凉，他咽了一口口水，出声打断了所有人的声音，语气带着自己都未察觉的颤抖。
“还望宁宗主告知，这逆子……究竟是如何招惹的那位神祇？”
在众人紧张到心脏都快跳出来的时候，宁风致却是微微一叹。
他看着眼前这位曾经不可一世，如今却卑微如尘的帝王，眼底深处，那幸灾乐祸之色再也掩饰不住。
“他啊……”"
第155章 戴天风：早知道就该把他社在墙上！,https://www.biquh.com/678_678189/65985923.html,"
“他啊……”
宁风致故意拖长了音调，脸上那副悲天悯人的表情，演得活灵活现。
就差当场挤出两滴鳄鱼的眼泪了。
“这事儿说来话长。”
“但总结起来，也挺简单。”
宁风致的眼神慢悠悠地扫过全场，像是在巡视自家的菜园子。
他看到了戴天风那张故作镇定的脸。
看到了满朝文武那一双双伸长了脖子，写满惊恐与八卦的眼睛。
他清了清嗓子，终于抛出了第一颗炸弹。
“令郎戴沐白，生前曾用一些十分肮脏的词汇，侮辱过一位神使。”
他顿了顿，补上一句，笑容意味深长。
“哦，忘了说。”
“我指的是朱竹云神使的亲妹妹，朱竹清神使。”
这话一出口，站在戴天风身边的朱晨飞，心脏猛地一停。
什么玩意儿？
竹清？
那个从小就不爱说话，闷葫芦一样的二女儿？
她也成神使了？"
第155章 戴天风：早知道就该把他社在墙上！,https://www.biquh.com/678_678189/65985923_2.html,"
朱晨飞脑子里嗡的一声，一片空白。
短暂的死机过后，一股难以言喻的狂喜瞬间冲垮了他所有的理智。
双杀！
一门双神使！
一个神使女儿，他朱家就能在星罗城横着走。
现在是两个！
那岂不是说，他朱晨飞以后在这金銮殿上，甚至可以和戴天风平起平坐，不，是戴天风得看着他的脸色说话！
朱晨飞激动得浑身发抖，差点没控制住脸上的表情，当场笑出猪叫。
他感觉自己的腰杆瞬间就硬了，看旁边戴天风的眼神，都带上了一丝若有若无的骄傲。
陛下啊陛下，听见没？
我两个女儿可都是神使！
而大殿里的其他大臣，心态则彻底崩了。
他们的惊讶只持续了一秒，就被那如同海啸般涌来的嫉妒彻底淹没。
凭什么！
凭什么啊！
这姓朱的是不是祖坟埋龙脉上了？
一个女儿成神使已经是泼天的富贵，现在又来一个？"
第155章 戴天风：早知道就该把他社在墙上！,https://www.biquh.com/678_678189/65985923_3.html,"
还让不让别人活了！
一时间，无数道羡慕嫉妒恨的目光，像刀子一样扎在朱晨飞身上。
几个脑子活络的大臣已经开始飞速盘算，自家有没有年龄合适的孙子，能不能跟朱家攀上点远房亲戚。
然而，全场唯一没空嫉妒的，只有戴天风。
他现在心里只有一个字。
凉。
透心凉。
他根本不在乎朱家是不是要上天，他只知道，自己那个蠢货儿子，侮辱了神使。
戴天风感觉自己的皇位在摇晃。
他清楚，那位神明说让皇位换个姓氏，就绝对不是在开玩笑。
灭顶之灾，可能真的只针对他戴家！
不过，只是口头侮辱神使……
戴天风心里还存着一丝侥幸，大不了豁出这张老脸，备上重礼去认个错，想来就能渡过这道坎......吧？
他刚想松口气。
宁风致那不紧不慢的声音，再次响起。
“而且令郎还曾慷慨激昂地向宁某提议。”
“由他，联系您，也就是星罗大帝。”
“与我七宝琉璃宗，联手。”"
第155章 戴天风：早知道就该把他社在墙上！,https://www.biquh.com/678_678189/65985923_4.html,"
宁风致说到这里，又停下了。
他端起一副欣赏艺术品的架势，饶有兴致地看着戴天风的脸色，由白转青，由青转紫。
“联手……做什么呢？”
这一刻，宁风致爽了。
他终于体会到了当初在枫染亭里，那帮武魂殿的封号斗罗看他笑话时的心情。
看别人倒霉，原来真的这么快乐！
宁风致板起脸，一脸严肃。
“有些话，实在是有辱斯文，宁某不好复述。”
“但为了让陛下了解事情的全貌……就尽量给陛下还原一下他当时的风采吧。”
话音刚落。
宁风致整个人的气质陡然一变。
他挺起胸膛，眼中迸发出一种惟妙惟肖的贪婪与狂热，声音拔高八度，充满了不容置疑的煽动性，将戴沐白那又蠢又坏的模样学了个十成十。
“我们两大帝国联手，直接杀上门去，把那个什么狗屁老板抓起来！”
“用尽酷刑！逼他交出所有的仙草！”
“届时，这些机缘，不就都是我们的了吗？！”
宁风致吼完，声情并茂。
然后，他瞬间收敛了所有表情，恢复了那副儒雅随和的宗主模样。"
第155章 戴天风：早知道就该把他社在墙上！,https://www.biquh.com/678_678189/65985923_5.html,"
他甚至还整理了一下自己微乱的衣领，对着已经石化的戴天风，歉意地笑了笑。
“咳。”
“大概，就是这么个意思。”
大殿之内，死一般的寂静。
戴天风傻了。
朱晨飞傻了。
满朝文武，有一个算一个，全都傻了。
他们的大脑，在听到那几句话的瞬间，就集体宕机了。
抢劫……一位神？
用酷刑……折磨一位神？！
这……这他妈……
现在所有人都真的觉得，戴沐白就是老天爷派来搞垮星罗帝国的一场天劫！
纯纯的浩劫！
不然没法解释。
一个要实力没实力，要胆子没胆子，跑路比谁都快的废物，怎么就精准地踩中了灭国级的天坑！？
“噗——”
戴天风再也撑不住，一口老血直接喷了出来，血雾洒满了身前的金砖。
他整个人向后一仰，眼看就要昏死过去。"
第155章 戴天风：早知道就该把他社在墙上！,https://www.biquh.com/678_678189/65985923_6.html,"
“陛下！”
朱晨飞眼疾手快，一把将他扶住，那张老脸挤满了“忠心耿耿”的焦急。
“陛下您挺住啊！”
“龙体要紧！为了一个不成器的逆子，气坏了身子可不值当啊！”
戴天风被他扶着，勉强站稳了。
他一把推开朱晨飞，双目赤红，死死盯着地上戴沐白的尸体。
那眼神，恨不得把这逆子从地狱里揪出来，再杀一万遍！
突然，一股恐怖的魂力从他体内炸开。
八十九级魂斗罗的气势猛然爆发！
可这股气势里，没有半点帝王的威严，只有无尽的癫狂与绝望。
“孽障！！！”
戴天风发出了一声完全不似人声的咆哮。
他猛地冲了上去。
然后，抬起了他那只穿着金线虎头靴的脚。
砰！！！
第一脚，结结实实地踹在了戴沐白那颗死不瞑目的脑袋上。
没有骨裂声。"
第155章 戴天风：早知道就该把他社在墙上！,https://www.biquh.com/678_678189/65985923_7.html,"
戴沐白的脑袋，像一个被铁锤砸中的烂番茄，连带着血肉、脑浆和碎骨，瞬间炸成了一蓬红白相间的浓雾，溅得离得近的几个大臣满身都是。
“啊啊啊啊——混账东西！混账东西！”
戴天风气得快疯了。
他一边破口大骂，一边抬脚猛踹。
砰！
第二脚，戴沐白的胸膛整个塌陷下去，肋骨碎裂的声音清晰可闻。
砰！砰！砰！
“混账东西！混账东西！”
“朕怎么会生出你这么个蠢货！”
“死了都不让朕安生！还要拉着整个戴家给你陪葬！”
“早知道就该把你社在墙上！”"
第156章 星罗大帝当众鞭尸亲儿子！,https://www.biquh.com/678_678189/65985924.html,"
戴天风一边踹，一边骂，状若疯魔，仪态尽失。
金色的魂力不受控制地缠绕在他腿上，每一脚下去，都不仅仅是蛮力。
那魂力如同一个磨盘，将地上的尸骸碾得血肉模糊，骨渣四溅。
可是戴天风依然在疯狂的踩踏，就好似不知疲惫。
整个大殿，弥漫着一股令人作呕的血腥味。
满朝文武，全吓傻了。
他们何曾见过这位威严的帝王如此失态？
但下一秒，所有人都反应过来了。
陛下这是在干嘛？
这是在演！
演给那位神使，演给那位神使背后的神明看！
这是在用最极端，最疯狂的方式，和这个逆子做切割！
表达一种态度：这孽畜跟我戴天风没半点关系，我跟他不熟，你们看，我都亲自鞭尸了，解气不？
一瞬间，所有人都悟了！
所有人都争先恐后地开始对戴沐白的尸体进行惨无人道的二次批判。
“陛下！”
那山羊胡丞相第一个反应过来，他往前抢了两步，痛心疾首，声泪俱下。
“陛下息怒啊！为这等叛国欺君的逆贼气坏了龙体，不值当啊！”"
第156章 星罗大帝当众鞭尸亲儿子！,https://www.biquh.com/678_678189/65985924_2.html,"
另一个膀大腰圆的武将，也立刻跟上，他对着地上那滩肉泥怒目而视，声如洪钟。
“此獠死不足惜！臣以为，当立即昭告天下，废其皇子之位，削其皇室宗籍！”
“对！”
一个文官尖着嗓子附和，仿佛生怕自己的声音小了，神明听不见。
“还要将其尸首悬于城门暴晒七七四十九日，以儆效尤！方能平息神怒啊！”
前一秒还死寂沉沉的议政大殿，瞬间变成了一场别开生面的“批斗大会”。
大臣们争先恐后，一个个引经据典，唾沫横飞，主题只有一个：
如何用一百种惨无人道的方式，处理戴沐白这滩烂肉。
以及……
如何花式吹捧神使大人杀得好，杀得妙，杀得呱呱叫。
要是让戴天风知道这些大臣的想法，他非得用那只沾满儿子血肉的靴子，挨个给这群蠢货的脸上也来一脚。
演？
我演你奶奶个腿儿！
刚才老子气得当场吐血，你们这群狗东西是瞎了没看见吗！？
剑斗罗与骨斗罗就那么站着，他们看戴天风，就像看一只在笼子里发疯的猴子。
毫无波澜。
甚至还有点想笑。"
第156章 星罗大帝当众鞭尸亲儿子！,https://www.biquh.com/678_678189/65985924_3.html,"
当然，他们也在时刻注意着对方的动向。
这戴天风要是敢有一丁点对朱竹云不敬的意思，根本用不着等三天。
今天，这皇宫就得换个主人。
终于，戴天风踹累的呼哧呼哧喘着粗气。
再看地上。
哪还有什么尸体。
就只剩下一滩黏糊糊的，混合着碎布、筋膜和骨渣的玩意儿，死死地糊在地砖上，抠都抠不下来。
那画面，堪称惊悚！
“来人！”
戴天风哑着嗓子吼。
“拿铲子来！把这滩玩意儿给朕铲了，丢出城外喂野狗！”
几个禁卫军哆哆嗦嗦地跑进来，看到地上的惨状，脸都绿了，拿着铁铲的手抖得跟筛糠一样。
做完这一切，戴天风才用袖子擦了擦额头的汗，重新转向宁风致。
他脸上硬挤出一个比哭还难看的笑容。
“宁宗主，还望您……替我向那位神明大人带句话。”
“就说戴天风三日之内，必定备齐厚礼，亲自前往武魂城，在那位大人面前，磕头赔罪！”
然而，宁风致还没开口。
一直抱臂看戏的朱竹云，突然轻笑了一声。"
第156章 星罗大帝当众鞭尸亲儿子！,https://www.biquh.com/678_678189/65985924_4.html,"
“赔偿？”
朱竹云歪了歪头，那双桃花眼里满是看乡巴佬的眼神。
“你不会真以为，你这星罗国库里，有什么破铜烂铁能入得了我家主人的眼吧？”
一句话，噎得戴天风差点又是一口老血喷出来。
是啊。
他猛地反应过来。
对方是谁？
是神！
凡间的金银财宝，魂骨秘籍，在他眼里，恐怕跟路边的石头没什么区别。
那……那还怎么赔罪？
戴天风的脑子彻底乱了，一时间竟想不出任何办法。
就在他冷汗直流，手足无措的时候。
朱竹云幽幽叹了口气，语气里带着一丝遗憾。
“说实话，我还真不想看到你去主人面前下跪。”
这句话，让戴天风的眼睛瞬间亮了！
希望！
他看到了希望！"
第156章 星罗大帝当众鞭尸亲儿子！,https://www.biquh.com/678_678189/65985924_5.html,"
竹云这丫头，心里还是有他这个公公，有星罗帝国的！
到底是戴家没过门的媳妇，关键时刻，还是向着自家人！
他刚想顺着杆子往上爬，说几句软话，打打感情牌。
朱竹云的下一句话，直接把他从天堂踹进了十八层地狱。
“因为那样一来，你戴家就能保住一条狗命，不能从世界上消失，那可真是太遗憾了。”
戴天风脸上的希望，瞬间凝固。
朱竹云的嘴角，勾起一抹冰冷怨毒的弧度。
她一字一顿，声音不大，却让整个大殿的人都听得清清楚楚。
“而且这皇帝的位子，你戴家坐了上千年……”
“也该换换我们朱家来坐了！”
皇位。
朱家。
这两个词组合在一起，让朱晨飞的大脑宕机了足足三秒。
下一秒，他感觉一股热流从脚底板直冲天灵盖。
整个人都麻了。
不是电麻了，是爽麻了！
幸福！
这辈子没这么幸福过！"
第156章 星罗大帝当众鞭尸亲儿子！,https://www.biquh.com/678_678189/65985924_6.html,"
他的呼吸瞬间变得粗重，两撇精心打理的胡子因为激动而一抖一抖。
皇位！
我？
我也可以吗？
朱晨飞的眼神不受控制地，直勾勾地飘向了戴天风。
那眼神里，再没有了刚才那所谓的忠诚。
取而代之的，是一种毫不掩饰的、滚烫的、恨不得现在就把对方身上的黄袍扒下来，给自己加件衣服的火热。
这眼神，看得戴天风心里“咯噔”一下，一股恶气直冲脑门。
他妈的！
老子还没死呢！
你就这么看我？
戴天风瞬间就跨起个批脸，黑得像锅底。
可他不敢发作。
他甚至连一个凶狠的眼神都不敢给。
因为朱竹云还站着，那两个封号斗罗还看着。
他只能憋着，把这口恶气活生生吞下去，还得维持着脸上那比哭还难看的笑。
这滋味，比刚才被宁风致当众传神谕还难受！"
第156章 星罗大帝当众鞭尸亲儿子！,https://www.biquh.com/678_678189/65985924_7.html,"
而朱竹云只是瞥了一眼自己父亲那副没出息的德行，眼神里的厌恶几乎要溢出来。
她冷哼一声，懒得再看。
说实话，一周前，要是有人跟她说朱家能坐上皇位，她会兴奋得三天睡不着觉，会用尽一切手段去争夺那个位置。
可现在？
见识过枫染亭，见识林枫那神仙般的手段后，这小小的星罗皇位，在她眼里跟路边的狗尾巴草有什么区别？
凡人的皇帝？
呵，能跟神的女人比吗？
连提鞋都不配！
区区一个凡间皇位，不过是蝼蚁窝里最大的那只蝼蚁罢了！
所以，如果戴家真要消失，这皇位丢给自己这个爱权如命的便宜老爹，也算是废物利用了。
但这并不代表她对朱晨飞有什么感情。
恰恰相反。
朱竹云早就看透了这个男人，在他的世界里，权势永远比女儿重要！"
第157章 姓朱的！下朝你别走！烧烤摊板块？,https://www.biquh.com/678_678189/65985925.html,"
朱竹云可不像妹妹那么天真，还傻傻地渴望着那虚无缥缈的父爱。
只是朱竹云不知道，她刚才那不经意一撇，扫向朱晨飞的一眼。
让朱晨飞产生了错觉，彻底点燃了朱晨飞心中的火焰。
稳了！
女儿这是在给我撑腰啊！
朱晨飞的腰杆，瞬间挺得笔直。
他感觉自己现在不是朱家家主，而是星罗帝国……监国！
对，监国！
他下意识地往前站了半步，隐隐站到了戴天风的前面。
这一小步，把满朝文武都看傻了。
卧槽？
这就开始夺权了？
戴天风的眼角疯狂抽搐，拳头在宽大的龙袍下捏得咯咯作响。
他发誓，等这群瘟神走了，他第一件事就是把朱晨飞这个老王八蛋吊起来打！
朱竹云办完了事，多一秒都不想在这里待。
她看都懒得再看殿内众人一眼，直接转身，迈开长腿，朝着殿外的磅礴雨幕走去。
那姿态，潇洒得像是走出自家后花园。
“神使！”"
第157章 姓朱的！下朝你别走！烧烤摊板块？,https://www.biquh.com/678_678189/65985925_2.html,"
宁风致反应极快，立刻三两步追了上去。
他收起了那一身宗主气度，再次变回那个谦卑的仆人，将大伞精准地举到朱竹云头顶，为她隔绝了所有的风雨。
“哎！闺女！”
朱晨飞也回过神来，连忙追到殿门口，脸上堆满了慈父的关切。
“雨下的大，路上小心些啊！”
戴天风心里已经把朱晨飞的祖宗十八代都问候了一遍，但脸上，还得挤出最热情的笑脸。
“神使慢走！常……常回来看看啊！”
说完这句，他自己都想抽自己一个大嘴巴子。
还他妈常回来看看？
自己是嫌戴家人死得不够快是吧！
朱竹云的脚步没有丝毫停顿。
她和宁风致一行人的身影，很快就消失在了雨幕之中。
可他们带来的恐怖威压，却依旧笼罩着整座大殿。
大殿内，死一般的寂静。
所有人的目光，都下意识地汇聚在两个人身上。
一个是脸色铁青的现任皇帝，戴天风。
另一个，是站在戴天风身旁，腰杆挺得能挂衣服的……两个神使的爹，朱晨飞。"
第157章 姓朱的！下朝你别走！烧烤摊板块？,https://www.biquh.com/678_678189/65985925_3.html,"
气氛，尴尬到了极点。
几个脑子转得快的大臣，已经开始悄悄挪动脚步，不动声色地，离戴天风远了点，又朝朱晨飞凑近了些。
那山羊胡丞相更是个中高手，他对着朱晨飞一拱手，满脸痛心。
“朱大人，您看看，这叫什么事啊！”
“陛下也是不知戴沐白那厮惹出这等祸端，您可千万别往心里去啊！”
这话说的，好像他跟朱晨飞才是自己的主子。
朱晨飞现在感觉自己整个人都飘在云端，他背着手，学着皇帝的派头，对着丞相微微颔首。
“嗯，爱卿说的有礼。”
一声“爱卿”，让丞相心里乐开了花，也让戴天风的脸，更黑了。
姓朱的！
放学.....啊呸！下朝别走！
大殿的角落里，几个年轻官员已经开始窃窃私语。
“完了，彻底完了，星罗要变天了！”
“变什么天，我看是好事！朱大人可是神使之父！”
“嘘！小声点！你不要命了！”
“怕什么！皇帝都得去武魂城磕头了，这皇位，早晚是朱家的！”
戴天风听着这些嗡嗡的议论声，看着底下那些各怀鬼胎的大臣，再看看地上那滩自己亲手踩出来的烂肉。
他突然觉得，一切都那么不真实。"
第157章 姓朱的！下朝你别走！烧烤摊板块？,https://www.biquh.com/678_678189/65985925_4.html,"
就因为一个废物儿子，几句蠢话。
他戴家千年的基业，难道真的就这么……没了？
......
光幕消散，大殿里的闹剧也落下了帷幕。
但枫染亭内的空气，却因为这场“现场直播”而变得格外活络。
比比东靠在林枫的椅背上，红唇轻启，发出一声不屑的冷哼。
“戴天风那两个儿子蠢得冒泡，他自己倒是个能屈能伸的货色。”
这话一出，供奉殿那边，金鳄斗罗发出一声认同的闷哼。
确实。
就刚才戴天风那六亲不认，硬生生把亲儿子踩成一滩酱的狠劲儿。
别说戴沐白已经死了。
就算那逆子还喘着气，戴天风怕是都会亲自上手，帮他断得更彻底一点！
这时，一道阴阳怪气的声音，带着几分兰花指的妖娆，幽幽响起。
“哎哟，话可不能这么说。”
菊斗罗捏着嗓子，眼神却瞟向了地上的某个身影。
“比起戴天风，宁宗主对自己闺女，那可真是心慈手软，疼爱得紧呢！”
此言一出，整个饭店瞬间安静了一秒。"
第157章 姓朱的！下朝你别走！烧烤摊板块？,https://www.biquh.com/678_678189/65985925_5.html,"
下一刻。
“唰——唰——唰——”
十几道目光，仿佛约定好了一般，齐刷刷地从四面八方汇聚而来，精准无误地落在了大厅中央。
还呆呆的望着光幕消散，没有回过神来的宁荣荣，动作猛地一僵。
她能感觉到，那些目光里有同情，有怜悯，但更多的是……看乐子。
尤其是来自长老团那几个老家伙的眼神，简直就像在说：你应该感谢你爹不是戴天风，不然你怕不是也得和戴沐白一个下场。
咕咚。
宁荣荣艰难地咽了口唾沫，只觉得后背发凉，汗毛倒竖。
她缓缓抬起头，正好对上了一圈大佬们玩味的眼神。
有人补了一句。
“嗯，起码胳膊腿儿都还在。”
结果，所有人都没想到的是，宁荣荣居然因为这么一句话，白眼一翻，直挺挺地倒了下去。
人直吓接晕了。
几个封号斗罗长老面面相觑，都觉得没劲。
“切，真没意思。”
心理素质也太差了点。
林枫在柜台后看得直摇头。
平均年龄超过百岁的一群糟老头子，合起伙来吓唬一个未成年少女。"
第157章 姓朱的！下朝你别走！烧烤摊板块？,https://www.biquh.com/678_678189/65985925_6.html,"
真他妈……
为老不尊啊。
就在他准备让胡列娜把人拖到角落里，免得碍事的时候，脑子里那个熟悉的声音响了。
【宿主，本系统通过对饭店二十四小时营业数据进行监控分析，发现一个严重问题。】
林枫眉毛一挑。
【数据显示，饭店营业额在晚餐时段后，出现断崖式下跌。】
【从晚上八点至次日清晨，长达十余个小时，营收为零。】
【这是对宝贵经营时间的极致浪费，是对韭菜……啊呸，是对广大食客消费热情的极大不尊重！】
林枫心里顿时有了一种不祥的预感。
这破系统，每次搞什么幺蛾子之前，都是这副公事公办的调调。
“所以呢？”
林枫在心里问。
【所以！】
系统的声音猛地一变，充满了资本家发现新商机时的亢奋与激动。
【为了全面开拓夜间消费市场，填补营收空白，实现全时段创收，本系统经过周密计算与市场调研，决定正式推出一项全新的业务板块！】
林枫微微一愣。
业务板块？
说得还挺像那么回事。
【宿主，请问你对“枫染亭深夜烧烤摊”这个黄金项目，有什么建设性的看法？】"
第158章 听起来很不错，但是我拒绝！,https://www.biquh.com/678_678189/65985926.html,"
“枫染亭深夜烧烤摊？”
听到这个词，林枫下意识的喃喃了一句。
他的脑海里，有画面了。
炭火烧得通红，几串肥瘦相间的大腰子还有羊肉串在烤架上滋滋作响。
金黄的油脂滴落在炭火上，“刺啦”一声，腾起一股夹杂着肉香与烟火气的浓雾。
再撒上一大把产自异世界的秘制孜然、灵魂辣椒面。
最后配上一扎冰镇到杯壁挂霜的啤酒。
嘶——
林枫的喉结不自觉地剧烈滚动了一下，嘴角流下了不争气的泪水。
【口水收一收，杂鱼宿主。】
系统的声音凉飕飕地响起，充满了鄙夷。
【本系统是在跟你探讨饭店的商业扩张蓝图，不是在满足你那点可悲的口腹之欲。】
但林枫瞬间面不改色，仿佛刚才那个馋得快要昏厥的人不是他，慢条斯理地擦了擦嘴角，姿态从容。
“这个项目很好，非常有建设性。”
“但，为了保证食品的最高品质，也为了对每一位信任枫染亭的食客负责。”
林枫的声音带着一丝神圣的使命感，“作为老板，我认为，我必须亲自试菜，严格把控产品质量的每一个环节，这是我的底线和原则。”
系统沉默了。
【……】"
第158章 听起来很不错，但是我拒绝！,https://www.biquh.com/678_678189/65985926_2.html,"
【说人话。】
“我也要吃烧烤。”
林枫的表情依旧淡然，说出的话却理直气壮。
听到这话，系统的声音都带上了一丝激动。
【那你的意思是同意了？】
正当林枫的嘴角已经不争气地开始分泌唾液，准备点头同意时，他话锋猛地一转。
“达嘎，口头挖路！（但是，我拒绝！）”
系统直接被他这一下给噎住了。
【？】
【宿主你脑子瓦特了？】
【刚才口水都快流出来了，你现在跟我说拒绝？】
林枫一本正经，用一种维护艺术殿堂的神圣语气回应道。
“我枫染亭走的是高端、典雅、神秘的路线。”
“烧烤摊？烟熏火燎，油腻低俗，这会严重破坏本店的格调和逼格。”
系统的声音里充满了对乡巴佬的鄙夷。
【本系统出品，必属精品。】
【烧烤采用‘虚无吞炎’核心技术，搭配‘陨落心炎’淬炼炉，内置‘净莲妖火’净化阵列。】"
第158章 听起来很不错，但是我拒绝！,https://www.biquh.com/678_678189/65985926_3.html,"
【燃料则是由火影世界神树枝干烧制而成的‘御神炭’，可实现绝对无烟、无味、无污染。】
【更能百分之百锁住食材的本源精华，让烤串的美味凭空提升300%！】
【科技改变生活，土鳖。】
林枫心里咯噔一下。
好家伙，这配置，别说烤个串了，现场熔炼一把超神器都绰绰有余！
但他还是想挣扎一下。
“好吧，我摊牌了。”
林枫往椅子上一瘫，摆出一副死猪不怕开水烫的架势。
“我就是觉得累，开饭店已经很辛苦了，本老板需要休息！”
“神圣的私人睡眠时间，不容侵犯！”
【经检测，宿主每日有效工作时间不足四小时，剩余二十小时均处于“类植物”状态，不存在过度劳累的风险。】
林枫的脸瞬间黑了。
你才植物人！你全家都植物人！
“总之，不干。”
他把头一扭，摆明了要怠工。
“我要睡觉。”
【检测到宿主存在极其恶劣的消极怠工行为，严重阻碍了饭店的伟大复兴进程，本系统对此表示强烈谴责！】
系统急了，直接抛出了杀手锏。"
第158章 听起来很不错，但是我拒绝！,https://www.biquh.com/678_678189/65985926_4.html,"
【经精密测算，夜宵作为餐饮业的黄金蓝海，具备极高的压榨……啊呸，开发价值！】
【若开启夜宵业务，预计可使宿主每日美食积分收益，提升至少70%！】
系统的声音充满了蛊惑。
【70%！】
【杂鱼宿主，你明白这是什么概念吗？】
【这意味着，你兑换‘神威写轮眼’的时间，可以直接缩短近半！】
该死的。
这破系统，说出的话总是这么精准地戳在他的心巴上。
林枫的呼吸微微一滞，内心开始了天人交战。
主要是面子上过不去，自己辛辛苦苦维持的高人形象，要是真去摆烧烤摊，岂不是一夜回到解放前？
然而，他这边还没想好措辞。
刚才听到林枫那声呢喃，被众人一声不落地听了去。
深夜？烧烤摊？
前辈要开新业务？
那是不是意味着，除了正餐之外，又多了一次吃饭的机会？！
“咕咚。”
一声清晰的吞咽口水的声音，从不远处传来。"
第158章 听起来很不错，但是我拒绝！,https://www.biquh.com/678_678189/65985926_5.html,"
林枫都不用看，就知道是哪个不争气的。
除了灵鸢斗罗那个大吃货，还能有谁？
只见这位女性封号斗罗一双眼睛瞪得溜圆，死死盯着林枫的方向，眼神里全是绿光。
那模样，活像一头饿了十天半个月的鳄鱼，看到了岸边喝水的小羚羊。
而她身边，长老殿其他人也好不到哪里去。
一个个表面不动声色，但那微微前倾的身体，和不自觉滚动的喉结，已经暴露了他们内心的渴望。
而且林枫明显感觉到，身后比比东给他捏肩的动作，停了。
紧接着，背后那具温软丰腴的娇躯，又贴近了几分，几乎将整个人的重量都压了上来，柔软的触感清晰无比。
原本平稳的呼吸变得急促，灼热的气息一下下地喷在他的耳廓上，又痒又麻。
一天三顿。
这已经是比比东不惜搬空武魂殿的宝库，才从这个男人手里换来的“幸福”。
现在，幸福好像要多一顿了？
比比东感觉自己的心跳都在加速。
“前辈……”
那声音又软又媚，带着一丝小心翼翼的试探，生怕是自己听错了一个字。
“您……要开夜宵吗？”
温热的呼吸，就落在林枫的耳畔，带着一丝压抑不住的急切和灼热。
林枫嘴角一抽。"
第158章 听起来很不错，但是我拒绝！,https://www.biquh.com/678_678189/65985926_6.html,"
得~
不小心说漏嘴了。
他能感觉到，自己已经被一道道炙热的、充满了期盼的目光给包围了。
如果他今天敢说一个“不”字。
他毫不怀疑，这帮封号斗罗能当场上演一出“死谏”，抱着他的大腿哭着求他开张。
【宿主，看见了吗？这就是民意，这就是市场需求。】
系统的声音充满了蛊惑。
【顺应民心，方能财源广进。】
林枫心中暗骂：“说的倒是好听，结果到头来还不是要我加班？”
系统似乎卡顿了一下，像是在紧急运算着什么。
【经检测，宿主的懒癌已进入晚期，基本告别治疗，本系统决定启动备用方案。】
【为了维护你那脆弱得跟纸糊一样的高人形象，也为了安抚你那颗想要躺平的心，烧烤摊将采用全新的‘自助’模式。】
【食材，依旧是本系统出品的珍馐，明码标价，童叟无欺。】
【食客，自选食材，自付账单，自取烤炉，自己动手。】
【而您，伟大的林老板，只需要像一尊神像般坐在柜台后面，用您那尊贵的双手……】
【收钱。】"
第159章 神树当炭，异火为炉，手把手教斗罗撸串！,https://www.biquh.com/678_678189/65985927.html,"
【当然，要是这帮封号斗罗实在手残，烤糊了食材，浪费了本系统提供的顶级珍馐，你也可以动用少部分精力，分出一个身外化身去进行‘有偿’指导。】（写前面的时候忘了这个能力了，也不改了，求轻点骂。）
系统的声音落下。
刚才还瘫在椅子里，一副“你就算说破天我也不干”的林枫，腰杆“唰”的一下就挺直了。
他整个人像是被电击了一样，坐姿前所未有的端正。
等等……
这破系统刚才说什么？
自助？
客人自己动手烤，我只管收钱？
林枫的脑子里，仿佛有无数金魂币炸开，组成了绚烂的礼炮。
这……
这踏马不就是我梦寐以求的人生终极形态吗！
当一条收租收到手抽筋的咸鱼！
而且租客还是这帮封号斗罗乃至未来的神祇！
念头通达！
林枫感觉自己整个人都升华了！
他对着脑海里的系统，用一种无比庄严、心怀天下的语气说道。
“系统啊，经过我的深思熟虑，我决定了。”
“这个烧烤摊项目，必须搞！”"
第159章 神树当炭，异火为炉，手把手教斗罗撸串！,https://www.biquh.com/678_678189/65985927_2.html,"
“这并非是为了我个人的利益，而是为了丰富武魂城广大魂师的夜生活，是为了让那些修炼了一天的强者们，能在深夜得到一丝慰藉！”
“我，义不容辞！”
【呵。】
系统只回了一个字，充满了不屑。
不去理会系统什么反应，林枫轻轻一咳。
“咳。”
整个枫染亭，所有人都在这一刻屏住呼吸。
包括供奉殿那几位，全都下意识地挺直了腰杆，正襟危坐，像是一群等待老师宣布好消息的小学生。
“鉴于诸位日夜苦修，劳心费神，本座于心不忍。”
林枫的声音平淡，却带着一种难以言说的威严。
“故，自今日起，枫染亭将增设‘夜宵’时段。”
“轰”的一声！
虽然没人真的发出声音，但在场所有人的脑子里，都像是炸开了一个响雷。
成了！
真的成了！
幸福来得如此突然！
“前辈慈悲！”"
第159章 神树当炭，异火为炉，手把手教斗罗撸串！,https://www.biquh.com/678_678189/65985927_3.html,"
鬼斗罗第一个站了起来，对着林枫深深一躬。
其他人反应过来，也纷纷起身行礼，一个个脸上都洋溢着发自内心的喜悦。
“多谢前辈体恤！”
“前辈大恩，我等没齿难忘！”
看着这群平均年龄上百岁的老家伙，为了一口吃的，如此卑微恭敬，林枫心里那叫一个舒坦。
但他表面上，依旧是那副波澜不惊的模样。
他抬了抬手，示意众人安静。
“不过，此番夜宵，形式略有不同。”
林枫顿了顿，抛出了一个让所有人都没想到的概念。
“此次，将采用‘自助’模式。”
“自助？”
整个饭店，刚才还喜气洋洋的气氛，瞬间冷场。
一屋子的封号斗罗，有一个算一个，全都跟被施了定身术一样。
那眼神，茫然。
那表情，呆滞。
活像一群没开化的野人，头一次见到打火机。
林枫差点没绷住自己的表情。
他强行压下自己想要吐槽的欲望。"
第159章 神树当炭，异火为炉，手把手教斗罗撸串！,https://www.biquh.com/678_678189/65985927_4.html,"
一个离谱的念头，猛地从他脑子里冒了出来。
不会吧？
这斗罗大陆……魂师都能上天入地了。
可精神文明和生活娱乐，简直贫瘠得令人发指！
连自助餐都没有？
这日子能过？
林枫心里那点恶趣味，已经快压不住了。
他真想看看，这帮平日里毁天灭地、高高在上的封号斗罗，围着一个小烤炉手忙脚乱的样子。
那画面，光是想想就带劲。
此时，饭店里的气氛尴尬得能用脚趾抠出一座武魂殿。
死寂。
一种源于知识盲区的，纯粹的死寂。
就在这时一道温软悦耳，带着几分试探的声音，打破了沉默。
“前辈。”
比比东那双紫色的美眸里，盛满了与其他人如出一辙的困惑。
“何为‘自助’？”
她问出了所有人的心声。"
第159章 神树当炭，异火为炉，手把手教斗罗撸串！,https://www.biquh.com/678_678189/65985927_5.html,"
一瞬间，所有人的耳朵都竖了起来，目光灼灼地盯着林枫。
那眼神，比聆听神谕时还要专注，生怕错过任何一个字。
林枫就这么在众人疑惑的注视中，站了起来。
他什么也没解释，转身就朝店外走去。
一众封号斗罗你看看我，我看看你，脑门上缓缓冒出一个问号。
但没人敢问。
也没人敢不动。
一群跺跺脚就能让大陆抖三抖的顶尖强者，全都亦步亦趋地跟在林枫身后，乖巧的不像话。
林枫踱步到饭店门口，停下。
他转身，看着这群大气不敢喘的斗罗大陆天花板们，声音平淡。
“意思很简单。”
“菜，本座会为你们备好。”
“烤炉，也给你们放在那。”
他顿了顿，说出了最关键，也是最让这群人无法理解的一句话。
“想吃什么，自己动手。”
“……”
“自己……动手？”
鬼斗罗周身的鬼气，不受控制的跳动了一下。"
第159章 神树当炭，异火为炉，手把手教斗罗撸串！,https://www.biquh.com/678_678189/65985927_6.html,"
自己动手？
动什么手？
另一边，灵鸢斗罗脑子直接宕机。
自己动手的意思是……前辈不给做饭了？！
不要啊！我只会煮白开水啊！
就在众人脑子里乱成一锅粥，怀疑人生的时候。
林枫打了个响指。
啪。
门外的空间，如同被投入石子的水面，荡开一圈无形的涟“啵”的一声，向外扩张。
紧接着，一排排崭新的桌椅凭空出现，整齐地排列在饭店门口的空地上。
每张桌子的中央，都镶嵌着一个精致小巧，闪烁着金属光泽的烤炉。
桌子下面，静静地躺着一筐黑色的“木炭”。
那木炭漆黑如墨，却不染半点尘埃，表面光滑得像是黑曜石，每一块都仿佛经过最精密的切割，大小几乎完全一致。
一众斗罗只是看了一眼，就觉得不对劲。
这些“木炭”里，竟然蕴含着一股让他都感到心悸的纯粹生命能量！
用这玩意儿生火？
这也太奢侈了吧？"
第159章 神树当炭，异火为炉，手把手教斗罗撸串！,https://www.biquh.com/678_678189/65985927_7.html,"
更让众人摸不着头脑的，是摆在不远处的那一排排白色的大铁箱子。
这些铁箱子通体雪白，表面光滑如镜，没有任何魂力波动，却向外散发着丝丝寒气。
林枫看着这群封号斗罗大眼瞪小眼，终于还是放弃了让他们自行领悟的想法。
“罢了。”
“看好了，只演示一遍。”
话音落下，林枫转身走向那个散发着寒气的白色铁箱。
拉开柜门，白色的冷雾扑面而出。
他看都没看，随手从里面抓出一把用铁签串好的肉串。
接着，他踱步到一张桌前，随意地坐下。
一群封号斗罗的目光，随着他的动作而移动，紧张得像是在观摩神祇降下神罚。
林枫拿起桌上的铁夹，伸进旁边的炭筐里，夹起几块漆黑如墨的木炭。
手腕一抖。
“叮叮当当。”
几块神树木炭精准无比地落入烤炉中心，自动垒成一个小小的金字塔。"
第160章 吃着碗里的，占着锅里的？教皇陛下，你好霸道！,https://www.biquh.com/678_678189/65985928.html,"
“嗡。”
在那木炭被丢进烤炉时，无需林枫亲自动手，那烤炉内便已经自动燃起金红色的火焰。
恐怖的热量瞬间向外扩散，却又被烤炉完美地束缚在内。
就在众人惊讶这烤炉之神异时，林枫已经将那一把肉串，“唰”地一下，平铺在了烤架上。
他的手搭在桌沿，手指甚至没有去碰触签子。
但那十几根烤串，却像是有了生命一般，开始以一种完全同步的频率，缓慢而优雅地自行翻滚。
他拿起旁边的小刷子，在油碟里轻轻一蘸。
然后对着烤串，自左向右，一刷到底。
动作行云流水，一气呵成。
“滋啦——”
金黄的油脂，在接触到肉串的瞬间，就被那恐怖的高温逼出。
一滴滚烫的油珠，滴落在下方那黑色的神树木炭上。
那一瞬间，整个世界都安静了。
一股诱人的香气，逐渐四散开来。
在场的一众封号斗罗，有一个算一个，全都绷不住了。
鬼斗罗的喉结狠狠滑动了一下。
旁边的灵鸢斗罗，一双眼睛已经直了，口水差点没从嘴角挂下来。
肉串烤到七八分熟。"
第160章 吃着碗里的，占着锅里的？教皇陛下，你好霸道！,https://www.biquh.com/678_678189/65985928_2.html,"
林枫捏起一把雪白的盐粒，手肘弯曲，手腕抬高，来了个经典的撒盐姿势。
那盐粒如雪花般均匀飘落，精准地覆盖在每一串烤肉上。
那动作在众人眼中，却仿佛蕴含着某种玄奥的至理，说不出的潇洒写意。
他的手伸向旁边的调料罐，动作却顿了一下。
林枫抬头，看向比比东。
“能吃辣吗？”
短短四个字，像一道天雷劈在众人心头，羡慕得眼珠子都红了。
前辈……在征求教皇陛下的口味！
这是何等的偏爱！
比比东感觉自己的心脏都漏跳了一拍，几乎是脱口而出。
“能！”
这可是前辈亲手为她烤的，别说辣椒，就是毒药她也得笑着咽下去！
“嗯。”
林枫点了下头，抓起两个罐子。
大量的孜然和鲜红的辣椒面，如一场红褐色的暴雨，落在滚烫的肉串上。
刺啦！
香气瞬间炸了！"
第160章 吃着碗里的，占着锅里的？教皇陛下，你好霸道！,https://www.biquh.com/678_678189/65985928_3.html,"
这股味道跟白天的菜肴完全不同。
狂野，直接，不讲道理。
就像一只无形的手，掐住你的后脖颈，把你的脸死死按在烤架上，逼着你闻。
勾得人神魂颠倒，口水决堤。
林枫将烤好的肉串放在盘子里，推到比比东面前。
他对着已经看呆的女人招了招手。
“尝尝。”
比比东的呼吸停滞了一瞬。
她看着盘子里还在微微冒着热气的肉串。
金黄色的肉块上，点缀着红色的辣椒碎和褐色的孜然粒，被烤出的油脂包裹着，闪烁着诱人的光泽。
香气像一只看不见的手，精准地攥住了在场每一个人的灵魂。
尤其是菊斗罗，他那张妩媚的脸上，此刻肌肉都在不受控制地抽动。
嫉妒。
无法抑制的嫉妒。
为什么是她！
为什么不是我！
我才是第一个带头来吃饭的！我才是前辈最忠实的拥趸！
比比东没有理会身后那些几乎要实体化的羡慕嫉妒恨。"
第160章 吃着碗里的，占着锅里的？教皇陛下，你好霸道！,https://www.biquh.com/678_678189/65985928_4.html,"
她的世界里，只剩下了眼前这盘肉串。
她伸出纤纤玉指，有些小心地捏住了铁签的末端。
入手微烫。
她将肉串凑到唇边，樱唇轻启，优雅地咬下了一小块。
在肉块入口的瞬间。
比比东那双紫色的美眸，猛地睁大了。
“唔！”
一声压抑不住的闷哼，从她喉间溢出。
首先在舌尖炸开的，是炭火赋予的焦香，以及孜然和辣椒带来的狂野风味。
牙齿轻轻咬下。
酥脆的外皮应声而破，发出细微的“咔嚓”声。
紧接着，一股滚烫却又鲜美到极致的肉汁，瞬间在口腔中爆开！
辛辣与焦香在口中轮番轰炸。
她甚至舍不得吞咽，只想让这股味道在味蕾上多停留一秒。
她看着手中还剩下大半的肉串，再也顾不上什么教皇的仪态，樱唇再启，但速度明显快了几分。
就在比比东小口品尝时，林枫又顺手拿起两串，分别塞进了朱竹清和胡列娜的手里。
“你们也尝尝，员工福利。”"
第160章 吃着碗里的，占着锅里的？教皇陛下，你好霸道！,https://www.biquh.com/678_678189/65985928_5.html,"
毕竟是自家的打工人，当然不能亏待了。
两人受宠若惊地接过，咬下一口，眼睛瞬间亮了。
胡列娜小脸微红，感觉自己不是在撸串，是在品尝世间最顶级的幸福。
而朱竹清，那张万年冰山脸上，也难得地浮现出一丝满足的红晕。
然而，就是这和谐温馨的一幕，却让不远处的另一群人，彻底破防了。
林枫眼角余光随意一扫。
好家伙。
只见长老殿和供奉殿那帮封号斗罗，一个个伸长了脖子，眼珠子瞪得比铜铃还大，布满了血丝。
他们的目光，死死地、贪婪地、甚至带着一丝怨念地，黏在比比东三人手里的烤串上。
一个个喉结疯狂滚动，口水在嘴里疯狂分泌，却又自己没发话，只能死死憋着。
其中，灵鸢斗罗的嘴角，已经有晶莹的液体在反光了。
林枫眼皮跳了跳。
“行了行了，别看了。”
“跟八百年没吃过饭一样，丢不丢人。”
“自己过来拿，尝尝吧。”
话音落下的瞬间，仿佛按下了某个禁忌的开关。
前一秒还努力克制自己的一众封号斗罗，下一秒，身上的魂力波动瞬间炸开！
十几道身影，化作十几道颜色各异的流光，以生平最快的速度，直扑那张小小的烧烤桌！"
第160章 吃着碗里的，占着锅里的？教皇陛下，你好霸道！,https://www.biquh.com/678_678189/65985928_6.html,"
“别抢！让老子先拿！”
“谁他妈踩我脚了！”
“那串最大的是我的，魔熊你给我放下！小心我掏你裤裆！”
一阵鬼哭狼嚎般的争抢过后，长老殿和供奉殿的巨头们总算人手一串。
他们的吃相，简直没眼看。
哪还有半点封号斗罗的威严。
一个个跟饿了八百年的恶犬一样，护食地缩在角落，三口两口，签子就秃了。
明明比比东她们先吃，结果这群老家伙硬是后发先至，率先解决战斗。
然后，十几道冒着绿光的眼睛，齐刷刷地，再次聚焦。
桌上，盘子里。
还剩最后一根。
气氛瞬间变了。
空气里仿佛有魂力在碰撞，发出滋滋的声响。
魔熊斗罗往前拱了半步，铜铃大的眼睛死死盯着那串肉，喉咙里发出野兽般的低吼。
鬼斗罗的身影变得虚幻，似乎下一秒就要瞬移到桌前。
金鳄斗罗的拳头已经捏紧了，骨节咔咔作响。
一场赌上封号斗罗尊严的线下真人快打，一触即发。"
第160章 吃着碗里的，占着锅里的？教皇陛下，你好霸道！,https://www.biquh.com/678_678189/65985928_7.html,"
就在这时。
一只白皙纤长的手，慢悠悠地伸了过来。
在十几道能杀人的目光注视下，这只手精准地捏住了最后一根烤串的铁签。
众人视线上移。
比比东！
关键是，她手里那串肉，明明还剩着一大半。
这女人，吃着碗里的，还要占着锅里的？！
一时间，这些人竟是瞬间团结起来，准备打算跟教皇陛下好好掰扯掰扯什么叫先来后到，什么叫“撸串”规矩。
然而，比比东只是淡淡地扫了他们一眼。
那眼神中，满是鄙夷。
然后，在所有人惊疑不定的注视下，她转身说出了一句让鬼斗罗他们集体懊悔到想当场自尽的话。
“前辈......”
（新的一月，大家都要票票了吧？嘿嘿嘿~）"
第161章 间接接吻？千仞雪：我妈也想找后爸？,https://www.biquh.com/678_678189/65985929.html,"
比比东举着那根烤串，微微躬身，虔诚地递了过去。
那双颠倒众生的紫色美眸里，带着一丝恰到好处的心疼。
“前辈。”
她的声音又软又糯，听得人心都快化了。
“您忙了半天，我们都吃上了，可您自己还一口没尝呢。”
“这最后一串，您快趁热吃了垫垫肚子吧。”
此话一出。
“轰隆！”
鬼斗罗感觉自己的脑子里像是有什么东西炸了。
他整个人僵在原地，大脑一片空白。
卧槽？
还能这样？！
他看看自己手里光秃秃的签子，再看看比比东那张写满“懂事”的脸，一张俊脸瞬间羞愧难当。
完了，自己光顾着吃了！
我他妈的，我怎么就没想到呢！
这是讨好前辈的天赐良机啊！
另一边，菊斗罗更是懊悔得兰花指都在哆嗦。
他自诩武魂殿第一“交际花”，最擅长察言观色，怎么就在这最关键的时刻，被教皇陛下给秀了一脸！"
第161章 间接接吻？千仞雪：我妈也想找后爸？,https://www.biquh.com/678_678189/65985929_2.html,"
可恶！被她抢先了！
林枫看着递到面前的烤串，又瞥了眼比比东。
这女人，是真会来事儿。
瞧瞧这眼力见。
“有心了。”
林枫自然不会矫情，伸手就接了过来。
他一口咬下。
就是这个味儿！
酥脆的外皮应声而破，滚烫的肉汁混着香料在舌尖瞬间爆开，那股霸道的香气直冲天灵盖。
舒服。
林枫这边刚尝到味儿，对面的比比东，呼吸都快停了。
在看到林枫真的吃了自己递过去的烤串后，她那双颠倒众生的紫色美眸，瞬间亮得惊人。
整个人激动得，不知道的还以为林枫刚刚答应了她的求婚。
直到林枫慢条斯理地咽下，才平静地开了口。
“味道还行，手艺没退步。”
他顿了顿，又道：“就是总感觉……缺点灵魂。”
缺灵魂？"
第161章 间接接吻？千仞雪：我妈也想找后爸？,https://www.biquh.com/678_678189/65985929_3.html,"
众人一愣。
这都好吃得让人想把舌头吞下去了，还缺灵魂？那真正有灵魂的得是什么味道？
没等他们想明白，林枫已经溜达到旁边一个半人高的大木桶前。
他拿起一个大玻璃杯，拧开木桶上的龙头。
“咕嘟咕嘟……”
金黄色的、冒着绵密白沫的液体瞬间注满了杯子，一股冰凉的麦芽香气随之散开。
林枫仰头灌了一大口。
“哈——”
他舒坦地呼了口气，脸上露出了众人从未见过的，发自内心的满足笑容。
“嗯，对味了。”
所有人的视线，都死死锁在了林枫手里的那只大玻璃杯上。
那是什么东西？
金色的液体，顶着一层雪白的泡沫，散发着一股前所未闻的清冽香气。
仅仅是闻到，就让他们的灵魂感到一阵战栗。
更重要的，是前辈脸上的表情。
那是一种……纯粹的，发自内心的享受与满足。
这比他品尝任何一道菜肴时，流露出的情绪都要真实，都要强烈！
能让这位喜怒不形于色的存在，都露出这种表情……"
第161章 间接接吻？千仞雪：我妈也想找后爸？,https://www.biquh.com/678_678189/65985929_4.html,"
没人敢开口询问。
但每个人心里，都燃起了一簇名为“渴望”的火焰。
林枫晃了晃手里的半杯啤酒，朝比比东抬了抬下巴。
那意思很明显：你也来点？
比比东看着他，俏脸莫名一红，竟是羞涩地点了点头。
林枫正纳闷呢。
你脸红个泡泡茶壶啊？不就是喝杯啤酒吗？
然而下一秒，他就懵了。
只见比比东莲步轻移，走到他面前，然后……
然后伸出纤纤玉手，直接从他手里，接过了他刚刚喝过的那只杯子！
林枫：“？”
全场所有斗罗：“？？？”
空气，在这一刻死寂。
所有人的动作都僵住了，眼珠子瞪得溜圆，死死地盯着比比东手里的那只杯子。
那上面，还沾着前辈的……口水吧？
在十几道如同放电般的目光注视下，比比东的脸颊红得像是能滴出血。
但她的动作没有丝毫犹豫。"
第161章 间接接吻？千仞雪：我妈也想找后爸？,https://www.biquh.com/678_678189/65985929_5.html,"
她抬起酒杯，红唇轻启，精准地……
印在了林枫刚才喝过的杯沿位置。
看到这一幕，所有人的大脑，集体宕机了。
“咕嘟。”
冰凉的酒液滑入喉咙的瞬间，比比东感觉一道金色的闪电从天灵盖劈到了脚后跟。
整个人都爽麻了。
之前吃烤串的油腻感，被一股带着奇特麦香的冰爽洪流瞬间冲刷得一干二净。
她那双高贵冷艳的紫色美眸，此刻瞪得溜圆。
好……好喝！
比比东也不顾得什么羞涩了，直接再次仰起雪白的脖颈，将杯中剩下的大半杯啤酒，一口气灌了下去！
“吨！吨！吨！”
金黄的酒液顺着她光洁的下巴滑落一滴，没入深邃的衣领之中。
周围的封号斗罗们，眼珠子都快掉出来了。
喝完最后一滴，比比东心满意足地放下杯子，刚想维持住自己最后的体面。
一股气流却不受控制地从胃里直冲而上。
“嗝儿~~~~！”
一个又长又响，还带着回音的饱嗝，响彻了整个枫染亭门口。
打完嗝，她甚至还意犹未尽地砸吧了两下嘴。"
第161章 间接接吻？千仞雪：我妈也想找后爸？,https://www.biquh.com/678_678189/65985929_6.html,"
“吧唧，吧唧。”
气氛在这一刻瞬间凝固。
比比东僵住了。
整个人，从头到脚，彻底僵住。
完了。
这两个字在她脑海里炸开，一片空白。
我……
当着前辈的面……打嗝了？
比比东现在只想找个地缝钻进去，把自己埋起来，一百年不出来。
她几乎是用尽了全身的力气，才控制住自己没有当场逃跑。
她抬起眼，小心翼翼地，带着一丝绝望，偷偷瞄向林枫。
如果……如果前辈脸上有一丝一毫的厌恶……
然而，林枫只是眉毛一挑，嘴角挂着若有若无的笑意。
“看来你很喜欢这个味道。”
淡淡的一句话，如天籁之音。
比比东眼中的慌乱瞬间褪去，取而代之的，是死里逃生般的狂喜。
前辈……没有讨厌我！"
第161章 间接接吻？千仞雪：我妈也想找后爸？,https://www.biquh.com/678_678189/65985929_7.html,"
而其余观众的脸上，都浮现出了几近于便秘的表情。
冕下，求你了，咱好歹是武魂殿的牌面，注意点形象行不行？
角落里，千仞雪的小脸一阵红一阵白，恨不得当场找个地缝钻进去。
丢人！
太丢人了！
可紧接着，她脑子里猛地闪过一个更可怕的念头。
等等！
刚才那个杯子……是林枫前辈喝过的吧？
比比东她……她刚才那样，算不算间接接吻？
千仞雪的大脑嗡的一声，一片空白。
她看看自己那个不争气的爷爷，又看看眼前这个彻底放飞自我的亲妈。
一个可怕的结论，在她心中油然而生。
坏了！
爷爷想给我找个后奶奶也就算了。
我妈这是……也要给我找个后爸啊！"
第162章 千仞雪脑内的“地狱绘图”！,https://www.biquh.com/678_678189/65985930.html,"
完了。
千仞雪脑子里只有这两个字。
而且不是那种开玩笑的完了。
是字面意义上，她的人生，她的未来，她所认知的一切，都完蛋了。
她呆呆地看着那个正处于“社死”和“狂喜”叠加状态的母亲。
又下意识地瞥了一眼身旁，呆呆看着比比东和林枫之间气氛古怪的爷爷。
一瞬间，千仞雪的脑海里，出现了一副无比清晰，无比惊悚的画面。
几年后。
武魂殿，教皇殿内。
不再是庄严肃穆的议事厅，而是堆满了各种拨浪鼓、小木马和尿布。
可能已经从比比东手里集成教皇之位的自己，武魂殿义上的统治者，正一脸生无可恋地坐在地上。
左手，抱着一个还在流口水，长得有七分像爷爷，三分像某个不知名老奶奶的小屁孩。
那小屁孩一边啃着她的头发，一边含糊不清地喊她：“大侄女……饿……”
右手，还牵着一个更难缠的，长得五分像母亲，五分像林枫前辈的小鬼头。
这小鬼头正哇哇大哭，拼命拽着她的裙摆，哭喊着：“姐姐！我要吃糖葫芦！你为什么不给我买！我要告诉爸爸你欺负我！”
而那两对儿不当人的罪魁祸首呢？
他们正手牵着手，在落日余晖下的后花园里散步，卿卿我我，你侬我侬。
临走前，还要摸着她的头，用一种欣慰的语气说：“小雪啊，家里就拜托你了，我们出去过二人世界了哦。”"
第162章 千仞雪脑内的“地狱绘图”！,https://www.biquh.com/678_678189/65985930_2.html,"
想到那个场景，千仞雪感觉自己的脑壳快要裂开了。
不！
不对！
她猛地摇了摇头，一个更恐怖的念头浮现。
说到底，以他们的能力和……热情。
真的只会生一个吗？
万一呢？
万一他们觉得一个孩子太孤单，本着“多子多福”的原则，生一堆呢？
到时候，她就不是左手抱一个，右手牵一个了。
她得用魂力托着一个，背后背着一个，腿上挂着两个，前面还得跟着一串！
一群小叔叔、小阿姨、亲弟弟、亲妹妹，奶声奶气地围着她，此起彼伏地喊着：“大侄女！”“姐姐！”“抱抱！”
这是什么地狱绘图？！
他奶奶的天使神在上啊！
您可要保佑……
哦，对了。
天使神已经死了。
千仞雪的心，哇凉哇凉的。"
第162章 千仞雪脑内的“地狱绘图”！,https://www.biquh.com/678_678189/65985930_3.html,"
天使神您老人家要是在天有灵，就睁开眼看看吧！求求您显个灵，千万别让这种惨绝人寰的事情，发生在您最虔诚的后辈身上啊！
祈祷的同时，千仞雪那双漂亮的金色眼眸里，燃起了一丝决绝的火焰。
不行！
不能坐以待毙！
我必须做点什么！必须想尽一切办法，阻止这两对儿狗男女……啊呸，是尊敬的长辈们，走上那条不归路！
就在千仞雪这边天人交战，已经开始构思“棒打鸳鸯三百六十式”的时候。
一个带着几分急切，又努力压抑着渴望的声音，打破了现场的尴尬。
“前……前辈。”
众人循声望去。
只见灵鸢斗罗往前走了一步，那双勾人的凤眼，死死地盯着一旁的那个大酒桶，不自觉地咽了口口水。
她努力让自己的声音听起来平静一些，但那微微发颤的尾音，还是暴露了她内心的真实想法。
“请问，您和教皇冕下刚才喝的……那金色的仙酿，究竟是何物？”
“我们……我们能尝尝吗？”
她问出了所有人的心声。
一瞬间，包括鬼斗罗在内的所有人，全都眼巴巴地看着林枫，那眼神，活像一群等待主人投喂的哈士奇。
林枫瞥了她一眼。
又扫了扫那群眼冒绿光的老家伙，语气平淡地解释道。
“这个，叫啤酒。”"
第162章 千仞雪脑内的“地狱绘图”！,https://www.biquh.com/678_678189/65985930_4.html,"
“算不上什么神仙酿，只是凡间的饮品罢了。”
“不过，用来搭配烧烤，倒是相得益彰。”
林枫的话，让众人心中一凛。
凡间的饮品？
开什么玩笑！
能让您脸上露出笑容，让教皇冕下失态到当众打嗝的东西，能是凡品？
前辈又在谦虚了！这一定是某种蕴含着天地至理的琼浆玉液！
林枫自然不知道这群人的脑补。
他指了指旁边那个大木桶，摆了摆手，一副“你们随意”的架势。
“想喝自己去接吧。”
话音刚落。
“谢前辈！”
一声整齐划一，中气十足的呐喊，响彻夜空。
下一秒，刚才还因为比比东的举动而有些拘束的封号斗罗们，再次化作一道道流光。
“哗啦啦——”
那速度，那气势，比刚才抢肉串时还要凶猛几分！
他们几乎是同一时间扑到了杯子架前，一人一个大玻璃杯，然后又以迅雷不及掩耳之势，冲到了那个散发着麦芽香气的大木桶前。"
第162章 千仞雪脑内的“地狱绘图”！,https://www.biquh.com/678_678189/65985930_5.html,"
“挤什么挤！金鳄你个老不死的，别以为你年纪大我就不敢动你！”
“魔熊！你他妈的再用你那熊掌拱我，信不信老夫现在就废了你！”
“鬼长老！说好了不能插队的！”
“滚！老夫这是瞬移，不算插队！”
一阵鸡飞狗跳。
很快，长老殿和供奉殿的巨头们，人手一杯金灿灿、冒着白沫的啤酒。
他们学着刚才林枫的样子，小心翼翼地凑到嘴边，先是闻了闻那股冰凉奇特的香气，然后对视一眼，眼中都带着一丝朝圣般的虔诚。
接着，所有人仿佛约定好了一般，同时仰起头。
“咕嘟！咕嘟！咕嘟！”
冰凉的液体，如同九天之上的冰川雪水，顺着喉咙一路向下。
那一瞬间，所有人的眼睛都猛地瞪圆了！
爽！
一种前所未有的，难以用语言形容的爽快感，从口腔炸开，顺着食道一路冲进胃里，再从胃里扩散至四肢百骸！
之前吃烤串时，那股辣味，以及带着一丝油腻的感觉，瞬间被冲刷得一干二净！
口腔里只剩下一种奇特的，带着微苦，却又回味甘甜的麦芽香气。
“哈——”
鬼豹斗罗第一个没忍住，长长地舒了一口气。
他感觉自己浑身上下的毛孔，都在这一刻舒张开来，贪婪地呼吸着这快活的空气。"
第162章 千仞雪脑内的“地狱绘图”！,https://www.biquh.com/678_678189/65985930_6.html,"
“嗝儿~~！”
紧接着，魔熊斗罗一个惊天动地的饱嗝，打得地上的石子都跳了三跳。
他那张粗犷的脸上，满是纯粹的，孩童般的快乐。
一个。
两个。
“嗝儿~~！”
“嗝儿~~~！”
此起彼伏的饱嗝声，如同交响乐一般，在枫染亭门口久久回荡。
一群平均年龄超过百岁的封号斗罗，此刻全都忘了自己的身份，忘了什么强者的威严。
他们只是端着酒杯，脸上洋溢着最纯粹的，发自内心的笑容。
这一刻，他们不是什么封号斗罗，不是什么长老供奉。
他们只是一群在夏夜的晚风中，撸着串，喝着冰啤酒的……快乐的酒鬼。
虽然他们手里的串，早就只剩下一根光秃秃的签子了。"
第163章 自助烧烤，开整！唐昊怒拦宁风致！,https://www.biquh.com/678_678189/65985931.html,"
千道流端着新接的一杯啤酒，走到自家孙女面前，语重心长。
“小雪啊。”
他看了一眼不远处，那个因为一个嗝而满脸通红，却又难掩喜色的比比东。
“有些事，要从大局着想。”
千道流的声音压得很低。
“如果她真能成，对武魂殿而言，是万世之基。你我……都要学会接受。”
接受？
接受我妈给我找个后爸，你也顺便找个后老伴，然后我一个人带七八个娃？
千仞雪心里那根弦，彻底崩了。
她猛地抬头，死死瞪着自己这个毫无自觉的爷爷。
这个老登！
千仞雪一把夺过千道流手里的酒杯，看都没看，仰头就是一通猛灌！
“咕嘟！咕嘟！”
冰凉的酒液混着奇特的麦香冲入喉咙，她感觉自己的灵魂都在颤抖。
千仞雪放下了空杯。
然后，她可耻地发现，自己脑子里那些关于家族伦理的悲惨未来，居然被这口啤酒冲淡了不少。
可恶！
连啤酒都来背刺我！"
第163章 自助烧烤，开整！唐昊怒拦宁风致！,https://www.biquh.com/678_678189/65985931_2.html,"
不过说实话，这一瞬间，什么后爸，什么大侄子，什么带孩子的地狱绘图……
全都滚蛋吧！
她现在只想再来一根烤串！
撸串的时候还想这些破事，简直是对食物的大不敬！
林枫已经演示完毕，啤酒也人手一杯，接下来该干什么，这群封号斗罗心里跟明镜似的。
自助烧烤，开整！
看前辈那云淡风轻的样子，随手一烤就是绝世美味，想来这玩意儿应该不难。
自己照着葫芦画瓢，味道总不能差到哪去吧？
抱着这种天真的想法，众人一窝蜂地冲向了那几台散发着寒气的白色铁箱。
“都别抢！这排骨是老夫先看到的！”
“滚蛋！你都拿了大半盘了！”
这其中，灵鸢斗罗的动作最为夸张。
她压根就没挑，左手两个大盘子，右手两个大盘子，所过之处，鸡翅、生蚝、肉串、大虾……寸草不生。
那架势，不像来吃饭的，倒像是来进货的。
而另一边的画风，则显得有些诡异。
菊斗罗捏着兰花指，脸上挂着妩媚的笑，正殷勤地往鬼斗罗的盘子里夹东西。
“老鬼，来，这个大补！”"
第163章 自助烧烤，开整！唐昊怒拦宁风致！,https://www.biquh.com/678_678189/65985931_3.html,"
一串。
“这个也大补！”
两串。
“哎呀，这个最补了，你得多吃点！”
三串，四串，五串……
众人定睛一看，好家伙，鬼斗罗那盘子里，已经堆起了一座由各种动物腰子组成的小山。
鬼斗罗看着自己盘子里那座由各种动物腰子堆成的小山，眼角控制不住地跳了跳。
他感觉周围射来的目光，都变得古怪了起来。
他清了清嗓子，努力维持着自己身为封号斗罗的威严，对周围投来异样目光的同僚们，义正言辞地解释道。
“咳，你们别误会。”
“不是我需要补。”
“纯粹是个人爱好，我就是爱吃这个罢了。”
说完，他转头，对着菊斗罗，一脸淡定地摆了摆手。
“月关，再给我来两串。”
“好嘞！”
菊斗罗笑得花枝乱颤。
周围的封号斗罗们集体打了个哆嗦，默默地端着自己的盘子，不动声色地离那两人远了点。
惹不起，惹不起。"
第163章 自助烧烤，开整！唐昊怒拦宁风致！,https://www.biquh.com/678_678189/65985931_4.html,"
金鳄斗罗本来还想跟鬼斗罗凑一桌，毕竟两人颜值都高，坐一起也养眼。
可他刚端着盘子走过去，就看到了那座雄伟的“腰子山”，和他俩之间那“你侬我侬”的诡异气氛。
老鳄鱼的眼皮狠狠一跳。
他二话不说，掉头就走。
他宁可跟天天斗嘴的千钧降魔坐一桌，也不想看那俩给里给气的玩意儿。
于是，场面很快就变得诡异起来。
千道流端着酒杯，看着自家还在怀疑人生的孙女，组成了一桌“操心爷孙局”。
菊斗罗和鬼斗罗两人，被所有人默契地孤立在角落，成了“阴阳调和桌”。
灵鸢斗罗一个人霸占了一张大桌子，盘子里的食材堆得比她人都高，是为“饿死鬼投胎席”。
剩下的几位长老供奉，自由组合，成了“单身狗联盟桌”。
唯独林枫那边，比比东、胡列娜、朱竹清三女环绕，气氛和谐，简直就是食物链顶端的“神之餐桌”。
愉快的自助烧烤，在一种诡异又兴奋的气氛中，正式拉开序幕……
……
武魂城往南，三百公里外。
夜色下的山林一片死寂。
唐昊脸色很不好看，他盯着瘫在一旁，脸色惨白如纸，大口喘着粗气的玉小刚，心里憋着一团火。
为了尽快拿到双生武魂的修炼法门，他几乎是催动了九成速度。"
第163章 自助烧烤，开整！唐昊怒拦宁风致！,https://www.biquh.com/678_678189/65985931_5.html,"
可玉小刚这身子骨，实在太脆了。
脆到不像个正常的大魂师！
甚至不如个辅助系的身体！
哪怕唐昊用魂力包裹着他，那高速飞行带来的恐怖压力，还是挤的玉小刚痛苦不堪。
再飞下去，人就废了。
“废物。”
唐昊在心里骂了一句，可为了让玉小刚以最好的状态面对比比东，他也只能耐着性子，让玉小刚在此地歇脚恢复。
可就在这时，唐昊豁然抬头，望向漆黑的夜空。
数道气息正从远方高速掠过，其中两道，他再熟悉不过。
剑！骨！
还有宁风致那老狐狸！
唐昊的瞳孔骤然收缩，之前被他强行压下的怒火，轰然引爆。
就是这群人！
就是宁风致这个伪君子，搅黄了他为小三准备的十万年魂环！
断他儿子的前途，就是断他唐昊的根！
“你待在这，别动。”
唐昊冷冷地丢下一句话，根本不给玉小刚任何反应的时间。
下一瞬，他整个人已经化作一道黑影，冲上云霄。"
第163章 自助烧烤，开整！唐昊怒拦宁风致！,https://www.biquh.com/678_678189/65985931_6.html,"
“轰！”
半空中，一柄通体漆黑、纹路狰狞的巨锤凭空显现，带着恐怖的气势，朝着那几道流光狠狠砸下！
唐昊这一锤，是含怒而发。
断子前路，此仇不共戴天！
这一击，他没想杀人，但至少也要让剑骨斗罗受创一番！
然而，就在那柄漆黑巨锤即将砸落的瞬间。
一声不屑的冷笑，从下方传来。
“唐昊？”
“你这缩头乌龟，终于舍得从洞里爬出来了？”
话音未落。
一只巨大无匹的惨白色骨爪，陡然从下方破空而上！
那骨爪森然，每一根指节都仿佛由万年寒玉铸就，带着一股撕裂空间的可怕气势，不偏不倚地迎上了那柄从天而降的昊天锤！
咚——！！！
沉闷的巨响在云层中炸开。
唐昊只觉得一股难以想象的反震之力，顺着锤柄疯狂倒卷而来，震得他整条手臂瞬间发麻！
他瞳孔骤然一缩。
不可能！"
第164章 剑斗罗：你的锤，全是破绽！,https://www.biquh.com/678_678189/65985932.html,"
双方落地，遥遥对峙。
唐昊握着锤柄的手，不受控制的微微颤抖，但他更在意的，是心里的惊涛骇浪。
刚才那一锤，他用了七分力。可是竟未能伤及对方分毫！
就算骨斗罗被称之为天下第一防御系魂师，也不可能有如此强大的防御力吧？
而对面的古榕缓缓收回自己的骨龙武魂，他低头看了看自己毫发无伤的手掌。
甚至还活动了一下筋骨，感受着体内那股坚不可摧，万劫不磨的崭新力量。
一个难以言喻的狂喜涌上心头。
原来……这就是前辈赐予的力量！
古榕抬起头，看向唐昊，眼神里再无忌惮，只剩下赤裸裸的嘲弄。
“就这？”
他撇了撇嘴，用一种打量废铜烂铁的眼神看着那柄黑色的巨锤。
“我还以为十几年前名震大陆的昊天斗罗，有多了不起呢。”
“你这锤子，现在看来，连给老夫挠痒痒的资格都不够劲啊！”
这句话，比刚才那一锤的硬撼，更让唐昊气血翻涌。
奇耻大辱！
他唐昊纵横大陆半生，何曾受过这等羞辱！
在骨斗罗的注视下，唐昊瞬间双目猩红，气喘如牛。
可还不等他发作，宁风致已经从古榕身后走了出来。"
第164章 剑斗罗：你的锤，全是破绽！,https://www.biquh.com/678_678189/65985932_2.html,"
“唐昊，你好大的威风！”
他脸上没有了那标志性的温润笑容，甚至没有了愤怒。
只有一片死寂的冰冷，看得唐昊都有些心底发毛。
“一见面，就对我等下此重手！”
“谁给你的胆子？”
唐昊的怒火被这句话彻底点燃，那沙哑的声音里充满了血腥味。
“过分？”
“宁风致，你还有脸在我面前说这两个字？”
“若非你们跳出来搅局，又怎会惊走预定的十万年魂兽！”
十万年魂兽？
宁风致和剑骨斗罗对视一眼，瞬间明白了。
原来是那只柔骨兔。
宁风致心中冷笑。
好一个霸道的昊天斗罗。
好一个“预定”！
天材地宝，有德者居之。
天下魂兽，都成了你唐家的私产？"
第164章 剑斗罗：你的锤，全是破绽！,https://www.biquh.com/678_678189/65985932_3.html,"
真是可笑。
若是放在以前，面对暴怒的昊天斗罗，宁风致或许还会退让三分，好言相劝。
可现在……
他的思维模式，已经彻底变了。
他瞥了一眼身后，那个在魂力风暴中被剑斗罗护得严严实实，脸色有些发白，但眼神依旧镇定的朱竹云。
神使！
这可是前辈饭店里的神使！
是未来的神妃！
别说只是被唐昊的杀气波及，今天她要是掉了一根头发，那位前辈怪罪下来，他七宝琉璃宗怕是连怎么死的都不知道！
跟前辈的怒火比起来，区区一个唐昊，算个屁！
一瞬间，宁风致心中的天平，发生了决定性的倾斜。
“骨叔。”
宁风致的声音响起，平静得没有一丝波澜。
“劳烦你，先护送朱竹云神使回枫染亭。”
“神使身份尊贵，万万不能在此地受到惊吓，更不能有丝毫损伤。”
“否则，你我，乃至整个七宝琉璃宗，都承担不起那位大人的怒火。”
神使？
枫染亭？"
第164章 剑斗罗：你的锤，全是破绽！,https://www.biquh.com/678_678189/65985932_4.html,"
唐昊的眉头狠狠一皱。
他顺着宁风致的目光看去，才注意到那个被护在中心的黑衣少女，眼神轻蔑。
武魂进化而已，就把人当神了？
七宝琉璃宗真是越活越回去了。
一个念头在他脑中闪过。
他来武魂城的真正目的，就是那个能批量制造强者的幕后之人。
武魂殿的实力，绝不能再增强！
这种存在，必须死！
或者，被昊天宗掌控！
擒下这个所谓的“神使”，或许更容易达到这个目的！
然而，这个念头只持续了不到半秒，就被他自己强行掐灭。
他下意识地看了一眼自己还在微微发麻的虎口。
不行。
骨榕那老家伙，不对劲。
他那身骨头，硬得邪门！
抓了那所谓的神使，说不定更容易除掉那所谓的主人武魂进化之人！
但是他看了一旁的骨斗罗，还是放弃了这个想法。这骨斗罗不对劲！"
第164章 剑斗罗：你的锤，全是破绽！,https://www.biquh.com/678_678189/65985932_5.html,"
那防御力简直邪门！
刚才那一爪，根本不是他记忆中那个骨斗罗能拥有的力量。
还不如放他离开，减少宁风致身边的战力。
唐昊的杀意悄然收敛。
骨斗罗带着朱竹云化作流光，转瞬消失在夜幕的尽头。
唐昊只是冷冷地看着，并未阻拦。
少一个防御无双的骨斗罗，对他而言，是好事。
场中，只剩下唐昊，以及对面的宁风致与剑斗罗。
气氛，在这一刻凝重到了极点。
宁风致深吸一口气，脸色无比凝重。
“剑叔！”
他低喝一声，右手掌心光芒大放，璀璨的八彩宝光即将凝聚成塔。
面对昊天斗罗，他不敢有丝毫大意，必须第一时间将剑斗罗的状态增幅到极致！
然而，一只手，却轻轻按在了他的肩膀上。
“风致。”
剑斗罗的声音很平淡，平淡得没有一丝波澜，仿佛眼前站着的不是什么名震大陆的昊天斗罗，而只是一块平平无奇的石头。
“收起来吧。”
宁风致动作一僵，猛地回头，眼中满是凝重。"
第164章 剑斗罗：你的锤，全是破绽！,https://www.biquh.com/678_678189/65985932_6.html,"
“剑叔，这可是唐昊！”
“我知道。”
剑斗罗的目光，终于从宁风致身上移开，落在了远处的唐昊身上。
他那双曾经因为斩过夜壶而死寂的眸子，此刻清澈得如同一泓秋水，不起半点涟漪。
他不是在看一个大敌。
而是在看一柄需要被鉴定的剑，或是一块需要被雕琢的玉。
“正好。”
剑斗罗的嘴角，竟是微微扬起。
“前辈赐下的剑道，我还未曾真正试过。”
“就用他来开锋吧。”
宁风致的脑子“嗡”的一下。
他这才想起来，剑叔已经不是以前的剑叔了！
唐昊的眉头，皱得更深了。
开锋？
拿我唐昊，来给你试剑？
何等的狂妄！
剑斗罗缓缓上前一步，身上的气势没有半分增长，依旧是九十六级。"
第164章 剑斗罗：你的锤，全是破绽！,https://www.biquh.com/678_678189/65985932_7.html,"
但他整个人的“意”，却变了。
他只是站在那里，就仿佛与天地间的万物融为一体，自身化作了一柄无形无质，却又无处不在的利剑。
他看着唐昊手中那柄漆黑的昊天锤，轻轻摇了摇头，声音里带着一丝指点般的遗憾。
“你的锤，太重，太笨。”
“起手，是破绽。”
“蓄力，是破绽。”
“就连你现在握锤的姿势……”
剑斗罗顿了顿，目光平静地迎上唐昊那双已经燃起怒火的眼睛。
“也是破绽。”"
第165章 炸环！他急了，他急了！,https://www.biquh.com/678_678189/65985933.html,"
破绽。
当剑斗罗尘心说出这两个字时，唐昊笑了。
是那种怒到极致，反而觉得荒谬的冷笑。
他唐昊是谁？
大陆最年轻的封号斗罗，当年凭一己之力，锤退武魂殿三名封号斗罗，连上一代教皇千寻疾都因他而陨落！
他手中的昊天锤，是天下第一器武魂！
他所修炼的锤法，是他爷爷，那位曾以一柄铁锤打遍天下无敌手的绝世斗罗唐晨，亲手开创的无上绝学！
这是昊天宗立足于世的根基，是每一个宗门子弟刻在骨子里的骄傲！
现在。
一个剑斗罗，竟敢站在他面前，指着他的锤，说他一身都是破绽？
何等的荒谬！
何等的狂妄！
“很好。”
唐昊的声音沙哑，每个字都像是从喉咙深处挤出来的，带着一股铁锈般的血腥味。
“既然你这么想死，我成全你！”
“剑斗罗，睁大你的狗眼看清楚了！”
“看看你口中的‘破绽’，是如何将你砸成一滩肉泥的！”
话音落下的瞬间，唐昊动了！"
第165章 炸环！他急了，他急了！,https://www.biquh.com/678_678189/65985933_2.html,"
他脚下的地面轰然下陷，整个人像一颗离弦的炮弹，没有任何花里胡哨的技巧，用最纯粹、最霸道的方式，朝着剑斗罗笔直冲去！
没有半分花哨。
最纯粹，最霸道！
“昊天九绝，冲字诀！”
他手中的昊天锤并未抡起，而是锤头在前，锤柄在后，整个人与锤合二为一！
他化作了一道撕裂夜幕的黑色流星！
恐怖的魂力在锤头凝聚，所过之处，空气被挤压扭曲，发出刺耳的尖啸！
这已经不是一柄锤子。
这是一座移动的山！
一颗呼啸的陨石！
上面附带的无匹重量与霸道魂力，足以将任何同级别的封号斗罗都砸成重伤！
宁风致脸色剧变。
他能感觉到，唐昊这一击，是含怒而发，是毫无保留的杀招！
“剑叔！小心！”
他下意识地惊呼出声，手中的八宝琉璃塔光芒暴涨，就要强行给剑斗罗施加增幅！
然而。
面对这毁天灭地的一击，剑斗罗的脸上，依旧没有半分波澜。"
第165章 炸环！他急了，他急了！,https://www.biquh.com/678_678189/65985933_3.html,"
他甚至还有空闲，伸出一只手，轻轻将宁风致推开，让他远离战圈。
然后，他便静静地看着。
看着那柄在他眼中，轨迹清晰得如同孩童涂鸦的黑色巨锤。
太慢了。
太直了。
也太……蠢了。
在唐昊那毁天灭地的气势锁定下，剑斗罗终于动了。
他没有后退。
甚至没有握住身侧的七杀剑。
他只是抬起了右手，并起剑指，对着虚空轻轻一引。
“嗡——”
七杀剑自动飞出！
一道流光，在空中划过一道不可思议的轨迹。
它没有去硬撼那柄黑色巨锤。
那是最愚蠢的做法。
在所有人的注视下，七杀剑的剑身微微下沉了半米。
就是这半米。
它堪堪错过了那势大力沉，蕴含着无匹神力的锤头。"
第165章 炸环！他急了，他急了！,https://www.biquh.com/678_678189/65985933_4.html,"
剑尖斜斜向上。
如毒蛇吐信，直指唐昊急速前冲的小腹！
一个最简单，却又最致命的角度！
唐昊的瞳孔，骤然缩成了针尖大小！
一股凉气，从他的脚底板直冲天灵盖！
他看懂了。
如果他继续前冲，他那霸道绝伦的昊天锤，或许能攻击到剑斗罗。
但在此之前，这柄诡异的七杀剑，会先一步洞穿他的身体！
同归于尽？
不！
是他先被刺穿！
电光石火之间，唐昊发出了一声不甘的怒吼！
他强行扭转腰身，硬生生止住了自己前冲的势头！
“轰！”
狂暴的惯性与魂力失去了宣泄口，在他脚下炸开，将地面犁出了一道深深的沟壑。
他整个人气血翻涌，喉头一甜，差点喷出一口逆血。
一招！"
第165章 炸环！他急了，他急了！,https://www.biquh.com/678_678189/65985933_5.html,"
仅仅一个照面！
他引以为傲的昊天九绝之一，竟被如此轻易地……破了？
然而，剑斗罗根本没给他任何震惊和喘息的时间。
就在唐昊旧力已尽，新力未生的一刹那。
剑斗罗的身影，如鬼魅般欺身而上！
他终于握住了那柄悬停在空中的七杀剑。
手腕一抖。
剑尖直刺唐昊的咽喉！
快！
快到极致！
这一剑，没有任何魂力波动，却带着一股斩断因果，锁定生死的锋锐剑意！
唐昊亡魂大冒！
他来不及多想，只能凭借战斗本能，将手中的昊天锤横扫而出，试图砸开这致命的一剑！
这是他唯一的选择！
可他面对的，已经不是以前那个剑斗罗了。
看到唐昊的动作，剑斗罗的眼中，甚至闪过一丝失望。
又是破绽。
就在唐昊挥锤的一刹那，剑斗罗的剑招，变了。"
第165章 炸环！他急了，他急了！,https://www.biquh.com/678_678189/65985933_6.html,"
那柄本是直刺咽喉的七杀剑，剑势陡然一沉。
手腕翻转。
剑刃横陈。
不偏不倚，正好挡在了唐昊挥舞昊天锤的手臂，前进的路径之上！
唐昊的动作，瞬间僵住。
他的锤，停在了半空中。
他的身体，保持着一个极其别扭的姿势。
冷汗，顺着他的额角，一滴一滴地滑落。
他死死地盯着那柄横在自己小臂前的长剑。
那柄剑就那么静静地悬停在那里，仿佛没什么威胁。
可他知道。
只要他的锤，再往前递进一寸。
他这条手臂，就会被这柄剑，从中间齐齐斩断！
能不能打中剑斗罗，他不知道。
他只知道，他的手，一定会先废掉！
又是一个选择。
一个让他屈辱到想要发疯的选择！"
第165章 炸环！他急了，他急了！,https://www.biquh.com/678_678189/65985933_7.html,"
进，则断臂。
退，则……败！
远处的宁风致，已经彻底看傻了。
他张着嘴，大脑一片空白。
这就是……前辈赐予的剑道吗？
没有惊天动地的魂技对轰。
没有毁天灭地的能量爆炸。
有的，只是最纯粹的技巧，最极致的预判。
一招一式，皆是杀机。
一举一动，皆指破绽！
这已经不是战斗了。
这是……碾压！
是更高维度，对低等维度的降维打击！
“你……”
唐昊的喉咙里，发出了野兽般的低吼，双目猩红如血。
“你这是什么招数！”
剑斗罗收回了长剑，负手而立。
他看着眼前这个已经气势全无，只剩下无能狂怒的昊天斗罗，轻轻摇了摇头。"
第165章 炸环！他急了，他急了！,https://www.biquh.com/678_678189/65985933_8.html,"
他眼中的失望，再也不加掩饰。
“并不是什么招式，只是你身上的破绽太多罢了。”
“破绽太多……”
这四个字，像四根烧红的铁钉，狠狠钉进了唐昊的灵魂深处。
他笑了。
那是一种野兽在绝境中，才会露出的，混杂着癫狂与暴戾的笑容。
“好一个破绽太多！”
唐昊的声音嘶哑，周身的气压低得可怕，仿佛有一头远古凶兽，正在他的体内苏醒。
“那就让你见识一下，昊天宗真正的力量！”
“看看这集所有‘破绽’于一身的极致攻击，你这把破剑，接不接得住！”
轰——！
唐昊不再有任何保留。
“炸环！”"
第166章 斗罗竟是烧烤废物？我那么大一个串呢？,https://www.biquh.com/678_678189/65985934.html,"
宁荣荣是被一阵嘈杂的噪音吵醒的。
她的意识像是沉在深海，费力地挣扎着才浮出水面。
大脑有那么几秒钟的空白。
我是谁？
我在哪？
发生了什么？
紧接着，昏迷前那令人窒息的一幕幕，如同潮水般涌入脑海。
戴天风那六亲不认的狠辣。
菊斗罗那阴阳怪气的嘲讽。
长老们那看乐子一般的眼神。
还有那句让她彻底崩溃的话……
“起码胳膊腿儿都还在。”
她猛地一个激灵，整个人从冰凉的地板上弹了起来，第一反应就是低头检查自己的身体。
手，在。
脚，也在。
她惊魂未定地摸了摸自己的胳膊和腿，确定都还完好地长在自己身上，这才长长地松了一口气。
还好，还好……她爹不是戴天风。
可就在这时，她突然惊觉。"
第166章 斗罗竟是烧烤废物？我那么大一个串呢？,https://www.biquh.com/678_678189/65985934_2.html,"
饭店内，竟然空无一人。
那个神秘莫测，言出法随的前辈。
那个风华绝代，却甘愿为奴为婢的教皇冕下。
那群气息恐怖，每一个都足以让七宝琉璃宗忌惮万分的封号斗罗。
全都不见了。
整个枫染亭，只剩下她一个人躺在冰冷的地板上。
怎么回事？
他们去哪了？
就在宁荣荣满心惊疑，不知所措的时候，店外，一道撕心裂肺的悲痛呼喊，毫无征兆地划破了夜空。
“啊啊啊——！”
“我的鸡翅！我的鸡翅又糊了！”
“为什么！明明就差一点点！就差一点点就烤熟了啊！”
那声音里蕴含的悲伤与绝望，简直闻者伤心，听者落泪。
宁荣荣被这一嗓子吓得魂飞魄散，差点当场表演一个原地飞升。
她几乎是凭借本能，在声音响起的瞬间，重新“啪”的一声躺回了地上，双眼紧闭，呼吸都停了。
装死。
这是她此刻唯一能想到的，最安全的应对方式。"
第166章 斗罗竟是烧烤废物？我那么大一个串呢？,https://www.biquh.com/678_678189/65985934_3.html,"
时间一秒一秒地过去。
预想中，被人发现后拖出去踩成肉酱的场景，并没有发生。
外面依旧是那乱糟糟的动静。
过了足足十几秒，宁荣荣才敢把眼睛，小心翼翼地，睁开一道缝隙。
没人进来。
她又等了一会儿，确认安全后，才从地上爬起来，像一只受惊的猫，手脚并用地，悄无声息地挪到了饭店的玻璃窗下。
她蹲在窗沿下方，心脏砰砰狂跳，做了好几个深呼吸，才慢慢地，一点一点地，探出了自己的半个脑袋。
然后。
她就看到了让她毕生难忘，甚至直接导致她世界观当场崩塌重组的一幕。
只见饭店门外的空地上，不知何时摆满了桌椅。
武魂殿的所有封号斗罗，此刻正围着一个个冒着火的小炉子，手忙脚乱。
整个枫染亭门口，此刻弥漫着一股浓郁的、混杂着肉香、焦糊味和绝望的复杂气息。
如果说林枫那一桌是《舌尖上的斗罗》。
那其他桌，就是大型《走进科学：烤串集体自焚之谜》拍摄现场。
而刚才那声惨叫的主人，正是长老殿中唯一的女性，以火爆脾气和强大实力著称的灵鸢斗罗。
此时的她正捏着一根黑漆漆的签子，对着月亮，痛哭流涕。
那眼泪，跟不要钱似的往下掉。
如果非要说那签子上串着的是鸡翅……"
第166章 斗罗竟是烧烤废物？我那么大一个串呢？,https://www.biquh.com/678_678189/65985934_4.html,"
也不是不行。
毕竟从形状上来看，确实有那么几分神似。
但它的颜色，和旁边的神树木炭，已经没有任何区别了。
宁荣荣的目光下意识地移向灵鸢斗罗面前的桌子。
好家伙。
那桌上，已经堆起了一座由各种“鸡翅炭”、“排骨炭”、“生蚝炭”组成的黑色小山。
一股浓郁的焦糊味，哪怕隔着窗户，都仿佛能钻进她的鼻孔。
最后，灵鸢斗罗似乎是哭够了。
她胡乱地用袖子擦了一把鼻涕眼泪，将手里的“遗体”愤愤地丢进盘子里，然后重新拿起一串鲜红的生肉。
“老娘就不信这个邪了！”
她咬牙切齿地将肉串架在烤炉上，一双凤眼死死地盯着，连眼睛都不敢眨一下。
宁荣荣看得呆住了。
这……这是在干嘛？
魔熊斗罗正对着一串半生不熟的烤肉，急得抓耳挠腮。
最后似乎是等不及了，直接张开血盆大口，连生的带熟的一起往嘴里塞，一边嚼一边烫得“嗷嗷”直叫。
然后拿起旁边的杯子，猛的灌一口黄色的液体，露出满意之色，再次咬一口烤串，重复着这个过程。
她又看向另一边。"
第166章 斗罗竟是烧烤废物？我那么大一个串呢？,https://www.biquh.com/678_678189/65985934_5.html,"
供奉殿的几位大佬，情况也没好到哪里去。
千钧斗罗和降魔斗罗两兄弟，正为了到底应该先放盐还是先刷油，争得面红耳赤，差点当场打起来。
而金鳄斗罗，这位供奉殿第二位突破到九十九的绝世斗罗。
此刻正静静地坐在那里。
一言不发。
面无表情。
在他的面前，烤架上，静静地躺着一条鱼。
一条已经被烤成了鱼干，不，是鱼炭的……尸体。
那条鱼的嘴巴大大地张着，空洞的眼眶仿佛在无声地控诉着这位绝世斗罗的残忍与无能。
金鳄斗罗就那么看着它。
他似乎是在思考什么人生哲理。
又似乎，只是单纯地在怀疑人生。
基本上，除了林枫那一桌是由他亲自动手的外，其他人，就没能有一串烧烤是正常的。
宁荣荣的大脑宕机了。
她蹲在窗户底下，小脑袋瓜里嗡嗡作响，感觉自己几十年来建立的世界观、人生观、价值观，正在被眼前这荒诞离奇的景象，按在地上狠狠的强检了。
这就是……武魂殿？
这就是让两大帝国，以及上三宗都为之忌惮的庞然大物？
她不敢再看了。"
第166章 斗罗竟是烧烤废物？我那么大一个串呢？,https://www.biquh.com/678_678189/65985934_6.html,"
这哪里是什么封号斗罗，这分明是一群……精神状况堪忧的饭桶。
宁荣荣刚准备躺下继续装死，眼角余光却瞥见一道熟悉的身影从天而降。
是骨斗罗！
他回来了！
骨斗罗将朱竹云放下后，神色前所未有的凝重，张嘴就要把刚才遭遇唐昊的惊天大事说出来。
可话到嘴边，他却愣住了。
这是什么情况？
整个饭店门口乌烟瘴气，一群封号斗罗围着几个小火炉，一个个灰头土脸，活像刚从哪个煤窑里挖出来的。
一股霸道的肉香混杂着浓烈的焦糊味，直冲他的天灵盖。
什么唐昊，什么宗主安危……
在这一瞬间，全都被他抛到了九霄云外。
老子饿了！
他的目光如同雷达般扫视全场，精准地锁定了离他最近的魔熊斗罗。
此刻的魔熊斗罗，正激动得浑身发抖，双手捧着一根烤串，脸上洋溢着老父亲看到儿子考上大学般的慈爱笑容。
这根烤串，外皮微焦，内里金黄，正滋滋地冒着油花。
这是他奋战半宿，在牺牲了上百个“串兄弟”之后，烤出的唯一一根完美的“幸存者”！
是他的荣耀！是他的勋章！"
第166章 斗罗竟是烧烤废物？我那么大一个串呢？,https://www.biquh.com/678_678189/65985934_7.html,"
他颤抖着，缓缓将这根承载着他所有希望的烤串，凑向自己的嘴唇。
他甚至已经能想象到那焦香的肉汁在口中爆开的绝妙滋味！
然而，就在他的嘴唇即将触碰到那块神圣的烤肉时。
一道身影从他身边一闪而过。
魔熊斗罗只感觉手上一轻。
嗯？
串呢？
我那么大一根串呢？！
他僵硬地抬起头，正对上骨斗罗那张正在咀嚼的脸。
古榕嚼了两下，细细品味一番，然后用一种专家的口吻，给出了评价。
“嗯，味道不错。”
“就是火候过了点，有点老了，下次要注意。”
说完，还要签子剔了剔牙……"
第167章 骨斗罗：谁踏马掏我裤裆！要爆了！,https://www.biquh.com/678_678189/65985935.html,"
魔熊斗罗大脑宕机了足足三秒。
他缓缓低下头，看着自己空空如也的双手。
又缓缓抬起头，看着那个正在用那根光秃秃的铁签剔牙的骨斗罗。
那根串。
自己奋斗了半个时辰，在经历了九九八十一次失败后，才侥幸成功的一根。
承载了他所有希望与荣耀的一根。
他甚至都想好了，吃完之后，要把这根签子带回长老殿供起来，作为自己踏入烧烤界的光辉见证。
现在，没了。
“嗝儿~”
骨斗罗打了个满足的饱嗝。
这一声，像是一根点燃的火柴，被丢进了装满魂力的炸药桶里。
“啊——！！！”
一声不似人声的咆哮，从魔熊斗罗的喉咙里炸开。
他双目瞬间赤红，魂力如同火山喷发般冲天而起，整个人都大了一圈，那模样，像是要当场表演一个武魂真身！
“古榕！老子跟你拼了！”
魔熊斗罗咆哮一声，像一头发疯的巨熊，直接扑了过去。
“诶诶诶！干嘛呢！”
骨斗罗吓了一跳，脚下步伐一错，身形向旁边一滑，轻松躲开了魔熊斗罗的含怒一扑。"
第167章 骨斗罗：谁踏马掏我裤裆！要爆了！,https://www.biquh.com/678_678189/65985935_2.html,"
“不就是一根串儿吗？至于吗？”
他围着桌子，一边躲，一边还嘴贱地劝道。
“你看你，多大个人了，为口吃的还急眼了。”
“没了再烤一根不就得了？多大点事儿。”
“噗——”
魔熊斗罗听完这话，只觉得喉头一甜，差点一口老血喷出来。
再烤一根？
你说的轻巧！
你知道我为了这一根，费了多大劲，手上被烫了多少个泡吗！
“我杀了你！”
魔熊斗罗彻底疯狂了，追着骨斗罗满场跑，一双熊掌拍得空气嗡嗡作响。
可骨斗罗的身法实在太诡异了。
他就像一片不沾因果的落叶，在魔熊斗罗狂风暴雨般的攻击中，闲庭信步，游刃有余。
甚至还有空端起原本属于魔熊斗罗的啤酒，滋溜一口。
“哈——舒坦！”
这一下，彻底击溃了魔熊斗罗的心理防线。
他追不上，打不着，眼看着对方越来越嚣张，一种巨大的委屈涌上心头。"
第167章 骨斗罗：谁踏马掏我裤裆！要爆了！,https://www.biquh.com/678_678189/65985935_3.html,"
他，堂堂封号斗罗，魔熊。
此刻，竟像个被抢了棒棒糖的三岁小孩，急得快要哭出来了。
打不过，怎么办？
就在这绝望的瞬间，魔熊斗罗的大脑，迸发出了前所未有的智慧火花。
他猛地停下脚步，不再去追。
而是深吸一口气，用尽全身的力气，朝着周围那群还在和“木炭”作斗争的同僚们，发出了杜鹃啼血般的呐喊。
“大伙儿都来看看啊！”
“骨斗罗仗势欺人啦！”
“他抢我好不容易烤好的串儿吃啊！”
“天理何在！公道何在啊！”
这一嗓子，中气十足，悲愤交加，传遍了整个烧烤摊。
正在为“先放孜然还是先放辣椒”而差点动手的千钧降魔兄弟，动作一顿。
正看着自己的“鱼炭”怀疑人生的金鳄斗罗，缓缓抬起了头。
就连角落里，正在千仞雪那越来越鄙夷的眼神中烤糊一串又一串的千道流，也停下了手中的动作。
所有人的目光，齐刷刷地聚焦过来。
他们看看满脸悲愤，就差当场撒泼打滚的魔熊斗罗。
又看看那个还在悠闲躲闪，一脸“你能奈我何”的骨斗罗。
若是平时也就罢了，他们大不了也就一笑而过。"
第167章 骨斗罗：谁踏马掏我裤裆！要爆了！,https://www.biquh.com/678_678189/65985935_4.html,"
但此时的他们，却是完全能与魔熊斗罗感同身受！
他们自己也烤不出来，那种痛苦和挫败感，他们懂！
现在，魔熊好不容易成功了一次，竟然还被这个狗东西给抢了？
这已经不是抢一根串儿那么简单了。
这是在践踏他们所有烧烤失败者的尊严！
是可忍，孰不可忍！
“岂有此理！”
金鳄斗罗第一个站了起来，将手里的鱼炭“啪”的一声拍在桌上，满脸正气。
“古榕，你做得太过分了！”
“没错！”千钧斗罗义愤填膺，“同为封号斗罗，你怎能行此强盗行径！”
“阿弥陀佛，不对，是前辈在上！”鬼豹斗罗也是一脸的痛心疾首，“骨斗罗，你此举，有违双方势力的和谐！容易挑起战争的！”
下一秒。
“兄弟们，为魔熊讨个公道！”
不知是谁吼了一嗓子。
“上！”
“弄他！”
“揍他丫的！”"
第167章 骨斗罗：谁踏马掏我裤裆！要爆了！,https://www.biquh.com/678_678189/65985935_5.html,"
呼啦啦一下，十几名封号斗罗，脸上带着“维护正义”的神圣光辉，从四面八方，朝着骨斗罗就围了上去。
当然，他们是不是想借机发泄一下自己烤不出串的怨气。
那就只有他们自己知道了。
正一脸嘚瑟的骨斗罗，看到这阵仗，当场就懵了。
“喂喂喂！你们干什么！”
“开玩笑的啊！你们来真的？！”
“我……”
然而，他的话，瞬间被淹没在了拳头，脚踹，与肘击的汪洋大海之中。
面对从四面八方扑来的“正义之师”，骨斗罗几乎是瞬间就被打的鼻青脸肿。
一个魔熊他能轻松戏耍。
可这一群一起上，那不是要他老命吗？
“住手！你们这是公报私仇！”
骨斗罗一边狼狈的抱头蹲防，一边惊恐地大喊。
然而，已经“杀”红了眼的众人，哪里还听得进他的话。
“少废话！先打了再说！”
“就是！今天非要让你知道，我们武魂殿可不是好惹的！”
只是虽然众人手上打的凶，却是默契的没有一个人使用上魂力，给古榕造成真正的伤势。
这种情况最多也就是古榕挨上数百拳，结果只是个皮外伤罢了。"
第167章 骨斗罗：谁踏马掏我裤裆！要爆了！,https://www.biquh.com/678_678189/65985935_6.html,"
完了！
但是骨斗罗心中一凉。
想我古榕纵横几十载，今天怕不是要被这群家伙给活活打死了。
而且事情的导火索，竟踏马是因为他抢了一根烤串。
在武魂殿这群人眼里，自己这个封号斗罗，还不如一根串？
可就在这千钧一发之际，他脑中灵光一闪，猛地想起了前辈的赏赐。
万载玄玉骨！
“对了”
骨斗罗心念一动，不再防御。
他体内的万载玄玉骨瞬间被激活，一股温润而又坚不可摧的力量，流遍四肢百骸。
他的皮肤表面，似乎有一层淡淡的玉色光华一闪而逝，快到无人察觉。
“咚！”
“咚！”
“咚！”
毕竟这连唐昊的昊天锤都能防御下来，挡下这群人闹着玩似的拳头，自然不在话下。
“嗯？”
众人也发现了自己打在古榕身上的触感不对劲，纷纷愣在了原地。"
第167章 骨斗罗：谁踏马掏我裤裆！要爆了！,https://www.biquh.com/678_678189/65985935_7.html,"
“哈哈哈哈！”
骨斗罗见此情形，当场就叉着腰，狂笑了起来。
“来啊！继续打！”
“今天你们要是能让老夫皱一下眉头，就算老夫输！”
他现在信心爆棚，感觉自己能硬抗神祇！
我靠！
好拽啊你！
众人无法容忍骨斗罗的嘴脸，当场再度挥拳而上。
“砰砰砰砰！”
“咚咚咚咚！”
但可惜，依然是毫无建功。
“没吃饭吗？”
“用力啊！”
“唉，你们这力道，给我刮痧都不配。”
骨斗罗一边挨打，一边还在疯狂嘲讽，那脸，要多贱有多贱。
众人打得手都疼了，可对方屁事没有，这让他们心中的火气更盛。
打人不打脸，骂人不揭短。
你这挨着打还嘲讽，简直是骑在脸上输出！"
第167章 骨斗罗：谁踏马掏我裤裆！要爆了！,https://www.biquh.com/678_678189/65985935_8.html,"
“反了天了还！”
“兄弟们，继续打！不要停！”
攻击，变得更加密集，更加狂暴。
骨斗罗依旧云淡风轻，甚至开始闭上眼睛，一副“任尔东西南北风，我自岿然不动”的高人模样。
然而。
就在他最得意，最享受的这一刻。
混乱中，不知是谁，伸出了一只罪恶的黑手。
那只手，绕过了他所有坚不可摧的防御，以一个极其刁钻，极其阴险的角度，精准地探向了他的……要害。
正在闭目养神的骨斗罗，面色猛地一变。
下一秒。
他那张写满“无敌”和“寂寞”的脸，瞬间扭曲，五官都挤在了一起。
紧接着，一声凄厉到划破夜空，甚至盖过了所有人声的惨叫，从他喉咙里爆发了出来。
“卧槽——！”
“谁他妈掏我裤裆！”
“啊！要爆了！要爆了啊！！！”"
第168章 鬼斗罗：这锅我不背！我还没动手呢！,https://www.biquh.com/678_678189/65985936.html,"
而另一边的朱竹云，从落地的第一秒起，她的世界里，就再也容不下其他。
什么封号斗罗的追逐戏，什么气氛古怪的烧烤摊……
全都被她自动过滤。
她的眼中，只剩下那道坐在灯火阑珊处，悠然自得的身影。
那是她此生唯一的追求，是她挣脱命运枷锁后，唯一的归宿。
“主……前辈！”
一声压抑不住的欢呼，带着几分毫无做作的娇媚，从朱竹云的唇边溢出。
她几乎是下意识地就要把那个最亲密的称呼脱口而出，但话到嘴边，又被她强行咽了回去。
不行。
现在人太多了。
这种称呼，是大庭广众之下能叫的吗？
多羞人呀。
大不了……大不了等夜深人静，只有她和前辈两个人的时候，再贴在他耳边，悄悄地叫给他一个人听。
那一定，是一种别样的情趣。
想到这里，朱竹云的脸颊不禁泛起一抹动人的红晕。
但她不知道的是，在场的所有人，包括她的亲妹妹朱竹清，早就通过那块神奇的光幕，知道了她在星罗帝国皇宫大殿上，那声暧昧十足的“我家主人”。
下一瞬，她动了。
朱竹云像一只寻到归巢的乳燕，带着满心的欢喜与依恋，朝着林枫的怀抱，毫不犹豫地扑了过去。"
第168章 鬼斗罗：这锅我不背！我还没动手呢！,https://www.biquh.com/678_678189/65985936_2.html,"
林枫只觉得香风扑面。
他无奈地叹了口气，只能将手里刚烤好的一把滋滋冒油的肉串，眼疾手快地放到面前的盘子里，免得这丫头一头撞上来，烫坏了那张漂亮脸蛋。
温香软玉，撞了个满怀。
朱竹云紧紧地抱着林枫的腰，将自己的脸蛋深深地埋在他的胸膛里，贪婪地呼吸着他身上那股让她安心的独特气息。
这一刻，什么皇权，什么仇恨，都烟消云散。
她只想就这么抱着他，直到天荒地老。
林枫身旁，比比东正美美撸串的小手，不着痕迹地停顿了一瞬。
她那双颠倒众生的紫色美眸中，一抹极其隐晦的愤怒一闪而逝。
这个朱竹云，真是越来越放肆了。
当着这么多人的面，就敢如此明目张胆地投怀送抱。
“回来了？”
林枫轻轻拍了拍怀中那颗不安分的小脑袋，语气带着几分笑意。
“这次回星罗，气解了？”
朱竹云从他怀里抬起头，小脸因为激动而有些涨红，连连点头，像只邀功的小猫。
“解气了！太解气了！”
她的声音里满是藏不住的兴奋。
“前辈您都不知道，戴天风那个老混蛋，在听到我是您的神使后，吓得脸都白了，差点当场给我跪下了！”"
第168章 鬼斗罗：这锅我不背！我还没动手呢！,https://www.biquh.com/678_678189/65985936_3.html,"
“是嘛，那就好。”
林枫笑了笑，正准备说些什么。
就在这时，一根还冒着热气，散发着诱人香气的烤串，从旁边递了过来。
“姐姐。”
朱竹云转头一看，递来烤串的，正是自己的妹妹，朱竹清。
此刻的朱竹清，那张清冷的小脸上，再没有了往日的戒备与疏离，那双清冷的眸子里，盛着的是她从未见过的，真切的关怀。
“赶了一天的路，辛苦了，先吃点东西吧。”
朱竹清的声音很轻，却像一股暖流，瞬间涌入了朱竹云的心底。
通过那面光幕，朱竹清终于看清了姐姐的所作所为，也终于明白了姐姐那份隐藏在冷酷之下的，沉重而绝望的爱。
所有的隔阂，在这一刻，冰消雪融。
林枫也适时开口，打破了姐妹俩之间那有些感动的沉默。
“尝尝吧，味道还算可以。”
“嗯，谢谢主人。”
朱竹云下意识地就应了一声，接过烤串的瞬间，才反应过来自己又说漏嘴了。
她俏脸一红，有些不好意思地吐了吐舌头，这才恋恋不舍地从林枫怀里离开，和朱竹清坐到了一起。
姐妹俩相视一笑，一切尽在不言中。
枫染亭门口，难得出现了一片温馨和谐的景象。
可就在这时。"
第168章 鬼斗罗：这锅我不背！我还没动手呢！,https://www.biquh.com/678_678189/65985936_4.html,"
一声凄厉到不似人声的惨叫，毫无征兆地，划破了这片宁静的夜空。
“啊！要爆了！要爆了啊！！！”
那一声惨叫，凄厉，高亢，穿云裂石。
其中蕴含的痛苦与绝望，让林枫这桌温馨的气氛，瞬间被打破。
所有人都停下了手里的动作。
千钧斗罗的拳头还举在半空，金鳄斗罗的肘击也僵在了半空。
所有人全都僵在原地，目光呆滞地看着战场的中心。
那里，骨斗罗古榕，正以一个极其诡异的姿势弓着身子。
他那张刚才还写满了“无敌”和“寂寞”的脸，此刻已经因为极度的痛苦而扭曲变形，青筋暴起，冷汗如瀑。
他的双手，死死地捂着自己的要害部位。
整个人像一只被踩了尾巴的虾米，不停地在原地小幅度抽搐。
“谁……”
“是谁……”
古榕的声音都在发颤，带着哭腔。
“谁他妈……对我用猴子偷桃！”
听到这种熟悉的下作手段，众人几乎是默契的朝着鬼斗罗看去。
鬼斗罗：......"
第168章 鬼斗罗：这锅我不背！我还没动手呢！,https://www.biquh.com/678_678189/65985936_5.html,"
“不是我！”
猜到众人心里的想法，鬼斗罗当场举起双手。
“我还没来得及出手呢！”
对此，众人显然是不太相信他的话。
毕竟大家都没忘记，他三掏魔熊鸟的光荣战绩。
“确实不是他！”而这时，咬牙切齿的古榕开口了。所有人的目光，顺着他怨毒的视线，缓缓移动。
最后，定格在了一个人的身上。
魔熊斗罗。
此刻的他，还保持着单手前探的姿势，脸上那悲愤的表情还没来得及褪去，取而代之的，是一种茫然。
一种“我是谁，我在哪，我刚才干了什么”的纯粹的茫然。
他看着自己的手。
就是这只手。
在刚才那片混乱中，他被古榕那张嘲讽的贱脸气昏了头。
眼看物理攻击完全无效，他脑子里只剩下一个念头。
打不过你，我也要恶心死你！
于是，在某个电光石火的瞬间，他凭借着野兽般的本能，使出了这招从鬼斗罗哪里学来的禁忌之术。
他本以为，最多就是让古榕恶心一下，手忙脚乱一阵。
可他万万没想到……"
第168章 鬼斗罗：这锅我不背！我还没动手呢！,https://www.biquh.com/678_678189/65985936_6.html,"
效果，竟然如此拔群！
一击！
仅仅一击！
就破了古榕那身连十几位封号斗罗联手都打不破的“金刚不坏之身”！
“是你！”
古榕眼中喷火，那滔天的恨意，几乎要化为实质。
“魔熊！你这个卑鄙无耻的家伙！”
“老夫今天不把你那熊鸟给抓烂，老夫就不姓古！”
说着，他就要踉跄起身，准备报这“一抓之仇”！
魔熊斗罗一个激灵，瞬间从茫然中惊醒，吓得魂飞魄散。
完了！
玩脱了！
他转身就想跑。
可就在这剑拔弩张，一场封号斗罗级别的“蛋碎之战”即将爆发的瞬间。
一道平淡得听不出任何情绪的声音，轻轻响起。
“闹够了没有？”"
第169章 林枫：我的规矩是公平！现在，把“因”还回去！,https://www.biquh.com/678_678189/65985937.html,"
所有人听到这个声音的瞬间，都下意识的低下头。
因为那不是别人，正是被打扰到撸串的林枫。
完了完了，他们刚才只顾着发泄怒火，咋就忘记前辈这里的规矩了呢？
这下前辈怕不是真的要生气了。
“发生什么事了？”
可就在众人心脏都快提到嗓子眼的瞬间，一道清冷悦耳的声音打破了这令人窒管的寂静。
比比东一手端着酒杯，一手捏着一根烤得外焦里嫩、油光锃亮的肉串，跟了过来。
她身旁的胡列娜，朱竹清，以及朱云也是一脸的疑惑。
刚才光顾着品尝前辈亲手烤制的绝世美味，压根就没注意那群老家伙在折腾什么。
林枫其实也不知道具体发生了什么。
他刚才也沉浸在撸串喝啤酒的快乐中，实在没功夫搭理那群菜鸟烧烤工的鬼哭狼嚎。
他的目光在场中扫了一圈，最后落在了两个“主角”身上。
一个，是捂着裤裆，脸白如纸，身体还在微微颤抖的骨斗罗。
另一个，是保持着一个逃跑姿势，表情惊恐的魔熊斗罗。
林枫抬了抬下巴，意思很明显。
说吧，怎么回事。
“前辈！”
骨斗罗像是找到了主心骨，看到了救星。"
第169章 林枫：我的规矩是公平！现在，把“因”还回去！,https://www.biquh.com/678_678189/65985937_2.html,"
他拖着一条腿，一瘸一拐，姿势无比怪异地挪了过来。
那张老脸上，此刻写满了委屈、痛苦和滔天的恨意，眼角甚至都泛起了晶莹的泪光。
“您要为我做主啊！”
他指着远处的魔熊斗罗，声音都变了调，活像个被恶霸欺凌的小媳妇。
“这个魔熊，他不当人子！他……他对我使用了惨无人道，灭绝人性的攻击！”
“他想让我断子绝孙啊！”
此话一出，比比东四女都是一愣。
她们的目光下意识地顺着骨斗罗捂着的手，往下移了移。
然后，三张绝美的俏脸上，不约而同地浮现出一丝古怪的红晕和毫不掩饰的嫌弃。
“你放屁！”
魔熊斗罗一看对方恶人先告状，也急了，连忙跑过来辩解。
“前辈！您别听他胡说！是他先抢我东西的！”
他指着骨斗罗，语气悲愤地控诉道：“我辛辛苦苦，烤了这么一晚上，就成功了那么一根！我还没来得及吃上一口，就被他给抢走了！”
“我……我这也是一时气急了啊！”
一个说对方不当人子。
一个说对方强取豪夺。
两人你一言我一语，很快就把事情的来龙去脉给说清楚了。"
第169章 林枫：我的规矩是公平！现在，把“因”还回去！,https://www.biquh.com/678_678189/65985937_3.html,"
听完之后，比比东四女脸上的表情，愈发精彩。
鄙夷。
赤裸裸的，毫不掩饰的鄙夷。
比比东轻轻晃了晃手中的酒杯，看着杯中金黄的酒液和绵密的泡沫，发出了一声轻不可闻的嗤笑。
然后，她冷眼环顾一圈。
清冷的目光，扫过在场所有灰头土脸，神情尴尬的封号斗罗。
“为了一根串儿。”
她的声音不大，却清晰地传到了每一个人的耳朵里。
“十几位封号斗罗，武魂殿的长老、供奉，站在这片大陆顶端，跺跺脚都能让一方震动的天花板们。”
“在这儿，跟一群街头的地痞流氓一样，打成了一锅粥。”
她顿了顿，目光特意在魔熊斗罗和骨斗罗的要害部位之间，来回扫视了一下。
“还用上了这种……不堪入目的招数。”
所有被她目光扫过的封号斗罗，全都羞愧地低下了头，一张张老脸涨成了猪肝色。
就在这死一般的寂静中，比比东缓缓举起了手中那根完美的烤串。
她樱唇轻启，优雅地咬下了一小块肉。
“滋啦——”
细微的声响，在此刻却如同雷鸣。
所有人都下意识地咽了口唾沫。"
第169章 林枫：我的规矩是公平！现在，把“因”还回去！,https://www.biquh.com/678_678189/65985937_4.html,"
比比东细细地咀嚼着，脸上露出了无比满足，甚至带着一丝陶醉的幸福表情。
那副模样，仿佛吃的不是烤串，而是什么仙丹神药。
她将口中的美味咽下，然后，用一种更加怜悯和鄙夷的眼神，看着眼前这群连饭都吃不上的可怜虫们。
最后，补上了那最致命的一刀。
“我都替你们丢人！”
“轰——！”
这句话，像是一记无形的昊天锤，狠狠地砸在了所有长老供奉的心口上。
他们猛地抬起头，眼中满是愤愤不平。
丢人？
我们是想丢人吗？！
有本事你别吃前辈亲手烤的串儿！
有本事你也自己来烤！
我们就不信了，你个能把武魂捏成蛆的手残娘们能比我们强到哪去！
一时间，所有人的心里都憋着一股火。
一股对骨斗罗和魔熊斗罗的鄙视，对自身厨艺的绝望，以及……对比比东那赤裸裸炫耀的，滔天嫉妒之火！
罗。
“所以。”"
第169章 林枫：我的规矩是公平！现在，把“因”还回去！,https://www.biquh.com/678_678189/65985937_5.html,"
林枫的语气平淡得像是在问今天天气怎么样。
“一个抢东西吃。”
“一个，就下了黑手。”
他言简意赅地总结道。
“前辈！不是这样的！”魔熊斗罗急了，往前抢了一步，指着骨斗罗大声辩解，“是他先抢我烤串的！我辛辛苦苦烤了半个时辰，就成功了那么一根！我还没尝到味儿呢！”
“你放屁！”骨斗罗的声音尖利得像被踩了脖子的鸭子，“你要是会烤，那串能到你嘴里吗？早他妈糊了！老夫那是帮你止损！”
“我止你奶奶个腿！”
“你个下三滥的掏裆熊！”
眼看两人又要吵起来。
“闭嘴。”
林枫淡淡地吐出两个字。
整个世界，瞬间安静了。
两人像是被掐住了脖子的鸡，所有的声音都卡在了喉咙里，涨得满脸通红，却一个字都不敢再多说。
林枫的指节，在桌面上轻轻敲击着，发出“笃，笃”的轻响。
每一下，都像是敲在众人的心脏上。
“我的饭店，讲究一个公平。”
林枫终于开口，目光落在了骨斗罗身上。
“古榕。”"
第169章 林枫：我的规矩是公平！现在，把“因”还回去！,https://www.biquh.com/678_678189/65985937_6.html,"
被点到名字的骨斗罗，身体猛地一颤。
“你抢了魔熊的食物，这是因。”
林枫的目光又转向魔熊斗罗。
“你用了不该用的招数，伤了他，这是果。”
“但这个果，有点过了。”
魔熊斗罗的脸瞬间垮了下来。
骨斗罗的眼中则重新燃起了希望的火焰，一脸期待地看着林枫，那模样，就差喊一句“前辈英明”了。
林枫没有理会他们的表情变化，自顾自地说道。
“所以，得把这个‘因’，还回去。”"
第170章 蛋蛋保卫战！骨斗罗：为了复仇，我烤！,https://www.biquh.com/678_678189/65985938.html,"
众人一愣。
把“因”还回去？
什么意思？
只见林枫抬了抬下巴，指向那堆还未动用的新鲜食材。
“古榕，你去，亲自烤一根串。”
“烤好了，给魔熊。”
魔熊斗罗的眼睛瞬间亮了，脸上露出了狂喜的表情。
他仿佛已经看到，骨斗罗手忙脚乱，最后拿出一根“木炭”，被自己狠狠羞辱的场景了。
而且就算古榕能烤出来，他也能吃到一根串不是？怎么算都不亏！
然而，林枫的下一句话，却让所有人的呼吸，都停滞了。
“如果，你烤出来的串，不比你刚才吃掉的那根差……”
林枫的嘴角，勾起一抹若有若无的弧度，那眼神看得骨斗罗心里直发毛。
“那魔熊就站着不许动。”
“让你，也‘公平’地，还他一下。”
轰！
空气，仿佛在这一刻被点燃了！
所有封号斗罗的眼珠子，都瞪得比铜铃还大，嘴巴张得能塞下一个鸡蛋。
卧槽！还能这么玩？！"
第170章 蛋蛋保卫战！骨斗罗：为了复仇，我烤！,https://www.biquh.com/678_678189/65985938_2.html,"
这个“还一下”，指的是什么，不言而喻！
魔熊斗罗脸上的狂喜，瞬间凝固，然后以肉眼可见的速度，转为惊恐。
他下意识地夹紧了双腿，只感觉自己的要害部位凉风阵阵，仿佛已经预见到了那悲惨的未来。
而骨斗罗，在经历了短暂的错愕之后，眼中爆发出前所未有的，璀璨夺目的光芒！
复仇的希望！
掏裆之仇，在此一举！
“前辈！”骨斗罗激动得声音都在颤抖，“此话当真？！”
“我从不开玩笑。”林枫淡淡道。
一瞬间，所有人的目光，都聚焦在了骨斗罗的身上。
同情，怜悯，幸灾乐祸，期待……
复杂的眼神交织成一张大网，将他笼罩。
所有人都知道，烤出一根完美的串，有多难。
但他们更想知道，如果骨斗罗真的成功了……
那接下来上演的，将是斗罗大陆有史以来，最为惊心动魄，也最为“蛋疼”的一幕！
压力，如山一般，瞬间来到了骨斗罗这边。
他看着那堆鲜红的肉串，又看了看那散发着炽热高温的烤炉。
最后，他的目光，落在了魔熊斗罗那张惊恐万状的脸上。"
第170章 蛋蛋保卫战！骨斗罗：为了复仇，我烤！,https://www.biquh.com/678_678189/65985938_3.html,"
一股前所未有的决意，从他心底升起！
不就是烤串吗！吾辈魂师，何惧挑战！
为了男人的尊严！
为了复仇的荣光！
“好！”
骨斗罗咬着牙，从牙缝里挤出一个字，那声音，带着风萧萧兮易水寒的悲壮。
“我烤！”
他走到烤炉前，深吸一口气，摆出一个宗师起手式。
周围，十几名封号斗罗齐刷刷围了过来，伸长了脖子，像是等着开饭的鸭子。
骨斗罗拿起一根肉串，眼神坚定。
爷今天，就为男人的尊严而战！
他将肉串往烤炉上一放。
“刺啦——呼！”
一股黑烟混合着火苗冲天而起。前后不到三秒。
骨斗罗手里只剩下一根黑漆漆的木炭，还在倔强地冒着青烟，散发着一股令人心碎的焦糊味。
魔熊斗罗脸上的惊恐瞬间消失，整个人都放松了下来，甚至嚣张地往前凑了两步，开始贴脸输出。
“就这？”
“就这？”"
第170章 蛋蛋保卫战！骨斗罗：为了复仇，我烤！,https://www.biquh.com/678_678189/65985938_4.html,"
“骨头架子，你行不行啊？不行就赶紧认输，给我磕一个，这事儿就算过去了！”
骨斗罗老脸一红，梗着脖子嘴硬。
“失误！纯属失误！热身而已！”
“这次，看好了！”
他拿起第二根串，学聪明了，不敢直接放上去。
而是隔着半米远，小心翼翼地催动魂力，试图用自己那九十五级的魂力，去精妙地控制火焰的大小。
他想象着魂力如春风般拂过，让火焰变得温顺。
可他的魂力是用来战斗的，霸道无比，哪里懂得什么温存！
一分钟过去，肉还是鲜红的。
三分钟过去，肉的表面好像有点发白了。
五分钟过去……那肉串上甚至还挂着冰霜融化后的水珠，看着跟刚从冰柜里拿出来似的。
周围封号斗罗们那鄙夷的眼神，已经不加掩饰了。
“喂，我说，他到底会不会啊？”
“我看悬，这火候控制，简直是灾难。用打神的力量去绣花，狗看了都得摇头。”
“丢人啊，这要是传出去，堂堂封号斗罗连串都烤不熟……”
听着周围的窃窃私语，骨斗罗的额头渗出了冷汗。
他急了。"
第170章 蛋蛋保卫战！骨斗罗：为了复仇，我烤！,https://www.biquh.com/678_678189/65985938_5.html,"
心一横，魂力微微加大了一丝丝。
就是这被压抑后陡然释放的一丝丝！
烤炉里的异火仿佛受到了挑衅，瞬间找到了宣泄口。
“呼——！”
一条半米高的火舌猛地窜出，直扑骨斗罗面门！
骨斗罗吓得魂飞魄散，猛地后仰。火苗堪堪擦着他的头皮掠过。
一阵蛋白质烧焦的糊味，在空气中弥漫开来。
他那本就不算浓密的头发，头顶正中央，被燎秃了一小块。
青烟，正从那块“地中海”预备役地区，袅袅升起。
全场死寂了一秒。
下一刻。
“哈哈哈哈哈哈！”
“噗——咳咳！不行了，笑得我肚子疼！魔熊，你这仇怕是报不了了，但咱兄弟们看爽了！”
“秃了！他秃了！古榕，你这新发型，可真别致啊！引领大陆新潮流！”
就在众人捧腹大笑，尽情嘲笑着骨斗罗那锃光瓦亮的新发型时。
一股截然不同的香味，不合时宜地，却又无比霸道地钻进了所有人的鼻腔。
这股香味并不浓烈，甚至还带着一丝丝火候没控制好的焦边儿味。
可它跟周围那浓郁的木炭味和绝望气息一比，简直就是黑暗中的萤火，沙漠里的甘泉，是神迹降临！"
第170章 蛋蛋保卫战！骨斗罗：为了复仇，我烤！,https://www.biquh.com/678_678189/65985938_6.html,"
是肉！是真正的肉香！
是孜然和辣椒粉被滚烫热油激发后，与鲜嫩肉汁完美融合的天堂之味！
所有人的笑声戛然而止，像被掐住了脖子的鸭子。
众人的目光，第一时间就锁定了林枫。
可前辈只是抱着胳膊，站在原地，脸上挂着看好戏的表情，压根没动手。
不是前辈？那还能是谁？！
现场这群封号斗罗，有一个算一个，全是厨艺界的卧龙凤雏，谁能烤出这玩意儿？
众人心中骇然，如同被无形的线牵引，僵硬地、缓缓地顺着香气的源头看去。
只见角落里，一个娇小的身影正蹲在一张桌子边，背对着他们，专心致志地捣鼓着什么。
那人不是别人，正是饿得前胸贴后背，偷偷从店里溜出来的宁荣荣。
她可不想在这群看起来就要吃人的大佬面前晃悠。
可从昨天被抓来，她滴水未进，米粒未沾。
她本就是在溺爱中长大，哪里顶得住这股饥饿！
趁着那群人全围着骨斗罗看好戏，她悄悄摸了出来，在桌上找到两根没人要的生肉串，架在炉子上就开整。
先填饱肚子再说！
可宁荣荣自己都没想到，这玩意儿还挺简单。
她只是学着林枫之前的样子，耐心翻动，看着肉串在火焰上滋滋冒油，颜色由红转白，再渐渐变得金黄，只觉得无比治愈。"
第170章 蛋蛋保卫战！骨斗罗：为了复仇，我烤！,https://www.biquh.com/678_678189/65985938_7.html,"
然后，她拿起烤串，有样学样地撒上调料。
成了！
宁荣荣举起手里的两根烤串，一根的成色堪称完美，另一根稍微有点焦，但绝对能吃！
她甚至还有点嫌弃，觉得这烧烤也不过如此嘛。
然而她不知道，她这简简单单的第一次尝试，在身后那群封号斗罗眼中，意味着什么。
他们，十几位屹立于大陆之巅的封号斗罗，折腾了一晚上，牺牲了成百上千根肉串，唯一成功的还是魔熊斗罗走了狗屎运的产物。
而这个看起来手无缚鸡之力的小丫头，第一次上手，就成功了两根！
而且看那金黄的成色，诱人的油光，比魔熊斗罗那根“独苗”，品相还好上不止一点半点！
这一刻，十几位封号斗罗，看着宁荣荣手里那两根散发着致命香气的烤串，又看了看自己面前那堆惨不忍睹的黑色物体。
一股巨大的、难以言喻的耻辱感，如同海啸般，淹没了每个人的心头。"
第171章 从天之娇女到烧烤小妹的宁荣荣,https://www.biquh.com/678_678189/65985939.html,"
宁荣荣那两根烤串，还没来得及送到自己嘴边。
她甚至都还没来得及好好欣赏一下自己的杰作。
只觉得眼前一花。
手里一空。
嗯？
串呢？
我那么老长，那么金黄，还在滋滋冒油的两根大串呢？！
她一抬头，正对上一张狂热的帅脸。
金鳄斗罗，武魂殿二供奉，九十九级的绝世强者。
此刻，他正一手一根，将那两根串举在眼前，像是鉴赏什么绝世珍宝。
“香。”
他深深地吸了一口烤串上飘出的香气，脸上露出了近乎于痴迷的迷醉表情。
“品相完美，外焦里嫩，火候掌控得恰到好处，堪称艺术品！”
“丫头，手艺可以啊。”
说完，他也不管宁荣荣，张嘴就想把那烤串往嘴里塞。
“那……那是我的……”
宁荣荣鼓起勇气，用蚊子般的声音，发出了微弱的抗议。
金鳄斗罗的动作停住了。"
第171章 从天之娇女到烧烤小妹的宁荣荣,https://www.biquh.com/678_678189/65985939_2.html,"
他缓缓转过头，那双原本冷峻的眸子死死盯着宁荣荣，眼神里再没了刚才的满足与欣赏，只剩下不容置疑的威严与森然的凶光。
“你的？”
“小丫头，饭可以乱吃，话可不能乱说。”
他把那两根烤串在宁荣荣面前晃了晃，香气直往她鼻子里钻。
“本供奉问你，这肉，是不是我们武魂殿花钱从前辈手上买的？”
“这炉子，是不是我们武魂殿出钱租的？”
“这火，是不是前辈借给我们武魂殿用来烤肉的火。”
“就连你脚下踩的这块地，都是我武魂殿神圣不可侵犯的领土！”
金鳄斗罗的声音陡然拔高八度，一脸正气凛然，仿佛不是在抢吃的，而是在庄严地宣读神圣法典。
“你用我们武魂殿的公共财产，在我们武魂殿的领地上，烤出来的东西，怎么就成你私人的了？”
他清了清嗓子，神情肃穆地说道：
“根据《武魂殿公共财产神圣不可侵犯法》第三章第七十二条之补充条例——凡侵占、盗用、挪用武魂殿公共资源进行生产活动者，其产出成果一律归武魂殿所有！”
“你这叫非法侵占！是重罪！按律，是要剁手的！”
武魂殿其他人听得一愣一愣的。
不是……二哥你啥时候还兼修法律了？
咱武魂殿啥时候有这破规矩了？
而且还有补充条例？这么详细的吗？"
第171章 从天之娇女到烧烤小妹的宁荣荣,https://www.biquh.com/678_678189/65985939_3.html,"
几个长老供奉刚想说二哥你吓唬一个小姑娘是不是有点过了，欺负人欺负到这份上，传出去不好听。
结果就看到宁荣荣眼中瞬间蓄满晶莹的泪水，她嘴唇哆哆嗦嗦，心理防线彻底崩溃，当场“哇”的一声就哭了出来。
那眼泪，跟断了线的珠子似的，哗啦啦往下掉，哭得那叫一个撕心裂肺。
“呜呜呜……别剁我的手……”
“我爹不要我了，七宝琉璃宗也回不去了……我什么都没了……”
“我要是再没了手，就真的要饿死在街头了……呜呜呜……”
她哭得肝肠寸断，伤心欲绝。
金鳄斗罗见状，强行憋住已经咧到耳根的笑意，脸上的肌肉都在疯狂抽搐。
成了！这丫头片子，上套了！
他干咳一声，努力让自己的声音听起来既威严又带着一丝“法外开恩”的仁慈。
“咳！看在你年纪小，又是初犯，本供奉也不是不讲道理的人。”
“现在，给你一个将功赎罪的机会，你可愿意？”
“我愿意！我愿意！”宁荣荣哭得直打嗝，小鸡啄米似的疯狂点头，生怕说晚了手就没了。
“只要不剁我的手，让我干什么都行！”
“很好。”
金鳄斗罗的嘴角终于彻底失守，咧出一个灿烂的笑容。
他手一挥，不知从哪摸出一大堆生肉串，一股脑塞进宁荣荣怀里。
“喏，这些。”"
第171章 从天之娇女到烧烤小妹的宁荣荣,https://www.biquh.com/678_678189/65985939_4.html,"
“全都给我烤了。”
“全都给我烤了，要烤得跟刚才那两根一样好！”
“烤好了，你盗窃的罪过，本供奉就既往不咎了。”
宁荣荣抱着那一大捧冰凉湿滑、分量沉重的肉串，哭声都噎住了，整个人都傻了。
她看着金鳄斗罗那张“阴谋得逞”的老脸，后知后觉地反应过来。
自己，好像被这个老登给耍了？
而这一幕，也如同一道闪电，瞬间劈开了旁边那群还在跟“黑炭”较劲的封号斗罗们混沌的脑海！
卧槽！还能这么玩？！
好你个金鳄老狗！你个老六！吃独食不带兄弟们是吧！
一瞬间，千钧斗罗和降魔斗罗对视一眼，都从对方眼中看到了“恍然大悟”的光芒。鬼豹斗罗更是快如闪电，已经开始翻找自己的食材了。
下一秒。
“唰唰唰——！”
刚才还围在各自烤炉前唉声叹气的封号斗罗们，原地消失。
再出现时，已经把宁荣荣围了个水泄不通，一个个脸上都挂着“和蔼可亲”的笑容。
每个人手里，都捧着小山一样高的食材。
“丫头，还有我的！”千钧斗罗把一盘高耸的“鸡翅山”堆在她脚边，笑容无比“憨厚”。
“小姑娘，帮老夫也烤一下！老夫眼神不好，总烤糊！”"
第171章 从天之娇女到烧烤小妹的宁荣荣,https://www.biquh.com/678_678189/65985939_5.html,"
降魔斗罗把一堆名贵的“鲍鱼”倒在她另一边。
“还有我的腰子！”
“这个顶级羊肉串也给你烤了！”
“别忘了我的韭菜！要多放辣！”
一时间，鸡翅、鸡腿、鲍鱼、大虾、腰子、韭菜……各种食材排山倒海般涌来，瞬间将宁荣荣彻底淹没。
她整个人蹲在食材堆的中央，只露出一颗毛茸茸的小脑袋，满脸的呆滞和绝望，仿佛一只被黄鼠狼包围的小鸡仔。
这群人，一个个脸上都挂着慈祥长辈的笑容。
嘴里说出来的话，却跟魔鬼的低语没什么两样。
“丫头，快点烤啊，我们都等着吃呢！”
“烤不完，我们可就要执行《武魂殿法典》了哦！”
宁荣荣彻底绷不住了，刚刚止住的眼泪像开了闸的洪水，一泻千里，怎么都止不住。
她知道，这些人是故意的！
谁让她之前拒绝了前辈的招揽，甚至还狂妄地要拆了枫染亭。
现在，报应来了。她就是个被家族抛弃的野丫头，是砧板上的鱼肉，任人宰割。
就在宁荣荣万念俱灰，感觉自己下半辈子就要在这当一个没有感情、没有自由的烧烤机器时。
一声充满正义与愤怒的怒喝，如同平地惊雷，骤然炸响！
“住手！你们这群不要脸的老东西在干什么！”
话音未落，一道瘦削却坚定的身影，闪电般冲了过来，一把将那群封号斗罗推开。"
第171章 从天之娇女到烧烤小妹的宁荣荣,https://www.biquh.com/678_678189/65985939_6.html,"
骨斗罗古榕！
他虽然发型有点别致，脸上还有点青肿，但此刻，他却像一堵墙，稳稳地拦在了宁荣荣面前。
“欺负一个小姑娘，算什么本事！”
骨斗罗怒视着众人，声色俱厉。
“她再怎么说，也曾是我七宝琉璃宗的小公主！是我古榕看着长大的孙女！”
“你们武魂殿，十几位封号斗罗，就这么合起伙来欺负她一个小女孩？”
“你们的脸呢！”
“你们的强者尊严呢！”
这一刻，骨斗罗的背影，在宁荣荣眼中，瞬间拔高到了两米八！
是光！
是电！
是唯一的神话！
“骨爷爷……”
宁荣荣的眼泪夺眶而出，这一次，是感动的泪水。
她哽咽着，伸出手，想去拉骨斗罗的衣角。
果然！
骨爷爷还是心疼我的！"
第171章 从天之娇女到烧烤小妹的宁荣荣,https://www.biquh.com/678_678189/65985939_7.html,"
然而，她的手还没碰到衣角。
骨斗罗下一句话，直接把她感动的泪水，硬生生憋了回去。
只见骨斗罗头也不回，只是对着身后那群封号斗罗，理直气壮地一伸手。
“就算要她烤串，也得讲个先来后到吧？”
“我，是她爷爷！”
“论关系，我最亲！”
“论辈分，我最大！”
“所以，得先给我烤！你们这群外人，都往后稍稍！”
宁荣荣：“？？？”
她伸出去的小手，僵在了半空中。
脸上的感动，也凝固成了前所未有的茫然。"
第172章 七宝琉璃宗小公主？你是烧烤工具人！,https://www.biquh.com/678_678189/65985940.html,"
宁荣荣伸出去的小手僵在半空中，脸上的感动凝固成了茫然。
什么情况？
刚才那个义正言辞，怒斥群雄，护她如护眼珠子的骨爷爷呢？
怎么画风突然就变了？
“骨…骨爷爷？”
宁荣荣声音颤抖，小心翼翼地问道。
“你刚才不是说要保护我吗？”
骨斗罗这才转过身，脸上挂着慈祥的笑容。
那表情，要多和蔼有多和蔼。
“保护你？当然要保护你啊！”
他拍了拍宁荣荣的小脑袋，语重心长地说道：
“荣荣啊，你看这群武魂殿的老家伙，一个个都饿得眼睛发绿。”
“要是让他们先吃饱了，万一把你给忘了怎么办？”
他压低了声音，用一种“爷爷都是为你好”的语气继续道：
“所以啊，爷爷这是在为你争取优先权！”
“你想想，咱们才是一家人！爷爷我好不容易才找到你这个‘烧烤天才’，能不第一个护着你，第一个尝你的手艺吗？”
宁荣荣听得眼角直抽。
什么叫烧烤天才？"
第172章 七宝琉璃宗小公主？你是烧烤工具人！,https://www.biquh.com/678_678189/65985940_2.html,"
什么叫护着点？
你这分明就是想让我给你当免费劳动力！
“可是骨爷爷…”
“别可是了！”骨斗罗一挥手，打断了她的话。
“赶紧的，先给爷爷烤二十串腰子！”
“记住，要嫩一点，老了咬不动！”
宁荣荣彻底无语了。
她看着骨斗罗那张写满了“快烤，我等不及了”的脸。
再看看周围那群虎视眈眈的封号斗罗，他们非但没有鄙视骨斗罗的行为。
反而一个个露出了“识时务者为俊杰”的钦佩眼神。
那十几双绿油油的眼睛，盯着的不是她，而是她那双仿佛被神明开过光的手。
又看了看几乎要把自己埋起来的一堆新鲜食材，宁荣荣的眼泪又不争气地开始打转，欲哭无泪。
“骨爷爷，我真的不是什么烧烤天才啊！”
宁荣荣试图做最后的挣扎。
“我就是瞎猫碰死耗子，运气好而已！”
“运气好？”
金鳄斗罗冷笑一声。"
第172章 七宝琉璃宗小公主？你是烧烤工具人！,https://www.biquh.com/678_678189/65985940_3.html,"
“小丫头，你当我们这群老家伙都是傻子吗？”
“你看看我们烤的这些玩意儿。”
他指着桌上那堆黑炭。
他又珍而重之地举起手里那根被他“抢救”下来的，属于宁荣荣的杰作。
“再看看你烤的。”
“这叫运气？这叫天赋！绝世天赋！”
其他封号斗罗纷纷点头。
“没错！这丫头就是传说中的烧烤圣体！”
“天生就是干这行的料！”
“小丫头，你这是老天爷赏饭吃！”
宁荣荣听得头皮发麻。
什么烧烤圣体？
什么老天爷赏饭吃？
她只是按照那位前辈之前的动作有样学样而已！
前辈？
对啊！
那位前辈！一时间宁荣荣突然就觉得自己找到了靠山。
她挺着小胸膛问道，”可是这本来就"
第172章 七宝琉璃宗小公主？你是烧烤工具人！,https://www.biquh.com/678_678189/65985940_4.html,"
前辈？
对！
那位前辈！
绝望之中，宁荣荣脑中灵光一闪，她像是抓住了最后一根救命稻草。
这里真正的主人，还没发话呢！
她猛地吸了吸鼻子，挺起小胸脯，用尽全身的勇气，朝着那群虎视眈眈的老家伙们喊道。
“这本来就是那位前辈的饭店，你们这么欺负人，符合前辈的规矩吗？！”
这一声充满悲愤的质问，如同暮鼓晨钟，让全场瞬间安静下来。
所有封号斗罗脸上的笑容，都僵住了。
是啊。
他们光顾着找工具人，差点忘了这茬。
虽说食材是买的，可在这位深不可测的前辈地盘上，这么逼迫一个小姑娘当烧烤工……
万一前辈觉得他们坏了规矩，降下怒火……
十几名封号斗罗，不约而同地停下了手里的动作，齐刷刷地转头，目光汇向了那道悠然自得的身影。
宁荣荣那双哭得红肿的眼睛里，也重新燃起了希望的火苗。
她满怀期待地看着林枫，那眼神，是溺水者望向岸边的最后祈求。
然而。"
第172章 七宝琉璃宗小公主？你是烧烤工具人！,https://www.biquh.com/678_678189/65985940_5.html,"
然而，在十几道目光的注视下，林枫甚至连眼皮都没抬一下。
只是悠然自得的领着比比东四人回到原来的餐桌上，慢条斯理地翻动着手里的烤串，仿佛周围的一切都与他无关。
直到烤串上的油脂被烤得滋滋作响，香气四溢，他才将烤串分发给身边一脸幸福的比比东她们。
然后才像是刚注意到这边的骚动，平淡地丢下一句。
“随你们。”
全场一愣。
林枫的声音依旧毫无波澜。
“她既不是我的店员，也不是本店的客人。”
他的目光轻轻扫过宁荣荣，那眼神深邃得让她心头发寒。
“你们的事，自己解决。”
宁荣荣脸上的希望，瞬间碎裂。
那刚刚燃起的火苗，被一盆混合着冰碴子的冷水，从头到脚浇了个透心凉。
不是店员。
不是客人。
所以，死活都与他无关。
这句冷酷的判决，让她彻底明白，在这个地方，没有价值的人，连被他看一眼的资格都没有。
林枫转过身，看着眼前比比东、胡列娜几女小嘴因为辣味而微微喘息的幸福模样，心里默默盘算。
可怜宁荣荣？"
第172章 七宝琉璃宗小公主？你是烧烤工具人！,https://www.biquh.com/678_678189/65985940_6.html,"
这念头在林枫脑子里连半秒钟都没停留。
有这个闲工夫去管一个不相干丫头的闲事，还不如多研究一下怎么把这串烤腰子弄得更嫩一点，好好犒劳自己。
再说了，身边这四张嗷嗷待哺的嘴巴可还等着呢。
比比东，胡列娜，朱竹清，朱竹云。
哪个不比那宁荣荣赏心悦目？
喂饱她们，不比给一个被一群老头子逼着当烧烤工具人解围有意思多了？
而听到林枫的话，众封号斗罗脸上不禁露出惊喜的表情，又重新把目光看相瑟瑟发抖的宁荣荣。
“小丫头，听见没？前辈都发话了，这并不违反规矩。”金鳄斗罗的笑容再次变得“和蔼可亲”。
“没错没错，你这烧烤天赋可不能浪费了，这可是前辈给你的机会啊！”
“现在有这么多大陆顶级强者需要你的天赋，你应该感到荣幸才对！”
宁荣荣差点被这群老家伙的无耻逻辑气得喷出血来。
这叫什么逻辑？
“可是，我真的饿了...“
她委屈得不行，肚子也不争气地叫唤起来。
“咕噜噜——”
这声音在寂静的夜里，格外响亮。
“饿了？”"
第172章 七宝琉璃宗小公主？你是烧烤工具人！,https://www.biquh.com/678_678189/65985940_7.html,"
魔熊斗罗两眼放光，仿佛听到了天大的好消息。
“嗨呀！这好办啊！”
他蒲扇般的大手在储物魂导器里一顿猛掏，变戏法似的摸出一大包油纸裹着的东西。
“嘶啦”一声撕开。
“喏，魂师特供压缩肉干，三十年老字号，风干牛肉味儿！”
他把一块黑黢黢、四四方方，看起来比城墙拐角砖头还硬实的肉干，塞到宁荣荣手里。
“劲道！管饱！牙口好的一块能嚼一下午！”
“来，先垫吧垫吧，吃饱了才有力气干活！”
宁荣荣呆呆地看着那块感觉能把魂兽砸晕的肉干，
再闻闻不远处林枫那一桌飘来的，混合着孜然、辣椒和肉汁的，仿佛能让灵魂升华的绝世香气。
眼泪，当时就不受控制了。
这跟画个大饼有什么区别？
不，这比画饼还过分！
这是让她看着别人吃满汉全席，自己在这啃窝窝头啊！
而且这窝窝头还是风干的！
让她给他们烤香喷喷、油滋滋的烤串。
自己却只能啃这玩意儿？
这是人干的事吗？
他们简直就是一群来自地狱的魔鬼！"
第173章 史上最憋屈！封号斗罗被小丫头逼到讨价还价！,https://www.biquh.com/678_678189/65985941.html,"
“吃啊，丫头。”
“吃饱了才有力气干活！”
魔熊斗罗还一脸“我很大方吧”的表情，催促着她。
干活。
这两个字，像两根针，狠狠刺进了宁荣荣的耳朵里。
她缓缓抬起头。
不远处，林枫那一桌，欢声笑语。
比比东正优雅地用纸巾擦拭着嘴角残留的油渍，那双紫色的美眸里，盛满了名为“幸福”的光。
胡列娜、朱竹清她们，小口小口地吃着，时不时被辣得微微喘息，脸蛋红扑扑的，煞是可爱。
那是天堂。
而自己手里这块，是地狱。
凭什么？
凭什么我要啃着这种狗都不吃的玩意儿，还得给你们当牛做马？
凭什么你们就能用那可笑的“武魂殿法典”来威胁我，逼我当一个免费的劳工！
一股前所未有的屈辱和愤怒，如同火山般从她的心底喷涌而出。
在所有人错愕的目光中。
宁荣荣动了。
她猛地扬起手，将那块坚硬的肉干，用尽全身的力气，狠狠地砸在了地上！"
第173章 史上最憋屈！封号斗罗被小丫头逼到讨价还价！,https://www.biquh.com/678_678189/65985941_2.html,"
“啪！”
一声脆响。
肉干与地面碰撞，竟溅起了一丝火星。
所有人的动作都停了下来，十几道错愕、惊讶、不解的目光，齐刷刷地聚焦在这个突然爆发的小丫头身上。
“我不干！”
宁荣荣的声音不大，却因为蕴含着极致的愤怒而显得无比尖利，甚至带着一丝破音的哭腔。
她的胸膛剧烈地起伏着，那双哭得红肿的眼睛死死地瞪着眼前的金鳄斗罗，瞪着周围每一个封号斗罗。
“你们想吃烤串？”
“可以！”
“但是，别想让我一边闻着肉香，一边啃着石头给你们当免费的厨子！”
她的声音颤抖着，却一字一句，清晰无比。
“我每烤十串，你们必须分给我两串！”
金鳄斗罗的眉头皱了起来，一股属于九十九级绝世斗罗的恐怖威压，缓缓散开。
“小丫头，你知不知道你在跟谁说话？”
“你在威胁我们？”
若是从前，宁荣荣恐怕已经被这股气势吓得瘫软在地。
但此刻，被逼到绝境的她，心中反而生出了一股破罐子破摔的狠劲。"
第173章 史上最憋屈！封号斗罗被小丫头逼到讨价还价！,https://www.biquh.com/678_678189/65985941_3.html,"
她梗着脖子，毫不畏惧地回瞪过去。
“我不是威胁，我是在谈条件！”
“要么答应，要么一拍两散！”
“反正我爹不要我了，宗门也回不去了，我烂命一条，死就死了！”
“可我死了，你们就自己烤你们的木炭去吧！”
这句话，像一把尖刀，精准地捅进了所有封号斗罗最脆弱的心窝子。
他们可以不在乎宁荣荣的死活。
但他们不能不在乎自己能不能吃上那口热乎的、冒油的、香喷喷的烤串啊！
一时间，十几位封号斗罗，看着宁荣荣那副“有本事你弄死我”的表情，都感觉牙根一阵发痒。
众人你看看我，我看看你，一时间竟都沉默了。
好像……是这么个道理？
杀了她，很简单，但没意义，只会让自己继续受罪。
答应她……
可十串分两串，这抽成也太高了！
传出去，他们武魂殿的脸往哪搁？
十几位封号斗罗，被一个黄毛丫头拿捏了？
最终，还是对美食的渴望，战胜了强者的尊严。
金鳄斗罗深吸一口气，压下火气，开始了人生中第一次，为了口吃的，而进行的讨价还价。"
第173章 史上最憋屈！封号斗罗被小丫头逼到讨价还价！,https://www.biquh.com/678_678189/65985941_4.html,"
“咳，两成太多了。”
“这样吧，二十串，分你一串。算是给你的辛苦费。”
他以为，自己这个让步已经充满了“长者的仁慈”。
谁知。
宁荣荣连眼皮都没抬一下，只是从鼻子里发出一声不屑的冷哼。
“二十串一根？你打发要饭的呢？”
“十串两根，一根都不能少！”
“丫头，别不识抬举！”鬼豹斗罗也沉声道，“十九串一根，这是我们的底线！”
“十串两根！”宁荣荣毫不退让。
“选择权，在你们手上。”
“要么，就让我饿死，大家一起闻着味儿，谁也别吃。”
“怎么选，你们自己看着办！”
说完，她竟是直接一屁股坐在了地上，双手抱膝，一副“老娘今天就撂挑子了，爱咋咋地”的无赖模样。
“十八串一根！不能再多了！”
“十串两根！”
“……”
一时间，枫染亭的门口，上演了斗罗大陆有史以来最离奇的一幕。"
第173章 史上最憋屈！封号斗罗被小丫头逼到讨价还价！,https://www.biquh.com/678_678189/65985941_5.html,"
十几位令人闻风丧胆的封号斗罗，围着一个坐在地上的小姑娘，唾沫横飞，面红耳赤。
那场景，不像是什么顶尖强者会议。
倒像是一个菜市场，一群大妈在为了三毛两毛的菜价，跟一个卖菜的小姑娘激烈地讨价还价。
骨斗罗在一旁看得眼角直抽，心中百感交集。
这丫头……
好像在宗门里，都没这么硬气过。
果然，社会的毒打，才是最好的催熟剂。
最终。
在一片嘈杂的争吵声中，还是金鳄斗罗一锤定音。
“好了！都别吵了！”
他看着宁荣荣，咬着后槽牙，从牙缝里挤出几个字。
“十五串！”
“你烤十五串，我们分你一根！”
“这是最后的底线！你要是再不同意，大不了我们就继续烤炭！”
说完，他死死地盯着宁荣荣，等待着她的回答。
周围的封号斗罗们也都屏住了呼吸。
这已经是他们能让步的极限了。
宁荣荣低着头，小小的脑袋瓜飞快地盘算着。"
第173章 史上最憋屈！封号斗罗被小丫头逼到讨价还价！,https://www.biquh.com/678_678189/65985941_6.html,"
现场，除了比比东这个教皇坐在林枫身边不需要压榨她。
还有这边的金鳄、千钧、降魔、魔熊、鬼豹……足足十五位封号斗罗。
每人十五串，她就能分到一根。
那一轮下来，她自己就能得到十五根！
这个数量，甚至不比他们任何一个人少！
这么后知后觉的一算……
她好像还赚了？！
想到这里，宁荣荣的心脏不争气地“怦怦”狂跳起来。
她强忍着心中的狂喜，缓缓抬起头，脸上依旧是一副“我很委屈但为了大家只能勉强接受”的表情。
“好。”
“那就这么定了。”
“成交！”
两个字，如同天籁之音，让所有封号斗罗都长长地松了一口气。
总算是……谈妥了！
下一秒，宁荣荣麻利地从地上一跃而起，拍了拍屁股上的灰，脸上哪还有半点悲愤和委屈。
她走到那堆积如山的食材面前，当场拿起金鳄斗罗最开始递过来的那一把肉串，往烤炉上一架。
那副干劲十足的模样，仿佛刚才那个要死要活的人，根本不是她。"
第173章 史上最憋屈！封号斗罗被小丫头逼到讨价还价！,https://www.biquh.com/678_678189/65985941_7.html,"
众人看得一愣一愣的。
他们突然有种感觉。
自己这群活了几百年的老家伙，好像……被这小丫头给套路了？"
第174章 唐昊算个屁？众人：别耽误老子吃串！,https://www.biquh.com/678_678189/65985942.html,"
不过看着宁荣荣那略显生疏，却又手法精致的烧烤动作，他们也懒得理会是不是被套路了。
能吃上串就行了，还要啥自行车？
就在这时，一道身影鬼鬼祟祟地凑到了宁荣荣身边，脸上堆满了谄媚的笑容。
是骨斗罗。
“荣荣啊，你看，刚才要不是骨爷爷我站出来替你说话，你能有现在这待遇吗？”
他搓着手，笑得见牙不见眼。
“而且咱们好歹也是爷孙一场，骨爷爷以前多疼你啊，对不对？”
宁荣荣头也不抬，专心致志地盯着烤串，只是从鼻子里“嗯”了一声。
骨斗罗见状，胆子更大了，他凑得更近了些，压低声音道：
“那你看……我这十五串一根的‘辛苦费’，是不是……能给爷爷我免了？”
“毕竟，咱们是一家人嘛！”
这话一出，周围其他封号斗…罗立刻投来了警惕和鄙夷的目光。
好你个古榕！
你个老不要脸的，还想搞特殊化？
宁荣荣翻动烤串的动作，微微一顿。
她终于抬起头，那双哭得有些红肿的眸子静静地看着骨斗罗，脸上没什么表情。
“免了？”
她轻声重复了一遍，然后缓缓摇头。"
第174章 唐昊算个屁？众人：别耽误老子吃串！,https://www.biquh.com/678_678189/65985942_2.html,"
“不行。”
骨斗罗的笑容僵在脸上。
“不仅不能免。”
“你的价格，得加。”
“别人是十五串一根。”
“你，骨爷爷，”她特意加重了“爷爷”两个字，“十串，就得给我一根。”
“噗——！”
骨斗罗差点一口老血喷出来。
他瞪大了眼睛，指着自己的鼻子，满脸的难以置信。
“为什么？！凭什么我的就贵了？！”他不服。
宁荣荣终于抬起头，给了他一个“你心里没点数吗”的眼神。
“谁让你刚才卖我卖得那么果断？”
骨斗罗瞬间哑火，一张老脸涨成了猪肝色，最后只能悻悻地走到一边画圈圈。
周围，传来一阵压抑不住的闷笑声。
搬起石头砸自己的脚，说的就是你古榕！
心塞！
无比的心塞！"
第174章 唐昊算个屁？众人：别耽误老子吃串！,https://www.biquh.com/678_678189/65985942_3.html,"
骨斗罗一口恶气堵在胸口，上不去也下不来。
心塞的他，决定把这股怨气，全部发泄到罪魁祸首身上。
他恶狠狠地瞪向不远处的魔熊斗罗。
“你给老夫等着！”
“等荣荣把串烤好了，老夫立马就还你一串！”
“你就给老夫把腿张开，洗干净了等着！”
“今天，不是你爆，就是我亡！”
这充满画面感的狠话，让魔熊斗罗瞬间吓得一个哆嗦，脸都白了。
他下意识地夹紧双腿，连连后退。
“你……你别胡来啊！前辈定下的规矩，是你自己烤的串才算数！”
一听这话，骨斗罗当场就不乐意了。
“嘿呀？你还不认账了？”
眼看两人又要爆发新一轮的“蛋蛋危机”，鬼斗罗终于忍不住开口了。
“行了，都少说两句。”
毕竟是武魂殿的人，他还是下意识地向着点魔熊。
为了转移话题，他看向骨斗罗，状似随意地问道：
“古榕，怎么就你一个人带着竹云神使回来了？”
“宁风致和剑斗罗呢？”"
第174章 唐昊算个屁？众人：别耽误老子吃串！,https://www.biquh.com/678_678189/65985942_4.html,"
此言一出，全场皆静。
所有人的目光，都聚焦在了骨斗罗身上。
而骨斗罗，则像是被一道闪电劈中了天灵盖，整个人都僵在了原地。
他瞪大了眼睛，瞳孔剧烈收缩。
我草！
对啊！
宗主！老剑人！
他妈的，光顾着吃了，差点把这俩货给忘了！
他们还跟唐昊打着呢！
“路上……路上遭遇唐昊了！”
骨斗罗也顾不上跟魔熊斗罗置气了，脸色前所未有的凝重，“宗主怕朱云神使受伤，就让我先带她回来报信！”
唐昊！
外界眼里武魂殿的头号通缉犯，更是锤杀上任教皇千寻疾的凶手。
这个名字，对武魂殿而言，本该是禁忌，是仇恨的代名词。
除了千道流身边，正小口品味着啤酒的千仞雪，动作猛地一顿。
她那双漂亮的金色眸子里，瞬间迸射出毫不掩饰的、刻骨的恨意！
那是杀父之仇！"
第174章 唐昊算个屁？众人：别耽误老子吃串！,https://www.biquh.com/678_678189/65985942_5.html,"
骨斗罗将她的反应尽收眼底，心中暗道，果然如此。
按理来说，听到这个消息，这群武魂殿的封号斗罗，应该立刻整装待发，前去围剿才对。
然而。
预想中，群情激奋、喊打喊杀的场面，并没有出现。
除了千仞雪那毫不作伪的恨意之外。
其余的封号斗罗，包括金鳄斗罗在内，只是齐刷刷地愣了一下。
他们的目光，不约而同地，转向了林枫那一桌。
只见那里，比比东似乎是喝得有些多了，绝美的俏脸上泛着动人的红晕。
她整个人几乎都快挂在了林枫身上，正拿着两个酒杯，红着脸，软糯糯地嚷嚷着要喝什么交杯酒。
众人看了一眼，然后又齐刷刷地转回头，脸上露出了一种“哦，知道了”的平淡表情。
金鳄斗罗甚至还催促了一句：“丫头，我的那份好了没？多放辣！”
这可把骨斗罗给看傻了。
然后呢？
然后就没了？！
这可是唐昊啊！杀了你们前任教皇的凶手啊！
你们不应该一个个红着眼睛，抄起家伙就冲上去跟他拼命吗？
怎么就表现出这种无所谓的表情了？
这群人的血性呢？武魂殿的尊严呢？！"
第174章 唐昊算个屁？众人：别耽误老子吃串！,https://www.biquh.com/678_678189/65985942_6.html,"
要是让武魂殿这群封号斗罗知道了骨斗罗此刻内心的咆哮，怕不是会当场呵呵一笑。
千寻疾的生死大仇？
笑话。
你们外面的人不清楚怎么回事，我们这些武魂殿的核心高层还能不清楚吗？
除了少主是真的以为父亲被唐昊所杀外。
在场有一个算一个，谁不知道千寻疾是被他自己的好弟子。
也就是现任教皇比比东，趁其重伤之际给亲手宰了的？
借用前辈那高深莫测的话来说，这就是两任教皇之间的“果”。
至于那个不堪入目的“因”嘛……
实在是过于龌龊，让人难以启齿。
大供奉千道流，更是将其视为毕生之耻。
所以，为了维护武魂殿那神圣光辉的形象，就只好把这口天大的黑锅，稳稳地扣在唐昊的头上了。
为一个背锅的，去耽误我们吃烧烤？
开什么玩笑！
看着众人那副漠不关心的样子，骨斗罗实在是忍无可忍，直接吼了出来。
“你们怎么就这种态度？！”
“之前那唐昊，可是一上来就用他那破锤子砸过来了，让竹云神使都吓了一跳呢！”"
第174章 唐昊算个屁？众人：别耽误老子吃串！,https://www.biquh.com/678_678189/65985942_7.html,"
他本意是想强调唐昊的凶残。
然而，他话音落下的瞬间。
他们缓缓地，一寸一寸地，转过了头。
十几双眼睛里，再没有了对美食的渴望，没有了平日的慵懒与算计。
只剩下，一片猩红！
骨斗罗心中警钟狂鸣。
我说错话了？！
在骨斗罗惊骇的目光中，一直沉默不语的千道流，缓缓上前一步。
一把就抓着他的领子，跟提个小鸡崽子似的提起来了。
“你说什么！？”"
第175章 唐昊有取死之道！骂骂咧咧的玉小刚,https://www.biquh.com/678_678189/65985943.html,"
这一刻，千道流身上爆发出的杀意，比之前千仞雪身上的，要浓烈百倍，千倍！
“唐昊……他竟敢对神使出手？！”
骨斗罗被这股恐怖的杀气冲得几欲窒息，大脑一片空白。
他下意识地点了点头，但随即像是想起了什么，求生欲瞬间爆发，头摇得跟拨浪鼓似的。
“不不不！大供奉您听我解释！”
“唐昊那厮虽然出手了，但我出手更及时啊！”
骨斗罗急得满头大汗，语速快得像是在说绕口令。
“我发誓！我绝对没有让朱云神使受到一丁点儿的伤害！一根头发丝都没掉！”
“不信您可以亲自去问神使本人！”
骨斗罗此刻是真的怕了。
他怕的不是千道流，而是千道流背后的那位存在。
万一眼前这群武魂殿的疯子，觉得自己等人没有保护好神使，办事不力……
恐怕都不需要林枫前辈亲自发话。
就凭千道流这副要吃人的模样，今晚就能带着这帮人，直接把七宝琉璃宗给扬了！
到那个时候，他古榕就是宗门的千古罪人！
“唐昊……”
金鳄斗罗也走了过来，他那张因为获得了八百年寿命而显得年轻帅气的脸上，此刻阴沉得能滴出水来。
“此獠，当真是无法无天！”"
第175章 唐昊有取死之道！骂骂咧咧的玉小刚,https://www.biquh.com/678_678189/65985943_2.html,"
他的声音里，同样带着毫不掩饰的杀机。
“以前懒得满大陆去搜寻他这只臭虫，没想到他还敢主动跳出来。”
金鳄斗罗眼中寒光一闪。
“大供奉，我看，不如就趁此机会，将此獠彻底抹杀，以绝后患！”
他的话，立刻得到了在场所有武魂殿长老、供奉的一致认同。
“没错！必须杀了他！”
“竟敢对神使动手，这是在挑衅前辈的威严！已有取死之道！”
“此例绝不可开！否则日后阿猫阿狗都敢来冒犯前辈，我武魂殿有何脸面接受前辈的恩赐？！”
众人义愤填膺，一个个杀气腾腾。
他们愤怒的理由，出奇的一致。
杀了唐昊，不是为了给千寻疾报仇。
而是为了向林枫前辈表忠心！
是为了杜绝任何可能冒犯到那位存在的潜在威胁！
万一哪天，真让这唐昊伤到了神使，甚至是惊扰了正在撸串的前辈……
那武魂殿的天，可就真的要塌了！
千道流缓缓松开了手，骨斗罗顿时像一滩烂泥般瘫软在地，大口大口地喘着粗气。
“所有在武魂城的长老、供奉，有一个算一个。”"
第175章 唐昊有取死之道！骂骂咧咧的玉小刚,https://www.biquh.com/678_678189/65985943_3.html,"
千道流的声音冷得不带一丝感情。
他的目光扫过在场这十几位封号斗罗，那眼神，像是在看一群即将出笼的饿狼。
“今夜，随我出城。”
“去，宰了唐昊！”
轰！
此言一出，在场的封号斗罗们，体内的魂力瞬间沸腾！
金鳄、千钧、降魔、魔熊、鬼豹……
足足十五位封号斗罗！
其中更是有着两个达到绝世斗罗级别的狠人！
这支队伍的豪华程度，足以横扫大陆上任何一个势力！
别说是一个唐昊，就算是十个唐昊绑一块，今天也得被锤成肉酱！
就在这支足以让整个斗罗大陆为之颤抖的“必杀之师”即将集结出发，去上演一场史诗级的“十五斗罗围殴昊天”的大戏时。
两道熟悉的身影，不急不缓地从饭店外的夜色中，走了进来。
正是宁风致与剑斗罗。
一见到两人，金鳄斗罗那庞大的身躯便瞬间挡在了他们面前，声如洪钟，杀气毕露。
“宁风致！”
“唐昊呢！”
面对金鳄斗罗那几乎要凝为实质的恐怖杀气，宁风致只是微微愣了一下，似乎有些奇怪对方为何会有如此大的反应。"
第175章 唐昊有取死之道！骂骂咧咧的玉小刚,https://www.biquh.com/678_678189/65985943_4.html,"
随即，他露出了一个云淡风轻的微笑。
“金鳄前辈何必如此动怒。”
“那唐昊，在与剑叔的交手中，已经落入了下风。”
“他甚至连施展大须弥锤.炸环的机会都没有，便舍弃了一切，狼狈逃窜了。”
什么？！
跑了！？
这混蛋是属兔子的嘛？
怎么这么能逃？
看着众人那副要吃人的表情，宁风致的眼底深处，也同样闪过一抹不易察觉的杀意与惋惜。
“可惜，那家伙逃跑的太过果断，等我下令让剑叔将其彻底斩杀的时候，已经来不及了。”
这话，倒是让众人心中的愤怒情绪，稍稍平复了一些。
但紧接着，鬼斗罗那阴恻恻的声音响了起来，眼神里充满了审视与古怪。
“宁风致，我怎么记得，往年里，就属你跳得最欢？”
“天天把什么‘上三宗同气连枝’、‘联合对抗武魂殿’挂在嘴边。”
“怎么现在，反倒对你的好盟友唐昊，动起了杀心？”
鬼斗罗这话，可谓是诛心之言。
瞬间，所有武魂殿高层的目光，都变得玩味起来。"
第175章 唐昊有取死之道！骂骂咧咧的玉小刚,https://www.biquh.com/678_678189/65985943_5.html,"
宁风致的脸皮，几不可查地抽搐了一下，一丝尴尬转瞬即逝。
下一秒，他脸上瞬间换上了一副义正言辞、正气凛然的表情。
“岂有此理！”
他痛心疾首地一甩袖袍，仿佛受到了天大的冤枉。
“究竟是谁在背后如此诋毁我七宝琉璃宗！污蔑我宁某人的清白？！”
“要是让我知道是谁在造谣，宁某绝对让他吃不了兜着走！”
这精湛的演技，看得一旁的骨斗罗都眼角狂抽。
宗主，咱要点脸行吗？
在一番慷慨激昂的“辟谣”之后，宁风致才冷下脸，说出了真正的缘由。
他的目光，虔诚而狂热地望向了那道一手端着啤酒，一手挡住比比东亲过来的的身影。
声音，斩钉截铁！
“不管他是谁，来自哪个势力！”
“凡是对前辈，以及前辈身边的人，抱有任何一丝一毫敌意的……”
他顿了顿，环视全场，一字一句，声震寰宇！
“哪怕他是我宁风致的亲爹，我也照杀不误！”
“区区一个唐昊，一个在大陆上东躲西藏了十几年的丧家之犬，竟敢对神使大人动手，这已经是触犯了我的底线！”
“这笔账，我七宝琉璃宗，自然要替前辈清算！”
宁风致一番话说得是慷慨激昂，正气凛然。"
第175章 唐昊有取死之道！骂骂咧咧的玉小刚,https://www.biquh.com/678_678189/65985943_6.html,"
他本以为，武魂殿这帮人就算不纳头便拜，至少也得给个赞赏的眼神。
谁料，金鳄斗罗只是不耐烦地瞥了他一眼，冷哼道。
“前辈的事，有我武魂殿就行了，轮得到你七宝琉璃宗？”
“添乱可以，效力就免了。”
“别到时候人没抓到，还得我们分出人手去捞你们。”
说完，他扭过头，和其他封号斗罗一样，眼巴巴地继续盯着宁荣荣的方向。
被当众下了面子，宁风致脸上一僵。
但他心里非但没有半点恼怒，反而乐开了花。
成了！
金鳄斗罗这话听着糙，但味儿不对啊！
这哪是排挤？
这分明是没把他们当外人，才用这种自己人的口气说话！
就差没摆明了说：只要你效忠前辈，以后我们就是异父异母的亲兄弟了！
宁风致心中狂喜，面上却不动声色，顺着那群老家伙的视线，好奇地看了过去。
到底是什么东西，能让十几位封号斗罗跟饿死鬼投胎似的，连唐昊都不管了？
下一秒，他整个人都定住了。
只见不远处，一个小小的身影正蹲在小马扎上。"
第175章 唐昊有取死之道！骂骂咧咧的玉小刚,https://www.biquh.com/678_678189/65985943_7.html,"
她一手抓着大把肉串，一手熟练地在烤炉上翻动、撒料。
动作行云流水，姿态专注认真。
那架势，比他处理宗门事务时还要专业！
那小脸，不是他那被自己“抛弃”了的宝贝女儿宁荣荣，又是谁？！
宁风致使劲眨了眨眼，怀疑自己是不是看错了。
这才一天！
就一天没见！
他那娇生惯养的小公主，怎么就学会这么一门接地气的手艺了？！
而且看这架势，怕不是已经把这群封号的烤串都给承包了？！
......
另一边，一道人影骂骂咧咧地从林子里钻了出来，正是玉小刚。
他掸了掸身上的尘土，脸色很不好看。
“这个唐昊，到底怎么回事！”
“说好护送我到武魂城，结果人送到一半，连个招呼都不打就跑了？”
“一点强者的契约精神都没有！”
玉小刚整理了一下衣冠，重新恢复了那副理论大师的派头。
他抬头看了看天色，估算了一下距离。
“反正已经不远了。”
“以我的脚程，明天落日之前，应该就能抵达武魂城了。”"
第151章,https://www.biquh.com/678_678189/65985944.html,"
夕阳西下，霞光漫天。
风火城外，翠云峰上，有一张石桌，桌旁，有石凳，一对少年男女相互依偎。
少年身材偏瘦，脸色略显苍白，面庞清秀。
少女一席雪白长裙，肌肤如玉，容貌绝美。
少女脑袋靠在少年的肩膀上，在夕阳的照射下，宛如一对神仙眷侣。
“瑶儿，真希望能一辈子如此！”少年脸上满是幸福的笑容，轻轻说道。
“鸣哥哥，当然可以了，我们可是说过要一生一世在一起的。”
少女脸上露出幸福的笑容。
少年名为陆鸣，少女名为陆瑶。
看着陆瑶脸上的笑容，陆鸣眼神更是温柔，握住陆瑶柔弱无骨的玉手，道：“瑶儿，我虽然筋脉堵塞，不能凝练真气，但只要我能觉醒血脉，到时长老院就会购买灵药，为我疏通经脉，那我就可以修炼了。”
“我一定会成为一个武道强者，守护你一生一世的。”
“谢谢鸣哥哥。”
陆瑶眼中露出感动之色，又道：“鸣哥哥，曾经真的有测脉者测过，你遗传了你父亲的血脉吗？”
“是啊，瑶儿，所以将来你的男人，一定会是一个强者。”陆鸣脸上露出自信的笑容。
陆瑶微微一笑，端起石桌上的酒杯，酒杯中，是著名的血舌兰花酒，散发出淡淡的清香。
陆瑶闪电般的在陆鸣的脸上亲了一口，脸色羞红，端起酒杯道：“鸣哥哥，来，瑶儿赏你的。”
陆鸣接过酒杯，道：“瑶儿，你每天都请我喝一杯血舌兰花酒，我真的很感谢有你陪在我身边。”
言罢，端起酒杯，一饮而尽。"
第151章,https://www.biquh.com/678_678189/65985944_2.html,"
酒香在舌尖缭绕的，陆鸣的心就像是酒香一样甜蜜，但下一刻，他感觉有些天旋地转起来。
“瑶儿，我怎么有点晕？你这酒...”
陆鸣扶着石桌，看向陆瑶，但此时，他发现陆瑶的脸色有点冷。
“哈哈哈，陆鸣，瑶儿陪你三年，无非就是养脉，现在时期已到，把你的血脉贡献出来吧？”
此时，一个中年男子从一旁出现，是陆瑶的父亲。
轰隆隆！
宛如晴天霹雳，在陆鸣脑海中炸响。
“瑶儿！”
陆鸣不可置信的看向陆瑶，但陆瑶眼中尽是冷漠。
“为什么？我那么爱你！”
陆瑶冷漠的眼神，像是一把把尖刀，刺进陆鸣的心中，他大吼一声，向着陆瑶扑去。
但陆瑶只是微微一退，他便扑到在地上。
“玄元剑派端木麟，六岁修炼，半年打通两条神脉，跨入武士境，九岁跨入武师境，如今十六岁，玄元剑派四大天才之一，而你呢，体弱多病，经脉堵塞，说白了，你就是废物而已，就算你觉醒了血脉，也还是废物，你能和端木麟比吗？”
“这样的天才，才是我陆瑶的良配，想与之联姻，必须要觉醒强大的血脉，你既然那么爱我，不如成全我，以你的血脉，帮助我觉醒更强大的血脉。”
冷漠的声音从陆瑶口中发出。
碰！
此时，中年男子一脚踩在陆鸣的背上，手中出现一柄尖刀，叫到：“陆鸣，献出你的血脉吧！”"
第151章,https://www.biquh.com/678_678189/65985944_3.html,"
啊！
脊椎处，钻心的痛疼瞬间淹没了陆鸣，陆鸣嘶吼，声音中满是孤独无助以及绝望。
渐渐，陆鸣陷入了无边的黑暗之中。
“陆瑶，陆云雄，你们为何要夺我血脉！”
陆鸣大吼一声，猛然从床上坐了起来，压的楠木制作的床一声‘嘎吱’响。
陆鸣满头大汗，脸色苍白，一开始，他还以为做一场噩梦，但很快反应过来，这不是梦，而是已经发生的事实。
数日之前的情形又在脑海中浮现。
陆鸣，风火成陆家主脉传人，他父亲是陆家家主。而陆瑶，陆家第一支脉大长老的女儿。
两人同宗不同脉，从小一起长大，青梅竹马，可以说是形影不离，私下里甚至已经山盟海誓，私定终身了。
陆鸣怎么也想不到，陆瑶会和大长老对他出手，夺他血脉。
“实力，一切都是因为我实力不足，如果我天赋超凡，实力强大，他们怎么敢这么对我？”
陆鸣双拳紧握，浑身颤抖，双眼满是血丝。
废物！
这是陆瑶对他的称呼，陆瑶三天前的话仿佛还在耳边回响。
吱呀！
这时，房门被推开，走进一个身体柔弱的中年/妇/人，看着床上的陆鸣，关切的问：“鸣儿，你又做噩梦了吗？”
这个美妇人，是陆鸣的母亲，李萍。
三天前，就是李萍担心陆鸣的安危，出去寻找，才救了陆鸣，不然陆鸣已经死了。"
第151章,https://www.biquh.com/678_678189/65985944_4.html,"
自从六年前传出陆鸣的父亲在外面游历被人击杀后，他就与李萍相依为命。
陆鸣看着李萍，眼神变的柔和起来，道：“娘，没事，只是一个梦而已。”
看着陆鸣苍白的脸色，李萍坐在陆鸣床边，摸着陆鸣的额头，心痛的道：“已经三天了，你每次都大叫陆瑶害你，鸣儿，到底是怎么回事?难道是你的伤是因为陆瑶...”
陆鸣道：“娘，没什么，你听错了。”
陆鸣并没有告诉李萍是陆瑶与大长老干的，因为李萍并没有修武道，告诉了李萍，反而会害了她。
李萍踟蹰了一下，道：“鸣儿，以后在他人面前，不能直呼陆瑶的名字了，两天前，陆瑶觉醒了五级血脉，还打通了一条神级经脉，现在已经获得了长老院的认可，两个月后的族会上，将执掌陆家，成为陆家之主，直呼家主之名，恐怕会被人说为不敬。”
“什么？陆瑶要执掌陆家？她休想。”
陆鸣发出低沉的怒吼，眼睛充血，牙关咬的咯咯作响，牙齿都要咬碎了，鲜血都流出来。
陆鸣的父亲六年前传言被人击杀后，这六年来，陆家一直由长老院管理，并没有立新的家主。
看到陆鸣这个样子，李萍吓得六神无主，只是抱着陆鸣的头，眼泪不断流下，道：“鸣儿，你不要吓娘啊，娘已经失去了你爹，不能再失去你了。”
“爹...你到底在哪啊，鸣儿相信你不会死的，如今，鸣儿无能为力，连家主之位都要保不住了。”
陆鸣紧紧的握着脖子上的一个挂坠，由于太用力，指甲都刺进了肉里，鲜血不断渗出。
这个挂坠，青铜所铸，蚕豆大小，是陆鸣的父亲出事之前，托人从外面送回来的，这六年，陆鸣一直带在身边。
手掌的鲜血渗出，流向了青铜挂坠。
嗡！
忽然，青铜挂坠轻微的抖动起来，并且变的滚烫。
陆鸣还没反应过来，青铜挂坠一震之下，居然化为点点粉末，往陆鸣手心一钻，进入到手心中消失不见。"
第151章,https://www.biquh.com/678_678189/65985944_5.html,"
接着，陆鸣便感觉，有一股滚烫的能量，从他的手心，顺着手臂，一只往上，一会之后，便停留在眉心的印堂穴中。
“九龙不死，血脉重生！”
突然，一声巨大的吼声在陆鸣的脑海中响起，震的陆鸣脑海嗡嗡作响。
“九龙不死，血脉重生！”
“九龙不死，血脉重生！”
......
连续的吼声，不断的在陆鸣脑海中响起，随后，一股炙热的气息，从眉心中出发，涌向陆鸣的脊椎骨。
下一刻，吼声消失，但脊椎骨上，却有一阵阵麻痒传出，全身变的滚烫。
“怎么回事？”
陆鸣完全摸不着头脑。
此时，脊椎骨上的麻痒更加剧烈了，似乎有什么东西在慢慢的生长。
“鸣儿，你怎么了，不要吓娘啊。”
感受到陆鸣身上的异常，李萍更怕，有些手足无措。
“血脉重生？难道我真的能血脉重生？”陆鸣心里疑惑。
古籍有记载，只有非常少的人，血脉被剥夺后，或者因为其他原因损坏后，能够血脉重生，重新生长出一道血脉。
但是重生的血脉，大部分等级都很低，没有大用。
但也有极少极少的一些人，能够破而后立，破茧重生，于毁灭中崛起，超脱过去，觉醒至强血脉。
但这几率小到可以忽略不计，古籍记载，古来都没有几例。"
第151章,https://www.biquh.com/678_678189/65985944_6.html,"
超脱过去，觉醒至强血脉，陆鸣没有去想，那毕竟几率太小了，他只要能觉醒出血脉，就非常高兴了。
有了血脉，他就能修炼武道了，改变自己的命运。
这时，身上异样慢慢消失，陆鸣脸上露出了笑容，道：“娘，我没事！”
“少爷，你没事太好了，你这几日，你可把我们吓死了！”
这时，一个少女走了过来道。
少女年纪和陆鸣差不多，长得极为美丽。
陆鸣自然认得，少女名为秋月，乃是李萍的贴身丫鬟，从小和他一起长大。
“秋月，我没事，放心！”
陆鸣微笑道。
然后，陆鸣目光一扫四周，脸色猛地一变，道：“娘，这是哪里，这里不是陆家主府！”
陆鸣的爹，以前乃是陆家家主，他们以前一直住在陆家主府的，但是这里不是。
“鸣儿，你好好养伤，不要多心！”李萍道，但是她眼中那一闪而逝的哀伤和泪光，还是被陆鸣捕捉到了。
“娘，到底怎么回事？”陆鸣问道。
“少爷，我来说吧，我们是被赶出来了，陆瑶说她马上要成为家主了，理应入住主府，而我们没有资格继续住在主府，让我们搬出来了。”
一旁，秋月银牙紧咬，将事情说了出来，漂亮的小脸上，怒气冲冲。
“什么？陆瑶，你欺人太甚！”陆鸣怒吼。
“你个废物，叫什么叫？有地方让你住，已经是对你的恩赐了，还不感恩戴德？”www.aishangba.org"
第151章,https://www.biquh.com/678_678189/65985944_7.html,"
就在这时，门外响起了一道声音，然后房门被打开，走出了一个青年。
“陆川，是你！”
陆鸣怒喝一声，此人名为陆川，是陆瑶的亲哥哥，年纪也比陆鸣大一点。
“陆川，我们都离开主府了，你还来这里干什么？”
李萍道，身体下意识的挡在陆鸣身前，似乎害怕陆川伤害陆鸣。
“我是来取剑的！”
说完，陆川一双眼睛四下扫视起来，当看到床榻边上一把宝剑后，眼睛一亮，立马走了过去，伸手将宝剑抓在手里。
“陆川，这把剑是鸣儿他父亲留下的唯一信物，将来留给鸣儿用的，你不能拿走啊。”
李萍连忙伸出去抢。
“滚开！”
陆川一用劲，剑鞘一抖，一股力量迸发而出，李萍并非修炼之人，哪里抵挡的住，身体踉踉跄跄的后退，差点摔倒在地上。
“娘！”陆鸣大吼。"
第176章 教皇醉酒吐真言：林枫，我不想回去了,https://www.biquh.com/678_678189/65985945.html,"
宁风致看着眼前这堪称魔幻的一幕，整个人都有些发懵。
他拉过一旁的骨斗罗，低声询问了一番。
听完骨斗罗添油加醋的描述，宁风致的表情从错愕，到震惊，再到一种难以言喻的古怪。
最后，他长长地叹了一口气，看向宁荣荣的眼神，却多了一丝他自己都未曾察觉的欣慰。
社会的毒打，果然是最好的成长催化剂。
这才一天啊！
他的女儿，就已经学会了如何在逆境中求生，甚至还懂得利用自己的价值，去为自己争取最大的利益。
虽然这“价值”……是烤串。
但这不重要！
重要的是，她长大了！
想到这里，宁风致心中那点因为女儿“沦为”烧烤工的心疼，瞬间烟消云散。
他清了清嗓子，脸上重新挂上了七宝琉璃宗宗主那标志性的温和笑容，朝着宁荣荣走了过去。
“荣荣啊。”
他的声音充满了父爱的慈祥。
“你看爹爹赶了一路，也饿了，能不能……”
然而，他的话还没说完。
“唰！”
一道魁梧的身影瞬间挡在了他的面前，正是金鳄斗罗。"
第176章 教皇醉酒吐真言：林枫，我不想回去了,https://www.biquh.com/678_678189/65985945_2.html,"
“干什么干什么？”
金鳄斗罗抱着胳膊，居高临下地斜睨着他，语气相当不善。
“想插队？”
“我……”
“后面排队去！”
金鳄斗罗毫不客气地一指队伍的末尾。
宁风致的笑容僵在了脸上。
他堂堂七宝琉璃宗宗主，上三宗的执牛耳者，竟然被要求去排队？
“金鳄前辈，我是荣荣的父亲。”
他试图讲道理。
“她爹怎么了？”
旁边，斗罗瓮声瓮气地接了一句。
“她爹就能搞特殊了？”
“前辈这里的规矩，童叟无欺，人人平等！”
降魔斗罗也义正言辞地补充道。
“就是！别说你是她爹，你就是她爷爷，今天也得给老子乖乖排队去！”
骨斗罗在一旁默默地转过身去，感觉自己的脸火辣辣的疼。"
第176章 教皇醉酒吐真言：林枫，我不想回去了,https://www.biquh.com/678_678189/65985945_3.html,"
宁风致彻底没脾气了。
他看着那群封号斗罗脸上那副“天王老子来了也得排队”的表情，只能苦笑着摇了摇头，灰溜溜地走到了队伍的最后面。
......
另一边。
林枫这一桌的烧烤盛宴，也终于接近了尾声。
桌上杯盘狼藉，只剩下一些光秃秃的竹签。
比比东、胡列娜、朱竹清、朱竹云四女，一个个都吃得小脸红扑扑的，额头上渗出细密的香汗，脸上挂着如出一辙的，名为“幸福”的满足表情。
就连林枫，也是一脸的惬意。
冰镇啤酒配上现烤肉串，这滋味，谁懂啊！
这绝对是他穿越到斗罗大陆以来，过得最舒坦，最快乐的一天。
“嗝~”
一声轻微的，带着几分娇憨的饱嗝，从身旁传来。
林枫转头看去，只见比比东俏脸酡红，一双颠倒众生的紫色美眸，此刻水汪汪的，蒙上了一层醉人的雾气。
她整个人都快没了骨头似的，软软地靠在林枫的身上，一只玉手还有意无意地在他胸口画着圈圈。
这女人，喝上头了。
“林枫……”
她吐气如兰，带着温热的酒气，凑到林枫耳边，用一种软糯到能把人骨头都叫酥了的声音，呢喃道。
“我……我今晚不想回去了。”"
第176章 教皇醉酒吐真言：林枫，我不想回去了,https://www.biquh.com/678_678189/65985945_4.html,"
“武魂殿冷冰冰的，一点意思都没有。”
“我想……住在这里，好不好？”
此话一出，全场皆静。
这话语中的暗示，露骨得让空气都变得滚烫起来。
正在排队等候投喂的十几位封号斗罗，一个个动作僵住，眼珠子瞪得溜圆，耳朵更是一个个竖的老高。
卧槽！
这是什么虎狼之词？！
教皇冕下，这是要……毛遂自荐，侍寝上位？！
所有人的心里，都掀起了滔天巨浪！
这要是成了，那他们以后来吃饭，岂不是得改口叫老板娘了？！
人群中，千仞雪的脸色瞬间就黑了下去。
她那双金色的美眸死死盯着几乎要挂在林枫身上的比比东，贝齿紧咬，心里警铃大作。
不行！
绝对不行！
要是让这个女人得逞了，自己岂不是很快就要多出来一群弟弟妹妹了？
然而，就在所有人都被这惊天大瓜震得七荤八素时，一个急切的声音，打破了这诡异的寂静。
“教皇冕下，这恐怕不合规矩。”"
第176章 教皇醉酒吐真言：林枫，我不想回去了,https://www.biquh.com/678_678189/65985945_5.html,"
众人循声望去。
开口的，竟然是朱竹云。
此刻的她，正站在林枫身侧不远处，原本挂在脸上的妩媚笑容早已消失不见。
取而代之的，是一种混杂着紧张、警惕与强烈占有欲的复杂神情。
她的腰杆挺得笔直，双手交叠在身前，努力摆出一副公事公办的店员姿态。
但那双紧紧盯着比比东的美眸里，燃烧的火焰，却出卖了她内心的真实想法。
什么规矩？
枫染亭的规矩里，可没有哪一条写着，不许女客人留宿！
她只是本能地感觉到了一股前所未有的危机感！
比比东是谁？
武魂殿教皇！斗罗大陆权势最顶端的女人！
论地位，论实力，论容貌，都在她朱竹云之上！
要是真让这个女人捷足先登，那自己这员工的身份，还有半点优势可言吗？！
不行！
绝对不行！
这个老板娘的位置，只能是她朱竹云的！
最起码......第一个得是她！
千仞雪的眼中，瞬间闪过一抹赞许。"
第176章 教皇醉酒吐真言：林枫，我不想回去了,https://www.biquh.com/678_678189/65985945_6.html,"
好！
说得好！
这个叫朱竹云的女人，虽然看着也不是什么省油的灯，但在此刻，她就是自己最坚实的盟友！
然而，身为风暴中心的比比东，却像是根本没有听到朱竹云的话。
她甚至连一个眼神都懒得施舍过去。
在她眼中，朱竹云不过是个有点姿色，侥幸得到前辈青睐的店员罢了。
她那双蒙着水雾的紫色美眸，依旧痴痴地望着林枫，里面盛满了期待与恳求，仿佛在等待君王恩准的宠妃。
朱竹云贝齿紧咬着下唇，几乎要咬出血来，心中充满了不甘与委屈。
但她同样紧张地看向林枫。
前辈……
您会怎么选？
这一刻，所有人的目光，都聚焦在了那个从始至终都一脸平静的男人身上。
千道流的眼神深邃，千仞雪的目光带着几分紧张。
金鳄斗罗等一众吃瓜群众，更是连呼吸都放轻了，生怕错过任何一个细节。
只有宁荣荣，依旧蹲在小马扎上，两耳不闻窗外事，一心只烤圣贤串。
在众人的注视下。
林枫终于动了。"
第176章 教皇醉酒吐真言：林枫，我不想回去了,https://www.biquh.com/678_678189/65985945_7.html,"
他没有说话，只是慢条斯理地放下了手中的啤酒杯。
然后，他伸出一根手指，轻轻地点在了比比东光洁饱满的额头上，将那张不断凑近的绝美脸蛋，推开了一些距离。
“你喝多了。”"
第177章 林枫：进来，给我按腰吧。,https://www.biquh.com/678_678189/65985946.html,"
林枫这简简单单的四个字，就像是一道神谕，瞬间为这场闹剧，画上了句号。
比比东脸上的期待，凝固了。
她眨了眨那双迷离的紫眸，似乎是在消化林枫话里的意思。
虽然心中有千万个不甘与失落，但她也知道，林枫的话，就是铁律。
更何况，当着这么多人的面，再继续纠缠下去，只会让自己失了体面。
“好吧……”
比比东委屈地嘟了嘟嘴，她恋恋不舍地从林枫身上起来。
但临走前，还是没忍住，像只撒娇的猫儿一样，又狠狠地在他怀里蹭了蹭，仿佛要将他的气息全部沾染到自己身上。
“那我明天再来......”
丢下这句充满暗示的话语，这位权倾天下的教皇冕下，才打着酒嗝，迈着有些虚浮的脚步，摇摇晃晃地离开了。
一场足以载入斗罗史册的“教皇求偶”风波，就此落幕。
林枫伸了个懒腰，骨节发出一连串清脆的爆鸣。
他看都懒得再看那群为了几根烤串，已经彻底放弃尊严的封号斗罗们，转身便朝着枫染亭内走去。
身后的喧嚣，仿佛是另一个世界。
对他而言，今晚的户外烧烤派对已经结束。
剩下的，不过是一群韭菜在互相内卷，争抢着被收割的资格罢了。
胡列娜和朱竹清对视一眼，都从对方眼中看到了同样的默契。
前辈今天亲自下场为她们烤串，想必也有些乏了。"
第177章 林枫：进来，给我按腰吧。,https://www.biquh.com/678_678189/65985946_2.html,"
此刻，最需要的是安静的休息，而不是她们不知趣的打扰。
两人乖巧地留在一楼，开始收拾起杯盘狼藉的餐桌，动作轻柔，没有发出一丝多余的声响。
然而，朱竹云的想法，却与她们截然不同。
她那双勾人的美眸，紧紧盯着林枫消失在二楼楼梯口的背影，眼底深处，一簇野火正在熊熊燃烧。
危机感。
前所未有的危机感！
比比东今晚那近乎于明示的姿态，就像一记警钟，狠狠敲在了她的心头。
连教皇冕下都开始主动出击了，自己的进程要是继续拖下去，恐怕连汤都喝不上一口热的！
机不可失，时不再来！
朱竹云贝齿轻咬，下定了决心，也紧跟着回到了二楼，钻进了自己的员工房间。
片刻之后。
“哗啦啦”的水声响起，又在几分钟后戛然而生。
……
林枫的房间内。
刚洗完澡的他，只在下半身围了一条松松垮垮的浴巾，赤着精壮的上半身。
水珠顺着他线条分明的腹肌滑落，没入浴巾的边缘，带着几分慵懒的性感。
他没有急着穿衣服，而是站在镜子前，仔细感受着那种难以言喻的强大感，正从四肢百骸的每一个细胞深处，源源不断地涌现出来。"
第177章 林枫：进来，给我按腰吧。,https://www.biquh.com/678_678189/65985946_3.html,"
嘴里喃喃自语。
“果然和你说的一样。”
林枫在心中对系统喃喃道。
“这具身体，无时无刻不在变得更强。”
他握了握拳，空气发出一声沉闷的爆鸣。
林枫有一种强烈的预感。
恐怕现在，就算离开了枫染亭的无敌领域，以及那些所谓的极致属性精通，单凭这肉身强度。
他只要想，也能一耳刮子扇死一个所谓的的封号斗罗！
这并非自大，而是一种基于绝对力量的自信。
【那当然！】
系统的声音在他的脑海中响起，带着一种与有荣焉的傲娇。
【杂鱼宿主，你也不看看这身体可是……】
然而，它那吹嘘的话语还没来得及说完。
“咚、咚、咚。”
一阵轻柔而又带着几分迟疑的敲门声，打断了他们之间的交流。
林枫眉梢微挑。
这个时间点，会是谁？
胡列娜和朱竹清那两个丫头，应该不会这么没有分寸。"
第177章 林枫：进来，给我按腰吧。,https://www.biquh.com/678_678189/65985946_4.html,"
那群封号斗罗？
没有他主动命令，他们怕是连二楼的楼梯都不敢踏上一节！
那么答案，就只剩下一个了。
他走过去，随手拉开了房门。
下一秒。
一股混合着沐浴露清香与少女体香的温热湿气，扑面而来。
门外。
朱竹云俏生生地站着，身上同样只裹着一条单薄的浴巾。
刚刚沐浴过的她，肌肤白里透红，像是上好的羊脂美玉，氤氲着一层淡淡的水光。
湿漉漉的长发披散在香肩上，几缕调皮的发丝贴着她精致的锁骨，水珠顺着发梢，滴落在她胸前那惊心动魄的曲线上，然后缓缓滑落，消失在浴巾的深处。
那浴巾堪堪遮住关键部位，将她那成熟而又火爆的身材曲线，勾勒得淋漓尽致。
尤其是那双笔直修长的美腿，在昏黄的灯光下，泛着象牙般的光泽，让人移不开视线。
饶是林枫，心神也不免为之一荡。
这女人，简直就是个天生的尤物。
而林枫不知道的是，在朱竹云眼中，他对她的吸引力同样巨大！
此刻的他，赤着精壮的上半身，肌理分明的线条在房间柔和的灯光下，勾勒出完美的倒三角轮廓。
充满了慵懒、随性，却又蕴含着爆炸性力量的阳刚美感。"
第177章 林枫：进来，给我按腰吧。,https://www.biquh.com/678_678189/65985946_5.html,"
朱竹云仅仅是瞥上一眼便觉得口干舌燥。
她从未想过，一个男人的躯体，能带来如此强烈的视觉冲击，仿佛每一寸肌肤，都蕴含着天地至理，散发着让她灵魂都为之战栗的吸引力。
“怎么了？”
林枫靠在门框上，语气平淡，仿佛眼前的美景对他毫无吸引力。
朱竹云被他看得俏脸发烫，紧张得连脚趾都蜷缩了起来。
她鼓足了全身的勇气，才抬起那双水雾蒙蒙的眸子，声音细若蚊蚋。
“主……主人……”
“我……我……”
她支支吾吾，后面的话却怎么也说不出口。
那张妩媚动人的俏脸上，羞红已经蔓延到了雪白的脖颈，甚至连耳根都变成了诱人的粉色。
林枫自然知道她想干什么。
或者说，这副打扮，意图已经明显到不能再明显了。
不得不承认，他心动了。
食色性也，人之常情。
更何况是面对朱竹云这种级别的美人主动投怀送抱。
但出于种种更长远的考虑，他还不打算这么早就直接吃了她。
当然，他也不会傻到把送上门的美食直接推出去。
看着朱竹云那副羞涩又无措，急得快要哭出来的模样，林枫心中暗笑一声。"
第177章 林枫：进来，给我按腰吧。,https://www.biquh.com/678_678189/65985946_6.html,"
他叹了口气，抬起手，在朱竹云那颗毛茸茸的小脑袋上，轻轻揉了揉。
动作，像是在安抚一只惴惴不安的小猫。
这个动作，让朱竹云身体猛地一颤，有些不知所措地抬起了头。
只见林枫的脸上，带着一丝恰到好处的疲惫。
“今晚我累了。”
短短一句话，让朱竹云的脑子“嗡”的一声，瞬间一片空白。
可还不等她失落，林枫那带着一丝不易察觉的柔和话语再次响起。
“进来，给我按按腰吧。”"
第178章 林枫：奇怪，怎么有毛扎我背？,https://www.biquh.com/678_678189/65985947.html,"
朱竹云猛地抬起头，那双美眸中瞬间爆发出璀璨夺目的光彩！
狂喜！
难以抑制的狂喜，如同电流般传遍了她的四肢百骸！
虽然只是按腰。
虽然和他想象中的“侍奉”相去甚远。
但这可是林枫主动提起的！
这是不是意味着，在前辈心里，自己已经开始和别的女人，不一样了？
这是不是一个信号？一个自己已经成功迈出第一步的，天大的好兆头！
“是！主人！”
朱竹云重重地点头，声音里充满了激动与雀跃，之前的羞涩与不安，一扫而空！
朱竹云迈着小碎步，几乎是飘着进了林枫的房间。
房门在她身后轻轻合上，发出一声微不可闻的“咔哒”声。
这声音，仿佛是一道开关，彻底隔绝了外界的一切。
也瞬间点燃了房间内暧昧到极致的气氛。
朱竹云的呼吸，骤然变得滚烫。
她抬起眼，贪婪地，一寸一寸地，打量着眼前的男人。
之前在门口，惊鸿一瞥已让她心神摇曳。
而此刻，在这独属于两人的私密空间里，那种视觉冲击力被放大了十倍，百倍！"
第178章 林枫：奇怪，怎么有毛扎我背？,https://www.biquh.com/678_678189/65985947_2.html,"
朱竹云感觉自己的喉咙干得快要冒烟，心脏在胸腔里擂鼓般狂跳，那声音大到她甚至怀疑林枫都能听见。
这，就是主人的身体……
仅仅是看着，她就感觉自己的灵魂都在战栗，一种源自生命最深处的原始渴望，疯狂地叫嚣着，想要靠近，想要触摸，想要……融为一体。
林枫并没有在意她那几乎要将自己吞噬的目光。
也没有再追问，只是转身，走向房间中央那张宽大的床铺，然后径直趴了上去，动作自然随意。
“开始吧。”
他平淡的声音，将朱竹云从失神中唤醒。
她深吸一口气，压下心中的万千思绪，一步步走向床边。
每一步，都像是踩在自己的心跳上。
站在床边，居高临下地看着那宽阔厚实的后背，朱竹云只觉得自己的腿肚子都在发软。
她咬了咬银牙，做出了一个更大胆的决定。
她没有选择跪在床边，而是……缓缓地分开那双修长笔直的美腿，小心翼翼地，跨坐在了林枫的腰上。
这个姿势，让她与林枫的身体，有了最大面积的接触，也她整个人都羞耻到了极点。
但更多的，是一种前所未有的满足与窃喜。
她终于，离这个男人，如此之近。
近到可以清晰地闻到他身上那混合着沐浴露清香与独特阳刚气息的味道。
近到可以感受到他身体传来的，那惊人的热量。"
第178章 林枫：奇怪，怎么有毛扎我背？,https://www.biquh.com/678_678189/65985947_3.html,"
可就在两人身体接触的一瞬间。
“轰——！”
朱竹云的脑海中，仿佛有道惊雷炸响！
她体内的魂力，在这股气息的冲刷下，竟开始不受控制地自行运转起来，并且以一种前所未有的速度被提纯、淬炼！
身体的每一个细胞，都在欢呼！
灵魂的每一个角落，都在战栗！
这种感觉……
比吃下前辈做的任何一道菜，都要美妙一万倍！
朱竹云彻底呆住了。
她忘记了自己要做什么，忘记了身在何处。
她只想……
得到更多！
而此刻。
作为“生命海洋”本尊的林枫，却微微皱起了眉头。
他能感觉到，朱竹云那丫头坐了上来。
那柔软的触感和惊人的弹性，确实让人心猿意马。
但……
好像有哪里不对劲？"
第178章 林枫：奇怪，怎么有毛扎我背？,https://www.biquh.com/678_678189/65985947_4.html,"
怎么感觉……
有几根毛在扎我的背？
林枫心中升起一丝古怪。
虽然不是很硬，但那种若有若无的，带着点卷曲感的触碰，让他感觉浑身痒痒的，很不自在。
而且……
他心里有些奇怪，但也没多想。（他必须不能多想！不然老子书没了！但读者老爷怎么想，你们随意......）
“开始吧。”
林枫有些困倦的声音，将神游天外的朱竹云瞬间拉回了现实。
“啊……是！主人！”
朱竹云一个激灵，俏脸爆红。
她连忙收敛心神，一边贪婪地享受着那源源不断涌入体内的神圣能量，一边将那双柔若无骨的小手，按在了林枫的后腰上。
不得不说，朱竹云的手法相当不错。
力道时轻时重，精准地按压在每一个穴位上，让林枫紧绷了一天的肌肉，都缓缓放松下来。
很舒服。
在这种惬意的感觉中，林枫的意识渐渐模糊。
竟是趴在床上，沉沉地睡了过去。
朱竹云一边按摩，一边仔细感受着体内的变化。"
第178章 林枫：奇怪，怎么有毛扎我背？,https://www.biquh.com/678_678189/65985947_5.html,"
她能感觉到，自己的魂力正在发生着质的蜕变。
这就是主人的力量吗？
仅仅是逸散出的一丝气息，就有如此神效！
一个疯狂的念头，不受控制地从心底滋生，并且像藤蔓一样，瞬间缠绕了她的整个灵魂。
时间，在静谧的房间里缓缓流逝。
按着按着，朱竹云忽然发现，身下男人的呼吸，变得悠长而平稳。
“主人？”
她停下动作，趴在林枫耳边，用细若蚊蚋的声音，试探性地轻唤了一声。
没有回应。
只有那均匀的呼吸声。
睡着了……
主人，竟然在自己的按摩下，睡着了！
这个认知，像是一颗投入湖面的石子，在朱竹云的心中，荡起了层层叠叠的涟漪。
是激动？是窃喜？还是……别的什么？
她的大脑，一片混乱。
但有一个念头，却前所未有的清晰。
胆子，可以再大一点。
再大一点点……"
第178章 林枫：奇怪，怎么有毛扎我背？,https://www.biquh.com/678_678189/65985947_6.html,"
她缓缓低下头，目光落在那张近在咫尺的，俊朗无俦的侧脸上。
哪怕是在睡梦中，也散发着致命的吸引力。
她的呼吸，再次变得急促而滚烫。
空气中，仿佛都弥漫着一股名为欲望的甜香。
她的目光，最终落在了林枫那结实有力的肩膀上。
鬼使神差地，朱竹云的红唇微启，一条水润小巧的舌头，带着一丝颤抖，伸了出来。
然后。
轻轻地，舔了下去！
（PS：第一次写这种，不知道能不能过，也不知道你们爱不爱看，不爱看的话就少些这种。）"
第179章 胡列娜傻眼：她弯道超车了？！,https://www.biquh.com/678_678189/65985948.html,"
舌尖触碰到皮肤的瞬间，温热而紧实。
朱竹云的身体，在那一刻绷紧到了极致。
然而，预想中那如同之前身体接触时，排山倒海般涌入体内的精纯生命气息，并没有出现。
没有任何味道。
也没有任何魂力波动。
就仿佛，她舔到的只是一块温润的玉石，光滑，细腻，却内敛到了极致。
朱竹云的脑海中，闪过一丝小小的失落。
但紧接着，一种前所未有的奇妙感觉，毫无征兆地席卷了她的整个意识。
放松。
无比的放松。
就好似一叶漂泊在狂风暴雨中的孤舟，忽然驶入了一片风平浪静的港湾。
所有的焦虑，所有的不安，所有的野心与算计……
在这一刻，尽数消散。
她的意识变得轻飘飘的，仿佛要飞起来，沉浸在一种无法用言语形容的宁静与祥和之中。
她甚至忘记了自己是谁，忘记了自己身在何处，忘记了自己正在做一件多么大胆出格的事情。
恍惚间，她只是一个追逐着温暖与光明的信徒，而身下的这个男人，就是她唯一的神祇。
这种源自灵魂深处的安宁，比任何力量的提升，都更让她沉醉，让她迷恋。
朱竹云下意识地，伸出舌尖，又舔了一下。"
第179章 胡列娜傻眼：她弯道超车了？！,https://www.biquh.com/678_678189/65985948_2.html,"
依旧是那种感觉。
宁静，祥和，让她几乎要在这片温暖中彻底融化。
她痴迷地看着眼前那一片线条流畅、充满了力量感的肩胛。
朱竹云无意识地舔舐了一下自己那因为紧张而有些干涩的嘴唇。
一个更加疯狂，更加原始的念头，不受控制地从心底最深处冒了出来。
想要……咬上一口。
想要在这完美的艺术品上，留下独属于自己的印记。
想要用更深刻的方式，去感受他，去品尝他……
这个念头一旦出现，就如同燎原的野火，瞬间烧毁了她最后一丝理智。
朱竹云的红唇，缓缓张开。
露出了两颗小巧而洁白的虎牙。
她缓缓低下头，鼻尖几乎已经能感受到他皮肤上传来的炙热温度。
近了。
更近了……
就在她那微微尖锐的小虎牙，已经轻轻贴在了林枫皮肤上的那一刹那。
“嗡——！”
朱竹云的脑子，像是被一柄重锤狠狠砸中，瞬间从那种恍惚迷离的状态中惊醒！"
第179章 胡列娜傻眼：她弯道超车了？！,https://www.biquh.com/678_678189/65985948_3.html,"
我……我在干什么？！
彻骨的寒意从脚底直冲天灵盖，让她浑身的血液都在瞬间冻结！
主人只是让我进来给他按腰！
只是因为他累了，需要放松！
这本是天大的恩赐！是自己梦寐以求的，与主人亲近的机会！
可是我呢？
我竟然趁着主人休息的时候，做出了如此过界，如此放肆的事情！
舔舐……
甚至……甚至还想去咬他！
这跟一头发了情的野兽有什么区别？！
要是主人醒了，发现自己身上多了两个牙印……
他会怎么想？
他会怎么惩罚自己？
一想到“惩罚”这两个字，朱竹云的身体便不受控制地剧烈颤抖起来。
对于惩罚，她最担心的，从来不是被林枫一巴掌拍死。
以主人的境界，杀死自己，恐怕比碾死一只蚂蚁还要简单。
她真正害怕的，是主人的厌恶！
是那种冰冷的，不带一丝感情的眼神！"
第179章 胡列娜傻眼：她弯道超车了？！,https://www.biquh.com/678_678189/65985948_4.html,"
是一句“滚出去”！
她害怕被赶出枫染亭，永远失去接触到这位存在的资格！
一想到那种可能，一想到自己将再次回到那个冰冷、绝望，姐妹必须自相残杀的家族，朱竹云就感觉自己快要喘不过气来！
不行！
绝对不行！
她已经见识过了天堂的光景，就再也无法忍受地狱的黑暗！
意识到自己此刻的行为有多么过分，那种被驱逐的恐惧，瞬间压倒了体内所有燥热的欲望。
朱竹云像一只受了惊的兔子，几乎是连滚带爬地，从林枫的身上滑了下来。
她甚至不敢再多看一眼那张床，不敢去看那个依旧在平稳呼吸的男人。
她手脚并用地爬到门口，慌乱地拉开房门，然后头也不回地逃了出去，仿佛身后有什么洪荒猛兽在追赶。
“咔哒。”
房门被轻轻带上。
朱竹云逃回了自己的房间，后背紧紧抵住房门，身体顺着门板无力地滑落在地。
她大口大口地喘着粗气，胸口剧烈地起伏着。
直到此刻，她那擂鼓般的心跳，才稍稍平复了一些。
安全了……
主人没有醒过来。"
第179章 胡列娜傻眼：她弯道超车了？！,https://www.biquh.com/678_678189/65985948_5.html,"
可紧接着，一股更加强烈的燥热，从身体深处涌了上来。
之前被强行压下去的欲望，混合着劫后余生的后怕与刺激，此刻变本加厉地反扑了回来。
她的俏脸，红得几乎要滴出血来。
那双勾人的美眸，也蒙上了一层迷离的水雾。
身体……好热……
脑海中，不受控制地浮现出林枫那精壮完美的躯体，浮现出他那张俊朗慵懒的脸庞。
......
次日清晨。
林枫神清气爽地醒来，只觉得昨晚睡得格外香甜。
他打着哈欠走下楼，便看到三位女店员已经在一楼大厅里开始忙碌。
只是，眼前的场景有些古怪。
胡列娜和朱竹清，几乎是保持着同一个姿势，呆愣愣地站在原地。
两人的目光，都聚焦在不远处，那个正哼着小曲、悠闲擦着桌子的身影上。
朱竹云。
今天的她，和平日里有些不一样。
不，是极大的不一样！
她整个人都仿佛在发光。
肌肤细腻得吹弹可破，白皙中透着健康的粉嫩光泽，比最顶级的瓷器还要莹润。"
第179章 胡列娜傻眼：她弯道超车了？！,https://www.biquh.com/678_678189/65985948_6.html,"
整个人散发着一种……被精心灌溉过的饱满感。
对于自己身体的真实情况，林枫心里有数，因此并没有表现出什么大惊小怪。
他淡定，不代表别人也能淡定。
胡列娜心中的警铃，已经拉到了最高级别，发出了刺耳的轰鸣！
这才一个晚上！
就一个晚上而已！
这女人怎么跟脱胎换骨了一样？！
看着朱竹云那副红光满面、春情荡漾的模样，一个让胡列娜遍体生寒的念头，疯狂地涌上心头。
难道……
难道她昨天晚上，真的弯道超车，偷袭前辈成功了？！
而另一边，朱竹清的心里，则是一种更为复杂的古怪情绪。
姐姐她……真的成功了？
她真的把自己，献给了前辈？
看着姐姐脸上那从未有过的、发自内心的轻松与妩媚。
朱竹清的视线，在容光焕发的朱竹云身上，和神色平淡的林枫脸庞之间，来回移动。
不知为何，她的心底深处，竟也悄然闪过了一丝，连她自己都未曾察觉的期待与渴望。"
第180章 肥水不流外人田！姐姐带你一起上！,https://www.biquh.com/678_678189/65985949.html,"
待到林枫走下楼的那一刻。
三道声音几乎同时响起。
“前辈，早上好。”
“老板，早上好。”
“主……主人，早上好。”
胡列娜和朱竹清的问候一如既往，恭敬中带着亲近。
唯独朱竹云的声音，多了一丝若有若无的娇媚与……回味。
林枫的目光在三人脸上一扫而过，并没有在谁的身上多做停留。
他只是微笑着，对三人轻轻点了点头。
说完，便径直走向了柜台后，舒舒服服地坐下。
紧接着，一个与他一模一样的身影从他体内分离而出，面无表情地走进了后厨，开始准备今天的早餐。
这一套行云流水的操作，在三女眼中早已司空见惯。
但林枫那份不偏不倚、一视同仁的态度，落在不同人的眼中，却激起了完全不同的涟漪。
对胡列娜而言，这是前辈一贯的淡然，是强者风范。
可对朱竹云来说，这却是一个再好不过的信号。
没有特殊对待？
那才对！
这说明主人并没有因为昨晚的事情而对自己产生厌烦！"
第180章 肥水不流外人田！姐姐带你一起上！,https://www.biquh.com/678_678189/65985949_2.html,"
这就够了！
朱竹云心中最后一丝忐忑也烟消云散。
她非但没有丝毫失望，反而斗志昂扬。
既然主人已经主动开口让自己按过一次腰。
那作为一个有眼力见的下属，难道还需要主人次次都说出口吗？
不需要！
从今晚开始，为主人按摩，就将成为自己雷打不动的日常！
她相信，只要坚持下去，总有一天会“擦枪走火”！
想到这里，朱竹云擦拭桌子的动作都变得轻快了几分，嘴角那抹妩媚的笑意，怎么都藏不住。
而她这副春风得意的模样，自然也落入了胡列娜的眼中。
那抹笑容，像一根针，狠狠刺痛了胡列娜的眼睛。
不行，必须搞清楚昨晚到底发生了什么！
胡列娜心中警铃大作，她放下手中的抹布，莲步轻移，罕见地主动凑到了朱竹云的身边。
“竹云妹妹，今天气色不错呢。”
她的声音带着几分恰到好处的温柔，脸上也挂着完美的微笑，仿佛真的是一个关心妹妹的好姐姐。
“是遇到什么开心的事了吗？”
这番话，本意是想刺探虚实。"
第180章 肥水不流外人田！姐姐带你一起上！,https://www.biquh.com/678_678189/65985949_3.html,"
然而，胡列娜却低估了经历过昨晚“洗礼”的朱竹云，此刻的内心究竟有多么膨胀。
只见朱竹云停下手中的动作，好整以暇地转过身。
她望着胡列娜，眼神中带着一丝理所当然的玩味，轻启红唇，反问道：
“娜娜姐说笑了。”
“能够在前辈麾下工作，难道不已经是这世上最值得开心的事情了吗？”
“莫非……”
朱竹云微微歪了歪头，那双勾人的眸子微微眯起，话锋陡然变得锐利。
“姐姐你对现在的生活，还不满足？”
一句话，直接把胡列娜后面的所有说辞，都给堵死了！
你敢说不满足？
那就是对前辈不敬！
“你！”
胡列娜脸上的笑容瞬间僵住，一口银牙险些咬碎。
她怎么也没想到，这才一天不见，这只在她眼里的“肥猫”，竟然变得如此牙尖嘴利！
她压低了声音，几乎是从牙缝里挤出几个字。
“该死的偷腥猫！你明明知道我说的是什么意思！”
见到胡列娜这副气急败坏的模样，朱竹云嘴角的弧度，愈发讥诮。
她要的就是这个效果。"
第180章 肥水不流外人田！姐姐带你一起上！,https://www.biquh.com/678_678189/65985949_4.html,"
“哦~”
她故意拉长了语调，露出一副恍然大悟的表情。
“你说那个啊~”
朱竹云的目光，不着痕迹地瞥了一眼柜台后神情淡然的林枫。
然后，她缓缓凑到胡列娜的耳边。
用一种只有两人才能听见的，充满了无尽暧昧与回味的气息，轻声呢喃：
“主人的身体，真的很棒呢…..”
“我……都快要迷上那种感觉了。”
轰！
这句话，如同一道惊雷，在胡列娜的脑海中轰然炸响！
她整个人，都傻住了。
身……身体？
很棒？
迷上……那种感觉？
哪种感觉？！
一瞬间，无数让人脸红心跳的画面，不受控制地在胡列娜脑中疯狂闪现。
她瞪大了双眼，难以置信地看着朱竹云。"
第180章 肥水不流外人田！姐姐带你一起上！,https://www.biquh.com/678_678189/65985949_5.html,"
而朱竹云，在丢下这枚重磅炸弹后，却只是轻笑一声，便转身施施然地走开。
继续去擦拭另一张桌子，留给胡列娜一个摇曳生姿、充满胜利者味道的背影。
只剩下胡列娜一个人，僵在原地，如遭雷击。
她的胸膛剧烈起伏，原本白皙的俏脸，此刻一阵青一阵白，最后涨得通红。
是气的！
也是羞的！
该死的！
该死的朱竹云！
她居然！
她居然真的成功了！
胡列娜垂在身侧的粉拳，早已攥得发白，指甲深深陷入了掌心。
不行！
绝对不能就这么坐以待毙！
我也得有所行动了！
而另一边，朱竹云的内心，则是一片冷笑。
狐媚子，还想跟我斗？
你以为我会跟你说实话，告诉你我仅仅是给主人按了腰，只是身体接触了那么一会儿，就获得了天大的好处吗？
笑话！"
第180章 肥水不流外人田！姐姐带你一起上！,https://www.biquh.com/678_678189/65985949_6.html,"
这种能拉近与主人关系，又能提升自己的秘密，我怎么可能告诉你这个竞争者！
就让你自己胡思乱想，在嫉妒的火焰里煎熬吧！
朱竹云嘴角噙着胜利者的笑意，目光不经意间一转，落在了不远处的妹妹身上。
朱竹清正蹲在地上，拿着一块抹布，一丝不苟地擦着桌子腿。
连桌子腿背面的灰尘，她都用小手指一点一点地抠干净。
朱竹云眼角抽了抽。
我的傻妹妹啊。
这可是枫染亭！是能让封号斗罗都抢破头的神仙地界儿！
你不想着怎么往主人身边凑，不想着怎么为自己多争取点好处。
居然在这跟一条桌子腿较劲？
它难道还能给你开工资不成？
朱竹云一时又是好气又是好笑，但更多的，是一种发自内心的怜爱。
她太清楚自己这个妹妹了。
性子清冷，不善言辞，更不懂得去争抢。
以前，她没得选。
她只能逼着自己和争，去抢，去算计，尽自己最大的能力为妹妹拼出一条活路。
可现在不一样了。"
第180章 肥水不流外人田！姐姐带你一起上！,https://www.biquh.com/678_678189/65985949_7.html,"
她朱竹云，已经抱上了林枫这条世上最粗的大腿！
昨晚那被精纯生命能量洗涤全身的极致体验，现在回想起来，身体都还在发软。
那还仅仅只是……按摩啊！
一想到这，朱竹云的脸颊就忍不住发烫。
自己这个姐姐已经有了很好开始。
那么，拉自己这不开窍的妹妹一把，不也是理所应当的吗？
再说了，面对比比东那个强大的敌人，她们姐妹齐上阵，也更容易占到林枫心里更重要的位置不是？
与其便宜了胡列娜那只狐媚子，还不如培养自己的亲妹妹！
肥水不流外人田嘛。
对！
就这么办！
必须得找个机会，好好给竹清“传道授业”一番了！
让她明白明白，什么叫“女人的武器”！"
第181章 宁荣荣累到昏厥？抓唐昊？,https://www.biquh.com/678_678189/65985950.html,"
林枫的分身一如既往的稳定高效，很快，厨房里便飘出了诱人至极的香气。
不多时。
枫染亭那扇自动门便自动打开。
身着浅紫色长裙的比比东，迈着优雅的步伐走了进来，径直坐在了她的专属VIP座位上。
今天的早餐为：
九窍玲珑饺，皮薄如蝉翼，内里的馅料在晨光下闪烁着七彩琉光，宛如艺术品。
四海朝元粥，米粒颗颗饱满，粥水晶莹剔透，散发着一股能洗涤灵魂的清香。
然而，当比比东拿起汤匙，准备享用这人间至味时，她的动作，却微不可查地顿了一下。
她的目光，落在了坐在她对面的朱竹云身上。
她也同样发现，仅仅一夜未见的女人有了怎样的变化。
比比东那双深邃如紫晶的眸子，微微眯起，心中冷哼一声。
哼，得了些许雨露便以为能与皓月争辉了么？玩物罢了。
她什么也没说，什么也没问。
甚至连脸上的表情都没有丝毫变化。
她只是收回了目光，继续低头，用一种近乎虔诚的姿态，小口品尝着碗里的粥。
仿佛刚才那一眼，只是无意间的扫过。
可那股无形的，属于教皇的威压，却让朱竹云感到了不小的压力。
她知道。"
第181章 宁荣荣累到昏厥？抓唐昊？,https://www.biquh.com/678_678189/65985950_2.html,"
这位教皇，也发现自己的变化了。
果然，把妹妹绑上自己的战车得提上日程了。
也就在这时。
“翁——！”
饭店大门再次打开。
宁风致、剑斗罗、骨斗罗三人，以及千道流斗罗率领的一众武魂殿封号斗罗，浩浩荡荡地走了进来。
只是这群人的脸色，都有些古怪，个个顶着一层黑眼圈，像是熬了一宿。
尤其是骨斗罗和魔熊斗罗，两人走在最后面，一路走一路还在唾沫横飞地争执着什么。
“我说了！我们七宝琉璃宗富可敌国！”
骨斗罗梗着脖子，唾沫星子都快喷到魔熊斗罗脸上了。
“只要宗主一声令下，发动名下各大商会、拍卖行，不出三天，就能把唐昊那孙子藏在哪个耗子洞里都给翻出来！这效率，绝对比你们快！”
“放你娘的罗圈屁！”
魔熊斗罗瓮声瓮气地顶了回去，蒲扇般的大手挥舞着。
“我们武魂殿，在大陆上任何一个城，任何一个镇子，甚至是犄角旮旯的村子，都设有分殿子殿！”
“只要教皇冕下一声令下，一张搜捕令下去，那就是天罗地网！他唐昊就算变成一只苍蝇也飞不出去！论搜寻速度，你们七宝琉璃宗算个球！”
“你敢骂我们七宝琉璃宗？！”
“骂你怎么了？不服碰一碰？信不信老子今天还让你尝尝‘猴子偷桃’的滋味！”"
第181章 宁荣荣累到昏厥？抓唐昊？,https://www.biquh.com/678_678189/65985950_3.html,"
“你还敢提这事儿！魔熊我今天跟你拼了！”
眼看两人又要因为昨晚那点破事干起来，周围的封号斗罗们也是一阵头大。
最后，还是宁风致站了出来，脸上挂着温和的笑容，打断了这场闹剧。
“二位，稍安勿躁。”
他环视一圈，最终提出了一个建议。
“此事关乎前辈，我等在这里争执不休，实属不敬。”
“依我看，不如……就由前辈亲自来做定夺。”
这个提议一出，瞬间得到了所有人的一致认同。
对啊！
他们在这里吵个什么劲？
为谁办事？为前辈办事！
那由谁来办，自然也该由前辈说了算！
一瞬间，包括宁风致在内的所有身影，竟是齐刷刷地转身。
他们对着柜台后，那个正百无聊赖打着哈欠的身影，整齐划一地抱拳躬身。
动作之标准，神情之恭敬，仿佛排练了千百遍。
“请前辈做定夺！”
声如洪钟，震得比比东面前的粥都荡起一层涟漪。
这突如其来的一嗓子，也差点把正犯困的林枫给吓了一跳。"
第181章 宁荣荣累到昏厥？抓唐昊？,https://www.biquh.com/678_678189/65985950_4.html,"
他抬起眼皮，看着眼前这群人，脑门上缓缓冒出一个问号。
定夺？
我定夺你奶奶个腿儿啊！
你们踏马的吵了一路，起码也得让我知道你们在吵什么吧？
林枫心里疯狂吐槽。
但他脸上，却不能表现出丝毫的茫然。
身为一个隐世高人，怎么能问出“你们在说啥”这种掉价的话？
林枫眉头一皱，脸色沉了下去，一股无形的威压散开。
他用一种带着几分不耐和愠怒的语气，冷冷开口。
“你们，又在发什么神经！”
短短一句话，却让在场的所有人身体齐齐一震，脸上的表情瞬间就僵住了。
众人这才反应过来。
光顾着争功，竟然忘了跟前辈解释缘由！
这……这简直是大不敬！
一群人顿时尴尬得直咳嗽，老脸都有些发烫。
最终，还是金鳄斗罗硬着头皮，上前一步，恭恭敬敬地解释了来龙去脉。
原来，就在昨天林枫回房休息之后。"
第181章 宁荣荣累到昏厥？抓唐昊？,https://www.biquh.com/678_678189/65985950_5.html,"
他们这群人，一边享受着宁荣荣烤的串，一边商讨着关于搜寻并剿灭唐昊的行动计划。
所有人都一致认为，唐昊惊扰了朱云神使，便是冒犯了前辈的威严，此乃滔天死罪！
必须将他抓回来，明正典刑，以儆效尤！
只是，在具体由谁来执行“搜寻唐昊”这个过程上，武魂殿和七宝琉璃宗产生了巨大的分歧。
双方都认为，这是为前辈分忧解难的无上荣耀，谁也不肯让步。
结果，一顿烧烤吃到了天亮，他们也没商讨出个所以然来。
听到这里，林枫总算是明白了。
合着这帮人，是为了争着给自己当狗腿子，吵了一晚上？
这种能为自己排忧解难的功劳，他们谁都不想让给对方。
倒是一群“忠心耿耿”的好韭菜。
当然，相比于这个，林枫其实更关心另一个问题。
他的目光，在金鳄斗罗等人身上扫过，语气平淡地问道：
“你是说，你们的烧烤，一直吃到了天亮才结束？”
虽然烤串蕴含的能量远不如饭店里的正餐。
但你们这群人，把户外烧烤硬生生整成了通宵场，是不是也太离谱了点？
听到林枫这话。
在场的所有封号斗罗，包括金鳄斗罗在内，都不禁老脸一红。
一个个眼神躲闪，谁都没好意思开口。"
第181章 宁荣荣累到昏厥？抓唐昊？,https://www.biquh.com/678_678189/65985950_6.html,"
宁风致更是嘴角一抽，心中五味杂陈。
他们总不能说，要不是宁荣荣那小丫头体力太差，才烤了千八百串就直接累得口吐白沫，翻着白眼躺尸了。
他们这顿烧烤，怕是能直接吃到今天晚上！
见到这个任劳任怨的烧烤工具人差点当场报废，这群老家伙当时也吓了一跳。
为了以后还能长期吃上不糊的烤串，他们这才意犹未尽地结束了这场“会议”。
并且“大发慈悲”地在武魂殿给那小丫头找了个房间，把她丢进去休息了。
估计这会儿，那丫头还在呼呼大睡呢。
当然，对于这群人是不是吃了个通宵，林枫其实一点也不在乎。
反正又不是他亲自烤串，管这些干嘛？
林枫甚至对于唐昊死不死都不感兴趣！
一个堪称斗罗大陆最穷的封号斗罗，浑身上下估计连一顿一级菜单的饭钱都凑不出来。
不过，他眼角的余光瞥见了站在一旁的朱竹云，在听到“唐昊”的名字时，身子下意识地僵了一下。
对方都吓到自家小员工了，要是什么都不做，似乎又有点说不过去。
既然这样的话……"
第182章 武魂殿：汝妻子，前辈养之！,https://www.biquh.com/678_678189/65985951.html,"
（ps：155章朱竹云回到房间偷偷奖励自己的内容被删了）
林枫抬起眼皮，淡淡地摇了摇头。
“死，算不了什么。”
“而且，一个躲藏了十几年的虫子罢了，是死是活，我并不关心。”
此言一出。
整个枫染亭，落针可闻。
所有封号斗罗的脸上，都浮现出了一瞬间的愕然与不解。
不……不关心？
前辈这是什么意思？
难道，前辈要放过那个胆敢冒犯神使的唐昊？
这……这怎么可能！
以前辈那护短的性格，和那深不可测的行事风格，绝无放过敌人的道理！
一众封号斗罗面面相觑，都从对方眼中看到了浓浓的困惑。
死，算不了什么？
难道说……
在前辈的眼中，直接杀死唐昊，这种惩罚，实在太过仁慈，太过便宜他了？
对！
一定是这样！"
第182章 武魂殿：汝妻子，前辈养之！,https://www.biquh.com/678_678189/65985951_2.html,"
对于他们这些凡人来说，死亡已是终结。
但对于前辈这等存在而言，恐怕有千百种手段，能让人生不如死，让灵魂在无尽的痛苦中永世沉沦！
杀死唐昊，只能泄一时之愤。
而折磨唐昊，才是真正诛心的神罚！
一念及此，金鳄斗罗等人眼中的迷茫瞬间被一抹狠厉与期待所取代。
他们齐刷刷地抬起头，目光灼灼地望着林枫，准备聆听前辈准备用何等酷刑，来炮制那只不知死活的臭虫！
然而。
林枫在说完那句话后，却再没有了下文。
他的目光从众人身上移开，环顾了一下自己这间略显空旷的饭店大厅。
然后，他说了一句与刚才话题风马牛不相及的话。
“说起来……”
“我突然觉得，这枫染亭内，似乎少了些什么。”
林枫摸着下巴，语气随意。
“比如……一些能点缀环境的盆栽什么的。”
“……”
全场，再次陷入了一片死寂。
盆栽？"
第182章 武魂殿：汝妻子，前辈养之！,https://www.biquh.com/678_678189/65985951_3.html,"
这话题的跳跃幅度，差点闪了所有封号斗罗的老腰。
前一秒，还在讨论如何处置大陆头号通缉犯。
下一秒，怎么就跳到室内绿化上去了？
宁风致和剑斗罗等人，更是一脸的茫然。
前辈刚才还在说唐昊的事情，怎么突然就聊到种花了？
难道……这是某种他们无法理解的暗语？
可就在他们百思不得其解之时。
人群中的鬼斗罗，身体猛地一震！
他的瞳孔，剧烈收缩！
盆栽……植物……唐昊！
一道闪电，划破了他脑海中的所有迷雾！
他猛地转头，看向武魂殿所有封号斗罗，用一种急促到变调的语气传音道：
“蓝银皇！”
轰！
一时间，众人的原本因通宵而有些迟钝的大脑，瞬间清醒！
他们瞬间就明白了鬼斗罗的意思！
作为武魂殿的顶级高层，他们对当年那场惊天动地的追杀，对唐昊与那十万年魂兽蓝银皇之间的关系，自然是了如指掌！
他们知道，那株蓝银皇为唐昊献祭而亡。"
第182章 武魂殿：汝妻子，前辈养之！,https://www.biquh.com/678_678189/65985951_4.html,"
但他们同样清楚，蓝银草这种生物，生命力之顽强，冠绝植物系魂兽！
其中的皇者，蓝银皇，更是几乎不可能被真正意义上地彻底杀死！
只要留下一颗种子，一片根茎，便有再度复苏的可能！
所以，前辈的意思是……
一个让他们头皮发麻，却又兴奋到浑身战栗的念头，疯狂地在他们心中滋生！
前辈，这是要他们把唐昊的老婆挖过来，带回枫染亭……当盆栽啊！
不！
不对！
以常人的手段，或许只能做到这一步。
但以前辈那通天彻地的神能，恐怕……让那株蓝银皇再次复苏，甚至是重新化形成人，也不过是弹指一挥间的事情吧？
到那时……
金鳄斗罗的呼吸都变得粗重起来。
他已经能想象到那个画面了。
唐昊费尽千辛万苦，终于找到了枫染亭。
然后，他亲眼看到，自己心心念念、以为早已逝去的妻子，正穿着一身女仆装，在饭店里端茶倒水，甚至……还要对着他们这些仇人，露出职业的微笑！
而他唐昊，却连踏入饭店的资格都没有！
只能在门外，眼睁睁地看着这一切，无能狂怒！"
第182章 武魂殿：汝妻子，前辈养之！,https://www.biquh.com/678_678189/65985951_5.html,"
这……这简直就是世间最恶毒，也最绝妙的酷刑！
嘶——！
想明白这一点的瞬间，金鳄斗…罗、鬼斗罗、菊斗罗三人，齐齐倒吸了一口凉气，只觉得一股寒意从脚底板直冲天灵盖！
狠！
太狠了！
这已经不是诛心了！
这是要把唐昊的心挖出来，放在脚下反复践踏，再碾成齑粉啊！
这才是真正的杀人诛心！
可……
就只是为了折磨唐昊吗？
以他们对前辈的理解，总感觉，这背后还有更深的一层含义。
金鳄斗罗等人皱着眉头，总觉得好像忽略了什么关键。
直到……
一个他们一直以来都下意识回避，却又血淋淋存在的事实，浮现在脑海。
唐昊，就是一个彻头彻尾的疯子！
以前他躲在暗处，都敢突然冒出来袭击一下子殿分殿那些底层人员。
可现在，一旦他知道自己的老婆被前辈“请”来当了盆栽，被逼到绝路的狗，会做出什么事来？
他会发疯！"
第182章 武魂殿：汝妻子，前辈养之！,https://www.biquh.com/678_678189/65985951_6.html,"
他会不计一切代价，向武魂殿的低阶魂师，向那些手无寸铁的家眷，向那些遍布大陆的低级分殿，展开最血腥、最疯狂的报复！
到那时，他们这些强者固然不怕他，但底层人员的伤亡，将大到无法想象！
想通这一点的瞬间。
金鳄斗罗、鬼斗罗、魔熊斗罗……所有武魂殿的高层，身体齐齐一震！
他们只觉得一股电流从尾椎骨直冲天灵盖！
懂了！
他们终于懂了！
原来，前辈提出要“盆栽”的真正目的，根本不是为了折磨唐昊那个小丑！
而是为了……保护他们武魂殿啊！
只要蓝银皇在前辈手里，就等于给唐昊那条疯狗，套上了一条最坚固的狗链！
他敢乱咬人吗？
他不敢！
他要是敢动武魂殿一个普通人，前辈怕是能让他老婆的草叶，当做餐盘中的大到摆盘！
他们还在想着怎么报复敌人。
而前辈，却已经站在云端之上，用一种他们无法想象的慈悲，庇护着他们这些追随者最底层的成员！
这是何等的胸襟！
这是何等的温柔！"
第182章 武魂殿：汝妻子，前辈养之！,https://www.biquh.com/678_678189/65985951_7.html,"
在宁风致等人还在因为“盆栽”而满头雾水的时候，金鳄斗罗已经上前一步，对着林枫，深深地抱拳躬身，声音因为激动而微微颤抖。
“前辈深意，我等……明白了！”
“请前辈放心，我等必将为您寻来那株最合心意的‘盆栽’！”"
第183章 前辈，要不……先来五碗蛋炒饭？,https://www.biquh.com/678_678189/65985952.html,"
而另一边，宁风致、剑斗罗、骨斗罗三人，则彻底傻眼了。
他们看看一脸“我悟了”的武魂殿众人，又看看一脸风轻云淡的林枫。
脑子里全是浆糊。
盆栽？
法斯诺行省的小村落？
小惊喜？
这都什么跟什么啊？！
这暗语也太他妈高级了吧！怎么一个字都听不懂啊！
宁风致感觉自己引以为傲的智商，受到了前所未有的挑战。
他能感觉到，这“盆栽”二字背后，绝对隐藏着一个惊天动地的大秘密！
而且这个秘密，武魂殿的人知道，但他不知道！
这还得了？
这岂不是意味着，在前辈的心里，他七宝琉璃宗的地位，已经远远落后于武魂殿了？
不行！绝对不行！
他也得赶紧表个态什么的！
可还不等宁风致有所行动，林枫看着金鳄斗罗那副“我悟了”的表情，心中欣慰地点了点头。
不错。
这群韭菜的领悟能力，是越来越强了。"
第183章 前辈，要不……先来五碗蛋炒饭？,https://www.biquh.com/678_678189/65985952_2.html,"
都不用自己把话说透，就能主动把事情给办了。
省心。
当然，他也知道，满大陆去找一株草，无异于大海捞针。
自己这个老板，也不能太苛刻。
于是，他想了想，还是决定给他们一点小小的提示。
林枫端起桌上的茶杯，轻轻吹了口气，状似随意地提点道：
“多在法斯诺行省的周边小村落里搜索。”
“另外……”
他放下茶杯，嘴角勾起一抹意味深长的弧度。
“发现她的时候，让你们的人也多在周围仔细搜索一下。”
“或许，会有小惊喜的。”
林枫记得很清楚。
唐昊那个穷鬼，把老婆的真身，和当年阿银献祭后留下的那块十万年右腿骨，都藏在了一起。
找到蓝银皇，只要不是瞎子，那块魂骨，基本上也就等于白送。
小惊喜？
林枫这轻飘飘的一句话，落入众人耳中，却掀起了截然不同的波澜。
宁风致和剑斗罗、骨斗罗三人，脸上都下意识露出喜色。"
第183章 前辈，要不……先来五碗蛋炒饭？,https://www.biquh.com/678_678189/65985952_3.html,"
在他们看来，这无疑是前辈对他们这些追随者的慷慨馈赠。
能让前辈称之为“惊喜”的东西，那必然是惊世骇俗的重宝！
然而。
他们脸上的笑容还没来得及完全绽放，就僵住了。
因为他们发现，以金鳄斗罗为首的一众武魂殿封号斗罗，脸上的表情，非但没有半点惊喜，反而变得前所未有的肃穆与虔诚！
尤其是金鳄斗罗。
他那张本就威严的脸上，此刻写满了凝重，眼神中甚至带着一丝……被考验的觉悟。
“小惊喜？”
金鳄斗罗在心中咀嚼着这三个字，只觉得每一个字都重如山岳！
不对！
味道不对！
前辈的心思，岂是他们这些凡人能够轻易揣度的！
这哪里是什么惊喜！
这分明是前辈对他们忠诚度的又一次考验啊！
前辈将如此重要的线索告诉他们，若是他们真的起了贪念，将那“惊喜”据为己有……
那后果，金鳄斗…罗不敢想！
他几乎可以预见，如果他们真的起了贪念，将那“惊喜”私吞。
那么等待他们的，绝不是什么好下场！"
第183章 前辈，要不……先来五碗蛋炒饭？,https://www.biquh.com/678_678189/65985952_4.html,"
或许前辈不会直接出手抹杀他们。
但那种被彻底无视，被剥夺踏入枫染亭资格的冷遇，比杀了他们还要难受一万倍！
到那时，他们武魂殿，将彻底失去这通天的仙缘！
金鳄斗罗深吸一口气，没有丝毫犹豫，对着林枫，深深地、郑重地抱拳躬身，声音铿锵有力，掷地有声！
“前辈明鉴！”
“我等此行，只为替前辈分忧，寻来那株合您心意的‘盆栽’！”
“至于那所谓的‘惊喜’……”
金鳄斗罗抬起头，目光灼热而坚定，充满了不容置疑的决绝！
“那不是我等的惊喜！”
“那是前辈的战利品！是我等，即将为您献上的贡品！”
“我等在此立誓，无论是那株‘盆栽’，还是那份‘惊喜’，我武魂殿绝不敢有半分染指之心！必将完完整整，恭恭敬敬地，送到您的面前！”
轰！
这番话，让宁风致三人，彻底傻眼了。
尤其是宁风致，他脸上的笑容已经完全凝固，取而代之的，是无尽的错愕与骇然。
他看着金鳄斗罗那副理所当然、忠心耿耿的模样，再看看自己刚才那一闪而逝的贪念……
宁风致只觉得自己的脸颊，火辣辣的疼！
这就是差距啊！"
第183章 前辈，要不……先来五碗蛋炒饭？,https://www.biquh.com/678_678189/65985952_5.html,"
这一刻，宁风致终于深刻地意识到，他想要带领七宝琉璃宗挤进前辈的核心圈子，要走的路，还很长很长……
他看向金鳄斗罗的眼神，第一次，带上了一丝由衷的敬佩。
这帮莽夫，在抱大腿这件事上，觉悟是真的高！
林枫看着金鳄斗罗那副恨不得把心掏出来表忠心的模样，心中多少有些无语。
不就是让你们去找株草，顺便捡个骨头。
至于吗？
林枫也没说什么，只是淡淡的发出一个“嗯”字。
仅仅一个音节，却让金鳄斗罗整个人都放松了下来。
随后他便猛的转身，目光如电，扫过身后除了千道流外的所有封号斗罗。
“还愣着干什么！”
“前辈已经为我等指明目标，立刻调动武魂城一切可以调动的力量，前往法斯诺行省！完成前辈的嘱托！”
“是！”
十数位封号斗罗轰然应诺，转身便大步流星地朝外走去，连今天的饭都顾不上吃了。
那股子雷厉风行的劲头，看得林枫眼皮直跳。
不是？
这就走了？
林枫人傻了。
他脑子里的小算盘瞬间开始疯狂拨动。"
第183章 前辈，要不……先来五碗蛋炒饭？,https://www.biquh.com/678_678189/65985952_6.html,"
一个封号斗罗，按平均消费算，就是三万金魂币左右。
十几个封号斗罗，那就是三四十万金魂币！
兑换成美食积分，那也是三四万啊！
就这么……没了？
林枫的心，当场就开始滴血。
我辛辛苦苦给你们指条明路，你们连饭都不吃就跑了？
有没有点职业道德啊！
你们是来给我送钱的韭菜！不是来听我讲课的学生！
搞清楚自己的定位行不行！
林枫的内心在咆哮，面子上却依旧稳如泰山，甚至还因为心痛而显得愈发高深莫测。
然而，跑掉的还不止武魂殿的人。
宁风致他们也反应过来了，虽然没搞懂“盆栽”是啥，但跟着武魂殿这帮舔狗卷就对了！
“前辈，我们也去帮忙！”
宁风致丢下一句，也带着剑斗罗和骨斗罗火急火燎地追了出去。
生怕去晚了，连汤都喝不上。
转眼间。
刚才还闹哄哄的饭店，彻底安静了。"
第183章 前辈，要不……先来五碗蛋炒饭？,https://www.biquh.com/678_678189/65985952_7.html,"
只剩下站在门口，身姿挺拔如松，表情却无比尴尬的保安大爷千道流。
以及他身边，一脸懵逼，完全没搞懂状况的孙女千仞雪。
祖孙俩大眼瞪小眼。
空气中，弥漫着一股难以言喻的寂静。
千道流感觉自己脸上火辣辣的。
他清了清嗓子，试图打破这死一般的寂静。
那声音在空旷的大厅里，甚至带上了一丝回音。
他硬着头皮，露出了一个讨好的、无比恭敬的笑容，小心翼翼地开口。
“前……前辈……”
“那什么……要不，先来五碗蛋炒饭？”"
第184章 史上最强挖盆栽天团，出发！,https://www.biquh.com/678_678189/65985953.html,"
“金鳄前辈，且慢！”
听到声音，金鳄斗罗停下脚步，回头瞥了宁风致一眼，眼神里带着几分毫不掩饰的优越感和警惕。
“宁宗主，还有何事？”
这语气，翻译过来就是：有屁快放，别耽误我们去为前辈办事。
宁风致也不恼，脸上依旧挂着温和的笑容。
“金鳄前辈，这为前辈寻觅‘盆栽’一事，事关重大。”
“我七宝琉璃宗虽不比武魂殿人多势众，但在财力与情报网方面，也还算有些独到之处。”
“不如，就由我等也尽一份绵薄之力，如何？”
这话说得谦逊，但意思很明确：这趟车，我们跟定了！
金鳄斗罗闻言，眉头一皱。
他下意识就想拒绝。
开什么玩笑？
这可是前辈交代给我们武魂殿的无上荣耀，凭什么分你们一杯羹？
可话到嘴边，他又咽了回去。
前辈刚才，似乎并没有明确说，这件事只许他们武魂殿去做。
而且……宁风致说的也有道理。
有他们加入，搜索效率，也会快上一些。
早一天找到“盆栽”和“小惊喜”，就能早一天让前辈开心。"
第184章 史上最强挖盆栽天团，出发！,https://www.biquh.com/678_678189/65985953_2.html,"
这才是最重要的！
跟让前辈开心比起来，独吞功劳这种事，格局就小了！
想通了这一层，金鳄斗罗的脸色缓和了不少，但语气还是带着一股子“我是老大你靠边”的味儿。
“宁宗主有心了。”
“既然如此，那便一同前往。”
他顿了顿，眼神陡然变得锋利。
“不过，丑话说在前头，这次行动，一切由我武魂殿主导！你们七宝琉璃宗，只负责协助！”
“若是谁在途中拖了后腿，或是自作主张，坏了前辈的大事……”
金鳄斗罗眼中寒光一闪，杀气毫不掩饰。
“休怪老夫翻脸不认人！”
这话，就是在敲打宁风致，让他搞清楚自己的定位。
想入伙可以，但你得当小弟！
宁风致闻言，心中非但不怒，反而大喜。
成了！
要的就是你这句话！
他就怕金鳄斗罗这帮莽夫不带他玩！
至于谁主导？"
第184章 史上最强挖盆栽天团，出发！,https://www.biquh.com/678_678189/65985953_3.html,"
这重要吗？
只要能参与进为前辈办事的项目里，别说当小弟，就是当孙子他都认！
“前辈面前，岂敢分什么主次。”宁风致立刻摆出一副“您说得都对”的表情，躬身道：“一切全凭金鳄前辈做主！”
这谦卑的态度，让金鳄斗罗心里舒坦了不少。
算你这老狐狸识相。
“嗯。”金鳄斗罗满意地点了点头，大手一挥，如同发号施令的将军，“走！边走边议！”
......
与此同时，武魂城外几十里的一处密林中。
刚把玉小刚这个“快递”丢下的唐昊，突然没来由地打了个冷战。
一股心悸感毫无征兆地涌上心头。
“嗯？”
唐昊猛地停下脚步，眼神瞬间锐利起来，环顾四周。
身为曾经最年轻的封号斗罗，他对自己的战斗直觉，有着绝对的自信。
到了他们这个层次的强者，对于危险的预感，往往比任何情报都要准确！
“不好！”
唐昊的瞳孔骤然收缩，脑海中瞬间闪过无数种可能。
武魂殿！
一定是武魂殿！"
第184章 史上最强挖盆栽天团，出发！,https://www.biquh.com/678_678189/65985953_4.html,"
宁风致那个混蛋，绝对是把自己出现在武魂城附近的消息，告诉了那帮杂碎！
他们现在，肯定已经布下了天罗地网，就等着自己一头撞进去！
唐昊的后背，瞬间被冷汗浸湿。
他毫不怀疑，以武魂殿对自己的恨意，这次出动的，绝对不止一两个封号斗罗那么简单。
不行！
必须立刻离开这里！
武魂城附近，已经成了龙潭虎穴，绝不可再靠近分毫！
唐昊的大脑飞速运转，瞬间便做出了决断。
去哪？
大陆虽大，但对于他这个被整个武魂殿通缉的头号要犯来说，真正安全的地方，寥寥无几。
一个念头，几乎是本能地从他心底最深处浮现出来。
圣魂村！
那个他躲藏了整整十二年的地方！
那个藏着他一生挚爱的地方！
唐昊的眼中，闪过一抹旁人难以察觉的温柔与怀念。
阿银……
他已经有好一段时间，没有回去看她了。"
第184章 史上最强挖盆栽天团，出发！,https://www.biquh.com/678_678189/65985953_5.html,"
既然这两天不适合前往武魂城，那不如趁此机会，好好陪陪阿银。
那里，才是自己最安全的港湾。
没有人知道那个地方。
那是只属于他和阿银的秘密。
想到这里，唐昊心中那股不安与悸动，都仿佛被抚平了不少。
他深吸一口气，辨认了一下方向，眼神重新变得坚定而冷冽。
武魂殿，你们以为我会跟你们硬碰硬吗？
错！
我昊天斗罗，早就不再是当年的愣头青了！
这波，就叫战略性转移！
“武魂殿！暂时就放你们一马！”
对着空气丢下一句狠话，唐昊再不迟疑。
他催动魂力，整个人如同一颗出膛的炮弹，朝着法斯诺行省的方向，急速掠去。
只是他不知道的是。
在他所去的方向上，十几道足以让整个大陆为之颤抖的气息，正组成一个浩浩荡荡的“旅游团”，朝着同一个目的地，出发了。
他们的目标很明确。
——挖盆栽！
......."
第184章 史上最强挖盆栽天团，出发！,https://www.biquh.com/678_678189/65985953_6.html,"
为千道流祖孙俩上了菜，枫染亭内，总算迎来了真正意义上的清闲。
胡列娜、朱竹清、朱竹云三位女服务员，也难得地无事可做。
朱竹云没有丝毫迟疑，迈着摇曳生姿的步伐，熟稔地走到了林枫的身后揉捏肩膀。
那双勾人的眸子，此刻像是浸在水里的黑曜石，亮晶晶的。
她一边按摩，一边用眼角的余光，挑衅似的瞥了一眼不远处的胡列娜。
那眼神仿佛在说：看到了吗？这，才是胜利者的姿态。
胡列娜的贝齿，几乎要将自己的嘴唇咬破。
她站在原地，双手紧紧攥着衣角，一张俏脸涨得通红。
欲言又止。
她也想像朱竹云那样，主动凑到前辈身边去。
可……可她就是害羞啊！
但朱竹云的目光一转，落在了大厅的另一个方向，她脸上的笑容顿时就僵住了。
此时的朱竹清拿着拖把，正一丝不苟地，将一块本就一尘不染的地砖，反复擦拭得能照出人影。
朱竹云眼角狠狠一抽。
一股恨铁不成钢的无名火，“噌”地一下就冒了上来。
拖地！
还在拖地！"
第184章 史上最强挖盆栽天团，出发！,https://www.biquh.com/678_678189/65985953_7.html,"
这地板都被你盘出包浆了！
朱竹云强忍着一巴掌拍在妹妹屁股上的冲动，硬生生从脸上挤出一个自认为最温柔和善的笑容。
“妹妹。”
朱竹清闻声抬起头，那张清冷的小脸上带着一丝疑惑。
“姐姐？”
朱竹云扬了扬雪白的下巴，用一种不容置疑，却又带着循循善诱的语气，柔声说道：
“过来~”
“给前辈捶捶腿......”"
第185章 胡列娜：姐妹盖饭？朱竹清开窍了！,https://www.biquh.com/678_678189/65985954.html,"
朱竹云的话一出口，空气都变得黏稠了几分。
林枫靠在椅子上，享受着身后那恰到好处的力道，以及那柔软的触感。
听到朱竹云的话，他心里更是忍不住发出一声感叹。
瞧瞧！
这是什么神仙员工！
不仅自己业务能力强，懂得主动为老板分忧解难。
现在甚至还懂得主动开发新员工的潜力，为老板提供增值服务！
这觉悟！
这眼力见！
简直是所有老板梦寐以求的完美下属！
林枫已经在心里盘算着，是不是该给朱竹云升个职，提拔成自己的贴身秘书了。
而他身侧不远处的胡列娜，脸上的微笑已经快要维持不住了。
她整个人都处于一种即将破防的边缘。
这只死猫！
这只不知羞耻的偷腥猫！
她自己爬上主人的床也就罢了，现在居然还想把自己的亲妹妹也一起拉上去？
她想干什么？
难不成……她还想给前辈喂“姐妹盖饭”不成？！"
第185章 胡列娜：姐妹盖饭？朱竹清开窍了！,https://www.biquh.com/678_678189/65985954_2.html,"
一想到那个香艳、糜烂、却又让人面红耳赤的场景，胡列娜就感觉自己的脑袋“嗡”的一声，一股热血直冲天灵盖，脸颊烫得像是要烧起来。
这世上怎么会有如此不知廉耻的女人！
简直……简直恬不知耻！
然而，作为风暴中心的另一个主角，朱竹清，此刻却是一脸的茫然。
她停下了手中的动作，抬起那张清冷绝美的小脸，湛蓝色的眸子里，写满了纯粹的困惑。
捶腿？
我的工作，不是负责打扫卫生和收拾碗筷吗？
为什么姐姐现在又让自己去给老板捶腿？
而且……姐姐刚才的语气，好奇怪。
感觉她好像是在暗示自己什么，但自己又体会不来。
朱竹清的目光，下意识地飘向了柜台后。
那个男人依旧是一副风轻云淡的模样，闭着眼睛，似乎在享受着身后姐姐的服务。
而他身后的姐姐，不知何时，脸上的妩媚之色愈发浓郁，那双勾人的眸子水汪汪的，甚至还对她挑了挑眉。
看着这一幕，朱竹清的心跳，没来由地漏了一拍。
一丝若有若无的羞涩，悄然爬上了她雪白的耳根。
倒不是说她不愿意。
只是……她总感觉，这不仅仅是捶腿那么简单。"
第185章 胡列娜：姐妹盖饭？朱竹清开窍了！,https://www.biquh.com/678_678189/65985954_3.html,"
这更像是一个开始。
一个……她无法预料，却又让她本能地感到紧张与期待的，了不得的开始。
这让她……有些不知所措。
似乎只要她迈出这一步，某种无形的界线，就会被逐渐打破。
看着妹妹那副呆头呆脑，不开窍的模样，朱竹云心里的无名火“噌”的一下又冒了起来。
这个傻丫头！
机会都送到你嘴边了，你居然还在犹豫？
你难道看不出来，这枫染亭里，竞争有多激烈吗？
胡列娜那只狐媚子虎视眈眈，连教皇都亲自下场了！
日后前辈的存在传遍大陆，届时该会有不知多少颜值身段儿都不输我们姐妹的女人想要爬上前辈的床！
你居然还不把这第一批员工的优势利用起来！
咱俩不过是刚从地狱里爬出来的两个小可怜。
再不主动点，以后连汤都喝不上一口热的！
朱竹云深吸一口气，压下心中的火气。
她知道，对付自己这个妹妹，不能操之过急。
她脸上重新挂上了温柔的笑容，语气也变得循循善诱。
“竹清，你在想什么呢？”
“为前辈分忧，本就是我们分内之事。”"
第185章 胡列娜：姐妹盖饭？朱竹清开窍了！,https://www.biquh.com/678_678189/65985954_4.html,"
“你看我，在为前辈按肩，你过来为前辈捶捶腿，不是正合适吗？”
这话说得合情合理，让朱竹清一时间竟找不到反驳的理由。
可她心底的那份迟疑，依旧没有消散。
看着妹妹那依旧犹豫不决的眼神，朱竹云的耐心，终于消磨殆尽。
她脸上的笑容缓缓收敛，取而代之的，是一种复杂难明的神色。
有失望，有痛心，但更多的，是一丝冰冷的警告。
她的声音压得很低，带着一丝只有两姐妹才能听懂的，隐晦的寒意。
“竹清。”
“你是不是觉得，现在这种安稳的日子，太过平淡乏味了？”
朱竹清的身体，猛地一僵。
只听见朱竹云那幽幽的声音，再次响起。
“还是说……”
“你想回到朱家，回到以前的那种日子？”
轰——！
“以前”这两个字，像是一柄千钧重锤，狠狠砸在了朱竹清的心上。
她的瞳孔，骤然收缩！
那张清冷的小脸，瞬间血色尽失！"
第185章 胡列娜：姐妹盖饭？朱竹清开窍了！,https://www.biquh.com/678_678189/65985954_5.html,"
回到以前？
回到那个每天都活在死亡阴影下，连睡个安稳觉都是奢望的地方？
回到那个姐妹之间必须兵戎相见，不死不休的修罗场？
不！
不要！
她怕了！
她真的怕了！
在枫染亭这几天安稳、平静，甚至可以说是幸福的日子，已经让她再也无法忍受过去那种绝望的生活。
她看着姐姐那双看似平静，实则带着一丝急切与警告的眼眸，瞬间什么都明白了。
姐姐……都是为了自己好！
她所做的一切，都是为了让她们姐妹俩，能更安稳地留在这个天堂般的地方！
而自己，刚才竟然还在犹豫？还在扭捏？
朱竹清，你真是个傻瓜！
彻骨的恐惧，在瞬间转化为了前所未有的清醒与决然。
她现在严重怀疑，自己是不是因为过去那六年的压迫，真的变傻了。
不然怎么会不明白，自己现在服侍的，究竟是怎样一位伟大的存在？
别说只是捶腿揉肩了！
就算……"
第185章 胡列娜：姐妹盖饭？朱竹清开窍了！,https://www.biquh.com/678_678189/65985954_6.html,"
就算被这位存在当成一只宠物来豢养，想起时便宠幸一下，那也是外界无数女性都梦寐以求，羡慕不来的无上荣光啊！
想通了这一切，朱竹清不再有丝毫的迟疑。
在朱竹云欣慰和胡列娜惊愕的注视下。
她丢下手中的拖把，深吸了一口气，迈步朝着林枫走去。
她学着姐姐的样子，对着林枫微微躬身，声音因为紧张而带着一丝微不可查的颤抖。
“我……我会好好努力的。”
“主……主人……”
当“主人”这两个字从自己口中说出的瞬间，一股强烈的羞耻感瞬间传遍了全身。
朱竹清的脸颊，腾地一下就红了，一直蔓延到雪白的脖颈和精致的耳根。
她下意识地低下头，想要看看自己的脚尖，来缓解这令人窒息的尴尬。
好吧。
她和姐姐一样，都看不见自己的脚尖。
这小小的发现，非但没能缓解她的窘迫，反而让她的脸更烫了。
然而，接下来她做出的动作，却让朱竹云和胡列娜，齐齐愣在了原地。"
第186章 黑丝美腿当脚凳，踩雷的千仞雪！,https://www.biquh.com/678_678189/65985955.html,"
只见朱竹清取来一个和宁荣荣烤串时坐的同款小马扎，放到林枫脚边坐了下去。
在胡列娜那几乎要瞪出来的眼珠子注视下，朱竹清红着脸，颤抖着伸出双手。
她小心翼翼地，托起了林枫搭在脚凳上的一条腿。
然后……
她轻轻地，将林枫的小腿，安放在了自己那被顶级黑丝包裹着、丰腴而充满惊人弹性的浑圆大腿上。
丝袜那细腻顺滑的触感，隔着裤腿传来，伴随着少女大腿惊人的柔软与温热，让闭目养神的林枫都忍不住在心底发出一声惬意的喟叹。
做完这一切，她才像是用尽了全身的力气，红着脸，低下头，用两只小拳头，不轻不重地开始捶打起来。
朱竹云看着妹妹这一连串堪称“天赋异禀”的操作，整个人都看傻了。
随即，那双勾人的美眸中，爆发出难以抑制的惊喜与赞许。
不错！
不错啊！
自己这个傻妹妹，竟然都不需要自己提点，就知道该怎么更进一步地“讨好”主人！
而另一边的胡列娜，则彻底破防了！
她瞪圆了那双妩媚的桃花眼，胸膛剧烈地起伏着，一口银牙险些咬碎！
好啊！
好你个朱竹清！
原本她还觉得这个妹妹只是个清冷单纯的小白兔，和那只野心勃勃的死猫不一样。
结果到头来才发现！"
第186章 黑丝美腿当脚凳，踩雷的千仞雪！,https://www.biquh.com/678_678189/65985955_2.html,"
这哪里是小白兔！
这分明是一只更懂得如何伪装自己的小野猫！
玩起这一套来，竟然如此的熟练，如此的……不知羞耻！
一个朱竹云已经够让她头疼了。
现在又来一个看似清纯，实则更会玩的朱竹清！
这姐妹俩联起手来，自己还有机会获得前辈的宠爱吗？！
胡列娜的内心，一片哀嚎。
......
待到千道流心满意足地干完最后一勺蛋炒饭，再次抽中一份天使神灵魂碎片融入天使神像后，他整个人都快飘了起来。
在对林枫进行了一番感恩戴德的朝拜后，这位大供奉才一脸荣光地回到饭店门口，继续他那神圣而伟大的保安工作。
林枫百无聊赖地靠在柜台后的椅子上，感受着恢复到了刚开业那两天的清冷，还真有那么点不适应。
不过，和当初的孤家寡人相比，现在的生活质量已然是天壤之别。
身后，是朱竹云那双柔若无骨的小手，正以一种极其专业的手法揉捏着他的肩膀。
那恰到好处的力道，以及身体接触时传来的惊人弹性，让他紧绷的神经都舒缓了不少。
身前，是朱竹清那张清冷绝美的小脸，此刻正红扑扑地低着。
将他的一条小腿放在自己那包裹着黑丝的大腿上，用两只小拳头认真地捶打着。每一次敲击，都能感受到那惊心动魄的震颤。
偶尔抬眼，还能欣赏到不远处胡列娜那副气鼓鼓、敢怒不敢言的幽怨表情。"
第186章 黑丝美腿当脚凳，踩雷的千仞雪！,https://www.biquh.com/678_678189/65985955_3.html,"
这种腐败的生活，林枫表示，还能再忍受个几万年。
当然，现场的火药味，可不止弥漫在三位女服务员之间。
另一张桌子上，气氛同样剑拔弩张。
千仞雪坐在距离比比东不远的位置，她没有去看那对卖力表现的朱家姐妹，而是将目光锁定在了自己的母亲身上。
此刻的比比东，正单手托着香腮，那双雍容华贵的紫晶美眸，一眨不眨地盯着林枫。
眼神里，是毫不掩饰的痴迷与欣赏。
那架势，就差没把我想给前辈生孩子写在脸上了！
不行！绝对不行！
千仞雪端起面前的茶杯，轻轻抿了一口，用一种看似随意的语气，打破了这份宁静。
“怎么？”
“难不成我们堂堂的教皇冕下，也要亲自下场，和那两个小丫头去抢一个服侍前辈的位置吗？”
然而。
比比东却仿佛没听见一般。
她甚至连眼皮都没抬一下，依旧痴痴地望着林枫，仿佛那个男人就是她的全世界。
这种被彻底无视的态度，让千仞雪心中的火气，腾地一下就上来了。
她冷笑一声，声音也拔高了几分。
“要我说，你还是趁早放弃一些不切实际的想法吧。”
“这几个小丫头的手段虽然低级了点，但是，她们身上可是有好几种你无论如何也比不上的优势。”"
第186章 黑丝美腿当脚凳，踩雷的千仞雪！,https://www.biquh.com/678_678189/65985955_4.html,"
这句话，总算让比比东有了反应。
她缓缓转过头，那双深邃如紫晶的眸子微微眯起，瞥了千仞雪一眼，嘴角带着一丝居高临下的轻蔑。
“哦？”
“那你倒是说说看，她们身上有什么，是本座都比不过的？”
来了！
千仞雪笑了，笑得无比讽刺。
她慢条斯理地放下茶杯，目光在朱家姐妹那青春饱满的身体上扫过，然后才看向比比东，故意拉长了语调。
“哦~也没什么。”
“也不过是……人家年轻一些罢了。”
千仞雪的声音，带着一种刻意的天真与咏叹。
“正是娇嫩似花，含苞待放的时候。”
“而不像某些人，虽然虽然风韵犹存......”
她故意顿了顿，眼神里的讥诮毫不掩饰。
“但也快到人老珠黄的年纪了吧？”
嘎吱~
比比东的双拳狠狠攥紧，几乎要咬碎一口银牙！
年龄！这是所有女人都无法触碰的禁区！"
第186章 黑丝美腿当脚凳，踩雷的千仞雪！,https://www.biquh.com/678_678189/65985955_5.html,"
哪怕是她这个教皇也不例外。
千仞雪看着母亲那瞬间黑下去的脸，心中一阵快意。
但她知道，这还不够。
必须下一剂猛药，彻底断了她的念想！
可她却不知道，自己竟是在毫不知情的情况下，揭开了对方内心深处最不愿意不愿提起的伤疤。
“而且啊……”
“不管人家再怎么说，那也都是货真价实的……”
她故意顿了顿，目光在比比东和千仞雪自己身上来回扫视了一眼，才慢悠悠地吐出那最诛心的几个字。
“……黄花大闺女。”
话音未落。
千仞雪甚至都不需要把接下来的话说完。
那未尽之语背后的含义，已经像一记最响亮的耳光，狠狠抽在了比比东的脸上！
你在骂我？
你在骂我是个残花败柳？！
轰——！
那一瞬间，比比东的脑海，一片空白。
所有的理智，所有的威严，所有的城府……
在这一刻，尽数崩塌！"
第186章 黑丝美腿当脚凳，踩雷的千仞雪！,https://www.biquh.com/678_678189/65985955_6.html,"
一股无法抑制的，冰冷到极致的杀意，如同火山般轰然爆发！
“你！找！死！”
比比东猛地站起身，眼中紫光爆射，周围的空气瞬间凝固！
她甚至没有召唤武魂！
只是右手向前一探！
嗡！
魂力奔涌，一只闪烁着幽紫色光芒，狰狞可怖的蛛矛，瞬间在她的掌心凝聚成型！
那蛛矛之上，萦绕着足以让封号斗罗都为之色变的剧毒与杀气！
没有丝毫犹豫！
没有半分留情！
那记狠辣无匹的蛛矛，带起一道尖锐的破空声，撕裂空气，直直地朝着千仞雪那张惊愕的俏脸，狠狠扎去！
这一击，她用了十成的力！
她要撕碎这张嘴！
她要毁掉这张脸！
她要杀了这个敢于揭开她最血腥伤疤的孽种！"
第187章 疯批教皇在线弑女？混乱的家庭伦理剧！,https://www.biquh.com/678_678189/65985956.html,"
完了！
死亡的气息，如同一张冰冷的蛛网，瞬间将千仞雪笼罩。
那闪烁着幽紫色邪光的蛛矛，在她纯金色的瞳孔中急速放大，矛尖上凝聚的杀意，仿佛已经刺穿了她的灵魂。
千仞雪的脸色，在一刹那间褪去了所有血色，变得惨白如纸。
她的大脑，一片空白。
怎么会这样？
她不明白。
自己不过是说出了一个事实，不过是想用言语刺痛她，劝她放弃那些不切实际的幻想。
为什么？
为什么自己的母亲，就真的会毫不留情地……要杀了自己？
就在那蛛矛即将刺穿她眉心，将她的头颅像西瓜一样爆开的前一刹那。
“锵——！”
一声清脆刺耳的金铁交鸣之声，在她的耳畔轰然炸响！
紧接着一股温和而圣洁的力量，将她整个人向后猛地一拉。
千仞雪眼神重新聚焦看到的，是自己爷爷那高大而坚毅的背影。
千道流单手将她护在身后，另一只手中，不知何时已经多了一柄由纯粹光元素凝聚而成的天使圣剑。
剑身之上，圣光流转，堪堪架住了那几乎要贴到千仞雪鼻尖的狰狞蛛矛。
门外站岗的千道流，在千仞雪说出那句诛心之语的瞬间，就暗道一声“不好”！"
第187章 疯批教皇在线弑女？混乱的家庭伦理剧！,https://www.biquh.com/678_678189/65985956_2.html,"
他太了解比比东了！
也太了解那段往事对她而言，意味着何等不可触碰的禁忌！
他几乎是在第一时间就凝聚出了天使圣剑，做好了随时冲进来救人的准备。
饶是如此，也仅仅是险之又险地，在那记足以瞬间要了千仞雪性命的蛛矛刺穿她头颅之前，将其拦了下来。
这突如其来的一幕，实在太过惊世骇俗。
林枫身后，正在卖力按摩的朱竹云，和腿上正枕着一条腿认真捶打的朱竹清，两姐妹手上的动作都僵在了原地，脸上写满了惊恐与不敢置信。
教皇冕下……居然在前辈的店里，对自己的女儿下死手？！
见到自己的一击被挡下，比比东眼中的怒火，仿佛被浇上了一勺滚油，“噌”的一下，燃烧得更加旺盛。
“老东西！你给我滚开！”
她的声音不再像之前那般平静，而是充满了怨毒与疯狂，尖锐得刺耳。
“我今天，一定要让这个孽种，在这个世界上彻底消失！”
“孽种……”
那一句冰冷刺骨的“孽种”，像是一把最锋利的刀子，狠狠捅进了千仞雪的心脏。
她被千道流护在身后，看着比比东那张因极致的愤怒而扭曲的脸，看着她那双充满了憎恶与杀意的眼眸。
一股难以言喻的讽刺与悲凉，瞬间淹没了她。
她本以为，经过这几天的相处，虽然依旧是拌嘴居多，但好歹在同一张桌子上吃过饭。
她以为，在这个女人的心里，怎么着也该有自己这个女儿的一点点位置了吧？"
第187章 疯批教皇在线弑女？混乱的家庭伦理剧！,https://www.biquh.com/678_678189/65985956_3.html,"
可结果呢？
自己不就是说了一句实话。
她居然就要毫不留情地杀了自己！
现在，她甚至用“孽种”这两个字来称呼自己！
一瞬间，那遗传自比比东的，深藏于骨子里的骄傲与倔强，彻底爆发了。
无尽的委屈与心死，化作了歇斯底里的愤怒。
千仞雪不再躲藏，她从千道流的身后挣脱出来，指着比比东，用尽全身的力气嘶吼道：
“你这个不知廉耻的女人！”
“你就这么迫不及待地想要背叛父亲，投入别的男人的怀抱，你的心里，难道就没有一丁点的羞耻和背德感吗！”
听到千仞雪竟敢提起千寻就，尤其是在林枫面前，从千仞雪口中喊出来的时候，无异于将一桶滚烫的烈油，狠狠地浇在了比比东那早已燃烧的怒火之上！
“雪儿，住口！”
千道流脸色剧变，刚要开口阻止，却已经晚了。
“啊啊啊——！”
比比东的双目，瞬间变得一片猩红，彻底被疯狂所吞噬！
“你敢提他？！”
“你竟然敢在我面前提那个畜生？！”
嗡！嗡！
她背后魂力喷涌，两柄更加凝实，更加巨大的幽紫蛛矛，瞬间从她掌心探出，散发着令人心悸的恐怖气息。"
第187章 疯批教皇在线弑女？混乱的家庭伦理剧！,https://www.biquh.com/678_678189/65985956_4.html,"
“死！！”
她疯了一般，手持双矛，不顾一切地朝着千仞雪再次攻了过来！
“比比东，你冷静点！雪儿不是有意的！”
无奈之下，千道流只能催动天使圣剑，一边竭力保护孙女，一边焦急地劝解。
“你想追求自己的幸福，老夫绝不阻拦你！我什么都可以答应你！只求你，看在我的面子上，原谅雪儿这一次！”
为了保护自己的孙女，这位站在大陆金字塔顶尖的绝世斗罗，几乎是在低声下气地恳求。
可惜，现在的比比东已经彻底被怒火吞噬了理智。
她的脑海里，只剩下了一个念头。
杀了她！
杀了这个流着那个男人血脉的孽种！
杀了这个敢于揭开自己最丑陋伤疤的孽种！
她根本听不进千道流的任何话语。
而千仞雪听到自己爷爷的话，更是怒不可遏！
什么叫不阻拦她追求幸福？
什么叫原谅我？
怎么搞得好像她比比东叛叛夫弃女，反倒是有理的一方了？
一股强烈的屈辱感涌上心头，她几乎是下意识地，就要开口反驳千道流。"
第187章 疯批教皇在线弑女？混乱的家庭伦理剧！,https://www.biquh.com/678_678189/65985956_5.html,"
整个枫染亭，彻底乱成了一锅粥。
狂暴的魂力四处激荡。
母亲要杀女儿。
爷爷护着孙女。
孙女......随时准备一喷二。
眼看这场家庭伦理剧，即将演变成一场不死不休的血腥惨剧时。
一个不耐烦的呵斥声，毫无征兆地响起。
“够了！”
仅仅两个字。
整个枫染亭内，那狂暴的魂力，那冲天的杀意，那刺耳的交击声……
戛然而止。
仿佛有人按下了暂停键。
比比东那前冲的身体，僵在了半空中，手中的双矛距离千仞雪的咽喉，不过半尺。
千道流格挡的动作，也凝固在了那里，额头上满是冷汗。
比比东僵硬地，一点一点地转过头。
当她看到柜台后，那个缓缓从椅子上站起身，眉头紧锁的男人时。
她眼中那足以焚尽一切的疯狂与杀意，竟如同潮水般褪去。
取而代之的，是无尽的委屈，是深入骨髓的慌乱。"
第187章 疯批教皇在线弑女？混乱的家庭伦理剧！,https://www.biquh.com/678_678189/65985956_6.html,"
她手中的蛛矛，下意识地指向千仞雪，声音带着一丝颤抖的哭腔，急切地想要解释。
“前辈……是这个孽种她……”
林枫的眉头，皱得更深了。
“我说，够了！”
比比东的脑子“嗡”的一声，瞬间一片空白。
她像是被当头泼了一盆冰水，所有的委屈，所有的辩解，都被堵在了喉咙里。
她不甘地低下了头，收回了魂力，那狰狞的蛛矛也随之消散。
她紧紧咬着下唇，嘴唇几乎被咬出血来，用细若蚊蚋的声音，颤抖着道歉。
“对……对不起，前辈……”
着自己这位唯一VIP客户，林枫心里也是一阵头疼。
大姐！
你有什么仇什么怨，出去打行不行？
在我店里动手，而且还是奔着杀人去的。
现在闹成这样，我这个老板很难办啊！
林枫在心里无奈地叹了口气，脸上的表情却愈发淡漠。
他缓步从柜台后走出，每一步落下，都仿佛踩在众人的心脏上。
他看着垂头不语，像个犯了错的小学生一样的比比东，声音平淡，却又带着一种无法言喻的失望。"
第187章 疯批教皇在线弑女？混乱的家庭伦理剧！,https://www.biquh.com/678_678189/65985956_7.html,"
“你，又一次在我的店里动手了。”
林枫停在比比东面前，居高临下地看着她，眼神冷漠得像是在看一个陌生人。
“比比东，你是不是觉得，你这个VIP包月，让你拥有了可以无视我规矩的特权？”
“还是说……”
他的眼神微微眯起。
“你已经吃腻了我的饭，不打算再来了？”"
第188章 vip特权取消？教皇的泣血质问。,https://www.biquh.com/678_678189/65985957.html,"
此话一出，比比东整个人如遭雷击。
大脑嗡的一声，瞬间一片空白。
吃腻了？
不来了？
不！
如果以后都吃不上林枫做的饭……
那自己活着的意义，又是什么？
她会疯的！
她绝对会发疯的！
“不……不是的！”
比比东猛地抬起头，那双高贵雍容的紫晶美眸里，此刻写满了惊慌与无措，像一个即将被主人抛弃的小动物。
“前辈，我……”
她急切地想要解释，想要辩白，想要告诉他，自己对他的饭有多么痴迷，自己对他……有多么仰慕。
可她的话还未说出口。
林枫已经面无表情地抬起了手，制止了她接下来所有的话。
“你不必多言。”
“我也不愿听你解释。”
“你违反了规则，就要受到惩罚。”"
第188章 vip特权取消？教皇的泣血质问。,https://www.biquh.com/678_678189/65985957_2.html,"
惩罚。
这两个字从林枫口中说出，让比比东的心脏狠狠地抽了一下。
身体上的伤害，她不在乎。
经济上的损失，她更不在乎。
她唯一在乎的，只有那份能让她感受到幸福，能让她短暂忘却一切痛苦的食物！
比比东心中一片苦涩，她垂下眼帘，长长的睫毛不住地颤抖，在心里默默祈祷着。
只要……只要不是在三餐上做出惩罚，一切都好说。
然而，命运似乎总喜欢和她开最残忍的玩笑。
林枫看着她那张煞白的小脸，看着她眼中那几乎要溢出的哀求，心中没有丝毫波澜。
他给出的惩罚不是什么身体上的创伤，也不是经济上的损失。
而是她视若珍宝，视为救赎的……餐食标准！
“鉴于你此次犯错严重，原本按照规则，应该将你永远列入黑名单，永不得进店。”
轰！！！
这句话，如同一道惊雷，在比比东的脑海中轰然炸响！
黑名单？
永不得进店？
比比东的脸色，在一瞬间褪尽了所有的血色，变得惨白如纸。"
第188章 vip特权取消？教皇的泣血质问。,https://www.biquh.com/678_678189/65985957_3.html,"
一股巨大的，难以承受的打击，让她眼前阵阵发黑，天旋地转。
她踉跄着后退一步，身体摇摇欲坠，下意识地伸手扶住了一旁的桌沿，才堪堪稳住身形，没有当场倒下。
完了。
一切都完了。
而站在林枫身后的朱竹云，在听到“永久黑名单”这五个字的瞬间，那双勾人的美眸中，爆发出难以抑制的狂喜！
她脸上的笑容，几乎都要绷不住了！
黑名单！拉进黑名单！
快！把这个女人彻底踢出局！
只要比比东这个最大的竞争对手被淘汰，那前辈的身边，不就……
然而，林枫终究没有真的这么做。
毕竟，这位可是店里唯一的VIP客户，一次性就为狗系统升级贡献了海量的财富。
于情于理，林枫心里，也总有那么一丝偏袒。
他话锋一转，语气依旧淡漠。
“但，念在你是本店唯一一位VIP客户的份上……”
仅仅一句话，让朱竹云的笑容僵在了脸上，也让濒临昏厥的比比东，重新看到了一丝微光。
林枫的目光，依旧停留在比比东身上，语气听不出喜怒。
“惩罚，就暂且改为暂停你的包月服务。”
“从今天开始，你的一日三餐特权，暂时取消。”"
第188章 vip特权取消？教皇的泣血质问。,https://www.biquh.com/678_678189/65985957_4.html,"
林枫的声音顿了顿，每一个字，都像是一记重锤，狠狠砸在比比东的心上。
“直至你深刻认知到自己的错误之后，才能恢复。”
虽然惩罚只是从天堂般的一日三餐，变回了当初令人煎熬的一日一餐。
可对于比比东而言，这依旧是无法承受的残酷。
她才刚刚拥有了这份独属于她一人的，至高无上的特权。
可现在，就因为千仞雪……
因为那个孽种的三言两语，自己就失控了，就亲手毁掉了这份幸福。
“是……前辈。”
比比东哽咽着，点了点头。
泪水，终于无法抑制地从她那双紫晶般的眸子中滑落。
她缓缓抬起头，那双通红的眼眸，最后深深地看了一眼千仞雪。
和刚才那因为极致杀意而染上的猩红不同。
这一次，她的眼睛，是被泪水浸染的红。
她眼中的情绪，不再有杀意，不再有疯狂。
只剩下了无尽的，让人心碎的悲伤与绝望。
“为什么……”
她轻声呢喃，像是在问千仞雪，又像是在问自己，问这不公的命运。"
第188章 vip特权取消？教皇的泣血质问。,https://www.biquh.com/678_678189/65985957_5.html,"
“为什么你们千家人，总想着要毁掉我？”
“总想着要阻止我……奔向幸福的脚步？”
这一句带着哭腔的质问，像是一把最钝的刀，狠狠地割在了千仞雪的心上。
看到这个眼神，听到这句话，千仞雪的内心，不知为何，毫无征兆地“咯噔”了一下。
她感觉……
自己这一次，好像真的做错了什么。
可还不等她理清思绪，比比东已经松开了扶着桌子的手。
她用手背，胡乱地抹去脸上的泪水，却怎么也抹不干净。
最后，她只能用另一只手死死捂住自己的嘴，压抑着那即将脱口而出的呜咽。
她转过身，再也没有看任何人一眼，就那样踉踉跄跄地，夺门而出。
像一个在暴雨中丢失了全世界的可怜人。
将所有的骄傲，所有的尊严，都摔碎在了这间小小的饭店里。
朱竹云和朱竹清以及胡列娜三人，早已吓得不敢动弹，大气都不敢喘一口。
只有林枫，依旧神色淡漠地站在原地。
千仞雪怔怔地望着门口的方向，脑海里，一遍又一遍地回荡着比比东离去前，那句带着无尽悲怆的质问。
“为什么你们千家人，总想着要毁掉我？”
“总想着要阻止我……奔向幸福的脚步？”
我们……千家人？"
第188章 vip特权取消？教皇的泣血质问。,https://www.biquh.com/678_678189/65985957_6.html,"
这几个字，像是一根刺一样，狠狠扎进了千仞雪的心脏。
她竟是……将自己和父亲，和爷爷，归为了一类人。
却唯独将她自己，从这个“家”里，彻彻底底地摘了出去！
在她心里，她们之间，从来就不存在那层血脉相连的，母女的身份吗？
这到底是为什么？
她为什么表现的这么讨厌自己，讨厌千家？
这一刻，千仞雪只感觉脑子了彻底乱成了一锅粥。
一种前所未有的，陌生的，让她极度不适的慌乱感，瞬间涌上心头。
就在她心神巨震，茫然无措之际。
一道冰冷的，不带丝毫感情的目光，落在了她的身上。
千仞雪身体一僵，下意识地抬起头，对上了林枫那双淡漠如深渊的眼眸。
“现在，该来聊聊你的问题了。”"
第189章 千仞雪：所谓真相，究竟是什么？,https://www.biquh.com/678_678189/65985958.html,"
被这道目光注视的瞬间，千仞雪浑身的血液都仿佛要凝固了。
她心脏狂跳，几乎要从喉咙里蹦出来。
先前因比比东离去而产生的些许迷茫与混乱，此刻被一股更庞大、更纯粹的恐惧彻底吞噬。
她张了张嘴，想要辩解，想要像她母亲那样说些什么。
可在那双淡漠如深渊的眼眸面前，她发现自己一个字都说不出来。
“前辈！”
一道焦急的声音响起。
千道流高大的身影，一步跨出，如同一座山般，挡在了千仞雪的面前。
他对着林枫，深深地，几乎要将头埋进胸口般地躬身下去，声音里充满了哀求与自责。
“前辈！雪儿她……她年幼无知，口无遮拦，才会犯下此等大错！”
“归根结底，是晚辈教导无方！是晚辈的错！”
“一切惩罚，晚辈愿替她一力承担！还请前辈……高抬贵手！”
这位站在整个大陆权势与力量最顶点的绝世斗罗，此刻的姿态，卑微到了尘埃里。
他甚至不敢抬头去看林枫的眼睛。
然而。
林枫什么都没说。
他甚至连表情都没有一丝一毫的变化。
他就那么静静地，用一种淡漠至极的眼神，盯着挡在前面的千道流。"
第189章 千仞雪：所谓真相，究竟是什么？,https://www.biquh.com/678_678189/65985958_2.html,"
没有威压。
没有杀气。
但就是这无声的注视，却比任何实质性的攻击，都让千道流感到恐惧。
他感觉自己的后背，很快被冷汗彻底浸透。
每一秒，都像是被架在神火上炙烤般煎熬。
一秒。
两秒。
十秒……
终于。
千道流败下阵来。
他缓缓地直起身，脸上充满了无尽的苦涩与颓然。
他明白了。
在前辈的规则面前，没有任何人情可讲。
更不存在什么“代人受过”。
他长长地叹了一口气，那一声叹息，仿佛抽走了他全身所有的力气。
他落寞地转过身，用一种满是心疼与无奈的眼神看了一眼自己的孙女，随后默默地退到了一旁。
最后，退出了饭店，回到了他那个保安的岗位上。"
第189章 千仞雪：所谓真相，究竟是什么？,https://www.biquh.com/678_678189/65985958_3.html,"
随着千道流的退让，林枫的目光，再次毫无阻碍地，落在了千仞雪的身上。
千仞雪的心，彻底沉入了谷底。
她知道，自己的审判，来了。
林枫看着眼前这张与比比东有几分相似，却更显青涩与倔强的俏脸，心中满是无语。
闹剧总算能有个收场了。
一个动手，一个动嘴。
现在动手的已经罚了，动嘴的自然也跑不掉。
“比比东已经受到了惩罚。”
可不管内心再怎么吐槽，林枫表面上还是那种平淡的样子。
“至于你，恶意出言中伤本店唯一的VIP顾客，致使本店经营秩序受到严重影响。”
“你的惩罚是……”
林枫顿了顿，似乎是在思考一个最合适的惩罚方案。
而这短暂的停顿，对于千仞雪而言，却漫长得如同一个世纪。
终于，林枫给出了最终的判决。
“在你真心实意地与对方道歉，并取得她的原谅之前……”
“你，将不可在本店进行任何用餐。”
轰！
这句话，比之前比比东那记致命的蛛矛，带来的冲击力还要巨大！"
第189章 千仞雪：所谓真相，究竟是什么？,https://www.biquh.com/678_678189/65985958_4.html,"
她难以置信地瞪大了双眼，那双纯金色的瞳孔里，写满了荒谬与错愕。
不可用餐？
这岂不是意味着她将被这个充满了无上机缘的天堂，彻底拒之门外！
而且还要自己……去跟那个女人道歉？
甚至……取得她的原谅？！
开什么玩笑！
这和将她的骄傲踩在脚下，再狠狠碾碎有什么区别？！
一股强烈的羞愤与不甘，瞬间冲垮了恐惧。
千仞雪几乎是下意识地脱口而出。
“凭什么！”
她的声音激动而又委屈。
“我只是说了几句实话而已！她就要动手杀我！这不公平！”
是的，不公平！
她才是受害者！
她才是差点死掉的那个人！
为什么到头来，自己却要承受这种惩罚？
面对千仞雪的质问，林枫的表情，终于有了一丝变化。"
第189章 千仞雪：所谓真相，究竟是什么？,https://www.biquh.com/678_678189/65985958_5.html,"
他嘴角微微上扬，勾起一抹弧度。
那不是微笑，而是一种近乎于嘲弄的冷漠。
“公平？”
林枫像听到了世间最好笑的笑话，轻轻重复了一遍这个词。
“在我这里，我的话，就是公平。”
“我的规则，就是唯一的公平。”
他向前踏出一步，那股无形的压力让千仞雪下意识地后退了一步，后背重重地撞在了桌沿上。
“我不管你们之间有什么恩怨情仇。”
林枫的眼神冷了下来。
“在我店里，就要遵守我的规矩。”
“谁先挑起事端，谁就要付出代价。”
“她动手，是错，所以我罚她。”
“你动嘴，恶意挑衅，同样是错，所以我一样罚你。”
林枫的声音不大，却字字诛心，砸得千仞雪哑口无言。
最后，林枫又补上了一句让她如坠冰窟的话：
“况且，你眼里的真相，太过狭隘。”
“若你身临其境，下场，或许比她更不堪。”
说完，林枫甚至懒得再多看她一眼，只是随意地一挥手。"
第189章 千仞雪：所谓真相，究竟是什么？,https://www.biquh.com/678_678189/65985958_6.html,"
一股柔和却根本无法抗拒的力量，便隔空将千仞雪推出了门外。
千仞雪踉跄着站稳，整个人都懵了。
脑海里，一遍又一遍地回荡着林枫最后那两句话。
我的真相，太过狭隘？
身临其境，下场比她更不堪？
什么意思？
这位前辈的话，到底是什么意思？
与此同时，比比东冲出去前，那双浸满泪水、写满了无尽悲伤与绝望的眼眸，也再一次浮现在她的脑海。
“为什么你们千家人，总想着要毁掉我？”
“总想着要阻止我……奔向幸福的脚步？”
之前，她只觉得比比东是个不知廉耻，想要背叛父亲，甚至连自己女儿都要加害的疯女人。
可现在，林枫的话，比比东的眼神，都让她感觉事情……似乎完全不是自己想象的那样。
所谓的真相，到底是什么？
为什么比比东不认可这个“家”，为何如此憎恶自己这个女儿？
直到此刻，千仞雪猛然意识到，她对自己的母亲，除了一张冰冷的脸和那份深入骨髓的厌恶外，一无所知。
她甚至，从未想过去了解她。
一个可怕的念头，在她心中疯狂滋生。"
第189章 千仞雪：所谓真相，究竟是什么？,https://www.biquh.com/678_678189/65985958_7.html,"
难道……自己真的错了？
她猛地转过头，目光死死地锁定在饭店门口，那个身形落寞，仿佛瞬间苍老了十岁的爷爷身上。
千仞雪深吸一口气，压下心中的惊涛骇浪，迈步走到他的面前。
她抬起头，那双纯金色的瞳孔里，不再有之前的骄傲与倔强，只剩下一种前所未有的迷茫与执着。
她一字一顿，声音沙哑地问道：
“爷爷。”
“所谓的真相，到底是什么？”"
第190章 我自己查！玉小刚抵达武魂城！,https://www.biquh.com/678_678189/65985959.html,"
“所谓的真相，到底是什么？”
“比比东，她身上....到底经历了什么？”
饭店门口，阳光明媚得有些刺眼。
那金色的光芒落在千仞雪身上，反倒是让她浑身发僵。
她站在那里，死死地盯着眼前的老人。
那个曾经在她心中如同神明一般伟岸，无所不能的爷爷。
千道流高大的身影笼罩着一片阴影，那张总是带着威严与慈爱的脸上，此刻只剩下一种灰败的死气。
他的嘴唇蠕动了几下，每一个字都像是用尽了全身的力气，从喉咙深处艰难地挤出来。
“雪儿……”
“有些事，不知道，比知道要好。”
“你还年轻......”
他的声音沙哑，充满了无尽的疲惫。
“不要……不要被那些肮脏的过去，污染了你。”
千仞雪笑了。
笑得比哭还要难看。
“肮脏的过去？”
她上前一步，那双漂亮的瞳孔里，最后的一丝迷茫被决绝的疯狂所取代。
“她比比东都已经把‘千家人’三个字当成诅咒一样喊出来了！”"
第190章 我自己查！玉小刚抵达武魂城！,https://www.biquh.com/678_678189/65985959_2.html,"
“前辈也说，我的真相太过狭隘！”
“现在，连您也要用这种话来敷衍我吗？”
千仞雪的声音陡然拔高，带着一丝她自己都未曾察觉的颤抖与哀求。
“爷爷！”
“我是您的孙女！也是她的女儿，难道我连知道真相的资格都没有吗？”
“还是说，那个真相，真的就如此见不得光？！”
千道流的身躯，因为她这句质问而剧烈地一颤。
他猛地闭上了眼睛，脸上浮现出深可见骨的痛苦。
见不得光？
何止是见不得光。
那是足以将天使一族钉在耻辱柱上，永世不得翻身的罪孽。
那是他作为父亲，一生中最大、也最无力弥补的失败。
千道流缓缓睁开眼，那双浑浊的眼眸里，第一次没有了面对孙女时的慈爱，只剩下一种沉重的、几乎要将人压垮的悲哀。
“资格？”
他低声重复着这个词，语气里带着无尽的苦涩。
“雪儿，你想要的不是资格，而是一把刀。”
“一把……足以将你自己，将你心中所有信念，都彻底捅穿的刀。”"
第190章 我自己查！玉小刚抵达武魂城！,https://www.biquh.com/678_678189/65985959_3.html,"
千仞雪的心，猛地一沉。
她不明白。
她不明白爷爷话里的意思。
只听千道流那愁苦的声音，继续幽幽响起。
“你一直都为你的父亲感到骄傲，对吗？”
千仞雪下意识地点了点头。
她的父亲千寻疾，上一代的教皇，曾经的天之骄子，为了武魂殿的荣光而战死。
这是她眼里关于父亲的故事。
是她身为天使后裔，荣耀与骄傲的根源之一。
“那个真相……”
千道流的目光移向远方，仿佛穿透了时空，看到了那不堪回首的一幕。
他的声音，低沉得如同梦呓。
“……会毁了你心中，关于他的一切。”
“它会让你知道，你引以为傲的父亲，在你母亲的眼中，究竟是怎样一个……”
千道流的声音在此刻哽住，他几乎要咬碎自己的后槽牙，才用一种近乎自我憎恶的语气，吐出了那几个字。
“……连畜生都不如的东西！”
千道流的每一个字，都像是一柄重锤，狠狠砸在千仞雪的心脏上。
让她呼吸停滞，让她遍体生寒。"
第190章 我自己查！玉小刚抵达武魂城！,https://www.biquh.com/678_678189/65985959_4.html,"
畜生……都不如？
不！
不可能！
“你胡说！”
千仞雪失声尖叫，脸色惨白如纸。
“父亲是为了武魂殿战死的英雄！你为什么要这么污蔑他！比比东那个女人说的话不可信，难道连您也要……”
“我污蔑他？”
千道流猛地转过头，那双眼中爆发出骇人的光芒，打断了她的话。
“雪儿！你以为我为什么这么多年，从不阻拦她？！”
“你以为我为什么要把教皇之位传给她一个外姓人？任由她掌控我们千家不知多少代人的心血？！”
他指着自己的胸口，声音因为激动而剧烈颤抖。
“那是因为......”
因为这是我们千家欠她的！
因为你的存在，时时刻刻都在提醒她，那一天所发生的一切！
那一天，是她永生永世都无法摆脱的噩梦！是她所有痛苦的根源！
那些话，千道流一个字也没能说出口。
他只是猛地咬紧牙关，脸上因为极度的痛苦而剧烈地抽搐着。"
第190章 我自己查！玉小刚抵达武魂城！,https://www.biquh.com/678_678189/65985959_5.html,"
千道流看着千仞雪那张期待而又害怕的脸，心中绞痛万分。
他终究还是不忍。
他上前一步，想要扶住对方。
“雪儿，别问了，算爷爷求你了……”
然而，千仞雪却像是受惊的兔子一般，猛地躲开了他的手。
她的眼角，不知何时已经湿润，泪水在眼眶里打着转，却被她那份深入骨髓的骄傲死死锁住，不肯落下。
她指着饭店的方向，指着那个她刚刚被驱逐出来的，天堂与地狱的交界处。
“前辈的话，您听见了！”
“比比东那个女人最后的眼神，您也看见了！”
“畜生不如……连畜生都不如！！”
千仞雪嘶吼着，将千道流刚刚那句评价自己父亲的话，原封不动地吼了出来！
这句话像是一把匕首，先是捅进她自己的心脏，再狠狠地扎进千道流的胸膛。
“我引以为傲了二十年的父亲，为了武魂殿荣光战死的英雄……在你们所有知情人的眼里，竟然是一个连畜生都不如的东西！”
“而我！”
“我这个流着他血脉的女儿，这么多年来，就像一个彻头彻尾的傻子！”
“活在你们编织的巨大谎言里！！”
“现在，你还要我别问了？！”
千仞雪猛地抬起头，眼中所有的迷茫、痛苦、委屈，在这一刻尽数燃烧。"
第190章 我自己查！玉小刚抵达武魂城！,https://www.biquh.com/678_678189/65985959_6.html,"
最终化作了前所未有的，纯粹到极致的执念与疯狂！
她知道，再问下去，也问不出任何结果了。
既然如此！
“好！”
“你们不说！”
“我自己去查！”
她用一种宣告般的语气，对着千道流，也对着这片天地，立下了自己的誓言。
“就算掘地三尺，我也要挖出那所谓的真相！”
“我倒要看看！究竟是什么原因，让比比东那个女人，疯成了这个样子！”
“我倒要看看！我的父亲，究竟都做了些什么！才会让您这位父亲，都用‘畜生不如’来形容他！”
话音落下的瞬间。
嗡——！
一声清鸣，圣光爆闪！
一对仿佛由世间最纯净的光明凝聚而成的，纯白色天使之翼从她的背后轰然绽放！
这是前辈的恩赐！是她武魂进化的证明！是她荣耀的象征！
可在此刻，这对圣洁的羽翼，却承载起了一个即将堕入深渊的，疯魔的灵魂！
羽翼猛地一振！"
第190章 我自己查！玉小刚抵达武魂城！,https://www.biquh.com/678_678189/65985959_7.html,"
狂风卷起尘埃。
千仞雪的身影化作一道白色的流光，再没有看身后的爷爷一眼。
猛地转身，朝着武魂殿那座最为古老、收藏着无数秘辛的藏书阁方向，决绝地飞去！
她要去寻找答案！
哪怕那个答案，会将她撕得粉碎！
“雪儿——！”
千道流终于惊醒，下意识地伸出手，想要抓住那道离去的白光。
但最终，也只能是无力地垂下，任由那光芒消失在天际。
“寻疾啊……你造的孽，终究……还是要雪儿来偿还吗……”
......
武魂城的风，似乎在这一刻变得喧嚣起来。
就在千仞雪化作流光冲向禁忌的同时，城门处。
一个身着朴素，面容古板，表情略显僵硬的中年男子，正缓缓抬头，仰望着远处那座宏伟到令人窒息的教皇殿。
他的眼中，闪烁着一种极其复杂的光芒。
有怀念，有不甘，有屈辱，但更多的，是一种压抑了太久太久，终于得以释放的激动与自负。
他挺直了腰板，脸上露出一个僵硬却自得的笑容。
“武魂城……”
“我玉小刚，又回来了！”"
第191章 玉小刚装逼问路反被打！,https://www.biquh.com/678_678189/65985960.html,"
玉小刚整理了一下那自认为整洁的衣袍，这才深吸一口气迈入城中。
阳光洒下，为这座大陆权力的中心镀上了一层威严的金色。
“东儿，我来了。”
玉小刚低声自语，声音里带着一种理所当然的笃定。
他坚信，比比东依然在等着他。
毕竟，自己是她一生都无法忘却的男人。是她青春里最浓墨重彩的一笔。
即便分开了这么多年，即便她已是高高在上的教皇，但在她内心最柔软的地方，一定还为自己保留着一席之地。
至于那家传得神乎其神的“枫染亭”……
玉小刚的脸上，浮现出一抹洞悉一切的微笑。
在他看来，这根本就是比比东为了挽回自己，特意准备的一封情书，一份大礼！
什么进化武魂，什么提升天赋……
这种手段，除了她动用整个武魂殿的底蕴，谁还能办到？
她这是在告诉自己，她有能力，也有意愿，帮自己打破那该死的二十九级瓶颈！
她心里还是有我的！
这么想着，他心中的那份自负愈发膨胀，连带着脚步也变得轻快起来。
武魂城街道宽阔，往来的魂师个个气息沉稳，远非小小的诺丁城的魂师可比。
但玉小刚，没把他们任何一个人放在眼里。
开玩笑。"
第191章 玉小刚装逼问路反被打！,https://www.biquh.com/678_678189/65985960_2.html,"
他可是教皇的前男友！
他随意拦住一队正在巡逻的魂师卫兵，下巴微扬，用一种居高临下的语气问道：“枫染亭，在什么地方？”
被拦住的卫兵队长愣了一下，随即眉头拧成了疙瘩。
眼前这人，一张僵尸脸，穿着朴素，魂力波动弱得可怜，都一把年纪了，怕是连三十级都不到。
但他那副颐指气使的姿态，却仿佛他才是这座城市的主人。
“你是什么人？找枫染亭做什么？”
卫兵队长按着腰间的佩刀，语气里带着一丝警惕。
枫染亭！
那可是如今整个武魂殿，不，是整个武魂城最神圣的地方！
是连供奉殿的大人们，都要毕恭毕敬排队等候的仙家府邸！
眼前这个连魂尊都不是的弱鸡，张嘴就敢直呼圣地之名，还用这种命令的口气？
他哪来的胆子？！
玉小刚对卫兵的警惕视若无睹，他只是淡淡地吐出了自己的名字。
“玉小刚。”
他以为，这三个字，就足以说明一切。
然而，他想象中，对方大惊失色、纳头便拜的场面，完全没有发生。
卫兵队长皱着眉，扭头问身后的队员：“听过这号人吗？”"
第191章 玉小刚装逼问路反被打！,https://www.biquh.com/678_678189/65985960_3.html,"
队员们面面相觑，齐刷刷地摇头。
“队长，没听过啊。”
“咱们武魂城有头有脸的大佬，哪个不认识？就没这根葱。”
“看他这穷酸样，魂力也弱的不忍直视，能是什么大人物？”
队员们的议论声不大不小，刚好能清晰地传入玉小刚的耳中。
玉小刚脸上的自负，瞬间僵住了。
没……没听过？
怎么可能？！
我可是武魂理论界第一人，“大师”玉小刚！
他的武魂十大核心竞争力理论，可是魂师界颠扑不破的真理！
就在他愕然之际，那卫兵队长的脸色，彻底黑了下去。
搞了半天，是个不知道从哪个山沟里钻出来的，没实力还特能装的傻叉！
尤其是这家伙刚才提到“枫染亭”时那副轻慢的态度，更是让队长怒火中烧。
“他妈的！老子还当是什么大人物，原来是个来碰瓷圣地的瘪三！”
话音未落。
那队长动了。
一只沙包大的拳头，带着风声，结结实实地糊在了玉小刚的眼眶上！
“嗷！”"
第191章 玉小刚装逼问路反被打！,https://www.biquh.com/678_678189/65985960_4.html,"
玉小刚一声痛呼，眼前一黑，当场获赠一个新鲜出炉的熊猫眼，整个人站立不稳，一屁股墩在了地上。
他彻底傻了。
我……我挨打了？
然而，这只是开胃菜。
队长一拳得手，火气更旺，抬腿就是一脚，正中玉小刚的肚子，直接把他踹成了一只蜷缩的虾米。
“呸！”
队长一口浓痰吐在玉小刚脸上，指着他的鼻子破口大骂。
“就你这种连武魂殿食堂洗碗都不配的垃圾，也配进那位大人的圣地？”
身后的队员们一看，这还得了？立刻蜂拥而上，对着地上的玉小刚就是一顿爱的输出。
“干死这个不知天高地厚的狗东西！”
“还玉小刚？看我把你打成脱、肛！！”
“也不撒泡尿照照自己什么德行！前辈的饭店，也是你这种废物能惦记的？”
拳脚如雨点般落下。
玉小刚只能双手抱头，在地上痛苦地翻滚，发出杀猪般的惨叫。
“住手！你们知道我是谁吗！”
“我是玉小刚！我是你们教皇的……”
他想吼出自己和比比东的关系，想用这个身份来震慑这群无知的莽夫。"
第191章 玉小刚装逼问路反被打！,https://www.biquh.com/678_678189/65985960_5.html,"
可“的”字刚出口，一只大脚丫子就精准地印在了他的嘴上，几颗牙齿混着血沫飞了出去。
后面的话，全都变成了含糊不清的呜咽。
“教皇？你还敢提教皇冕下！”
一听到“教皇”两个字，卫兵队长的怒火更甚。
教皇冕下可是圣地最尊贵的VIP客户！
更是掏出山一般的财宝，深得那位大人的偏爱
这个垃圾，不仅对前辈不敬，还敢拿教皇冕下的名头来装逼！
罪加一等！
“给老子狠狠的打！出了事我担着！”
卫兵们的怒火被彻底点燃，下脚更重了。
周围的行人越聚越多，对着地上那个抱头蜷缩的身影指指点点。
“这人谁啊？胆子这么大，敢在武魂城撒野？”
“听说是想去枫染亭闹事，还对教皇冕下不敬，活该被打！”
“枫染亭？就他？啧啧，真是癞蛤蟆想吃天鹅肉。”
一句句议论，一声声嘲笑，像一根根钢针，狠狠扎进玉小刚的耳朵里，刺进他的心里。
他只觉得自己的脸，被这群人，被这群卫兵，按在地上，用脚底板反复摩擦。
那份他引以为傲的“大师”的尊严，碎了一地。
直到玉小刚浑身沾满鞋印和尘土，鼻青脸肿，像条死狗一样趴在地上抽搐时。"
第191章 玉小刚装逼问路反被打！,https://www.biquh.com/678_678189/65985960_6.html,"
那群卫兵才终于停手。
卫兵队长居高临下地看着他，又狠狠啐了一口。
“晦气！”
说完，他大手一挥，在一众路人敬佩的目光中，带着队员们扬长而去。
地上，只留下一个狼狈不堪的玉小刚，和一地鄙夷的目光。
许久，他才颤巍巍地撑着墙爬起来。
浑身上下，无一处不痛。
但最痛的，是脸！是那被当众撕碎的脸面！
他，理论无敌的大师玉小刚，居然在武魂城的大街上，被一群看门狗当众暴打！
一股滔天的怒火，在他胸膛里轰然炸开！
但他愤怒的对象，却不是那几个打他的卫兵。
而是比比东！
在他那异于常人的逻辑里，这一切，都是比比东的错！
好啊，比比东！
你就是这么迎接我的？
这就是你所谓的弥补？
连自己手下的几条狗都管不好，让他们在大街上羞辱我？"
第191章 玉小刚装逼问路反被打！,https://www.biquh.com/678_678189/65985960_7.html,"
犯这种低级的，不可饶恕的错误！
你简直愚蠢透顶！
玉小刚抹去嘴角的血沫，眼神阴沉得能滴出水。
当务之急，是先离开这些贱民指指点点的目光。
他扶着墙，一瘸一拐，慌不择路地钻进了一条僻静的小巷。
他没有发现。
在他拐进小巷的瞬间，身后原本嘈杂的人群，突然陷入了一片死寂。
所有人的脸上，都浮现出一种混杂着惊恐、荒谬与极度古怪的神情。
一个路人使劲揉了揉眼睛，用气声对同伴说：
“兄……兄弟，你看他……他钻进去的那条巷子……是不是就是枫染亭啊？”"
第192章 千道流：你说你叫玉小刚？,https://www.biquh.com/678_678189/65985961.html,"
玉小刚躲在小巷里，后背靠着冰冷的墙壁，大口喘着粗气。
回想着刚才自己在比比东统治的城市里，被对方手下的看门狗，像对待乞丐一样当街暴打。
要不是怕被巷外的行人听见，再招来一顿毒打，他现在就想指着教皇殿的方向，对着比比东的名字破口大骂！
玉小刚越想越气，脸上的伤口和身上的尘土，都化作了他心中对那个女人无能的控诉。
他已经想好了。
等见到比比东，他一句话也不说。
他就要用这身伤，这张脸，这副狼狈不堪的样子，无声地质问她！
他要让她愧疚！让她后悔！让她明白，自己犯下了多么低级，多么不可饶恕的错误！
她必须，要郑重其事地，向自己道歉！
只有自己满意了，他才肯“大度”地原谅她，才肯去那什么枫染亭打破桎梏！
否则，他就扭头就走！
让她永远失去挽回自己的机会！
就在玉小刚沉浸在自己幻想的剧本中时，一股极其霸道，又无比诱人的香味，毫无征兆地钻入了他的鼻腔。
那香味仿佛带着某种魔力，瞬间勾起了他腹中的饥火。
咕噜~
玉小刚的肚子不争气地叫了一声，他下意识地咽了一口口水。
毕竟自打昨天从史莱克学院出发到现在，他已经一天一夜没有吃任何东西了。
“在找比比东之前，先吃点东西也好。”"
第192章 千道流：你说你叫玉小刚？,https://www.biquh.com/678_678189/65985961_2.html,"
他自言自语道，仿佛这是对自己奔波劳碌的犒劳。
他拍了拍身上的鞋印，扬起一大片呛人的尘土，却怎么也清理不干净那份狼狈。
最后，他索性放弃了整理仪容，循着那股让他食指大动的香味，一瘸一拐地向巷子深处走去。
只是当他走近之后，整个人都愣在了原地。
只见那香味的来源处，是一座雅致绝伦的二层酒楼。
那酒楼的墙面上，镶嵌着巨大到近乎奢侈的“琉璃”，清澈无瑕，在阳光下折射出梦幻般的光彩。
仅此一点，就足以让大陆上任何一家商会都为之汗颜。
而在酒楼的门楣之上，悬挂着一块古朴的牌匾，上面龙飞凤舞地写着三个大字。
枫染亭！
玉小刚的呼吸，骤然一滞。
他找到了！
这就是宁风致口中那个能让人脱胎换骨的地方！
也就是比比东为自己准备的，那份迟来的补偿！
在门口的旁边，还站着一个身形高大，容貌俊朗的中年人。（就设定千道流的外表是壮年吧。）
只是他此刻双目无神，脸上笼罩着一层化不开的愁云，整个人都散发着一种万念俱灰的死气，仿佛灵魂已经被抽空。
玉小刚自然不认识他，更猜不到，眼前这个失魂落魄的“门卫”，便是武魂殿真正的定海神针，九十九级绝世斗罗，千道流。
反应过来后，玉小刚的眼中爆发出前所未有的精光！"
第192章 千道流：你说你叫玉小刚？,https://www.biquh.com/678_678189/65985961_3.html,"
枫染亭已经找到了！
比比东那个女人，现在一定就在里面，正焦急地等待着自己的到来吧？
想到这里，玉小刚心中冷哼一声，刚才被卫兵殴打的屈辱感再次涌上心头。
他腰杆一挺，下一秒，便气势冲冲地准备闯进去！
他要让那个女人亲眼看看，自己为了来见她，究竟受了多大的委屈！
然而，就在他即将踏上台阶的那一刻。
“锵！”
一把通体由光芒凝聚而成的金色圣剑，凭空出现，瞬间横在了他的面前。
那剑身之上流转的圣洁气息，以及那锋锐无匹的剑意，吓得玉小刚“噔噔噔”当场后退了三大步，一屁股险些坐倒在地。
他惊魂未定地抬头看去。
只见刚才那个还心不在焉的中年人，此刻正冷冷地盯着自己。
虽然千道流因为千仞雪的离去而心神大乱，但身为前辈饭店的“保安”，他最基本的职责还是刻在骨子里的。
绝不可能，让任何一个来路不明，且带着一身污秽与不敬姿态的人，踏足这片圣地半步！
千道流冷着脸，居高临下地上下打量了玉小刚一眼。
鼻青脸肿，衣衫不整，身上到处都是灰尘和脚印，眼神里还带着一股挥之不去的怨气。
千道流的眉头，瞬间紧紧皱起。
“你是何人！”
“竟敢以如此污秽不敬之姿，意图踏足此处？！”"
第192章 千道流：你说你叫玉小刚？,https://www.biquh.com/678_678189/65985961_4.html,"
冰冷的声音，带着一丝不容置疑的威严。
那一瞬间，玉小刚只觉得一股恐怖的压力扑面而来，让他几乎喘不过气。
封号斗罗！
眼前这个人，绝对是一名封号斗罗级别的强者！
玉小刚的双腿肚子，一时间都有些打转转。
可下一秒，他又反应了过来。
他心中的恐惧，迅速被一种更加强烈的自负所取代。
既然眼前这人实力如此之强，那必然不可能是普通的门卫！
想来，他应该就是比比东手下的心腹强者！
和外面那些个打他的看门狗不同，比比东一定早就告诉了这个人自己的身份！
那么，他现在拦住自己，根本不是要驱赶！
他八成就是被比比东特意派出来，在这里迎接自己的！
只要自己报上名号，他一定会立刻收起武器，恭恭敬敬地把自己请进去！
想到这里，玉小刚刚才因为被打而升起的怒火，以及面对封号斗罗的恐惧，都消散了不少。
哼！比比东，算你还有点脑子，知道派个有分量的人来接我！
可就算是这样，你也必须为我今天受的委屈，给我一个满意的道歉！
玉小刚刚才因为恐惧而微微低下的脑袋，顿时又高高扬起。"
第192章 千道流：你说你叫玉小刚？,https://www.biquh.com/678_678189/65985961_5.html,"
他学着自己想象中那些世外高人的模样，将双手背在身后，用四十五度角仰望天空，将那个熊猫眼藏在阴影里，用一种淡然中带着一丝孤高的语气，缓缓开口。
“我叫玉小刚。”
他相信，这简简单单的五个字，就足以说明一切。
此言一出。
横在他面前的千道流，握着剑的手，猛地一抖。
那柄由魂力凝聚的天使圣剑，都因为他心神的剧震而闪烁了一下，差点当场溃散。
他那双本已黯淡无光的眼眸，在一瞬间死死瞪大，血丝以肉眼可见的速度疯狂蔓延开来！
他死死地盯着眼前这个鼻青脸肿的男人，声音因为极致的震惊而变得嘶哑、扭曲。
“你……说你叫……玉小刚？”
听到千道流这剧烈变化的声调，玉小刚心中愈发得意。
看吧！
果然不出我所料！
这个名字，在武魂殿高层之中，分量就是如此之重！
他嘴角忍不住地勾起一抹得意的笑容，但又迅速压了下去，强行让自己露出一副更加高深莫测，仿佛宠辱不惊的表情。
他缓缓转过头，用一种“你终于认出我了”的眼神，瞥了千道流一眼。
“正是！”"
第193章 “不死之身”玉小刚？皮带加碘伏？,https://www.biquh.com/678_678189/65985962.html,"
玉小刚！
当这三个字从眼前这个鼻青脸肿，浑身污秽的男人嘴里吐出来时。
千道流感觉自己脑子里的一根弦，“崩”的一声，彻底断了。
所有的痛苦。
所有的根源。
所有的罪孽。
在这一瞬间，仿佛都有了具象化的目标！
就是眼前这个男人！
是他，蛊惑了当初惊才艳艳，却又单纯的比比东！
是他，间接导致了寻疾犯下那桩连畜生都不如的滔天罪孽！
是他，让比比东背负了二十多年的痛苦与仇恨！
是他，让自己的孙女雪儿，一出生就活在母亲的憎恶里！
他就是一切悲剧的源头！
是他们千家，是比比东，是千仞雪，是所有人痛苦与罪孽的起点！
千道流的呼吸变得无比粗重，他想一剑劈下去！
将这个引动了一切错误的罪魁祸首，彻底从这个世界上抹除！
他握着天使圣剑的手青筋暴起，然而，就在他准备动手的瞬间。
他的余光，瞥见了身后那块古朴的牌匾。"
第193章 “不死之身”玉小刚？皮带加碘伏？,https://www.biquh.com/678_678189/65985962_2.html,"
枫染亭。
前辈的圣地。
一股冰水当头浇下，让千道流那被怒火吞噬的理智，强行回归了一丝。
不行。
不能在这里动手。
绝不能用这个废物的脏血，玷污了前辈的清净之地！
千道流眼中的杀意缓缓收敛，取而代之的，是一种更加深沉，更加令人胆寒的冰冷。
他手腕一转，“锵”的一声，将那柄圣剑直直地插在了身前的石阶上。
玉小刚被这突如其来的动作搞得一愣。
这是……什么意思？
缴械以示尊重？
不错，不错。
这才是强者该有的眼力见。
比外面那群只知道动手的看门狗，强了不止一万倍！
玉小刚心中的那点恐慌，彻底烟消云散，取而代之的，是满满的得意。
他甚至准备清清嗓子，对着千道流指点一二，让他不要这么紧张，带自己进去见教皇就好。
可还不等他有所动作。"
第193章 “不死之身”玉小刚？皮带加碘伏？,https://www.biquh.com/678_678189/65985962_3.html,"
下一秒，一只铁钳般的大手便闪电般伸来，一把揪住了他的衣领，将他整个人如拎小鸡般提了起来！
“你……”
玉小刚大惊失色，刚要呵斥。
下一秒，一股无比温暖、圣洁、且霸道雄浑的魂力，猛地冲入他的体内！
在这股力量的冲刷下，他脸上火辣辣的伤口，身上的淤青，甚至是被卫兵踹断的肋骨……
在短短一瞬间，尽数痊愈！
就连那颗被打飞的牙齿，都以肉眼可见的速度重新长了出来！
感受着身体前所未有的舒畅，玉小刚脸上的惊慌，瞬间被满意之色所取代。
不错！
不错！
这才是正确的待客之道嘛！
看来比比东还是有几分脑子的，派来的这个手下很懂事！
玉小刚心中大定，脸上重新挂上了那副自以为是的“大师”派头。
他清了清嗓子，正准备对眼前这个“懂事”的封号斗罗，进行一番恰如其分的夸奖。
然而。
他一个字都还没来得及说出口。
一只携着狂风的巨大手掌，在他的瞳孔中急速放大！
啪——！！！"
第193章 “不死之身”玉小刚？皮带加碘伏？,https://www.biquh.com/678_678189/65985962_4.html,"
一声清脆到极致，响亮到让整条小巷都产生回音的耳光，结结实实地印在了他刚刚痊愈的左脸上！
恐怖的力道，让玉小刚的大脑嗡的一声，瞬间一片空白。
他整个人被抽得横飞出去，半边脸以肉眼可见的速度高高肿起。
刚刚长出来的那颗门牙，混着一口血沫，划出一道优美的抛物线，再次离他而去。
意识天旋地转，几近恍惚。
他重重摔在地上，脑子里只剩下一个念头。
我……又挨打了？
玉小刚趴在地上，耳朵里全是嗡嗡的轰鸣声。
左边脸颊传来的剧痛，像是一团烈火在燃烧，让他几乎要昏厥过去。
他彻底懵了。
剧本不对！
这剧本不对啊！
为什么？
为什么刚刚还恭恭敬敬为自己疗伤的人，下一秒就翻脸动手？
然而，还不等他那愚蠢的大脑想明白其中缘由。
那只将他抽飞的大手，再次将他从地上提了起来。
玉小刚下意识地想要挣扎，却发现自己在对方面前，弱小得如同一只雏鸡，根本无法撼动分毫。"
第193章 “不死之身”玉小刚？皮带加碘伏？,https://www.biquh.com/678_678189/65985962_5.html,"
然后，那股温暖而圣洁的魂力，再一次涌入他的体内。
他脸上高高肿起的伤痕，飞速消退。
剧烈的疼痛，也随之消失。
玉小刚感觉到一丝劫后余生的庆幸，他连忙想要开口解释，想要告诉对方这其中一定有什么误会！
“我……”
啪——！！！
又是一记响亮的耳光！
这一次，是右脸。
同样的力道，同样的角度，同样的血沫横飞。
玉小刚只觉得意识一阵阵发黑，眼冒金星，差点没当场重开新号，彻底告别这个美丽的世界。
可就在他即将失去意识的瞬间。
那股该死的，温暖的魂力，又一次精准地涌了进来，强行将他从昏迷的边缘拉了回来，顺便治好了他所有的伤势。
然后。
“啪！！！”
又是一巴掌。
到了这个时候，玉小刚再蠢，也终于明白发生了什么。
这根本不是什么尊敬！
这他妈的是虐待！"
第193章 “不死之身”玉小刚？皮带加碘伏？,https://www.biquh.com/678_678189/65985962_6.html,"
是酷刑！
对方根本不是失手，也不是误会！
他就是在故意折磨自己！
“不……不要……”
玉小刚终于感到了恐惧，他惊恐地看着眼前这张面无表情，眼神冰冷到极致的脸，嘴里发出含糊不清的求饶声。
然而，千道流的脸上，没有丝毫的怜悯。
他甚至嫌这样一巴掌一巴掌地打，中间还要停下来治疗，实在是太过麻烦。
千道流心念一动。
他干脆左手持续不断地输出着自己那庞大如海的魂力，如同一台永不停歇的治疗仪器，牢牢锁定着玉小刚。
而他的右手，则彻底解放了出来！
于是，一副足以让任何观者都头皮发麻的诡异画面，在这条僻静的小巷中上演了。
啪！
玉小刚的脸被打肿。
下一瞬，魂力涌入，瞬间恢复。
啪！
另一边脸被打肿。
再下一瞬，再次恢复。"
第193章 “不死之身”玉小刚？皮带加碘伏？,https://www.biquh.com/678_678189/65985962_7.html,"
啪！啪！啪！啪！啪！
千道流的右手化作了一道道残影，雨点般的巴掌，疯狂地落在了玉小刚的脸上。
清脆的耳光声，连成了一片，仿佛一首激昂而又残忍的交响乐。
而玉小刚，则彻底陷入了一场永无止境的噩梦。
皮带加碘伏，边打边消毒。
他体验到了一种前所未有的，堪称神迹的“外挂”。
一种怎么都打不死的“不死之身”。
可惜。
这个挂，他一点也不想要。
不知道过了多久。
也许是一分钟，也许是一个世纪。
在不知道第几百次的治疗与殴打的循环间隙中。
玉小刚终于凭借着那顽强到堪比小强的求生本能，抓住了一个新的巴掌尚未落下的，零点零一秒的空隙！
他用尽了全身所有的力气，发出了杜鹃泣血般的嘶吼：
“比比东！救我！！”
“我是小刚啊！！”
这一声，石破天惊！
千道流那即将落下的巴掌，猛地一僵。"
第193章 “不死之身”玉小刚？皮带加碘伏？,https://www.biquh.com/678_678189/65985962_8.html,"
这个该死的混蛋！
他居然还敢直呼那个比比东的名字！
他居然还想用这污秽的声音，去打扰前辈的清修？！
找死！
千道流眼中的杀意再次沸腾，准备直接拎着这家伙的脖子，找个没人的地方彻底弄死！
然而，就在此时。
一道平淡中带着一丝玩味的声音，从枫染亭内，清晰地传了出来。
“玉小刚？”
“有意思，让他进来。”
声音的主人，正是林枫。
前辈……要见他？
千道流心中一惊，那只已经蓄满了力，来不及收回的手掌。
就那么遵循着惯性。
啪！
再次落在了玉小刚的脸上。
玉小刚双眼一翻，脑袋一歪。
这一次，他终于是扛不住了。"
第193章 “不死之身”玉小刚？皮带加碘伏？,https://www.biquh.com/678_678189/65985962_9.html,"
在一片无尽的黑暗降临前，他似乎听到了，全世界最动听的天籁之音。
他，得救了……
然后，彻底晕死了过去。"
第194章 比比东：所以，一切都是我咎由自取？,https://www.biquh.com/678_678189/65985963.html,"
比比东逃一般地冲出枫染亭后，几乎是用尽了生平最快的速度，一口气跑回了自己的寝宫。
她甩上大门，把自己狠狠摔进那张柔软到能吞噬一切的华贵大床。
然后，用天鹅绒的被子将自己从头到脚蒙得严严实实。
黑暗。
窒息。
在这片与世隔绝的小天地里，她终于卸下了所有的伪装。
没有了教皇的威严，没有了封号斗罗的骄傲。
她只是一个，刚刚被人从天堂一脚踹回地狱的可怜虫。
压抑到极致的呜咽声，从被子里闷闷地传出。
滚烫的泪水，像是断了线的珠子，疯狂涌出，很快便浸湿了身下名贵的真丝枕套。
她在心里用最恶毒的语言，把千家从千道流到千寻疾再到千仞雪，翻来覆去地咒骂了千百遍。
一日三餐的特权，没了。
就因为那个孽种的几句话，自己亲手把这份独一无二的幸福，给作没了。
不知过了多久，当窒息感让她不得不从被子里探出头时，她的双眼已经红肿不堪。
空荡荡的宫殿，让她感到一阵发自骨髓的寒冷。
她茫然地坐起身，看着镜中那个狼狈不堪的自己，心中涌起一阵更深的恐慌。
前辈……会怎么看我？
她脑海里不由自主地浮现出林枫那张淡漠的脸。"
第194章 比比东：所以，一切都是我咎由自取？,https://www.biquh.com/678_678189/65985963_2.html,"
千仞雪的话，就像是魔咒一样，不断的回荡在她的耳边。
“……而不像某些人，虽然风韵犹存……但也快到人老珠黄的年纪了吧？”
“……不管人家再怎么说，那也都是货真价实的……黄花大闺女。”
是啊。
自己，早就不是了。
她不再年轻，更失去了女子最宝贵的清白。
而前辈身边呢？
娜娜正值芳华，妩媚动人。
朱家那对姐妹，一个热情火辣，一个清冷绝艳，更是青春无敌，含苞待放。
自己拿什么跟她们比？
比比东的心，一寸寸地沉了下去。
她一直以为，只要自己足够痴心，总有一天能够打动对方，在他心中最特殊的位置。
可今天，千仞雪那个孽种，却残忍地揭开了她一直下意识去忽略的、致命的缺陷！
他……会不会因此而嫌弃自己？
这件事，会成为自己奔向幸福的，最大阻碍吗？
“该死的孽种！”
“为了阻止我得到幸福，居然连这种事都敢当着对方的面说出来！”"
第194章 比比东：所以，一切都是我咎由自取？,https://www.biquh.com/678_678189/65985963_3.html,"
比比东死死咬着牙，指甲深深掐进掌心。
“还有千寻疾那个畜生也是！”
“我当初不过就是……不过就是想离开武魂殿，和玉小刚私奔而已……”
说到这里。
比比东的声音，戛然而止。
整个人，像是被施了定身咒，僵在了原地。
等等。
她刚才说了什么？
和……玉小刚……私奔？
随着罗刹神念被林枫祛除，她的神智早已前所未有的清明。
再加上这十几年身居高位，执掌武魂殿的阅历。
她早就不是当初那个会被几句理论、几个温柔眼神就冲昏头脑的怀春少女了。
时间，仿佛在这一刻被拉回到了二十多年前。
那时的她，还是武魂殿集万千宠爱于一身的圣女，天之骄女，前途无量。
然后，她遇到了一个男人。
一个理论知识丰富，谈吐不凡，眼神忧郁，并且自称怀才不遇的男人。
玉小刚。
为了这个男人，为了他口中那虚无缥缈的“自由”与“爱情”。"
第194章 比比东：所以，一切都是我咎由自取？,https://www.biquh.com/678_678189/65985963_4.html,"
她，比比东，居然……
居然准备抛弃圣女的身份，背叛自己的老师，放弃整个武魂殿的资源。
和一个魂力终生无法突破二十九级的废物，远走高飞？
！
比比东的瞳孔，在一瞬间急剧收缩。
她看着镜子里那个脸色煞白，眼神里写满了荒谬与震惊的自己。
大脑一片空白。
我……当年是脑子被门夹了吗？
怎么会做出这么离谱的事情？！
这合理吗？
这不合理！
一段段被她尘封了二十多年的记忆，此刻像是开了闸的洪水，疯狂涌入脑海。
她想起来了。
她想起来当年，玉小刚总是用那四十五度角仰望天空，一脸深沉地告诉她：
“东儿，魂师的强大，不在于魂力，而在于智慧，我的理论，终将改变整个世界。”
而她，当年那个傻得冒泡的自己，居然还一脸崇拜地连连点头，觉得他简直是世界上最聪明、最特别的男人！
她还想起来了。"
第194章 比比东：所以，一切都是我咎由自取？,https://www.biquh.com/678_678189/65985963_5.html,"
当她把代表着圣女身份，能够随意进出武魂殿所有禁地，甚至调动封号斗罗的令牌交到玉小刚手上时。
他那故作平静，实则眼底深处迸发出狂喜的模样。
从那天起，他几乎是长在了武魂殿的藏书阁里，如饥似渴地汲取着那些不属于他的知识。
而她，那个蠢到家的自己，还以为他是在为了他们的未来而努力学习！
现在回想起来……
那哪里是谈吐不凡，那分明是故作高深！
那哪里是怀才不遇，那就是个眼高手低的废物！
那哪里是什么狗屁爱情！
他从头到尾看上的，根本就不是她比比东这个人！
而是她“武魂殿圣女”的身份！是这个身份能带给他的便利和资源！
他利用自己，想要在武魂殿藏书阁中寻找到解决武魂缺陷的方法！
想通了！
一切都想通了！
一个无比荒唐，却又无比真实的结论，浮现在比比东的脑海里。
“所以说……我被骗了？”
“这一切……都是我咎由自取？”
比比东猛地摇头，双手死死地抓着自己的头发，无法接受这个足以颠覆她整个前半生的结论。
“不！不可能！这怎么能怪我？”"
第194章 比比东：所以，一切都是我咎由自取？,https://www.biquh.com/678_678189/65985963_6.html,"
“我那时候还那么年轻，那么单纯！我懂什么！”
“错的绝对不是我！”
她嘴上虽然这么喊着，但那份底气，连她自己都觉得虚。
毕竟背叛武魂殿，身为教皇的她无比清楚这代表着什么！
一种深深的无力感涌上心头。
她颓然地瘫倒在床上，双目无神地望着天花板。
“好……就算……就算我当初瞎了眼，是我蠢……”
她颓然地瘫倒在床上，双目无神地望着天花板。
“好……就算……就算我当初瞎了眼，是我蠢……”
“那也不是千寻疾那个畜生毁掉我的理由！”
对！千寻疾该死！他必须死！
可……
可如果不是自己当年犯蠢，被玉小刚那个废物蛊惑，闹着要叛出武魂殿，又怎么会刺激到千寻疾，让他做出那等禽兽之举？
当比比东一遍又一遍的进行复盘后发现，整件事情的链条，似乎是这样的：
一个废物，蛊惑了一个傻子。
傻子为了废物，要背叛自己的家。
家的禽兽为了留下傻子，用最极端的方式毁了傻子。
傻子因此恨透了禽兽，恨透了整个家。"
第195章 玉小刚点菜？菜单：滚！,https://www.biquh.com/678_678189/65985964.html,"
想到这里，比比东的思路，豁然开朗！
对！
自己当初是犯了错，愚蠢且天真，该死！
千寻疾那个畜生，毁了自己一生，他也该死！
但是！
这一切悲剧的源头！
那个最最最该死的！
不正是那个蛊惑了天真少女，让她做出大逆不道决定的废物吗！
当捋清一切后，比比东的脸色，瞬间从煞白转为铁青，又从铁青，涨成了猪肝般的紫红色！
她红温了！
她彻底破防了！
原来，毁掉自己一生的，不仅仅是千寻疾！
其根源，更是始于自己当年瞎了眼看上的，彻头彻尾的骗子！一个小偷！一个道貌岸然的伪君子！
“玉！小！刚！！！”
一声压抑到极致，仿佛从牙缝里挤出来的怒吼，在华丽的寝宫中回荡。
她猛地扑回床上，抓起那床价值连城的真丝蚕被，狠狠地塞进嘴里，疯狂撕咬！
仿佛那不是被子，而是那个男人的血肉！
......"
第195章 玉小刚点菜？菜单：滚！,https://www.biquh.com/678_678189/65985964_2.html,"
与此同时。
枫染亭。
冰冷光滑的地板上。
被千道流一巴掌扇晕，然后像扔垃圾一样扔进来的玉小刚，眼皮颤动了几下。
似乎是冥冥之中，感应到了来自教皇寝宫那份炽热的“思念”。
他一个激灵，猛地从地板上坐了起来。
一个激灵，玉小刚猛地从地板上坐了起来。
“我……进来了？”
他环顾四周，大脑宕机了足足十几秒。
然后，一段记忆涌入脑海。
在自己报上名号后，那个恐怖的封号斗罗对自己动手了，但最后……好像是里面的人发话，救了自己。
回想起刚才发生的事情后，玉小刚终于明白怎么回事了。
外面那个门卫，八成是千家的人，对自己有敌意。
但这家店真正的主人，一定是比比东的心腹！
“主人，您为什么要让这种人进来？”
就在玉小刚沉侵在自己的脑补中无法自拔的时候，朱竹云已经嫌弃的开口了。
这人也太邋遢了。"
第195章 玉小刚点菜？菜单：滚！,https://www.biquh.com/678_678189/65985964_3.html,"
而且实力弱得可怜，都一大把年纪了，魂力波动居然连三十级都不到。
这种废物，连给她家洗茅厕都不配，怎么有资格踏入圣地？
林枫懒洋洋地靠在椅子上，后脑勺枕着一片惊心动魄的柔软。
他眯着眼，享受着朱竹云那双小手恰到好处的太阳穴按摩，也打量了玉小刚一番。
说实话，他有点失望。
本以为能把年轻时的比比东和柳二龙迷得神魂颠倒的男人，怎么着也得有几分龙章凤姿吧？
结果就这？
一个眼神里带着挥之不去的丧气与偏执的中年大叔。
长得……一言难尽。
林枫闭上眼，在柔软的“脑垫波”上蹭了蹭，无奈地叹了口气。
“没什么，就是听到了一个熟悉的名字，有点好奇。”
“不过现在，已经没兴趣了。”
朱竹云察觉到林枫的动作，脸上飞起一抹红霞，身子往前挺了挺，不再看地上的垃圾一眼。
而此时，玉小刚也终于从地上摇摇晃晃地爬了起来。
他听到了有人说话的声音，但没听清具体内容。
他第一反应就是寻找比比东的身影。
可他左看右看，发现店里除了眼前这个被美女环绕，过着腐败生活的年轻男人外，根本没有别人。
比比东呢？"
第195章 玉小刚点菜？菜单：滚！,https://www.biquh.com/678_678189/65985964_4.html,"
她不应该在这里满怀愧疚地等着自己吗？
玉小刚心里升起一丝不悦。
但他很快就为比比东找到了理由。
她毕竟是教皇，身份尊贵，肯定不好意思亲自出面。
眼前这个年轻人，应该就是她派来接待自己的心腹了。
想通之后，玉小刚心中的不快烟消云散，取而代之的是一种居高临下的审视。
他看着林枫被三个绝色美女伺候的场景，眼中闪过浓浓的嫉妒。
一个下人，居然也敢这么享受？
比比东真是越来越不会管教手下了！
但因为先前被守卫和千道流暴打的经历，他这次不敢再像之前那样装腔作势，只是用一种还算正常的口气问道。
“你就是这枫染亭的主人？”
林枫缓缓睁开眼，眼神平淡无波。
“不知这位‘大师’，光临我这小小的枫染亭，有何贵干？”
大师！
当听到这两个字从林枫口中说出时，玉小刚那刚刚还因为疼痛而有些佝偻的腰杆，瞬间挺得笔直！
他瞬间确定了！
眼前这个人，绝对是比比东的手下！"
第195章 玉小刚点菜？菜单：滚！,https://www.biquh.com/678_678189/65985964_5.html,"
一时间，玉小刚那可怜的自尊心得到了巨大的满足，他的腰杆子又硬起来了！
他嘴角带笑，轻哼一声，用一种“算你识相”的语气说道。
“明知故问。”
“既然你已经认出我来了，那就别浪费时间，赶紧开始吧。”
这副理所当然、颐指气使的态度，看得旁边的胡列娜和朱家姐妹一阵咬牙切齿。
这个废物，是在命令前辈做事？
他以为他是谁？
三人身上魂力微动，几乎就要当场动手，让这个不知死活的东西明白什么叫敬畏。
林枫却摆了摆手，一个眼神制止了她们。
这家伙虽然是个废物，但毕竟是蓝电霸王龙宗的直系。
处理得好，等于提前拿到了另一个上三宗的消费渠道！（蓝电霸王龙宗消费不了一点！全杀咯！我说的！读者也拦不住！）
蚊子再小也是肉嘛。
林枫脸上依旧是那副高深莫测的表情。
“本店的规矩，先消费，后抽奖。”
消费？
抽奖？
什么乱七八糟的？
看着玉小刚那满脸写着“我智商不够请说人话”的表情，林枫嘴角的肌肉抽动了一下。"
第195章 玉小刚点菜？菜单：滚！,https://www.biquh.com/678_678189/65985964_6.html,"
“就是先吃饭，后谈事。”
听到“吃饭”两个字，玉小刚瞬间感到一阵莫大的欣慰。
不错，不错！
还知道先让我吃饱喝足，把状态调整到最好！
这个手下，很懂事嘛！比比东总算办了件人事！
看在你这么懂事的份上，刚才还想着要让比比东把你这腐败的享受待遇给掐掉的决定，就暂时搁置吧。
玉小刚这么想着，肚子也恰到好处地叫了一声。
他嗅着空气中那霸道的香味，早就馋得不行了。
他不再多言，迫不及待地走到一张空桌旁坐下，拿起桌上那份看起来就极为不凡的菜单，随手打开。
一行行古朴的文字，如同活物一般，在菜单上缓缓浮现。
首先映入眼帘的，是“二级菜单”四个大字。
紧接着，下方开始浮现出一行行散发着诱人光晕的菜品名字。
然而，还不等玉小刚看清。
菜单上那些刚刚浮现的菜品名字，忽然剧烈地颤抖起来。
就像是看到了什么世界上最恶心、最污秽的东西，拼了命地想要逃离。
最后，在玉小刚懵逼的眼神中，“噗”的一声，所有的菜品。
连同那“二级菜单”四个大字，全都化作光点，消散得无影无踪。"
第195章 玉小刚点菜？菜单：滚！,https://www.biquh.com/678_678189/65985964_7.html,"
下一瞬。
一个新的，更加巨大，更加刺眼的字，在菜单的正中央，重新凝聚成型。
那是一个，笔锋凌厉，仿佛带着无尽嘲弄与鄙夷的字。
滚！"
第196章 呕~~！！谁踏马敢在前辈店前拉屎？！,https://www.biquh.com/678_678189/65985965.html,"
除了玉小刚本人，林枫是第一个察觉到菜单变化的。
当那个龙飞凤舞，却又充满嫌弃意味的“滚”字浮现时，他猛地从躺椅上坐直了身体。
因为林枫动作太过突然，让他身后那对柔软的“脑垫波”被顶得向前一送。
正卖力按压太阳穴的朱竹云冷不防被顶了一下，喉间发出一声娇媚的闷哼。
“主人？”
她脸颊飞红，有些羞涩地想问怎么了。
但林枫压根没理她，一双懒散的眼睛此刻瞪得溜圆，死死盯着玉小刚手里的菜单。
朱竹云三女顺着他的视线看去，也都呆住了。
“这……”
林枫的脑海里，已经掀起了惊涛骇浪。
“狗系统！出来！解释一下这是什么新功能？菜单还会自己骂人了？”
【哦，这不是很简单吗？】
系统的声音一如既往的欠揍。
【本系统的菜谱是有灵性的，它能感应到食客的本质。】
【它感应到这个叫玉小刚的，虽然顶着个二十九级大魂师的帽子，但实际战斗力连刚拿到第一魂环的菜鸟都不如。】
【最关键的是，它探查到这个废物的两个魂技……居然都是放屁。】
【菜谱觉得自己的B格受到了史诗级的侮辱，灵魂受到了不可磨灭的创伤，所以让他滚，有什么问题吗？】
林枫听完，人傻了。"
第196章 呕~~！！谁踏马敢在前辈店前拉屎？！,https://www.biquh.com/678_678189/65985965_2.html,"
不是……
这玉小刚，废物得这么有特色吗？
连一环魂师的战力都没有？
他回过神来，心里那叫一个悔啊。
妈的！
早知道这家伙连半点利用价值都没有，刚才就该让千道流把他大嘴巴子抽烂，直接扔护城河里喂鱼！
还想着靠他钓出蓝电霸王龙宗那群大客户呢，这下全泡汤了！
玉小刚当然不知道这些，他只觉得自己的尊严被按在地上摩擦，脸色铁青地看向林枫。
“这到底是什么意思？”
林枫重新懒洋洋地靠回“脑垫波”上，只是语气不再平静，而是充满了毫不掩饰的讥讽。
“呵，意思就是，你的实力太弱，连我的菜单都看不起你。”
“空有二十九级的魂力，战斗力居然连一环魂师都不如，你这种级别的废物，不配吃我做的饭。”（其实作者觉得，玉小刚最多能和九级的王圣打个平手。）
此话一出，三女先是一愣，随即看着玉小刚那张呆滞的脸，瞬间爆笑出声。
“噗……二十九级，不如一环魂师？这废物也太纯粹了吧！”
“天呐，我一直以为废物只是个形容词，没想到今天见到名词本尊了。”
林枫的话还没完，他在自己面前扇了扇风，一脸嫌恶地补充道。
“而且，你那两个魂技，居然全是放屁？我的菜单被你碰过，简直是它这辈子最大的污点。”"
第196章 呕~~！！谁踏马敢在前辈店前拉屎？！,https://www.biquh.com/678_678189/65985965_3.html,"
三女的笑声戛然而止。
她们脸上的表情，瞬间从爆笑切换到了嫌弃、恶心，甚至有点想吐。
林枫接下来的话，更是让她们头皮发麻。
“去，把我的菜单从他手里救回来，然后好好清理一百遍！”
唰！
这一刻，朱家姐妹俩展现出了空前的默契。
她们齐刷刷地扭头，看向胡列娜。
那眼神里的意思再明白不过：娜娜姐，你是大总管，你上！
胡列娜的脸都垮了，嘴巴一瘪，眼泪都快掉下来了。
她真的不想靠近那个魂技是放屁的男人啊！
可老板的命令又不能不听。
她只好捏着鼻子，迈着小碎步，像是在靠近一个生化武器库，一点点往玉小刚那边挪。
而此刻，玉小刚终于从那诛心的话语中回过神来！
奇耻大辱！
这是他这辈子都未曾遭受过的奇耻大辱！
“你……你敢这么侮辱我！”
他气得双眼猩红，喘着粗气，状若疯牛。
“今天我非要替比比东管教管教你！！”"
第196章 呕~~！！谁踏马敢在前辈店前拉屎？！,https://www.biquh.com/678_678189/65985965_4.html,"
话音未落，他竟直接将手中的菜单，当成暗器一样，狠狠朝旁边甩了出去！
同时，双手掐了个印，准备召唤武魂！
“菜单！”
胡列娜花容失色，也顾不上捏鼻子了，一个箭步前冲，惊险地将菜单接住。
可等她站稳时，才惊恐地发现，自己的面前，不知何时多了一只似狗非狗，似猪非猪的紫色生物。
“第一魂技，轰天裂地罗三炮！”
随着玉小刚身上第一魂环亮起，那只名为“罗三炮”的奇怪生物，已经撅起了屁股，对准了胡列娜！
它那圆滚滚的肚子，正在以肉眼可见的速度飞快膨胀！
那架势，分明是在为一发惊天动地的屁，做着最后的蓄力！
胡列娜的脑子“嗡”的一声，瞬间一片空白。
以她的实力，自然不怕被伤到。
但心理上的冲击力是毁灭性的！
这就好比一些水管滋出水的威力，绝对伤不到一个正常人。
但是，如果你提前就知道，那管子另一头连接着的，是一台抽粪车呢？
你明知道那绝对伤不到你，但是面对着那下一秒就要对着你打开的水管，那种压迫力，谁敢说自己能保持镇定？
同理，胡列娜此刻都差点崩溃了！
也就在此时，两道黑影闪过。"
第196章 呕~~！！谁踏马敢在前辈店前拉屎？！,https://www.biquh.com/678_678189/65985965_5.html,"
朱家姐妹动了。
轰天裂地罗三炮？
光听这名字就让人窒息！
她们怎么可能允许这种污秽之物，在前辈的店里“爆炸”？
姐妹俩第一次联手，默契好到惊人。
朱竹清的身影如鬼魅般出现在罗三炮身后，修长的右腿划出一道凌厉的弧线。
脚尖精准地、狠狠地踢在了它那即将释放毒气的出口上。
“嗷——！”
罗三炮发出一声凄厉的惨叫，疼得肥大的耳朵都绷直了，那个蓄势待发的屁，硬生生被踹了回去。
与此同时，朱竹云的目标是玉小刚。
她一记毫不留情的撩阴腿，正中目标！
“唔！”
玉小刚的眼睛瞬间凸出，整个人弓成了一只煮熟的大虾，脸憋成了猪肝色。
就这样，在这对儿姐妹俩的合作之下，终于在那“可怕”的魂技释放之前，将这一人一猪给踹出门外。
林枫一挥手，那扇自动门瞬间紧紧锁死，一点缝隙都没有。
下一秒，门外，突然响起了一声惊天动地的巨响。
噗——！！！
那声音，沉闷而悠长。"
第196章 呕~~！！谁踏马敢在前辈店前拉屎？！,https://www.biquh.com/678_678189/65985965_6.html,"
甚至还弥漫起了一股子黄色烟雾！
就姐妹俩刚松了口气的时候，烟雾中却是突然传来一个男人惊恐万分的干呕声，以及一声撕心裂肺的咆哮声。
“呕~~~！”
“谁踏马敢在前辈店前拉屎？！呕~~！！这味道有毒！”"
第197章 被前后夹击的玉小刚，唐昊遭遇灵鸢斗罗！,https://www.biquh.com/678_678189/65985966.html,"
枫染亭内，死一般的寂静。
朱竹云和朱竹清姐妹俩僵在原地，精致的俏脸上，神情极为复杂。
她们对视了一眼。
彼此的眼眸中，都看到了一丝显而易见的尴尬与心虚。
“姐姐……”朱竹清红唇微张，声音细若蚊呐，“我们好像……把大供奉给忘了。”
朱竹云的嘴角也忍不住抽动了一下。
何止是忘了。
简直就是亲手把千道流推进了火坑。
不，比火坑还可怕。
那是生化武器的爆发中心！
不过，朱竹云的心理素质毕竟更强一些，她很快就调整好了心态，理直气壮地小声回道。
“为了不让那污秽之物在主人的店里引爆，牺牲一下大供奉，也是……也是没办法的事。”
“大供奉肯定能理解我们的！”
话虽如此，两姐妹还是忍不住透过那巨大的琉璃窗，心惊胆战地望向门外。
外面。
那股能把人送走的浓郁黄雾，正顽强地挑战着千道流的嗅觉极限。
他堂堂九十九级绝世斗罗，天使之神的大祭司，此刻脸色发青，眼眶含泪，捂着口鼻剧烈干呕。
“呕——！”"
第197章 被前后夹击的玉小刚，唐昊遭遇灵鸢斗罗！,https://www.biquh.com/678_678189/65985966_2.html,"
这辈子都没闻过这么上头的东西！
到底是谁！
哪个天杀的敢在前辈的圣地门口干出如此丧尽天良之事！
他强忍着掀翻天灵盖的恶心感，猛地转过头，瞬间锁定了罪魁祸首。
只见玉小刚正趴在不远处的地上。
他整个人蜷缩着，一手死死捂着裤裆，另一只手则紧紧按着自己的屁股。
一张脸痛苦地拧巴在一起，五官都快挤没了，浑身不受控制地抽搐。
朱竹云那一脚，让他体会到了什么叫蛋碎的忧伤。
而朱竹清那一脚，通过罗三炮的伤害共享，则让他感受到了什么叫菊花残满地伤。
前后夹击，双倍的痛苦，双倍的酸爽。
千道流的怒火，在这一刻彻底炸了。
又是这个垃圾！
不仅理直气壮的来到武魂城，现在还敢污染前辈店门口的空气！
“杂碎！”
千道流一个箭步冲上去，抬起大脚。
他没再客气，直接一脚狠狠踹在玉小刚的屁股上。
玉小刚发出一声闷哼，整个人像个破麻袋一样被踹飞出去，在地上翻滚了好几圈，最后“啪”的一声，脸朝下糊在了巷子尽头的墙壁上，缓缓滑落。"
第197章 被前后夹击的玉小刚，唐昊遭遇灵鸢斗罗！,https://www.biquh.com/678_678189/65985966_3.html,"
千道流看着昏死过去的玉小刚，这才嫌恶地在地上蹭了蹭自己的鞋底。
晦气！
......
一个阴暗、干燥得几乎没有一丝水汽的山洞深处。
光线在这里仿佛都失去了活力，空气中弥漫着一股尘土与腐朽混合的怪味。
唐昊站在洞穴深处，凝视着眼前的一株蓝银草。
这株蓝银草比寻常同类要高大许多，叶片上隐约可见淡淡的金色纹路，昭示着它曾经高贵的血统。
可现在，它却萎靡得厉害。
叶片干枯卷曲，带着病态的灰败色，根茎处的土壤更是干裂得如同龟甲。
它在渴望着阳光与水分。
它在哀求着生命。
唐昊的视线下意识的避开那些地方，转而落在了一片相对还算完整的叶子上。
“阿银。”
唐昊开口，声音沙哑得像是两块石头在摩擦。
“小三他，很好。”
“年仅十二岁，魂力已经快要三十级了，比我当年还要出色。”
他絮絮叨叨地说着，脸上硬挤出一丝作为父亲的骄傲，眼神却空洞得可怕，根本没有聚焦在那株垂死的蓝银皇上。
他像是在汇报，又像是在寻求某种认可。"
第197章 被前后夹击的玉小刚，唐昊遭遇灵鸢斗罗！,https://www.biquh.com/678_678189/65985966_4.html,"
“你的牺牲……是值得的。”
他知道，她快要死了。
被他亲手安置在这个没有阳光，没有雨露的绝地。
一个念头在他脑海中闪过，只要他愿意，只需催动魂力，便能引来山泉，滋润这片干裂的土地。
可他的手，只是在半空中僵硬地攥紧，最终又无力地垂下。
他缓缓转过身，背对着那株苦苦挣扎的蓝银皇。
“这里……很安全。”
他对自己说，也像是在对那株草说。
“待在这里，就不会再有危险了。”
是啊，死亡，便是终极的安全。
他为她选择的“港湾”，其实是一座缓慢走向死亡的坟墓。
这或许才是他内心最深处，那份连自己都不敢承认的，阴暗的期望。
让她就此彻底死去。
那么，他犯下的罪，欠下的债，就都能随着她的枯萎，一同被掩埋。
就在这时，唐昊的神色猛地一变。
“魂师？”
数道魂力波动从山下传来，虽然微弱，却精准地落入他的感知范围。"
第197章 被前后夹击的玉小刚，唐昊遭遇灵鸢斗罗！,https://www.biquh.com/678_678189/65985966_5.html,"
他一步跨出山洞，站在崖边向下望去。
几个身穿武魂殿制式服装的魂师，正鬼鬼祟祟地在山林间搜索着什么。
武魂殿的走狗！
居然找到这里来了！
唐昊的脸瞬间阴沉下来，眼底的杀意毫不掩饰。
这个地方，暴露了。
他转身，对着山洞的方向低语。
“阿银，等我。”
等我宰了这几只苍蝇。
然后，我们就换一个地方，一个……更加与世隔绝的地方。
黑色的昊天锤，凭空出现在他的掌心。
唐昊的身影冲天而起，双手高举那柄象征着绝对力量的巨锤，准备将下方那几个碍眼的蝼蚁，连同这片山坡，一并砸成齑粉！
可就在他即将挥落巨锤的瞬间！
一股让他灵魂都为之战栗的灼热感，毫无征兆地从下方爆发！
那不是普通的火焰！
唐昊的瞳孔缩成了针尖大小。
他想也不想，强行在半空中扭转身形，放弃了攻击，向一侧狼狈地翻滚躲闪。
轰——！"
第197章 被前后夹击的玉小刚，唐昊遭遇灵鸢斗罗！,https://www.biquh.com/678_678189/65985966_6.html,"
一道赤金色的火柱，擦着他的身体冲天而起。
火光瞬间染红了半边天空！
被火柱扫过的那些苍翠的树木，在接触到那股热浪的瞬间，连燃烧的过程都没有，直接就化作了飞灰！
唐昊重重地落在地上，后背已是一片冷汗。
他惊骇地抬头望去。
只见那几个武魂殿的低级魂师身前，不知何时，多了一个女人。
一个身材火爆到极点，浑身都燃烧着赤金色火焰的女人。
九十四级。
对方的气息清晰地告诉了他等级。
可那火焰……
那火焰的质感，那股焚尽万物的霸道意志！
绝对不是一个九十四级的封号斗罗能够拥有的力量！
“灵鸢斗罗？”
唐昊认出了对方。
唐昊认出了对方的身份，武魂殿长老中唯一的女性，一个出了名的莽夫。
可他从未听说过，她的火焰，能达到如此恐怖的境地。
唐昊？"
第197章 被前后夹击的玉小刚，唐昊遭遇灵鸢斗罗！,https://www.biquh.com/678_678189/65985966_7.html,"
灵鸢斗罗看到唐昊的一瞬间，也愣了一下。
但那也仅仅是一瞬间的错愕。
下一秒，她那双燃烧着赤金色火焰的眸子骤然亮起，越过唐昊，死死盯住了他身后那个黑漆漆的山洞。
嘴里发出一声狂傲至极的大笑，声音震得山林回响。
“本来还想着得搜到什么时候，没想到你自己蹦出来了！”
“既然你在这里在这里，那也就代表着蓝银皇也在附近吧？”"
第198章 唐昊：武魂殿的鼠辈都出来吧！,https://www.biquh.com/678_678189/65985967.html,"
听到灵鸢斗罗的话，唐昊整个人都懵了。
他呆在原地，大脑甚至出现了短暂的空白。
什么意思？
什么叫“你自己蹦出来了”？
什么叫“蓝银皇也在附近”？
听这女人的口气，他们这次的目标，压根就不是自己这个武魂殿头号通缉犯。
而是……阿银？
一个荒谬至极的念头，让唐昊的脸上，浮现出浓浓的不解与困惑。
这没道理啊！
阿银已经献祭了她身为十万年魂兽的所有修为，如今只是一株脆弱到随时可能枯死的草，对武魂殿有个毛的价值？
他们……图什么？
唐昊发现，自从在武魂城外遇到宁风致那伙人开始，事情就彻底失控了，正朝着一个他完全无法理解的方向狂奔。
然而，灵鸢斗罗压根没打算给他时间去理解。
对她这种莽夫来说，解释？那是世界上最浪费时间的事。
早点把前辈要的“盆栽”挖回去，她才能早点吃到前辈做的饭！
在她的感知中，那个黑漆漆的山洞里，正散发着一股极其微弱，却又无比纯净的植物系生命气息。
找到了！
灵鸢斗罗那双燃烧着火焰的眼睛，瞬间亮得跟两千瓦的灯泡似的。"
第198章 唐昊：武魂殿的鼠辈都出来吧！,https://www.biquh.com/678_678189/65985967_2.html,"
她甚至懒得再多看唐昊一眼。
下一瞬，她周身赤金色的火焰轰然暴涨，整个人化作一道撕裂长空的火焰流星，径直朝着他身后那个黑漆漆的山洞冲去！
一边飞，她嘴里还一边美滋滋地念叨着。
“盆栽！前辈的盆栽！”
“嘿嘿！这头功，终究还是我灵鸢的！”
轰！
“盆栽”两个字，如同一道惊雷，狠狠劈在唐昊的天灵盖上！
他瞬间就明白了！
这帮天杀的，是要把阿银挖走！
挖走……当成盆栽？！
一股前所未有的暴怒，瞬间冲垮了他所有的理智！
他唐昊，可以把阿银扔在这破山洞里等死，用这种方式来逃避自己内心的罪孽。
但，这不代表别人能碰她一根草叶子！
更何况，还是用这种堪称羞辱的方式！
“找死！”
“找死！”
唐昊的眼球瞬间布满血丝，发出了野兽般的嘶吼！"
第198章 唐昊：武魂殿的鼠辈都出来吧！,https://www.biquh.com/678_678189/65985967_3.html,"
他一脚踩碎山岩，整个人拔地而起，抡起那柄漆黑的昊天锤，对着灵鸢斗罗的后背就砸了下去！
面对这毁天灭地的一击，半空中的灵鸢斗罗非但没躲。
她反而猛地一个急刹车，停在空中，豁然转身！
那张美艳的脸上，没有半点害怕，反而写满了两个字——兴奋！
她平日里在前辈的饭店，干得最多的事就是跟那群老家伙抢吃的。
搞得好像她灵鸢斗罗一辈子没吃过饱饭似的。
但可别忘了，在成为前辈的忠实饭友之前，她可是武魂殿出了名的暴躁老姐！
现在，她不仅是暴躁老姐。
还是个身怀“强大杀器”的暴躁老姐！
极致之火！
自从抽到这玩意儿，她感觉浑身都有使不完的劲，做梦都想找个抗揍的沙包试试威力！
可她不敢啊。
这玩意儿她自己也控制不好，万一没收住手，把同事给烤个七分熟，那乐子可就大了。
今天，这不巧了吗！
唐昊自己蹦出来了！
这简直是天上掉下来的最佳测试员啊！
来！
让老娘看看，是你这锤子硬，还是老娘的火够劲！"
第198章 唐昊：武魂殿的鼠辈都出来吧！,https://www.biquh.com/678_678189/65985967_4.html,"
“来得好！”
灵鸢斗罗娇喝一声，全身的赤金色火焰像是找到了宣泄口，疯狂涌向右拳！
她没用任何魂技。
就是简简单单，朴实无华地，对着那柄砸过来的黑色巨锤，一拳怼了上去！
用拳头硬接昊天锤？！
唐昊的眼神里，闪过一丝看傻子般的轻蔑。
纯纯找死！
他仿佛已经看到，对方那只不自量力的手，连着整条胳膊，被自己的锤子砸成一滩烂肉的画面。
下一秒！
拳与锤，结结实实地撞在了一起！
咚——！
一声像是撞钟一样的巨响，震得整片山脉都抖了一下！
一股肉眼可见的环形气浪，以两人为中心，疯狂地向四周席卷而去！
气浪所过之处，山石崩裂，古木倒摧！
方圆百米之内的一切，都被夷为平地！
灵鸢斗罗的身影被巨大的力道震得倒飞出去十几米。
她只觉得体内气血一阵翻涌，喉咙口泛起一丝腥甜，但很快就被她强行压了下去。"
第198章 唐昊：武魂殿的鼠辈都出来吧！,https://www.biquh.com/678_678189/65985967_5.html,"
手臂上传来的，是骨头都快要裂开的剧痛。
但她的脸上，却看不到丝毫痛苦，那双燃烧着火焰的眸子里，只有一种战意被彻底点燃的癫狂！
过瘾！
不愧是曾经能以一敌三，打得武魂殿颜面尽失的昊天斗罗！
而在另一边。
唐昊的身影，仅仅是晃动了一下，便稳稳地站在原地。
力量上，他占了绝对上风。
可他的脸色，却比被震飞的灵鸢斗罗还要难看一万倍！
“啊——！”
一声压抑不住的痛呼，从他喉咙里发出！
唐昊猛地抬起自己握着锤柄的右臂。
只见他的整条小臂，此刻竟是一片焦黑！
钻心刺骨的剧痛，正顺着他的手臂，疯狂地涌向他的大脑！
这……这怎么可能？！
刚才的碰撞，那股赤金色的火焰，仅仅只是与他的昊天锤接触了一瞬间！
可那火焰中蕴含的，霸道到极致的焚烧意志，竟是直接无视了昊天锤的魂力防御。
顺着锤柄蔓延而上，将自己的手臂灼伤至此！
“哈哈！再来！”灵鸢斗罗甩了甩发麻的手，大笑着又冲了上来。"
第198章 唐昊：武魂殿的鼠辈都出来吧！,https://www.biquh.com/678_678189/65985967_6.html,"
“疯女人！”唐昊心里又惊又怒，连忙加大魂力护体，再次挥锤迎上。
没用。
接下来的几次碰撞，唐昊绝望地发现，不管他用多少魂力。
那该死的火焰总能轻易突破，在他那本就焦黑的胳膊上，反复烧烤。
就在他怒火攻心，准备开大招用大须弥锤一锤子砸死这个疯女人的时候。
头顶上，突然传来一声粗犷的大笑。
“哈哈哈！灵鸢妹子，你太不仗义了！找到唐昊这么好玩的沙包，居然不叫上大伙儿一起玩！”
下一秒，一个壮得像头熊的汉子从天而降，一记飞踹就朝着唐昊的脑门踹了过来。
唐昊仓促抵挡，竟然被这一脚踹得倒退了十几米！
他抬头一看，来人是魔熊斗罗！
而且他身上的气息，竟然跟自己一样，是九十五级！
更离谱的是，这货的力量有这么大吗？
唐昊还没从震惊中回过神来。
他背后，一道炽热的龙息又喷了过来！
唐昊狼狈地躲开，回头一看，是圣龙斗罗，拓跋希！
又一个！
接二连三地被偷袭，唐昊终于破防了！
他仰天嘶吼：“武魂殿的鼠辈！还有多少人，都给老子滚出来！我唐昊今天一并战之！”"
第199章 真出来你又不高兴！唐昊想炸环跑路？,https://www.biquh.com/678_678189/65985968.html,"
唐昊那一声怒吼，像是捅了马蜂窝。
他话音刚落。
山林四处，一道接一道的人影砸了下来。
咚！
咚！咚！
每一下都让地面狠狠一震，泥土飞溅。
眨眼间，唐昊的四周，就站满了人。
鬼斗罗。
菊斗罗。
鬼豹斗罗。
剑斗罗。
骨斗罗。
就连那几个几十年没出过关的供奉殿老怪物，除了千道流和金鳄外，都跟赶集似的来了齐活！
不多不少，十五个封号斗罗。
外加一个宁风致，站在圈外，正笑眯眯地准备随时开辅助。
这个阵容，别说打他一个唐昊，就是把昊天宗从山上连根拔起，都绰绰有余。
唐昊的脸，彻底白了。
“灵鸢长老，你这就不地道了啊。”"
第199章 真出来你又不高兴！唐昊想炸环跑路？,https://www.biquh.com/678_678189/65985968_2.html,"
菊斗罗捏着兰花指，对着已经跟唐昊过了几招的灵鸢斗罗，娇嗔道：“这么好玩的宝贝，你一个人玩了半天，也该让咱们哥几个爽爽了吧？”
“滚！”
灵鸢斗罗直接炸了，她张开双臂，像护食的母老虎一样挡在唐昊面前。
那架势，仿佛唐昊不是她的敌人，而是她失散多年的亲儿子。
“这沙包是老娘先发现的！谁敢跟老娘抢，老娘活劈了他！”
“凭啥啊灵鸢妹子！”
魔熊斗罗第一个不服，蒲扇大的巴掌把胸口拍得“梆梆”山响。
“你都把人胳膊烤成五分熟了，也该让俺老熊试试，前辈赐的力量能不能把这骨头棒子砸碎！”
说着，他晃了晃那根狰狞的暗金恐爪熊右爪骨，口水都快流下来了。
“就是就是！”
众人立刻跟着起哄。
开玩笑！
谁还没在前辈店里吃过几顿改变人生的饭？谁还没抽到过提升实力的宝贝？
好不容易逮着个皮糙肉厚、名满大陆的顶级测试品，能让你一个人把瘾全过了？
一时间，所有人看唐昊的眼神，都不再是看一个敌人。
那眼神，就像是饿了三天的狼，看见了一头被扒了皮、抹好酱料、只等下嘴的肥羊。
“都别吵了！”"
第199章 真出来你又不高兴！唐昊想炸环跑路？,https://www.biquh.com/678_678189/65985968_3.html,"
鬼斗罗清了清嗓子，站出来主持“公道”。
“咱们都是有头有脸的人物，别为个玩具伤了和气。”
“依我看，为了公平起见，咱们不如……石头剪刀布？”
“好主意！”
“附议！输了的往后排！”
一群跺跺脚就能让大陆抖三抖的顶级强者，竟然真的兴致勃勃地准备开始猜拳。
唐昊听着这些对话，一口气没上来，差点当场心肌梗塞。
沙包？
玩具？
石头剪刀布？
他，昊天斗罗唐昊！大陆最年轻的封号斗罗！
今天，竟然沦落到要被人用猜拳的方式，决定谁先来揍自己？
“你们……”
唐昊气到浑身发抖，喉咙里发出野兽般的低吼。
他牙齿咬得“咯咯”作响。
“别太瞧不起人了！”
这一声绝望的咆哮，总算让那群准备猜拳的封号斗罗停了下来。
十五道目光，齐刷刷地落在他身上。"
第199章 真出来你又不高兴！唐昊想炸环跑路？,https://www.biquh.com/678_678189/65985968_4.html,"
那眼神里，充满了被打扰的不悦。
就在唐昊以为自己的尊严终于换来了一丝重视时。
一道残影闪过。
啪！
一个响亮到极点的大逼兜，又快又狠，结结实实地扇在了他的左脸上。
世界，瞬间安静了。
唐昊整个人都被这一巴掌给扇蒙了，捂着火辣辣的脸，脑子里只剩下“嗡嗡”的轰鸣。
他机械地转过头。
只见鬼豹斗罗不知何时已经回到了原地，正一脸嫌弃地甩着手腕，仿佛碰了什么脏东西。
“我们在商量正事。”
“你跳出来狗叫什么！”
受到如此奇耻大辱，唐昊瞬间变得双目猩红，气喘如牛。
他堂堂昊天斗罗，竟然被当猴耍！
“很好！”
唐昊气到极致，反而笑了，笑得无比狰狞。
下一秒，他身上那前八个魂环，光芒瞬间黯淡，一道道裂纹在环身上疯狂蔓延！
炸环！"
第199章 真出来你又不高兴！唐昊想炸环跑路？,https://www.biquh.com/678_678189/65985968_5.html,"
见到这一幕，十五个封号斗罗非但没有阻止，反而一个个眼睛都亮了。
“哦豁！要玩命了！”
“大须弥锤！我可算能亲眼见识一下了！”
他们非但不怕，甚至还兴致勃勃地后退几步，自觉地围成一个圈，腾出了一片足够大的“舞台”。
那架势，不像是在面对一个拼死一搏的强敌，倒像是在围观一场百年难得一见的烟花秀。
唐昊看着他们那副看戏的嘴脸，气得差点又是一口老血喷出来。
但眼中精光一闪的他还是强行压下怒火，身体冲天而起。
他高举着漆黑的昊天锤，用尽全身的力气，一字一顿地从牙缝里挤出三个字：
“大——须——弥——！”
声震四野！
恐怖的气势，让天空都为之变色！
众人纷纷做好战斗，有极致属性的酝酿起极致属性，没极致属性的准备耍一下自己的新武魂，还有的准备好魂骨技能。
然而。
唐昊喊完那三个字后，人就一直往上飞。
越飞越高。
越飞越高。
一秒。
五秒。"
第199章 真出来你又不高兴！唐昊想炸环跑路？,https://www.biquh.com/678_678189/65985968_6.html,"
十秒。
眼瞅着天上的那个人影，都快变成一个小黑点了。
那个至关重要的“锤”字，却迟迟没有喊出来。
场面，一度十分尴尬。
魔熊斗罗最先忍不住，他抬着头，脖子都仰酸了，瓮声瓮气地挠着头。
“他是不是……忘词了？”
鬼斗罗那藏在黑雾里的脸狠狠一抽，咬牙切齿地骂道。
“忘你个头！那孙子跑路了！”
此话一出，全场寂静。
然后，不约而同地爆了一句粗口。
“草！”
“裤子都脱了就给我看这个？”
他们齐刷刷地抬头，看着那个已经快要消失在云层里的小黑点。
“这孙子玩阴的！”
“追！今天非把他屎打出来不可！”
一群人骂骂咧咧，刚准备动身。
就在这时。"
第199章 真出来你又不高兴！唐昊想炸环跑路？,https://www.biquh.com/678_678189/65985968_7.html,"
“啊——！”
一声凄厉到变了调的惨叫，突然从高空传来。
紧接着，那个刚刚还志得意满准备跑路的小黑点，以比飞上去快十倍的速度，笔直地砸了下来！
轰隆一下！
地面被砸出一个大坑，烟尘弥漫。
尘埃散尽，只见唐昊以一个“大”字型躺在坑底，脸都被扇歪了，嘴里还无意识地冒着血泡，显然已经昏死过去。
这时，一个充满怒气的声音，从他们头顶上炸开。
“哼！十六个人，围着一个九十五级的唐昊，还能让他差点跑了！”
“你们这群废物，还能再给我丢人现眼一点吗？！”"
第200章 八宝琉璃塔当狼牙棒？宁风致砸唐昊！,https://www.biquh.com/678_678189/65985969.html,"
众人抬头一看，只见金鳄斗罗的身影如同一颗陨石，从高空笔直坠落。
轰！
他重重地砸在唐昊被砸出的大坑旁，恐怖的冲击力让大地再次龟裂，烟尘冲天。
待到烟尘散去，他那张年轻，却依旧威严无比的脸上，此刻布满了阴云。
他那双锐利的眼睛缓缓扫过在场的每一个人。
鬼斗罗、菊斗罗、魔熊斗罗……
灵鸢斗罗、圣龙斗罗……
甚至是宁风致、剑斗罗、骨斗罗……
但凡是被他目光扫到的人，无论心中作何感想，都不约而同地低下了脑袋，没有一个人敢与他对视。
一股名为心虚的气氛，在这些人之间诡异地蔓延开来。
“很好！”
金鳄斗罗怒极反笑，他伸出手指，挨个点过这些人的鼻子，声音里压抑着火山爆发般的怒火。
“出发之前，我是怎么跟你们说的！”
“这次行动的唯一目的，是为前辈寻来那株合心意的‘盆栽’！完成前辈的嘱托！”
“可你们呢！”
他的声调猛然拔高，如同惊雷炸响。
“一个个的，不理会正事，反倒是在这里把唐昊这个废物当成了玩具！”
“还差点让他跑了！你们丢不丢人！啊？！”"
第200章 八宝琉璃塔当狼牙棒？宁风致砸唐昊！,https://www.biquh.com/678_678189/65985969_2.html,"
金鳄斗罗气得胸膛剧烈起伏，指着众人的手都在微微颤抖。
“在你们心里，前辈交代下来的任务，就这么不重要吗？！”
这一刻，所有人都明白了。
金鳄斗罗，根本不是气他们差点让唐昊跑掉。
他是气他们……因为沉迷于测试新玩具，而近乎“亵渎”了前辈的任务！
这……这是何等严重的思想错误！
在场有一个算一个，包括上三宗宗主宁风致，头都埋得更低了，恨不得当场找条地缝钻进去。
是啊。
前辈的任务，才是第一位的。
他们竟然因为一时手痒，差点把正事给忘了，甚至险些酿成大错。
这要是传到前辈耳朵里，他们这群人的印象分，不得直接扣成负数？
一想到可能会被前辈厌弃，甚至被剥夺进入枫染亭的资格，所有人的后背都瞬间被冷汗浸湿。
看到众人这副幡然醒悟的模样，金鳄斗罗心头的火气才稍稍降下去一些。
但他还是咬牙切齿地低吼道：“我真想亲手捶死你们这群拎不清主次的蠢货！”
说完，他再也懒得看这群丢人现眼的同僚一眼，冷哼一声，转身便大步流星地走进了那个黑漆漆的山洞。
前辈的“盆栽”，还在里面等着呢。
一时间，山洞外，只留下了那个还在坑里昏死过去的唐昊，以及对他怒目而视的十五位封号斗罗，和一位辅助系魂圣。"
第200章 八宝琉璃塔当狼牙棒？宁风致砸唐昊！,https://www.biquh.com/678_678189/65985969_3.html,"
空气，安静得可怕。
终于。
魔熊斗罗挠了挠头，瓮声瓮气地打破了沉默。
“妈的，越想越气。”
“都怪这孙子，害得咱们被二供奉骂！”
他恶狠狠地瞪着坑里的唐昊，似乎在犹豫要不要下去补两脚。
鬼斗罗阴恻恻地开口了。
“踹他两脚，出出气，我觉得很有必要。”
此言一出，仿佛打开了某个开关。
“附议！”
“算我一个！”
“我也去！”
下一秒，十五位封号斗罗，如同闻到血腥味的鲨鱼，一窝蜂地涌了上去，将那个不大的坑洞围得水泄不通。
然后，开始了一场惨无人道，但又莫名充满节奏感的……圈踢。
……
不知道过了多久。
唐昊醒了。
或者说，他是不得不醒。"
第200章 八宝琉璃塔当狼牙棒？宁风致砸唐昊！,https://www.biquh.com/678_678189/65985969_4.html,"
意识恢复的第一个瞬间，他感觉到的不是手脚的疼痛，而是来自四面八方，连绵不绝的震动。
有踹肚子的。
有踹脸的。
甚至还有专攻下三路的！
“魔熊，你他娘的别老往下三路招呼！那是老子看上的部位！
唐昊双手死死护着自己的脑袋和要害，整个人像个虾米一样蜷缩在地上，被踹得来回翻滚。
他想反抗。
可他一动，迎接他的就是十几道更加狂暴的攻击。
他想骂人。
可他一张嘴，一只大脚丫子就精准地印了上来。
唐昊只能在无休止的殴打中，拼命寻找着唯一的突破口。
唐昊的目光透过人群的缝隙，精准地锁定了站在圈外，一脸微笑，仿佛在欣赏艺术的宁风致。
“宁风致！”
唐昊用尽全身力气，发出了杜鹃泣血般的嘶吼。
“往年你一直提倡上三宗联手，共同对抗武魂殿！”
“今天你居然和他们狼狈为奸！帮着武魂殿对付我！”
“你难道就不怕我昊天宗，从此与你七宝琉璃宗势不两立吗？！”"
第200章 八宝琉璃塔当狼牙棒？宁风致砸唐昊！,https://www.biquh.com/678_678189/65985969_5.html,"
这话，带着挑拨，带着威胁，更带着一个大陆顶级强者最后的挣扎。
然而。
话音刚落，那原本还嘈杂的“圈踢”现场，瞬间安静了下来。
十几道意味不明的目光，齐刷刷地从唐昊身上，移到了宁风致的身上。
原本还在微笑着看戏的宁风致，脸上的笑容瞬间凝固。
他的脑门上，一滴豆大的冷汗，顺着鬓角缓缓滑落。
不知道是不是错觉。
他总感觉，在唐昊喊出那句话后，武魂殿这群人看他的眼神，瞬间就变得不对劲了！
那眼神里，带着审视，带着怀疑，甚至还带着一丝丝的……警惕。
这还得了？！
宁风致的心脏，猛地一抽！
他七宝琉璃宗，好不容易才在前辈面前混了个脸熟，勉强挤进了武魂殿这个核心舔狗圈的外围，总算是挤上了前辈这条通天巨轮的船舷。
现在，唐昊这个狗东西，居然想用一句话，就把他踹下船？！
昊天宗？
合作？
去你妈的昊天宗！
在前辈面前，你昊天宗算个什么勾八？！
一瞬间，宁风致的脸，以肉眼可见的速度，从煞白涨成了猪肝色！"
第200章 八宝琉璃塔当狼牙棒？宁风致砸唐昊！,https://www.biquh.com/678_678189/65985969_6.html,"
“放你娘的罗圈屁！”
一声完全不符合他儒雅宗主身份的怒骂，从宁风致的嘴里悍然炸响！
他指着地上蜷缩的唐昊，义正言辞，声色俱厉。
“我七宝琉璃宗，向来只与光明磊落，代表着大陆正统与未来的武魂殿交好！”
“什么时候与你们昊天宗这种避世不出，背信弃义的缩头乌龟狼狈为奸过？！”
“唐昊！你休要在此妖言惑众，挑拨我七宝琉璃宗与武魂殿诸位长老亲密无间的战友情谊！”
这番话说得是掷地有声，铿锵有力！
周围武魂殿的封号斗罗们，听得是连连点头，看向宁风致的眼神，都柔和了不少。
嗯，这老狐狸，觉悟还是有的。
然而，宁风致觉得，光动嘴皮子，还不够！
必须拿出实际行动，来证明自己的立场！
只见他手中光芒一闪，那座流光溢彩，华美绝伦的八宝琉璃塔，直接被他召唤了出来！
只是他并没有像往常一样，催动宝塔为众人增加辅助效果。
而是……
反手握住了宝塔的尖端，将那沉甸甸的塔身，像拎着一根狼牙棒似的，扛在了肩上！
在所有人惊掉下巴的目光中，宁风致三两步跳进坑里，在鬼豹斗罗和蛇矛斗罗中间挤进去。
他高高举起手中的“棒槌”，对着唐昊那刚刚抬起来，还一脸懵逼的脑门。"
第200章 八宝琉璃塔当狼牙棒？宁风致砸唐昊！,https://www.biquh.com/678_678189/65985969_7.html,"
梆！
梆！
就是两下！
“我让你胡说八道！”
“我让你挑拨离间！”
清脆！响亮！
力道不大，但侮辱性极强！
这一刻。
整个世界，都安静了。
就连那些刚刚还踢得起劲的封号斗罗，都愣在了原地，一个个张大了嘴巴，仿佛看到了什么神迹。
宁……宁宗主？
这塔……是这么用的吗？"
第201章 武魂殿：唐昊，算了算了，和气生财嘛,https://www.biquh.com/678_678189/65985970.html,"
唐昊被砸懵了。
他捂着额头上两个清晰的红印，呆呆地看着眼前这个气喘吁吁，满脸涨红的宁风致。
脑子里一片空白。
他想过宁风致会犹豫，会辩解，甚至是出手相助。
但他做梦都没想到，这个一向以儒雅和智慧著称的七宝琉璃宗宗主，居然会用他的武魂，给自己来上两“棒槌”！
这他妈算什么？
物理辅助？！
“宗主！宗主！冷静啊！”
“为这家伙生气不值当的！”
剑斗罗和骨斗罗最先反应过来，两人赶紧冲上去，一左一右，连拖带拽地把还在上头的宁风致给架了出去。
开玩笑。
他们敢这么壮着胆子圈踢唐昊，说到底还是他们自身实力强大，皮糙肉厚，就算唐昊狗急跳墙反击一下，他们也顶得住。
可宁风致不行啊！
他就是个身体孱弱的辅助系魂圣！
唐昊就算只剩一口气，随便还上一脚，都能把宁宗主的屎给蹬出来！
而唐昊，也终于从那侮辱性极强的两记“棒槌”之下回过神来。
一股前所未有的怒火，混合着无尽的屈辱，轰然炸开！
士可杀，不可辱！"
第201章 武魂殿：唐昊，算了算了，和气生财嘛,https://www.biquh.com/678_678189/65985970_2.html,"
今天被十几个封号斗罗围殴，他认了，实力不济。
可被宁风致这个他以前压根瞧不上眼的辅助系魂师，用武魂当板砖拍了脑袋……
这比杀了他还难受！
“姓宁的！！！”
唐昊双目赤红，竟是从众人的脚底下硬生生爬了起来，像一头发了疯的野牛，朝着被架走的宁风致就冲了过去。
“我和你没完！！”
眼看着一场魂圣与封号斗罗之间的“世纪大战”就要爆发。
就连宁风致都以为，武魂殿的这群封号斗罗会立刻出手，把发疯的唐昊再次按在地上摩擦。
然而。
接下来发生的一幕，让刚刚被架出战场的宁风致，都看傻了眼。
或许是在林枫的饭店里呆久了，被那种“禁止斗殴”的规矩影响得太深。
又或许是他们的脑回路，真的已经变得越来越清奇。
在看到两人就要打起来的瞬间，这群封号斗罗的脑子里，竟然下意识地冒出了一个无比荒唐的念头。
劝架！
得劝架！
不能让他们在前辈的“任务现场”打起来！
“唉唉唉！？”"
第201章 武魂殿：唐昊，算了算了，和气生财嘛,https://www.biquh.com/678_678189/65985970_3.html,"
离得最近的拓跋希第一个行动，他一把拉住了唐昊的右边肩膀。
“唐昊！有话好好说！别动手嘛！”
另一边的雄狮斗罗也反应极快，死死拽住了唐昊的左边胳膊。
“就是就是！大家都是有头有脸的人物，打打杀杀的多难看！”
魔熊斗罗更是重量级，他直接从后面，用一个熊抱，死死地抱住了唐昊的腰，嘴里还瓮声瓮气地劝着。
“算了算了，给俺老熊一个面子！别吵了！和气生财，和气生财啊！”
于是。
一副堪称斗罗大陆万年历史上最诡异、最离谱的画面，就这么诞生了。
三个实力至少在九十四级以上的封号斗罗，正拼了命地拉着一个身受重伤、魂力耗尽的封号斗罗。
他们脸上没有半分敌意，反而写满了“大哥你冷静点”的真诚。
唐昊被三个人架着，四肢在空中无力地扑腾。
而在他们对面，宁风致被两个封号斗罗正死死架着，手里的八宝琉璃塔挥得虎虎生风，叫嚣着要砸碎唐昊天灵盖的宁风致。
这哪里是什么顶级强者的对峙。
分明就是一群街头混混在拉偏架！
就在这时。
山洞口，金鳄斗罗的身影，缓缓走了出来。
他的手上，正小心翼翼地捧着一株用魂力包裹着的，叶片上带着淡淡金色纹路的蓝银草。
他一出洞口，看到的就是眼前这副闹剧。"
第201章 武魂殿：唐昊，算了算了，和气生财嘛,https://www.biquh.com/678_678189/65985970_4.html,"
金鳄斗罗的脸，瞬间又黑了下去。
“你们！”
“又在搞什么鬼？！”
金鳄斗罗终于还是没忍住，一声怒喝，如同平地惊雷，悍然炸响！
这声音里蕴含的恐怖威压，让那场闹剧般的对峙，瞬间戛然而止。
所有人的动作都僵住了。
他们不约而同地转过头，看向声音的来源。
就连那个刚刚还在疯狂挣扎，状若疯牛的唐昊，也下意识地看了过去。
然后，所有人都看到了金鳄斗罗手上，那株被一团柔和魂力小心翼翼包裹着的，叶片上带着淡淡金色纹路的蓝银草。
唐昊的瞳孔，在一瞬间收缩到了极致。
阿银！
那是他的阿银！
一股难以言喻的恐慌与暴怒瞬间攥住了他的心脏，让他发出了沙哑的嘶吼。
“阿……”
然而，他那个“银”字还没来得及喊出口。
架着他的魔熊斗罗、拓跋希和雄狮斗罗三人，几乎是在同一时间，做出了同一个动作。
松手。"
第201章 武魂殿：唐昊，算了算了，和气生财嘛,https://www.biquh.com/678_678189/65985970_5.html,"
然后，一脚踹出！
他们直接就把唐昊这个“烫手山芋”给扔到了一边，任由他“噗通”一声摔了个结结实实的狗吃屎。
下一秒。
武魂殿的所有人，连同刚刚还在上头的宁风致，都一股脑地，朝着金鳄斗罗的方向蜂拥而去！
唐昊？
谁还管那个废物！
跟前辈的“盆栽”比起来，他连根毛都算不上！
“这就是前辈要的‘盆栽’吗？”
“快让我看看！快让我看看！”
一群顶级强者，此刻挤作一团，踮着脚尖，伸长了脖子，那副好奇又兴奋的模样，像极了一群没见过世面的孩子。
宁风致更是挤在了最前面，也顾不上维持自己儒雅宗主的形象了，双眼放光地盯着金鳄斗罗手中的蓝银草。
“这就是传说中的蓝银皇吗？”
他一边看，一边在心里疯狂感慨。
说实话，刚从武魂城出发时，当他从金鳄斗罗口中，听说了十二年前那场惊天大战的真正起因时，他整个人都被震惊得说不出话来。
合着你们武魂殿当年追杀唐昊，是因为你们的教皇千寻疾，要抓人家十万年魂兽化形的老婆？
而唐昊，就是为了保护老婆才跟你们打起来的？
当时宁风致的第一反应是荒唐，第二反应是……武魂殿这事办得是真不地道。
可现在，当他看到这株传说中的蓝银皇时，心里那点仅存的同情与道义，瞬间就被抛到了九霄云外。"
第201章 武魂殿：唐昊，算了算了，和气生财嘛,https://www.biquh.com/678_678189/65985970_6.html,"
地道？
地道值几个钱？
能换来前辈的一句夸奖吗？！
被他们扔在圈外的唐昊，挣扎着从地上爬起来。
他抹了一把脸上的泥，看到的，就是这样一幅刺眼的画面。
他的妻子。
他一生挚爱的阿银。
此刻正像个稀罕物件一样，被他最大的仇人们围观、赏玩。
而他这个丈夫，却被无情地排挤在外，像一条无人理睬的野狗。
正当他要怒斥众人，让他们把阿银还给自己的时候，人群中，对植物最有研究的菊斗罗月关，眉头却是深深地皱了起来。
“不对啊……”
他喃喃自语，眼神里充满了浓浓的疑惑。
“这蓝银皇，怎么说也是植物系魂兽中皇者血脉，生命力之强韧，冠绝大陆。”
“就算是为唐昊献祭了魂环与修为，只留下一颗种子重新发芽，也不该如此……萎靡啊。”"
第202章 蓝银皇心死，自绝生机！,https://www.biquh.com/678_678189/65985971.html,"
不用他说，众人其实也看出来了。
这株蓝银皇的状态，实在是太差了。
叶片干枯卷曲，带着一种病态的灰败，整株草都散发着一股死气沉沉的味道，仿佛随时都会彻底枯萎。
金鳄斗罗的脸色也有些凝重。
“我刚发现它的时候，就是这样了。”
“它被种在山洞最深处，是一个完全照不到阳光，也接触不到任何水源的地方。”
此言一出，全场哗然。
菊斗罗脸上的疑惑，瞬间转为了震惊和难以置信。
他猛地转过头，死死地盯住了那个黑漆漆的山洞。
下一秒，他身形一闪，直接冲了进去。
仅仅过了不到十秒钟。
菊斗罗的身影，便面色铁青地从山洞里走了出来。
那张一向带着几分阴柔妩媚的脸上，此刻布满了冰冷的寒霜。
“月关？”
鬼斗罗看到他这副模样，有些关切地问了一句。
“怎么了？”
然而，菊斗罗像是根本没听见一样。
他那双狭长的凤眸，越过自己的好基友，径直落在了不远处，那个刚刚从地上挣扎着爬起来的唐昊身上。"
第202章 蓝银皇心死，自绝生机！,https://www.biquh.com/678_678189/65985971_2.html,"
在所有人惊愕的目光中。
菊斗罗一步一步地，走到了唐昊的面前。
然后，抬脚。
狠狠一脚，踹在了唐昊的胸口！
“噗——！”
本就身受重伤的唐昊，被这一脚踹得再次喷出一口鲜血，整个人倒飞出去，重重撞在山壁上。
他捂着剧痛的胸口，又惊又怒地看着眼前这个突然发疯的男人。
“你……”
“你是不是故意的！”
菊斗罗声音低沉，拳头死死攥住。
“你是不是，从一开始就想让这株蓝银皇，彻彻底底地死掉！”
身为一名封号斗罗，他的武魂更是被称为仙品的顶级存在——奇茸通天菊。
可以说，他对植物的喜爱与怜惜，是刻在骨子里的。
刚刚在山洞里。
他一眼就看出来了。
那个地方，根本不是什么藏身之所，那就是一座为植物精心准备的坟墓！
干燥！"
第202章 蓝银皇心死，自绝生机！,https://www.biquh.com/678_678189/65985971_3.html,"
阴暗！
没有一丝水汽！
甚至连土壤，都是最贫瘠，最不适合植物生长的沙土！
把一株刚刚献祭完，生命力无比脆弱的蓝银皇，种在那种地方。
那根本不是在保护！
那是在用最残忍，最缓慢的方式，残忍的杀害蓝银皇！
所有人的目光，都像刀子一样，扎在唐昊身上。
他踉跄着从地上爬起来，胸口剧痛，每一次呼吸都带着血腥味。
可他顾不上了。
菊斗罗那句诛心之言，像一根毒刺，扎进了他内心最深处，最不愿被人触碰的角落。
唐昊猛地抬头，一张脸因为充血和愤怒而扭曲变形。
“你放屁！”
他嘶吼着，声音沙哑破裂，唾沫星子飞溅。
“我怎么可能想让阿银死！我爱她！我做的一切都是为了保护她！”
他的声音歇斯底里，像是在说服别人，更像是在拼命说服自己。
然而，就在他嘶吼的瞬间。
金鳄斗罗手中，那株被魂力小心托举着的蓝银皇，似乎感应到了不远处那个熟悉又绝望的气息。
它其中一根最为粗壮，却也同样萎靡不堪的枝叶，竟是微微颤动了一下。"
第202章 蓝银皇心死，自绝生机！,https://www.biquh.com/678_678189/65985971_4.html,"
然后，在所有人惊愕的注视下，那根枝叶竟像是人类伸出的一只虚弱无力的手。
颤颤巍巍地，远远地，朝着唐昊的方向伸了过去。
它在渴望着他。
即便被囚于黑暗，被置于死地，它残存的本能，依旧在寻求着那个它曾为之献祭一切的男人。
看到这一幕，唐昊那颗被愤怒和屈辱填满的心，忽然被狠狠刺了一下。
疼。
钻心的疼。
眼泪，再也控制不住地涌了出来。
“阿银……”
他下意识地，也对着蓝银皇的方向伸出了手，嘴唇颤抖着，想要说些什么。
然而。
他才刚有动作。
菊斗罗那冰冷刺骨的质问，就再次响起。
“这话，你自己信吗？”
“斗罗大陆这么大，风景秀丽之地数不胜数，你偏偏选了这么个绝地！”
“非要把它种在那种没光、没水、连土壤都是死的绝地里？”
“你不是在保护她！”"
第202章 蓝银皇心死，自绝生机！,https://www.biquh.com/678_678189/65985971_5.html,"
菊斗罗双目猩红，一步步向他逼近，那张妖异俊美的脸此刻扭曲得吓人。
“你是在用最缓慢，最残忍的方式，一点一点地磨死她！”
“你怕不是心里有鬼！”
“你就是想让她在无人知晓的角落里，安安静静地，彻底烂掉、死掉！”
“这样，你欠她的，就都一笔勾销了！”
这一次，唐昊张了张嘴。
他想反驳。
他想嘶吼。
可他看着金鳄斗罗手中，那株还在努力向自己伸出枝叶的蓝银皇，所有辩解的话都堵在了喉咙里。
最终，他像是泄了气的皮球，狼狈地扭过头，避开了那道视线。
他咬紧牙关，沉默了。
就是这一瞬间的沉默。
就是这一个逃避的眼神。
那株蓝银皇伸出的叶片，猛地一僵。
然后，缓缓地，无力地，垂了下去。
像是终于耗尽了所有的力气。
又像是，终于听懂了什么，彻底死了心。
下一秒。"
第202章 蓝银皇心死，自绝生机！,https://www.biquh.com/678_678189/65985971_6.html,"
在所有人惊骇的注视下。
那株蓝银皇叶片上的淡淡金纹，开始以肉眼可见的速度黯淡。
原本还带着一丝生机的蓝色叶片，迅速变得枯黄、焦黑。
一股死亡的气息，从它身上疯狂地弥漫开来。
它在自绝生机！
“不好！”
“它要死了！”
“这可是前辈要的盆栽！”
众人瞬间慌了神，这要是把前辈交代的任务办砸了，那后果谁也承担不起。
而唐昊，也注意到了蓝银皇的变化。
他看着那株正在迅速走向死亡的挚爱，心中那股剧痛再次袭来。
“不——！”
他发出一声悲痛欲绝的嘶吼，下意识地就要朝着蓝银皇的方向冲去。
那一刻，他的心确实很难受。
但同时，在那份剧痛的最深处，一丝他自己都不愿承认的、阴暗的解脱感，悄然涌出。
死了。
就这样死了也好。"
第202章 蓝银皇心死，自绝生机！,https://www.biquh.com/678_678189/65985971_7.html,"
死了，就不用再面对了。
可他还没跑出两步。
噗嗤！
噗嗤！
两道金色的寒光闪过。
菊斗罗的奇茸通天菊武魂瞬间凝聚出两枚锋利如刀的金色花瓣，直接刺穿了他的两条大腿！
唐昊惨叫一声，扑倒在地。
“别在这假惺惺的了！”
菊斗罗居高临下地看着他，眼神里的厌恶和鄙夷，浓得化不开。
“恶心的东西。”
说完，他看都懒得再看唐昊一眼，猛地转身，冲到金鳄斗罗面前。
“嗡——！”
一朵巨大而华美的金色菊花，在他背后轰然绽放！
仙品武魂，奇茸通天菊！
璀璨的金色光华，瞬间照亮了这片狼藉的山坡。
“月关！你要干什么？！”鬼斗罗大惊。
菊斗罗没有回答，而是毫不犹豫的伸出手指，点在自己武魂的核心花蕊之上。
一缕璀璨到极致，蕴含着磅礴生命本源的金色光华，被他硬生生地从中剥离了出来，随后源源不断地注入到蓝银皇的体内！"
第202章 蓝银皇心死，自绝生机！,https://www.biquh.com/678_678189/65985971_8.html,"
在场众人，只有他是植物系武魂。
而且是仙品！
他的武魂本源，对于任何植物来说，都是足以逆转生死无上神药！
菊斗罗的脸色，以肉眼可见的速度变得苍白。
豆大的汗珠从他额角滑落。
一场与死神的赛跑，就此展开！
看看是蓝银皇的生命力先一步流失殆尽！
还是他菊斗罗，能在那之前，用自己的本源，硬生生把它的命给续回来！
“撑住啊！”
菊斗罗咬着牙，声音都在发颤。
“你要是敢死，前辈怪罪下来，老子就算下地狱，也要把唐昊那个杂碎的骨灰给扬了！”"
第203章 鬼斗罗：你要是敢死，我就喝光你的酒！,https://www.biquh.com/678_678189/65985972.html,"
鬼斗罗的身体，僵硬得像一块石头。
他看着自己相伴了一生的挚友，那张平日里总是带着几分娇媚与傲气的脸，正以肉眼可见的速度变得苍白，憔悴。
豆大的汗珠，从月关的额角滚落，砸在地上，洇开一小片湿痕。
鬼斗罗的喉结剧烈地滚动了一下，他下意识地伸出手，沙哑的嗓音里带着一丝自己都未曾察觉的颤抖。
“月关！”
他想说，停下。
他想说，别这样。
他想说，区区一株草，不值得你如此耗费本源！前辈的任务，我们可以再想别的办法！
然而。
菊斗罗仿佛背后长了眼睛，他没有回头，只是淡淡地继续维持着本源的输出。
过了一会儿，他才缓缓转过头来。
那张苍白的脸上，没有一丝痛苦或勉强，只有一种前所未有的坚定。
那双狭长的凤眸，此刻清澈而明亮，就这么静静地看着鬼斗罗。
仅仅一个眼神。
鬼斗罗所有想说的话，便全部堵死在了喉咙里。
他读懂了。
他读懂了月关眼神里的一切。
那里面有对前辈任务的绝对忠诚。"
第203章 鬼斗罗：你要是敢死，我就喝光你的酒！,https://www.biquh.com/678_678189/65985972_2.html,"
有身为植物系魂师，对另一株仙品凋零的本能怜惜。
但更多的，是一种决绝。
一种“我必须做到”的，不容置喙的意志。
鬼斗罗伸出的手，在半空中无力地攥紧，最终又缓缓垂下。
他的胸膛剧烈起伏着，眼眶，一点点地被血色浸染。
最终，他像是用尽了全身的力气，从牙缝里挤出了一句狠话。
“你要是敢抛下我一个人在这世上……”
“我非要把你这些年辛辛苦苦酿的酒，全都喝光！一滴不剩！”
这句威胁，听起来甚至有些幼稚。
可是在场的人，却都从这句幼稚的威胁里，听出了一股足以撕裂心脏的悲怆。
听到这话，菊斗罗那苍白的脸上，终于绽放出了一抹虚弱却灿烂的笑容。
那笑容，驱散了他脸上所有的阴柔，只剩下一种如阳光般耀眼的坦荡与温柔。
“老鬼。”
“我就知道，你会理解我的。”
说完，他便不再犹豫，猛地转回头，将所有的心神，全部灌注于拯救那株蓝银皇之上！
金光，愈发璀璨！
然而，现实是残酷的。"
第203章 鬼斗罗：你要是敢死，我就喝光你的酒！,https://www.biquh.com/678_678189/65985972_3.html,"
奇茸通天菊的本源，对任何植物而言，都是堪比神药的至宝。
可它能救活濒死的躯体，却唤不醒一颗一心求死的心。
蓝银皇的生命气息，就在这种不上不下的状态中，被强行吊着。
死不了。
但也活不过来。
菊斗罗的脸色，愈发苍白。
他的身体，已经开始微微颤抖。
看着这一幕，鬼斗罗那颗刚刚被强行按下的心脏，再次被一只无形的大手狠狠攥住！
他几乎要咬碎自己的一口钢牙！
最终，他那双充斥着猩红血丝的眸子，猛地一转！
视线死死地钉在了不远处，那个像条死狗一样瘫在地上的唐昊身上！
就是他！
一切都是因为这个杂碎！
如果不是他把蓝银皇养成这半死不活的样子！
如果不是他那虚伪自私的行为，让蓝银皇彻底心死，失去了活下去的动力！
他们现在，早就该带着前辈的“盆栽”，高高兴兴地返回枫染亭了！
他们本该围坐在前辈的桌前，一起享受着那足以让人醉生梦死的无上美味，一起分享着得到前辈夸奖的喜悦！
而不是像现在这样！"
第203章 鬼斗罗：你要是敢死，我就喝光你的酒！,https://www.biquh.com/678_678189/65985972_4.html,"
月关在拼命！
而他，却只能眼睁睁地看着！
“唐昊！！！”
他发出一声不似人声的咆哮，整个人化作一道黑色的闪电，瞬间冲到了唐昊面前！
砰！砰！砰！
他没有动用一丝魂力。
就是用最原始，最纯粹的肉体力量，一脚接着一脚，狠狠地踹在唐昊的身上！
胸口！
小腹！
脸颊！
每一脚，都势大力沉！
每一脚，都带着滔天的恨意！
唐昊本就重伤的身体，在这样的暴踹之下，根本毫无抵抗之力，只能发出一声声沉闷的痛哼，被踢得在地上来回翻滚。
看着鬼斗罗那近乎癫狂的泄愤行为，在场的所有人，都选择了沉默。
没有人上前阻止。
菊鬼二人几十年的情谊，他们有目共睹。
那早已超越了同伴，超越了兄弟，是将对方视为自己生命中不可或缺的另一半。"
第203章 鬼斗罗：你要是敢死，我就喝光你的酒！,https://www.biquh.com/678_678189/65985972_5.html,"
眼睁睁看着月关走向虚弱，甚至可能是死亡，而自己却无能为力。
鬼魅心中的痛苦与绝望，可想而知。
别说只是踹几脚。
今天，就算鬼魅真的因为愤怒而违背了前辈“留他一命让他痛苦”的命令，当场把唐昊活活打死。
他们也只会默默地转过头，当做没看见。
终于。
鬼斗罗似乎是踹累了。
他一把揪住唐昊的衣领，将他那张血肉模糊的脸提到了自己面前。
另一只手，高高扬起。
漆黑的鬼气在他的掌心凝聚、缠绕。
那股阴冷、死寂的气息，清晰地告诉所有人，这一击，足以彻底终结唐昊的生命！
然而。
那只凝聚着死亡的手，却在距离唐昊的脑门不到一寸的地方，停住了。
唐昊艰难地咳出一口混着瘀血，看着近在咫尺的手，脸上竟是露出一个扭曲而不屑的笑容。
“咳咳……怎么？”
“刚才打得那么起劲，结果……真到了下杀手的时候，却犹豫了？”
他用尽力气，嘲讽道。
“你们武魂殿的人，果然……都是一群只会叫嚣的软蛋！”"
第203章 鬼斗罗：你要是敢死，我就喝光你的酒！,https://www.biquh.com/678_678189/65985972_6.html,"
这句话，成了压垮骆驼的最后一根稻草。
鬼斗罗眼中的最后一丝理智，彻底崩断。
但他并没有拍下那一掌。
而是……
猛地松开唐昊的衣领，转而一把抓住了唐昊那条之前被灵鸢斗罗的极致之火烧得近乎焦炭的右臂！
下一秒。
刺啦——！
一声令人头皮发麻的，血肉撕裂的声音，悍然响起！
鬼斗罗，竟是就这么，用蛮力，将唐昊的整条右臂，从他的肩膀上，硬生生地、血淋淋地，给撕扯了下来！
“啊啊啊啊啊——！！！”
前所未有的剧痛，让唐昊发出了凄厉到不似人声的惨嚎！
鬼斗罗随手将那条断臂扔在地上，像是扔掉了一块垃圾。
他再次掐住唐昊的脖子，将他重重地掼在地上，那张俊美却狰狞的脸上，带着一种疯狂的快意。
他咬着牙，一字一顿地说道。
“前辈说得对。”
“让你这种垃圾……就这么轻易地死掉，实在是……太便宜你了！”
“你这种混蛋，就应该在无尽的痛苦和悔恨中！永世沉沦！”"
第203章 鬼斗罗：你要是敢死，我就喝光你的酒！,https://www.biquh.com/678_678189/65985972_7.html,"
唐昊捂着鲜血淋漓的断臂残躯，看着菊斗罗那副拼尽本源、舍生忘死的模样，脸上却浮现出一抹混合着剧痛与心碎的惨然笑意。
他笑了。
笑得比哭还难看。
“呵……呵呵……”
“没用的。”
他的声音沙哑，仿佛破烂的风箱，每一个字都带着血沫。
“就凭他……一个区区的菊花……也想把阿银从鬼门关拉回来？”
“他做不到。”
唐昊不是傻子。
他比任何人都清楚。
阿银之所以会自绝生机，不是因为伤势，不是因为虚弱。
而是因为，她听懂了，也看懂了。
看懂了他那份隐藏在所谓“保护”之下的，最阴暗、最懦弱的逃避。
她的心，死了。
这种情况下，除非她自己愿意回心转意。
否则，就算是用再磅礴的生命本源去灌溉，也救不回一株一心求死的草。
菊斗罗，注定只是在做无用功。
而他唐昊……也终将在这份彻骨的悔恨中，迎来他想要的“解脱”。"
第203章 鬼斗罗：你要是敢死，我就喝光你的酒！,https://www.biquh.com/678_678189/65985972_8.html,"
然而。
听到他这仿佛看透一切的低语，刚刚才发泄完心中暴虐的鬼斗罗，只是沉默了数秒。
随即，他缓缓抬起头。
“呵呵……”"
第204章 我相信月关，蓝银皇的声音。,https://www.biquh.com/678_678189/65985973.html,"
鬼斗罗那张俊美却沾染着疯狂的脸上，发出了一声比唐昊更加轻蔑，更加不屑的冷笑。
“唐昊。”
“你是不是觉得，自己已经看穿了一切？”
“你是不是觉得，月关的努力，注定徒劳无功？”
鬼斗罗俯下身，凑到唐昊的耳边，用一种近乎耳语的，却又恶毒到极点的声音，缓缓说道。
“实话告诉你吧。”
“我们这次行动，寻找蓝银皇，根本不是为了别的。”
“而是为了将它，献给一位前辈。”
“一位……你，乃至整个大陆，都无法想象其伟大的存在。”
“前辈？”唐昊的意识有些模糊，本能地重复了一句。
鬼斗罗嘴角的弧度，咧得更大了。
“没错，前辈。”
“凭借那位大人的通天本领，别说是救活一株心死的蓝银皇……”
鬼斗罗故意停顿了一下，一字一顿，将最残忍的希望，灌入唐昊的耳中。
“就算是……让她在短时间内重回巅峰，再次化形为人，也只不过是随手而为的事情。”
轰！！！
这句话，如同一道惊雷炸响，狠狠劈进了唐昊那片死寂的脑海！
他的呼吸，猛地一滞！"
第204章 我相信月关，蓝银皇的声音。,https://www.biquh.com/678_678189/65985973_2.html,"
那颗本已麻木死寂的心脏，毫无征兆地，狂跳起来！
砰！砰！砰！
剧烈得，仿佛要从他那残破的胸膛里挣脱出来！
“你……你说什么？！”
他几乎是嘶吼出来的，他剩下的一只手狠狠的攥紧鬼斗罗的衣领。
重新……化形为人？！
这怎么可能？！
说实话。
他将阿银种在那暗无天日的山洞里。
一方面，固然是因为那份不敢面对的愧疚，希望她就这么无声无息地死去，让他得到解脱。
但另一方面，何尝不是一种……绝望之下的无奈呢？
他比谁都想让阿银复活。
当年，在阿银为他献祭的那一刻，那份决绝的爱意，才真正击碎了他心中所有的贪婪与算计，让他真正意义上地，爱上了这个为他付出一切的女人。
他也后悔了。
可后悔，又有什么用？
他也想过，找一处风水宝地，将阿银的种子种下，日夜守护，等她慢慢恢复。
可是，那需要多久？"
第204章 我相信月关，蓝银皇的声音。,https://www.biquh.com/678_678189/65985973_3.html,"
一万年？五万年？还是十万年？
等到阿银真的重新生长到十万年，再次化形为人的时候。
他自己，早就化作一抔黄土，烂成一堆枯骨了。
生离，尚有再见之日。
而他们之间，隔着的，是死别。
是漫长到足以磨灭一切的，光阴。
这才是他最终选择逃避的，最根本的原因。
若能重新选择，他宁可不要那该死的十万年魂环，也绝不会让阿银走向献祭！
可现在！
现在！
这个武魂殿的走狗，这个他一直看不起的鬼魅！
竟然告诉他！
有人，能让阿银在短短数日之内，就重新化形为人！
这……
这对他而言，不亚于黑暗地狱中，骤然亮起的一缕神光！
鬼斗罗将唐昊所有的表情变化尽收眼底，他脸上的快意更加浓重。
他缓缓地，一根一根地，掰开了唐昊的手指。
“而在此之前……”"
第204章 我相信月关，蓝银皇的声音。,https://www.biquh.com/678_678189/65985973_4.html,"
鬼斗罗的声音，陡然拔高，充满了无穷的信心与骄傲！
“月关所需要做的，便是稳住她的生机！”
“直到我们将她，亲手送到前辈的面前！”
“我相信，他能做到！”
“我也相信，前辈……一定能做到！”
说完。
鬼斗罗不再理会地上那个彻底陷入呆滞的唐昊。
他猛地转身，大步流星地走回菊斗罗的身边。
他没有再说话，只是静静地站在那里，一双布满血丝的眼睛，死死地，死死地盯在月关那张苍白如纸的脸上。
他的双拳，紧紧攥着。
他的双拳，指甲深深抠进掌心的血肉之中，却浑然不觉。
月关……
撑住啊……
一定要……撑住啊！
......
大量的本源持续流失，菊斗罗的面色早就惨白得没有一丝血色。
他的眼神，已经开始变得恍惚，涣散，无神。"
第204章 我相信月关，蓝银皇的声音。,https://www.biquh.com/678_678189/65985973_5.html,"
整个世界，仿佛都离他远去。
风声，听不见了。
同僚们焦急的呼吸声，听不见了。
就连自己那越来越微弱的心跳声，也开始变得安静。
他的意识，在坠入一片无边无际的黑暗。
好冷……
好累……
就要……死了吗……
可就在菊斗罗的世界即将被黑暗彻底吞噬的瞬间。
一道微弱，却无比清晰的声音，突兀地，在他的精神世界中响起。
那是一道女声。
带着化不开的悲伤，与令人心碎的痛苦。
“收手吧……”
“不要再……为我……浪费你的生命了。”
月关那即将消散的意识猛然一震！
这是……蓝银皇的声音！
他竟然在濒死的状态下，听到了蓝银皇那微弱的精神声音！
阿银生前便是温柔善良到了极致。"
第204章 我相信月关，蓝银皇的声音。,https://www.biquh.com/678_678189/65985973_6.html,"
如今，即便是即将迎来永恒的死亡，被痛苦与绝望包裹。
她残存的善意，却依旧在劝阻着曾经追杀自己的凶手，不要为自己白白送死。
“你是蓝银皇吗？！”
在这种奇妙的状态下，月关用尽最后一丝精神力，急切地呼喊。
“不要就这样死去啊！”
“我知道！我知道你被唐昊那个混蛋欺骗，被他伤透了心！”
“但是，这个世界上，还是有人在关心你的！真的！”
那道温柔的女声，给予了回应。
但声音里，依旧是那种足以将一切希望都冻结的绝望。
“比如呢？”
“比如……比如……”
月关急得快要疯了！
他感觉自己的意识随时都会熄灭，他必须抓住这最后的机会！
“比如那位前辈！对！是前辈！”
他的精神在疯狂咆哮。
“我想，那位至高无上的大人，一定是早就知道了你现在的处境！他不忍心再看着你在那暗无天日的山洞里，被绝望与痛苦日夜煎熬！”
“所以！他才派我们来寻找你！来拯救你！”"
第204章 我相信月关，蓝银皇的声音。,https://www.biquh.com/678_678189/65985973_7.html,"
“他是在关心你啊！”
然而。
在月关用尽全力喊出这句话后。
那道女声，却久久没有再给予任何回应。
死一般的沉寂。
这一下，月关是彻底急了！
他知道，自己随时都有可能死去！
要是在这之前，还不能让对方回心转意的话，他付出的一切，就全都变成了无用功！
前辈的任务……就会失败了！
不！
绝不！
想到这里，菊斗罗心一横，竟是准备将自己体内，那最后一点吊着命的本源，一口气，全部输送给蓝银皇！
用自己的命，去赌那万分之一的机会！
然而。
就在他下定决心的瞬间。
一股微弱，却也让他无法抵抗的力量，猛地将他的意识，从那片精神空间中，轻轻推了出去！
外界。
山洞之前。
菊斗罗那本就摇摇欲坠的身体，猛地一震。输送给蓝银皇的金色光华，戛然而止。
然后，在所有人惊骇欲绝的目光中，直挺挺地，向后倒了下去！"
第205章 任务完成？玉小刚找上比比东。,https://www.biquh.com/678_678189/65985974.html,"
“月关！”
一声凄厉的嘶吼，撕裂了山谷间死一般的寂静。
鬼斗罗的身影如同一道黑色的幻影，在菊斗罗身体向后倾倒的瞬间，便出现在他身后，一把将那具摇摇欲坠的身体揽入怀中。
触手所及，是一片冰冷的虚弱。
“菊长老！”
“月关长老！”
金鳄斗罗、魔熊斗罗、宁风致……所有人都惊呼着围了上来。
一张张平日里威震大陆的脸上，此刻写满了毫不掩饰的惊慌与关切。
他们每一个人，都发自内心地担心着菊斗罗的状况。
除了，唐昊！
他看着突然倒下的菊斗罗，那双浑浊的眼睛里，几乎要喷射出火焰般的急切。
不能停！
他怎么能停下！
他要是现在停了，阿银……阿银就真的彻底没救了！
唐昊想大声吼出来，他想命令那个该死的菊花关赶紧起来，继续用他的本源去救自己的妻子！
可是，他身上的伤实在是太重了。
他一张嘴，涌上来的不是声音，而是一口接着一口无法抑制的腥甜血液。
他一个字都说不出来。"
第205章 任务完成？玉小刚找上比比东。,https://www.biquh.com/678_678189/65985974_2.html,"
幸好。
因为在菊斗罗准备榨干最后一丝武魂本源之前，就被蓝银皇主动阻止。
他倒是没有当场陨落，却也陷入了前所未有的极度虚弱之中，本源重创，命悬一线。
鬼斗罗颤抖着伸出手，探向菊斗罗的鼻息，在感知到那丝若有若无的气息后，那颗几乎要停止跳动的心脏，才重新恢复了功能。
他红着眼眶，修长的手指，小心翼翼地，擦拭着挚友额头上冰冷的汗珠。
他的声音，带着浓重的鼻音，在山间喃喃自语。
“月关，这蓝银皇，咱们不救了……”
“我们现在就回去，给前辈赔罪……前辈一定会理解的……”
他一边说着，一边将自己的脸颊，轻轻贴在菊斗罗冰冷的额头上。
声音里带着一种近乎哀求的、不为外人道的脆弱。
“我不能没有你……”
“是啊，菊长老！”魔熊斗罗瓮声瓮气地附和道，声音里满是焦急，
“前辈若是知道了事情的来龙去脉，一定不会怪罪你的！”
“没错，人命关天！前辈的任务固然重要，但同伴的性命，同样不可辜负！”
圣龙斗罗拓跋希也沉声说道。
若是换做他们自己。
或许，为了完成林枫的任务，他们会毫不犹豫地拼尽最后一丝武魂本源。"
第205章 任务完成？玉小刚找上比比东。,https://www.biquh.com/678_678189/65985974_3.html,"
但是，要让他们眼睁睁地看着菊斗罗去死，去为了一个几乎不可能的事情而死。
抱歉。
他们做不到！
这份在枫染亭的饭桌上，在一次次并肩抢食、互相炫耀中建立起来的情谊，远比他们想象的，要更加深厚。
就在这时。
怀中的菊斗罗，像是回光返照一般，虚弱地摇了摇头。
他那双涣散的眸子，艰难地聚焦，望向金鳄斗罗手中那株依旧在缓缓走向枯败的蓝银皇。
他颤颤巍巍地，伸出了手。
似乎还想做些什么。
然而，那株蓝银皇仿佛察觉到了他的意图。
就在它将彻底化为飞灰的瞬间，那股自绝生机的死亡气息，竟是奇迹般地，止住了。
它不再继续消散。
它只是停留在那里，不上不下，吊着最后一丝随时会消散的生机。
像是对这个舍命救自己的恩人，做出的最后的回应。
看到这一幕，菊斗罗那张惨白如纸的脸上，终于勾起了一抹虚弱至极的笑容。
他眼中的光彩，彻底黯淡下去。
整个人，昏死过去。
在意识彻底沉入黑暗之前，菊斗罗的脑海里，只剩下最后一个念头。"
第205章 任务完成？玉小刚找上比比东。,https://www.biquh.com/678_678189/65985974_4.html,"
前辈……
我……好像……完成你交代的任务了……
见状，所有人都重重地松了一口气。
但他们知道，事情还远远没有结束。
菊斗罗本源重创，蓝银皇生机微弱，两者都还徘徊在垂死的边缘。
现在，他们最要紧的事情，就是立刻！马上！
带着他们，返回武魂城！
去求那位无所不能的前辈出手！
众人对视一眼，无需多言，默契已在心中。
“走！”
金鳄斗罗一声低喝。
下一秒。
鬼斗罗小心翼翼地将菊斗罗打横抱起，整个人化作一道黑色流光，冲天而起，速度快到了极致。
金鳄斗罗则用魂力凝聚成一个最稳固的护罩，将那株脆弱的蓝银皇捧在手心，紧随其后。
魔熊斗罗、圣龙斗罗、灵鸢斗罗……所有人，没有一丝一毫的犹豫，纷纷化作长虹，跟了上去。
他们甚至没有再多看地上那个凄惨的唐昊一眼。
“阿银！！”"
第205章 任务完成？玉小刚找上比比东。,https://www.biquh.com/678_678189/65985974_5.html,"
看着那株被众人带走的蓝银皇，唐昊的口中，终于挤出了一声沙哑的，不似人声的嘶吼。
他激动到涕泪横流。
他挣扎着，用仅剩的独臂撑起残破的身躯，想要跟着众人离去的方向爬去。
他不能让阿银离开他的视线！
然而。
他全身魂力早已耗尽，双腿被洞穿，右臂的断口处还在汩汩流着鲜血。
剧痛与虚弱，无时不刻不再摧残着他仅剩的意志。
他用尽了最后一丝力气，也仅仅只是将上半身撑起一半。
他的极限，到了。
眼前的世界，开始天旋地转。
阿银……能复活……前辈……我要求他……求他……
无尽的悔恨与那一丝卑微的希望，在他脑海里疯狂交织，最终，他“噗通”一声，重重摔回地面，彻底昏死了过去。
……
当群山之间，回荡着一人绝望的悲鸣与悔恨时。
远之千里外的武魂城，教皇寝宫内。
华丽而宽敞的房间里，一片狼藉。
名贵的瓷器碎了一地。
那张由千年真丝织就的华贵蚕被，被某人暴怒之下，用牙齿硬生生咬出了好几个狰狞的窟窿。"
第205章 任务完成？玉小刚找上比比东。,https://www.biquh.com/678_678189/65985974_6.html,"
比比东赤着玉足，站在窗边，姣好的身段在月光下勾勒出完美的曲线。
她胸口微微起伏，那双紫晶般的美眸中，好不容易才压下心中的火焰。
就在这时。
“咚咚咚。”
门外，传来侍女小心翼翼的敲门声。
“教皇冕下。”
比比东深吸一口气，强行压下心头的杀意，声音恢复了往日的清冷与威严。
“说。”
门外的侍女身体一颤，声音愈发恭敬。
“启禀冕下，有人持……持教皇令，正在殿外等候拜访。”
“说是……您的故人。”
侍女顿了顿，用一种近乎耳语的声音，报出了那个名字。
“故人？”
比比东眼神瞬间眯起，杀气一闪而逝。
她怎么不知道，自己还有个拥有教皇令的故人？
侍女仿佛感受到了门内那骤然降至冰点的恐怖气息，声音都在发颤。
她顿了顿，用一种近乎耳语的声音，报出了那个名字。
“他自称，大师.......玉小刚。”"
第206章 狗鼻子还挺灵，玉小刚又懂了！,https://www.biquh.com/678_678189/65985975.html,"
玉小刚！
当侍女用蚊蚋般的声音，报出这三个字时。
比比东只感觉刚刚才被强行压制下去的滔天杀意，如同被泼了热油的烈火，轰然窜起三丈高！
他居然还敢来？
他居然还敢来武魂城！
他还敢来见我？！
比比东的指甲，在一瞬间便深深刺入了掌心的皮肉，鲜血顺着指缝缓缓渗出，她却感觉不到丝毫疼痛。
她几乎是本能地就想冲出去。
她想用自己那锋利如刀的蛛矛，将那个男人的身体一寸寸地撕碎！用最恶毒的魂技，让他哀嚎着化为一滩脓血！
然而，她的脚步还未抬起，林枫那张淡漠的脸，以及他曾经说过的话，便毫无征兆地浮现在脑海。
“死，算不了什么。”
是啊。
死，太便宜他了。
就这么直接杀了他，岂不是太便宜这个彻头彻尾的伪君子了？
比比东眼中的狂乱杀意缓缓褪去，取而代之的，是一种更加深沉，更加冰冷的怨毒。
她很清楚，玉小刚这种自诩清高、把脸面看得比命还重的男人，最怕的是什么。
最怕的，恐怕不是所谓的死亡。
而是让他点可怜的尊严，可悲的名声！"
第206章 狗鼻子还挺灵，玉小刚又懂了！,https://www.biquh.com/678_678189/65985975_2.html,"
想到这里，比比-东的嘴角，勾起了一抹冰冷到极致，却又艳丽到妖异的笑容。
她自认，在折磨人这方面，自己还是颇有心得的。
她缓缓松开紧攥的拳头，任由掌心的鲜血滴落在华贵的地毯上，声音恢复了往日的清冷与威严。
“知道了。”
……
当玉小刚一瘸一拐，被侍女引着走向那座象征着大陆权力之巅的教皇殿时，他心中的愤怒与屈辱，几乎要凝成实质。
就在不久前，他从枫染亭门口那冰冷的地板上醒来时，天色已晚。
饭店的大门紧闭，那个扇了他几十个巴掌的恐怖门卫，也已不知所踪。
饥肠辘辘，浑身剧痛。
他别无选择，只能拖着这副残破的身躯，来到教皇殿寻求“庇护”。
可这一路走来，他所承受的每一次殴打，每一次羞辱，都像烙印一样刻在他的心上。
先是被一群看门狗当街暴打。
紧接着又在枫染亭门口，被一个不知名的封号斗罗，当成沙包一样反复抽脸。
最后，那个什么狗屁枫染亭的主人，一个乳臭未干的小子，居然也敢羞辱自己！
还有他身边那几个搔首弄姿的女人，也敢对自己动手！
不可饶恕！
这一切，都是比比东的错！是她管教不严！"
第206章 狗鼻子还挺灵，玉小刚又懂了！,https://www.biquh.com/678_678189/65985975_3.html,"
等会儿见到她，自己一定要让她明白，她犯下了多么严重的错误！
他要让她下令，将今天所有羞辱过自己的人，全部处以最严酷的极刑！
只有这样，才能稍稍抚平他那颗被践踏得支离破碎的自尊心！
很快，玉小刚被带到了空旷威严的教皇大厅。
高高的台阶之上，那个他既熟悉又陌生的女人，正静静地端坐在华丽的教皇宝座上。
她身着绣着金丝的繁复教皇长袍，手持一根近两米高的权杖，权杖顶端的宝石散发着令人不敢直视的光辉。
她就那么随意地翘着腿，紫晶般的眸子淡淡地垂下，整个人美得不似凡人，却又带着一种生人勿近的距离感与压迫感。
在看到比比东的瞬间，玉小刚眼中所有的怨毒与愤怒，都奇迹般地消失了。
取而代之的，是一种他自认为深情款款，实则令人作呕的表演。
他微微低下头，让自己的侧脸呈现出一个忧郁的角度，声音里带着恰到好处的沙哑与磁性。
“东儿，这么久不见，你还好吗？”
他以为，这句饱含“深情”的问候，会换来对方的动容与愧疚。
然而。
宝座之上，比比东放在扶手上的那只手，猛然攥紧。
光洁的额角上，一根青筋不受控制地暴跳了一下。
东儿？
她听着这个让她前半生都活在愚蠢与痛苦中的称呼，一股血腥气直冲脑门。
她几乎差点没忍住，当场就把权杖对着那张令人作呕的脸砸下去！"
第206章 狗鼻子还挺灵，玉小刚又懂了！,https://www.biquh.com/678_678189/65985975_4.html,"
但最终，她还是靠着强大的意志力，将这股冲动死死压了下去。
不急。
游戏，才刚刚开始。
她要先看看，这个废物，是怀着何等可笑的目的，千里迢迢跑来送死。
比比东缓缓抬起眼帘，声音清冷得像一块万年不化的玄冰，听不出任何情绪。
“不知道这位‘大师’，光临我武魂殿，是有何贵干？”
“另外，本座提醒你一句。”
她的目光，如同在看一只卑贱的蝼蚁。
“你应该称呼我为，教皇冕下。”
玉小刚脸上的深情，瞬间僵住。
玉小刚的身体，不易察觉地僵了一下。
但转瞬之间，他便将这股冷漠，归结为了女人的任性与矜持。
想到这里，他心中甚至生出了一丝窃喜。
她越是这样，就越说明她心里在乎自己！
玉小刚故意露出一副被深深刺伤的痛苦表情，仿佛比比东的话是一把刀，扎进了他的心里。
他甚至还极为戏剧性地缓缓转过身去，用后背对着比比东，仿佛在无声地控诉她的“无情”。
“是，教皇冕下。”"
第206章 狗鼻子还挺灵，玉小刚又懂了！,https://www.biquh.com/678_678189/65985975_5.html,"
他用一种带着颤音的，仿佛心碎了一地的语气，说出了这个称呼。
然后，他用一种看似不经意，实则目的性极强的口吻，切入了正题。
“教皇冕下，我听说，武魂城中，有一家名为‘枫染亭’的地方？”
“那里，似乎有一位能够帮助魂师进化武魂，打破自身桎梏的奇人？”
他以为，自己已经把台阶铺到这里了。
比比东，也该顺着这个台阶走下来，告诉自己，这便是她为自己准备的“惊喜”，是她迟来的“补偿”。
然而。
让他做梦也想不到的是。
宝座上的比比东，在听到这句话后，眼中非但没有任何顺水推舟的意思，反而是露出一抹恍然之色。
紧接着，她那双紫晶般的美眸深处，一抹浓到化不开的鄙夷与嘲弄，一闪而逝。
呵~
原来如此。
这废物的狗鼻子，倒是比想象中还要灵敏。
前辈在武魂城现身还不到半个月，他居然就闻着味儿找上门来了。
不过想想也对，这废物一生最大的痛点，就是那永远无法突破的二十九级魂力。
现在不知道通过何种渠道得知了前辈的存在，定然是不顾一切的想要想要碰一碰运气。
比比东居高临下地看着玉小刚。
“所以呢？”"
第206章 狗鼻子还挺灵，玉小刚又懂了！,https://www.biquh.com/678_678189/65985975_6.html,"
她的声音没有一丝波澜。
玉小刚的表情，又僵了一下。
不对啊。
这反应不对啊。
她不应该是满怀歉意，又带着一丝邀功的欣喜，顺着自己的话，把一切都解释清楚吗？
比如，枫染亭就是她为了弥补自己，特意安排的。
又比如，那个叫林枫的小子，就是她手下的一个工具人。
可现在这算什么？
这一副“你谁啊，关我屁事”的态度是几个意思？
玉小刚那异于常人的脑回路，又开始飞速运转。
他又懂了！"
第207章 比比东：老娘忍不住了！先揍一顿再说！,https://www.biquh.com/678_678189/65985976.html,"
比比东这是在跟自己置气！
她在怪自己这么多年没来找她！
她在用这种冷漠的方式，来表达她内心的委屈和幽怨！
女人嘛，都这样，口是心非。
想到这里，玉小刚非但没有生气，反而心中涌起一股“还是我懂她”的得意。
他脸上的痛苦表情愈发浓重，演技堪比影帝附体。
“东儿，我知道，你还在怪我。”
“但是你知不知道，这些年，我没有一天不在想你！”
他张开双臂，仿佛要拥抱整个大殿，声音也变得激昂起来。
“我之所以这么多年不来找你，是因为我没有脸面来见你！我被困在二十九级，我就是一个废物！”
“我不想让你看到我这副落魄的样子！我怕你失望！”
说完，他猛地转身，用那双自认为饱含深情的眼睛，死死盯着宝座上的比比东。
“可现在，你给了我希望！”
“东儿！我知道枫染亭是你为我准备的！我什么都知道！”
“别再跟我闹脾气了，好吗？我真的……很需要这个机会！”
一番话，说得是情真意切，感人肺腑。
如果换做二十年前那个恋爱脑的比比东，怕是已经哭着跑下台阶，一头扎进他怀里了。
然而。"
第207章 比比东：老娘忍不住了！先揍一顿再说！,https://www.biquh.com/678_678189/65985976_2.html,"
宝座之上的比比东，只是用一种看白痴的眼神，静静地看着他。
这家伙……
脑子是不是有病？
我当年是何等的眼瞎，才会想到和这种货色私奔？
这个念头在比比东的脑海中一闪而过，让她胃里都感到一阵生理性的不适。
甚至让她感觉自己的智商，受到了跨越二十年光阴的侮辱。
还不等比比东开口说些什么，大殿之下的玉小刚，已经沉浸在了自己编织的剧本里，自顾自地开始了下一步的表演。
告状！
他要用自己今天所受的委屈，来换取那个女人的愧疚，让她明白，为了来见她，自己付出了何等“惨痛”的代价！
“东儿，你不知道，我为了能早点见到你，今天受了多少罪。”
玉小刚的语气充满了委屈：“我刚进武魂城，只是想找人问问路，客客气气地打听一下枫染亭的位置。”
“可谁知道，那一队不长眼的巡城士兵，二话不说，就对着我拳打脚踢！”
闻言。
宝座之上，比比东那双紫晶般的美眸中，闪过一丝不易察觉的讶异。
还有这种事？
回头得查查是哪一队士兵，干得漂亮。
不仅要官升一级，这个月的奖金，也得翻倍！"
第207章 比比东：老娘忍不住了！先揍一顿再说！,https://www.biquh.com/678_678189/65985976_3.html,"
眼见比比-东的脸色似乎有了那么一丝丝的变化，玉小刚瞬间受到了巨大的鼓舞！
他以为，她是在心疼自己！
他愈发兴奋，也愈发觉得委屈，继续添油加醋地讲了下去。
“还不止如此！”
“等我好不容易找到了枫染亭，门口那个守门的封号斗罗，更是蛮不讲理！”
“我明明什么都没做，不过就是报出了自己的名字而已！”
“他就跟疯了一样，抓着我，足足扇了我几十个巴掌！我的脸到现在都还火辣辣的！”
玉小刚侧过脸，将那张被千道流反复抽打，即便治愈后也依旧残留着一丝不自然红肿的脸颊，展示给比比东看。
比比东的目光，落在他那张令人作呕的脸上。
脑海中，瞬间浮现出了枫染亭门口那个落魄的“保安”身影。
那个封号斗罗……应该就是千道流那个老东西吧。
做得好！
这辈子，自己还是第一次，觉得千道流那个老不死的，顺眼了一回。
不过也只扇了几十个巴掌吗？
有点少了。
玉小刚自然读不懂比比东眼神里的真实含义。
在他那堪比黑洞的脑回路里，比比东这番“动容”的模样，无疑是心疼与愤怒的表现！
玉小刚心中那份可怜的虚荣心，得到了空前的满足。"
第207章 比比东：老娘忍不住了！先揍一顿再说！,https://www.biquh.com/678_678189/65985976_4.html,"
他觉得，火候已经差不多了。
是时候，提出自己最终的，也是最核心的诉求了。
他咬牙切齿，脸上充满了对“凶手”的痛恨。
“最可恨的，是枫染亭里面的那个毛头小子！”
“他仗着有你撑腰，居然也敢对我不敬，他……”
然而。
这一次，还不等玉小刚那饱含愤怒的控诉说完。
一道紫色的残影，毫无征兆地，从高高的教皇宝座上一闪而逝！
玉小刚甚至都没看清发生了什么。
他只觉得眼前一花。
下一秒。
那根象征着大陆权力巅峰，华丽到极致的六翼天使权杖。
被比比东如同挥舞一根棒球棍般，抡圆了，结结实实地，砸在了他的小腹上！
砰——！！！
一声沉闷到令人牙酸的巨响，在大殿之中悍然炸开！
玉小刚的眼球暴凸，身体像一只被拍飞的臭虫，凌空倒飞出去。
重重撞在数十米外那厚重的教皇殿大门上，发出一声巨响后滑落在地，双膝一软，直挺挺地跪了下去。"
第207章 比比东：老娘忍不住了！先揍一顿再说！,https://www.biquh.com/678_678189/65985976_5.html,"
“呕——”
玉小刚的肚子里本就空空如也，被这毫无花哨的一记重击砸中，连隔夜的酸水都吐了出来，溅湿了身前光洁如镜的地板。
他双手死死抱着肚子，那张因为剧痛而扭曲的脸上，写满了荒谬与不解。
他颤颤巍巍地抬起头，看向眼前那张近在咫尺，却冰冷得宛如万载寒冰的绝美脸庞。
“东……东儿……为……什……”
砰！！
他那充满困惑的质问，再一次，因为另一记更加沉重的闷响，而被迫咽回了肚子里。
这一次，权杖那镶嵌着巨大宝石的顶端，结结实实地，砸在了他的嘴上。
几颗牙齿混合着血沫，飞溅而出。
后面的话，全都变成了含糊不清的呜咽。
玉小刚彻底懵了。
大脑一片空白。
然而，这仅仅只是开始。
比比东仿佛彻底疯了一样。
她那双紫晶般的美眸中，燃烧着一种玉小刚从未见过的，近乎癫狂的火焰。
她双手紧握着那沉重的教皇权杖，像是发泄一般，一下，又一下地，疯狂砸在玉小刚的身上！
“咔嚓！”——这是他膝盖骨碎裂的声音！
“砰！”——这是他试图格挡的手臂被砸断的声音！"
第207章 比比东：老娘忍不住了！先揍一顿再说！,https://www.biquh.com/678_678189/65985976_6.html,"
骨骼碎裂的清脆声响，在大殿中是如此的刺耳。
伴随着骨裂声的，是比比东那压抑到极致，充满了无尽怒火的嘶吼！
“你敢骂他是毛头小子？！”
“玉！小！刚！”
“你！该！死！”
从玉小刚那颠三倒四的控诉中，比比东怎么可能听不出来，他口中那个“毛头小子”，究竟是谁？！
除了林枫，还能有谁！
在听到这个废物，竟敢用如此污秽的词语，去形容自己的心上人时。
什么狗屁计划！
什么要从尊严方面慢慢折磨他！
所有理智，所有计划，全都在这一瞬间，被她抛到了九霄云外！
去他妈的温水煮青蛙！
去他妈的杀人诛心！
老娘现在就忍不住了！
先打一顿这个不知死活的狗东西，出一口恶气再说！！！"
第208章 差点又被气晕的千道流，你们被盆栽反杀了？,https://www.biquh.com/678_678189/65985977.html,"
教皇殿内的沉闷击打声，一直从后半夜持续到太阳升起。
直到第一缕晨曦刺破窗户，落在比比东的脸上，她才停了下来。
玉小刚已经是凄惨到需要打马赛克才能放映的程度。
四肢以一种诡异的角度扭曲着，胸口几乎没了起伏，眼看就要去见阎王。
比比东喘着气，胸口剧烈起伏，一夜的“体力活”让她额头布满了细密的香汗。
但她那张绝美的脸上，依旧是化不开的冰冷杀意。
她低头看着手里那根教皇权杖。
权杖顶端的六翼天使雕像，翅膀被砸断了三根。
笔直的杖身，现在被她硬生生砸成了一个接近九十度的“L”形，上面还挂着不知名的红白之物。
就在她寻思着是该换个地方，还是换根称手的兵器继续时。
那缕晨光，让她动作一顿。
天亮了？
比比东脑子里那根名为“愤怒”的弦，当场就断了。
取而代之的，是另一根名为“干饭”的钢筋，瞬间绷紧！
第二天了！
又能吃饭了！
想到这里，她顾不上换掉自己身上那件沾了血污和灰尘。
甚至被自己动作太大而撕开一道口子的教皇袍，转身就往殿外冲！"
第208章 差点又被气晕的千道流，你们被盆栽反杀了？,https://www.biquh.com/678_678189/65985977_2.html,"
路过门口的守卫时，她头也不回地甩下一句话。
“把里面那个废物看好，别让他死了！”
话音未落，她人已经化作一道紫色的影子，消失在了面面相觑的守卫视线中......
......
然而，她刚要迈步踏上那熟悉的台阶，一只坚实的手臂，便横在了她的面前。
比比东动作一顿，紫晶般的美眸缓缓抬起，冰冷的视线落在了手臂的主人身上。
千道流。
他身姿笔挺，面无表情，就那么站在那里，像一座无法撼动的山。
那张不怒自威的脸上，看不出丝毫昨日的尴尬与悲痛，仿佛他与千仞雪之间的争执，与比比东的冲突，都从未发生过。
他现在，只是一名保安。
“教皇冕下。”
千道流的声音平稳，不带一丝个人情绪。
“前辈还没开店，你来早了。”
比比东的瞳孔微微收缩。
然后，她的目光穿过巨大的玻璃门，望向了店内。
在那个她再熟悉不过的餐桌上，林枫正靠在椅子上，神态慵懒。
他身边的胡列娜和朱家姐妹，正巧笑嫣然地为他夹菜，四人围坐在一起，享受着一顿温馨而寻常的早餐。"
第208章 差点又被气晕的千道流，你们被盆栽反杀了？,https://www.biquh.com/678_678189/65985977_3.html,"
她们在和前辈有说有笑地，吃着早餐。
比比东的神情，在一瞬间黯淡了下去。
一股无法言喻的酸涩与失落，逐渐涌上心头。
她这才无比清晰地想起。
自己的“一日三餐”包月特权，已经被取消了。
自己，已经不再是那个可以随时随地享受前辈美食的，唯一的VIP了。
她抿了抿干涩的嘴唇，喉咙里仿佛堵着一团棉花。
“我等。”
说完，她便默默地退到一旁，像一个被赶出家门，只能眼巴巴望着屋内温暖灯火的可怜人。
见状，千道流也只是点了点头，没有再多说什么，准备重新将目光投向前方。
作为保安，他只需要遵守前辈的规矩。
至于比比东和他们千家之间的恩怨，在这里，都不重要。
可就在他转头的瞬间，眼角的余光，忽然瞥到了比比东手里握着的一个物件。
千道流脸上那万年不变的严肃表情，瞬间就绷不住了。
他的瞳孔骤然收缩，呼吸都停滞了一瞬。
他颤颤巍巍地，伸出手指，指向比比东的手中。
那声音里，带着一种他自己都未曾察觉的，极致的惊骇与难以置信。
“这……这个莫非是……”"
第208章 差点又被气晕的千道流，你们被盆栽反杀了？,https://www.biquh.com/678_678189/65985977_4.html,"
比比东此刻正完全沉浸在被排斥在外的巨大失落感中，根本没有注意到千道流的异样。
她低头看了一眼自己手中那根，被她当成棒球棍抡了一晚上的“凶器”。
哦，教皇权杖。
昨晚打得太顺手，忘了放回去了。
她心不在焉地，直接将那根已经变了形的权杖，塞到了千道流的手里。
“你天使一族代代相传的权杖。”
她随口解释了一句。
恰在这时。
“叮铃~”
枫染亭那扇厚重的玻璃门，自动向两侧滑开。
店内，林枫几人已经用完了早餐。
闻到那从门缝里飘散出的香气，比比东那张黯淡的俏脸，总算是透出了一丝光亮。
她几乎是迫不及待地走进了饭店。
门外。
只留下千道流一个人，抱着那根沉甸甸的权杖呆立在原地。
他的身体在不受控制地颤抖。
他缓缓低下头，目光落在手中的权杖上。"
第208章 差点又被气晕的千道流，你们被盆栽反杀了？,https://www.biquh.com/678_678189/65985977_5.html,"
杖身上那些精美的雕刻与宝石，被磕碰得七零八落。
甚至还沾染着一些已经干涸的，呈现出暗红色的，不知名的污迹。
千道流颤颤巍巍地，想要扶正权杖顶端那个象征着天使一族无上荣耀的六翼天使雕像。
然而，他的手指才刚刚触碰到。
“嘎巴——！”
一声清脆到令人心碎的声响。
那座本该永世不朽的六翼天使雕像，从中间……齐刷刷地断成了两截。
上半截带着三根断裂的翅膀，从杖顶滑落，掉在地上，发出一声沉闷的“铛啷”声。
千道流：“……”
整个世界，仿佛都在这一刻，变成了黑白色。
他低头看了看地上那半截天使雕像。
又看了看手里这根扭曲变形的权杖残骸。
最后，他缓缓抬头，目光穿透玻璃门，落在了比比东那已经找到位置坐下，正满怀期待地等着点餐的背影上。
一股难以抑制的血气，直冲天灵盖！
他感觉眼前一黑，几乎要当场昏厥过去。
千道流赶紧死死掐住自己的人中，猛地吸气，再缓缓吐出，拼命想让自己冷静下来。
免得自己成为斗罗大陆有史以来第一个，被活活气死的九十九级绝世斗罗。
不能气！"
第208章 差点又被气晕的千道流，你们被盆栽反杀了？,https://www.biquh.com/678_678189/65985977_6.html,"
这是前辈的店门口！
不能给前辈添麻烦！
可就在他准备做第三组深呼吸的时候。
天空之上，忽然划过十几道凄厉的破空声！
十几道身影，如同一颗颗陨石，带着无尽的恐慌与焦急，从天而降！
为首的，正是金鳄斗罗和鬼斗罗！
“轰——！！！”
十几人重重地砸在枫染亭门前的空地上，恐怖的冲击力扬起漫天灰尘。
一口气没喘匀的千道流，被这突如其来的灰尘呛得剧烈咳嗽起来。
“咳咳咳咳……咳！”
千道流的脸瞬间涨成了猪肝色，几乎是下意识地就要开口呵斥。
是哪个不长眼的东西，敢在前辈的店门口搞这么大动静！
然而，当他看清来人时，所有的怒火都化为了惊愕。
只见鬼斗罗怀里，正抱着一个气息微弱到几乎快要消散的人。
菊斗罗，月关！
千道流瞬间意识到了事情的严重性。
“前辈！”"
第208章 差点又被气晕的千道流，你们被盆栽反杀了？,https://www.biquh.com/678_678189/65985977_7.html,"
“求求您！救救月关吧！”
不等千道流开口询问，抱着菊斗罗的鬼魅，已经踉跄着从尘土中冲出。
他冲进店里，在看到林枫的瞬间，双腿一软，整个人“噗通”一声，重重地跪在了林枫的面前！
那张俊秀的脸上，满是泪痕与绝望。
眼泪啪嗒啪嗒地，砸在光洁的地板上。
“前辈……求您了……”
林枫看着这突如其来的一幕，手里刚端起的茶杯都顿在了半空中。
他整个人都有点发懵。
不是……
不会吧？
十几个封号斗罗，这种逆天配置，组团去挖一个盆栽。
结果……折进去一个？
你们这是……被一个盆栽给反杀了？！"
第209章 仙豆！老板心在滴血，脸在装逼！,https://www.biquh.com/678_678189/65985978.html,"
短暂的愣神后，林枫也终于是反应了过来。
他的内心，瞬间发出了一阵土拨鼠般的尖叫。
啊啊啊啊！！！
我的韭菜！
我那细心呵护，长势喜人，未来能给我贡献无数积分的优质韭菜！
要死了！
“统子！”
林枫在心中疯狂咆哮。
“快出来！”
【请不要发出败犬般的哀嚎，本系统听得见，杂鱼宿主。】
系统的声音一如既往的毒舌，甚至带着一股子没睡醒的慵懒。
林枫现在没工夫跟它计较这个。
“给菊斗罗做个全身检查，然后提出解决方案！立刻！马上！”
【叮！检测中……】
系统的声音一如既往的毫无感情。
【目标：菊斗罗月关。状态：濒死。武魂本源消耗超过百分之九十七，剩余不足百分之三，生命之火随时可能熄灭。】
【综合评价：菜逼。】
林枫被这最后一个评价噎得差点一口气没喘上来。"
第209章 仙豆！老板心在滴血，脸在装逼！,https://www.biquh.com/678_678189/65985978_2.html,"
都他妈什么时候了！
你还搁这耍宝？！
“说重点！怎么救！”林枫在心里咆哮。
【叮！解决方案很简单。】
系统商城的光幕，悄无声息地在林枫的视网膜中展开，并精准地锁定在了其中一个物品上。
【系统商城推荐商品：仙豆（龙珠世界魔改版）。】
【效果：瞬间治愈任何非规则性伤势，恢复全部体力与能量至巅峰状态，包括武魂本源。】
【售价：五万美食积分。】
“五……五万？”
林枫的嘴角，狠狠地抽搐了一下。
我尼玛？
五万积分？！
一颗破豆子，居然抵得上一双崭新的三勾玉写轮眼了？！
你抢钱啊！
【宿主若觉得心疼，那也可以选择不救嘛。】
似乎是感应到了林枫内心的惊涛骇浪，系统慢悠悠地补了一刀。
【反正韭菜割了一茬还有一茬，旧的不去新的不来。】"
第209章 仙豆！老板心在滴血，脸在装逼！,https://www.biquh.com/678_678189/65985978_3.html,"
林枫的脸，黑得像是锅底。
这狗系统，还真是冷血无情到了极点。
他抬起头，看了看地上那个抱着挚友，哭得撕心裂肺，几乎快要昏死过去的鬼斗罗。
又看了看他怀里，那个往日里总是挂着几分阴柔与巴结的笑容，此刻却面如金纸的菊斗罗。
林枫缓缓吐出一口浊气。
最终，还是认命般地叹了口气。
罢了。
真是欠了你们的。
“系统！”
林枫在心中咬牙切齿。
“兑换！仙豆一颗！”
随着他心念一动，一股钻心的剧痛从他心头划过。
五万积分，瞬间蒸发！
而他的两指之间，也凭空出现了一颗看起来平平无奇，甚至有些干瘪的绿色豆子。
林枫看着这颗豆子，眼神复杂。
然后，他屈指一弹。
那颗承载着他五万积分的豆子，便划过一道优美的抛物线，精准地落入了鬼斗罗的掌心。
“给他服下吧。”"
第209章 仙豆！老板心在滴血，脸在装逼！,https://www.biquh.com/678_678189/65985978_4.html,"
林枫的声音淡漠如水，听不出任何情绪波动。
仿佛他刚刚弹出去的，不是价值连城的稀世神药，而是一颗随处可见的石子。
“多谢前辈！多谢前辈！”
鬼斗罗此刻已经六神无主，他甚至都来不及看林枫给了自己什么东西，只是本能地将那颗豆子，颤抖着塞进了菊斗罗的嘴里。
下一秒。
奇迹，发生了。
在众人那混杂着震惊、怀疑与不可思议的目光中。
菊斗罗那张惨白如金纸的脸，竟是以肉眼可见的速度，迅速变得红润起来。
一股磅礴到令人心悸的生命气息，从他体内轰然爆发！
仅仅不到十秒的时间。
菊斗罗紧闭的双眼，猛地睁开！
他一个挺身，从鬼斗罗的怀里坐了起来，茫然地低头，看向自己的双手。
“我……我没死？”
还不等他彻底回过神来。
一个滚烫的怀抱，已经将他死死地，死死地揽入怀中。
那力道之大，仿佛要将他揉进自己的骨血里。
“月关！”"
第209章 仙豆！老板心在滴血，脸在装逼！,https://www.biquh.com/678_678189/65985978_5.html,"
鬼斗罗的嗓音沙哑，带着浓重的哭腔。
“我……我差点以为……要失去你了……”
菊斗罗身体一僵。
他缓缓回过头，便看到了自己那相伴一生，从未在外人面前流过一滴泪的挚友，此刻正哭得像个三百斤的孩子，稀里哗啦，涕泪横流。
菊斗罗愣了一下。
随即，他红润的脸上，绽放出了一抹虚弱却温柔的笑容。
他抬起手，轻轻拍了拍鬼斗罗的后背。
“好啦好啦，哭什么哭。”
“跟个娘们似的，丢不丢人。”
熟悉的场景，熟悉的对话。
站在一旁的胡列娜，看到这一幕，激动得浑身都在轻轻颤抖。
一双桃花眼里闪烁着异样的光芒，内心早已发出了穿透灵魂的腐女尖叫。
磕到了！磕到了！今天又是为绝美爱情流泪的一天！
“咳咳。”
林枫一声恰到好处的干咳，瞬间将众人从各自的情绪中拉回了现实。
鬼斗罗也猛地回过神来，他这才意识到自己失态了，连忙松开菊斗罗，擦了擦脸上的泪痕。
他拉着菊斗罗，对着林枫再次重重跪下。
“月关，是前辈出手救了你！”"
第209章 仙豆！老板心在滴血，脸在装逼！,https://www.biquh.com/678_678189/65985978_6.html,"
闻言，菊斗罗也是心神巨震，看向林枫的眼神里，充满了无尽的感激与狂热。
“多谢前辈救命之恩！月关愿为前辈赴汤蹈火，万死不辞！”
林枫只是淡淡地点了点头，摆了摆手，示意他们起来，并未多说什么。
高人的风范，必须拿捏。
尽管他的心，现在还在为那五万积分而滴血。
而魔熊斗罗这个脑回路清奇的憨憨，则是实在忍不住心中的好奇，瓮声瓮气地问道：
“前辈……那个……您刚刚赐下的，究竟是什么神丹宝药啊？”
“竟然……竟然能瞬间让菊长老恢复？”
不仅仅是他。
在场的所有人，都竖起了耳朵。
那可是武魂本源的损耗啊！
目前斗罗大陆上，没有任何手段可以救治！
然而，在前辈这里，似乎只是弹指一挥间，便能逆转生死？
迎着众人那求知若渴的目光，林枫只是随意摆手，平淡道：
“不过是一颗能瞬间恢复所有伤势与不良状态的仙豆罢了，没什么大不了的。”
仙……仙豆？
瞬间恢复所有伤势与不良状态？"
第209章 仙豆！老板心在滴血，脸在装逼！,https://www.biquh.com/678_678189/65985978_7.html,"
还……不过是？
还……没什么大不了的？！
这是何等恐怖的神物！
这又是何等逆天的伟力！
前辈不愧是前辈！
随便从指缝里漏出来的一点东西，都是我等凡人终其一生都无法想象的神迹！
而如此神物，在前辈的眼中，竟然只是“没什么大不了的”普通东西！
一时间，所有人的心中，对林枫的敬畏，再次攀升到了一个前所未有的高度。
他们却不知道。
此刻，表面平静淡漠的林枫，内心深处，正有一个小人抱头痛哭。
那可是整整五万积分啊！
五万啊！
不是五百！不是五千！
要不是看在你是一颗不可多得的，能持续产出的优质韭菜的份上，我才不会救你！
我的心……好痛……
【宿主，你心口不一哦。】
系统的声音，幽幽地在他脑海中响起。
【就算菊斗罗以后不能再贡献一分一毫的积分，以你的性格，还是会救他的。】"
第209章 仙豆！老板心在滴血，脸在装逼！,https://www.biquh.com/678_678189/65985978_8.html,"
闻言，林枫当场在内心炸毛。
“要你管！你懂个屁的资本家之心！”
他强行压下内心的波澜，重新恢复了那副高深莫测的模样。
他目光扫过眼前这群心有余悸的封号斗罗，缓缓开口，声音里听不出喜怒。
“说说吧。”
“你们去挖个盆栽，怎么还能把自己搞成这副半死不活的模样？”"
第210章 一见林枫秒变“舔草”的蓝银皇。,https://www.biquh.com/678_678189/65985979.html,"
听到林枫那听不出喜怒的问话，金鳄斗罗一个箭步上前。
动作行云流水，没有丝毫九十九级绝世斗罗的架子，噗通一声就跪在了地上。
他双手高高举起，将那株被魂力小心翼翼包裹着的，几乎快要彻底枯死的植物，呈过头顶。
金鳄斗罗作为名义上的领队，声音里充满了难以言喻的愧疚与自责。
“我等办事不力，险些酿成大祸，还累得前辈您出手相救，实在是罪该万死！”
林枫的目光，落在了对方手里那株几乎和死掉没什么两样的植株上。
他整个人又是一懵。
这是个啥玩意儿？
怎么感觉黑不溜秋，焦黄干枯的，跟一根在路边被踩了无数脚的烂草一样。
这就是他们兴师动众，甚至折进去一个封号斗罗才带回来的“盆栽”？
下一秒，系统的声音给了他答案。
【宿主，这是蓝银皇。】
林枫的眉毛挑了挑。
什么玩意儿？
你说这坨焦黄的玩意儿，是蓝银皇阿银？
斗罗原著里那个温柔善良，母性光辉爆棚的顶级植物系魂兽？
不是说她生命力顽强到变态，极难杀死吗？
这怎么看……都感觉跟快死了一样？"
第210章 一见林枫秒变“舔草”的蓝银皇。,https://www.biquh.com/678_678189/65985979_2.html,"
【不是看起来，是她真的快死了。】系统的声音带着一丝幸灾乐祸。
林枫的眼角抽搐了一下。
今天是什么日子，濒死体验日吗？
难不成我还要再花五万积分，买一颗仙豆？
林枫的心，又开始痛了。
对此，系统毫不犹豫地发出了吐槽。
【杂鱼宿主，请你清醒一点，蓝银皇是植物，没有嘴巴，是吃不了豆子的。】
林枫：“……”
有道理。
那怎么办？总不能眼睁睁看着她死吧？这好歹是世上独一无二的蓝银皇。
【宿主你忘记自己的现在的体质了？】
系统一句话，点醒了梦中人。
林枫这才反应过来。
对啊！
自己现在可是肉身内含磅礴生命能量的究极生物！区区救活一株草，应该不成问题吧？
想到这里，林枫伸出手，对着金鳄斗罗掌心的蓝银皇遥遥一招。
那株本该毫无动静的植物，瞬间就不受控制地，轻飘飘地，朝着林枫的掌心飞来。"
第210章 一见林枫秒变“舔草”的蓝银皇。,https://www.biquh.com/678_678189/65985979_3.html,"
出乎所有人预料的是。
就在蓝银皇接触到林枫掌心的那一瞬间。
整株草，都像是触电一般，狠狠地一颤！
然后。
昨天夜里还因为心死而自绝生机，任凭菊斗罗如何用本源灌溉都无动于衷的蓝银皇。
竟是猛地伸出两条最为粗壮，却依旧干枯的茎叶，闪电般地缠上了林枫的脖子！
紧接着，它将自己那破败不堪的主躯干，使劲地，一下一下地，往林枫那温润光洁的脸颊上蹭！
那副亲昵、依赖、甚至带着几分撒娇意味的姿态，像极了一只离家出走多年，终于找到主人的小猫！
更令人目瞪口呆的是。
随着它的蹭动，那原本焦黄枯败的叶片，正以肉眼可见的速度，重新焕发出淡淡的蓝色光晕！
一股微弱但清晰的生命气息，从它身上重新燃起！
它在快速好转！
这一幕，让亲眼目睹了蓝银皇昨夜那决绝求死行为的一众封号斗罗，全都看傻了。
他们一个个目瞪口呆，眼珠子瞪得溜圆，嘴巴张得能塞进一个鸡蛋。
什么情况？！
尤其是刚刚才从鬼门关回来的菊斗罗，他看着在林枫脸上疯狂蹭来蹭去的蓝银皇，整个人都快裂开了。
他差点就没绷住，指着蓝银皇的叶子破口大骂。
好你个蓝银皇！"
第210章 一见林枫秒变“舔草”的蓝银皇。,https://www.biquh.com/678_678189/65985979_4.html,"
我昨天为了救你，武魂本源都快耗干了，差点当场暴毙！
就这你还不愿意活！一心求死！
结果呢？
结果一到前辈手里，你连犹豫都不带犹豫一下的，直接就秒变“舔草”？！
你这也太真实了吧！
而另一边，刚刚才冲进店里的比比东，那双紫晶般的美眸中瞬间燃起一簇名为“嫉妒”的火焰！
放开他！你这颗该死的草！
当然，菊斗罗也只敢在心里咆哮。
他自然是想不到，蓝银皇这种行为，和她的主观意识已经没多大关系了。
这完全是出于低等生命，对于蕴含着至高生命本源的高等生命，那最原始、最本能的渴望。
这种感觉，恐怕除了与林枫有过“亲密接触”的朱竹云之外，无人能够体会。
而此刻的林枫，在感受到蓝银皇状态好转后，他突然沉默了。
他在内心，用一种异常平静的声音，对着系统问道。
“统子，你是不是……专门坑我积分的？”
【宿主此话怎讲？】系统揣着明白装糊涂。
林枫的声音压抑着怒火：“既然这濒死的蓝银皇都能因为我的生命气息恢复，那证明对于本源受创也有极强的治愈效果！”
“那你为什么还要让我花五万积分，兑换那颗该死的仙豆去救菊斗罗？！”"
第210章 一见林枫秒变“舔草”的蓝银皇。,https://www.biquh.com/678_678189/65985979_5.html,"
“我看你就是……”
然而，林枫的咆哮还没开始，系统那满不在乎的声音再次响起。
【如果你想抱着菊斗罗，跟他脸贴脸，进行为期两天一夜的亲密接触，以此来省下这五万积分，那本系统的确无话可说。】
【毕竟，宿主的XP是自由的。】
闻言。
林枫那即将爆发的滔天怒火，戛然而止。
他下意识地，僵硬地，转过头。
看了一眼不远处，那个正满脸温柔地和鬼魅腻歪在一起的菊斗罗。
那张阴柔妩媚的脸，此刻因为恢复了血色，显得愈发娇艳。
又低头看了看，正用叶子环住自己脖子，还在不断蹭着自己脸颊的蓝银皇。
林枫的身体，猛地打了个寒颤。
他怀里的蓝银皇似乎感受到了他的颤抖，还很贴心地伸出一片嫩叶，轻轻拂过林枫的侧脸，以示安抚。
林枫猛地回过神。
他突然觉得，失去那五万积分，好像……也不是那么心痛了。
“当我没说。”林枫在心中面无表情地说道。
见到蓝银皇的状态终于稳定下来，金鳄斗罗也重重地松了一口气。
他在林枫的眼神示意下，站起身，开始将昨夜发生的一切，从发现蓝银皇，到唐昊的无耻，再到菊斗罗的舍命相救，原原本本地详细解释了一遍。
“……因此，也正是因为月关长老的拼死挽救，这才保住了这蓝银皇最后一丝生机，让我等有机会将它带到您的面前啊！”"
第210章 一见林枫秒变“舔草”的蓝银皇。,https://www.biquh.com/678_678189/65985979_6.html,"
听完金鳄斗罗的汇报，林枫表面上依旧古井无波。
可他的内心，算盘珠子都快盘包浆了。
等会儿？
菊斗罗这货，是为了自己随口说的一句“弄个盆栽”，就心甘情愿地拼到油尽灯枯？
这么一看……
林枫心头那个五万积分大小的窟窿，瞬间不痛了。
甚至感觉暖洋洋的。
血赚！
这波，简直是含泪血赚！
“啪！”
魔熊斗罗一拍大腿，他看向菊斗罗的眼神里，充满了前所未有的敬佩，对着他竖起一个大拇指。
“啥都不说了！菊长老，从今天开始，你在俺老熊心里，再也不是什么娘娘腔！”
“你！是整个武魂殿，最爷们儿的男人！”
其余斗罗也是忍不住开口夸赞，纷纷点头附和。
“是啊是啊！此行多亏了菊长老啊！”
“菊长老高义！”
“我等佩服！”"
第210章 一见林枫秒变“舔草”的蓝银皇。,https://www.biquh.com/678_678189/65985979_7.html,"
听着同僚们发自肺腑的赞美，菊斗罗的嘴角，不由自主地，微微上扬。
但他的视线，却已经不受控制地，越过所有人，飘向了那个自始至终都只是安静地坐在那里的身影。
前辈。
同僚们的赞美，听多了，也就那么回事。
可前辈呢？
他会觉得自己做得好吗？
只要前辈能给我一个肯定的眼神。
只要前辈能轻轻点一下头。
那我月关……刚才那条差点丢掉的命，就没白拼！
死，也值了！"
第211章 菊斗罗泪崩，星罗大帝来了！,https://www.biquh.com/678_678189/65985980.html,"
似乎是感受到了那道炽热而忐忑的目光，一直抚弄着蓝银皇叶片的林枫，缓缓抬起了头。
他看着眼前这个满脸写着“求夸奖”的封号斗罗，嘴角勾起一抹淡淡的笑意。
“月关。”
“做的不错。”
就这么简简单单的四个字。
没有华丽的辞藻，没有夸张的赞扬。
却像是一道惊雷，轰然劈进了菊斗罗的心房！
他整个人的身体，都因为这巨大的惊喜而狠狠一颤！
前辈……
前辈他……
夸我了！！！
心中的那块悬着的巨石，在这一刻，轰然落地！
一股难以言喻的狂喜与激动，如同山洪海啸，瞬间冲垮了他所有的心理防线！
然而，林枫的话还没说完。
他看着菊斗-罗那副激动到快要原地升天的模样，话锋一转，继续用那平淡的语气说道：
“鉴于你此次表现良好，我决定……”
“将你的名字，提前从观察名单上移除。”
“自今日起，你的抽奖，恢复正常。”"
第211章 菊斗罗泪崩，星罗大帝来了！,https://www.biquh.com/678_678189/65985980_2.html,"
这话一出，全场先是一静。
紧接着，鬼斗罗、胡列娜几人，脸上都露出了由衷的喜悦。
而刚刚才平复下心情的菊斗罗，眼眶“唰”的一下，就红了。
眼泪，像是断了线的珠子，毫无征兆地决堤而出！
“呜……”
他再也忍不住了，一只手捂住嘴，不让自己哭出声来，另一只手却在怀里一阵摸索。
所有人都不知道，自从那日冒犯了前辈，被列入“观察名单”后，这件事就成了他心里一根拔不掉的刺。
那不仅仅是抽奖品质下降的问题。
那更像是一个耻辱的烙印，无时无刻不在提醒着他，自己曾经是多么愚蠢，多么不敬！
他原以为，自己要顶着这个烙印，在前辈面前卑微地熬过整整三个月。
可他万万没想到！
前辈竟然主动提起了这件事！
甚至……
直接豁免了他所有的“罪过”！
这份突如其来的宽恕与认可，瞬间击溃了他身为封号斗罗最后的坚强。
很快，他从怀里掏出了那条叠得整整齐齐，永不磨损，永不沾尘的丝质手帕。
——月关的叹息。"
第211章 菊斗罗泪崩，星罗大帝来了！,https://www.biquh.com/678_678189/65985980_3.html,"
他一边用手帕擦着那汹涌而出的泪水，一边哭得上气不接下气，肩膀一抽一抽的。
鬼斗罗见状，连忙上前，哭笑不得地拍着他的后背，柔声安慰着。
林枫看着这感人至深（？）的一幕，又将目光转向其他人。
“都辛苦了，这次的成果，我很满意。”
得到夸奖的魔熊斗罗、圣龙斗罗等人，虽不像菊斗罗那般失态，却也一个个面色涨红。
“前辈谬赞！此乃我等分内之事！”
众人齐齐单手抚胸，对着林枫深深行礼。
人群中，最为高兴的，莫过于宁风致了。
他看着这众志成城的一幕，心中感慨万千。
经此一役，他们与武魂殿这些封号斗罗之间，算是有了更深的交情。
而他们七宝琉璃宗，也通过这件事，将前辈这条神明的大腿，抱得更紧了些！
就在这时。
金鳄斗罗像是突然想起了什么，猛地一拍自己的脑门。
“对了！前辈！”
“晚辈还有一样东西，要呈给您！”
话音落下，所有人的目光，都齐刷刷地投向了他。
还有东西？
不是除了那株蓝银皇，就没别的了吗？"
第211章 菊斗罗泪崩，星罗大帝来了！,https://www.biquh.com/678_678189/65985980_4.html,"
在众人疑惑的注视下，金鳄斗罗从自己的储物魂导器中，小心翼翼地取出了一个沉重的黑色铁盒。
“咔哒”一声，铁盒打开。
一股璀璨夺目光华，瞬间从盒中迸发而出，将整个枫染亭都映照得一片堂皇！
那是一块右腿骨！
通体呈现出完美的蓝金色，上面布满了玄奥而古朴的纹路，一股浩瀚如海的生命气息与魂力波动，从中疯狂弥漫！
十万年魂骨！
而且是专属于蓝银皇的，十万年魂骨！
嘶——！
屋内，响起一片倒吸凉气的声音。
金鳄斗罗双手捧着铁盒，神情肃穆到极致，再次对着林枫单膝跪下。
“前辈，我想，这应该就是您口中所说的‘小惊喜’。”
“晚辈，为您取来了！”
此言一出，周围的封号斗罗们，差点没当场骂出声来。
好你个金鳄老鬼！
你个浓眉大眼的家伙，居然也学会藏私了！
偷偷藏着这么一件绝世重宝，就等着现在拿出来，在前辈面前单独邀功是吧？
太不要脸了！"
第211章 菊斗罗泪崩，星罗大帝来了！,https://www.biquh.com/678_678189/65985980_5.html,"
然而，面对众人那几乎要杀人的目光，金鳄斗罗却是不慌不忙地解释了起来。
“诸位稍安勿躁。”
“老夫之所以昨日未曾提及此事，一则，是当时蓝银皇状态危急，月关又拼死相救，实在无暇他顾。”
“二来嘛……”
金鳄斗罗扫视了一圈众人，语气变得意味深长。
“也是最重要的一点。此物毕竟是十万年魂骨，价值连城。老夫担心，万一……”
“我是说万一，有谁一时被贪念蒙蔽了心智，起了不该有的想法，从而惹得前辈不快，那便是我等的万死之罪了！”
“所以，老夫才决定，由我亲手，将此物完完整整地，交到前辈手中！”
听到这番解释，众人瞬间翻了个白眼。
一个个在心里疯狂吐槽。
瞧不起谁呢？
我们对前辈的忠心，是区区一块十万年魂骨就能动摇的吗？
我等对前辈的忠心，日月可鉴，天地可表！
我等生是前辈的狗，死是前辈的死狗！
不过……
吐槽归吐槽，当他们回过神来时，却又惊恐地发现了一个更可怕的事实。
自己，好像真的飘了。
曾几何时，别说十万年魂骨，就是一块五万年的，都足以让他们激动得三天三夜睡不着觉。"
第211章 菊斗罗泪崩，星罗大帝来了！,https://www.biquh.com/678_678189/65985980_6.html,"
可现在……
自从认识了前辈，在见识了前辈那如同天上繁星般取之不尽的神物之后，
他们居然下意识地，连十万年魂骨，都开始有点瞧不上了？
嘶——
恐怖如斯！
就在众人心思各异之时。
那株正亲昵地缠在林枫脖子上的蓝银皇，仿佛感受到了自己曾经的力量。
它猛地伸出一根最柔嫩的枝桠，朝着那块魂骨的方向，轻轻探了过去，发出一阵渴望的摇曳。
见状，林枫心中了然。
回收这块魂骨，应该能更好地帮助她恢复。
他心念一动，那块十万年魂骨便脱离了金鳄斗罗的掌控，轻飘飘地飞入他的手中。
“做得好，金鳄。”林枫淡淡地夸了一句。
金鳄斗罗心中一喜，正要说些什么。
然而，就在此时。
一个洪亮而又紧张的声音，毫无征兆地，从枫染亭的门外响起，清晰地传遍了整个饭店。
“在下星罗帝国，戴天风。”
“为孽子戴沐白冲撞神祇一事，特来向神祇大人……请罪！”"
第212章 戴天风：我是谁？我在哪？谁打我？！,https://www.biquh.com/678_678189/65985981.html,"
那个声音，洪亮中带着一丝压抑不住的帝王威严，以及长途跋涉后的疲惫。
“在下星罗帝国，戴天风。”
“为孽子戴沐白冲撞神祇一事，特来向神祇大人……请罪！”
声音穿透了枫染亭的玻璃门，清晰地传入了每个人的耳中。
一时间，店内所有人的动作，都微微一顿。
刚刚还沉浸在前辈夸奖中的菊斗罗，擦眼泪的动作停了。
正满脸狂热看着林枫的金鳄斗罗，脸上的崇拜凝固了。
就连比比东，那双刚刚才因为嫉妒而燃起火焰的紫眸，也下意识地朝着门口瞥了一眼。
戴天风？
星罗皇帝？
哦。
下一秒，所有人，几乎是不约而同地，收回了目光。
就好像刚才听到的，不是一位帝国皇帝的请罪，而是一只路过的野狗，不小心叫唤了两声。
继续哭的继续哭。
继续崇拜的继续崇拜。
比比东更是重新将全部的注意力，集中在了那株正亲昵地蹭着林枫脸颊的蓝银皇身上，眼神里酸意几乎要抑制不住了。
区区一个凡间帝王罢了。
在前辈面前，算个什么东西？"
第212章 戴天风：我是谁？我在哪？谁打我？！,https://www.biquh.com/678_678189/65985981_2.html,"
也配让他们多看一眼？
……
自打朱竹云当着满朝文武的面，碾死戴沐白，又在宁风致等人的高调护卫下潇洒离去后，仅仅只过了一天。
但这一天，对于戴天风而言，是他这辈子过得最憋屈，最窝火的一天。
他甚至觉得，比当年皇位争夺战时，被兄弟暗杀追砍还要难熬！
先不说那个逆子戴沐白，给他捅下了一个冒犯神祇的，足以让整个戴家万劫不复的天大篓子。
光是朱晨飞这个老王八蛋的嚣张态度，就足以让他气得心梗！
自从朱竹云走后，那个姓朱的老东西，简直就差没直接爬到自己头上拉屎了！
那腰杆挺得，那下巴抬得，不知道的还以为他才是星罗的皇帝！
无论是紧急召开御前会议，商讨该带什么礼品去赔罪。
还是戴天风亲自去皇家宝库，挑选那些压箱底的重宝。
亦或是安排出行的仪仗与随行人员。
这个老逼登，全程都是一副他才是话事人的样子，对着文武百官指手画脚，颐指气使。
如果仅仅是他自己这样，戴天风咬咬牙也就忍了。
最让他无法忍受的是，朝堂之上，那群平日里对他忠心耿耿，三跪九叩的势利眼大臣们！
竟是一个个地，全都抛下了他这个正牌皇帝不管，跟一群哈巴狗似的，围着朱晨飞疯狂巴结！
“朱大人高见！”"
第212章 戴天风：我是谁？我在哪？谁打我？！,https://www.biquh.com/678_678189/65985981_3.html,"
“此事，全凭朱大人定夺！”
“朱大人，您看下官这份礼单可还行？若有不妥，下官立刻就改！”
那一口一个“朱大人”，叫得比叫他“陛下”还亲热！
那谄媚的模样，那卑微的姿态，看得戴天风血压飙升，好几次都差点没忍住，直接撸起袖子和这群人干起来！
最终，戴天风实在是受不了这种煎熬了。
他直接强行把所有繁琐的礼节全部简化，将原定第三日的行程，硬生生提前到了第二天！
再不走，他怕自己等不到神祇降罪，就先被朱晨飞这个老登给活活气死了！
一行人火急火燎地赶到武魂城，直奔那象征着大陆权力巅峰的教皇殿。
在他们想来，那等伟大的神祇，自然是要居住在最辉煌，最神圣的地方。
结果呢？
到了教皇殿，别说神祇了，连个管事儿的人都找不到，整个大殿空荡荡的，只有几个守门的小兵。
在戴天风几乎是压着火，用一百金魂币收买了一个守卫后，他们才终于打听到。
那位“神祇”，根本不住在教皇殿。
他住在一个叫“枫染亭”的地方。
而那个枫染亭，居然……是一家饭店？
听到这个消息的瞬间，星罗帝国众人，有一个算一个，全都当场懵逼了。
脑子里只剩下无数个问号。
神祇？"
第212章 戴天风：我是谁？我在哪？谁打我？！,https://www.biquh.com/678_678189/65985981_4.html,"
开饭店？
这两个八竿子打不着的词，是怎么联系到一起的？
不过，震惊归震惊，疑惑归疑惑。
不管对方开的是饭店还是澡堂子，他戴天风这趟头，是磕定了。
于是，一行人又马不停蹄，几经打听，终于来到了那传说中的枫染亭门前。
远远看去，门口还挺热闹。
十几道身影背对着他们，有站着的，有跪着的，还有几个瘫在地上的，也不知在干嘛。
按照戴天风原本的计划，是到了地方，二话不说，直接跪下请罪。
但身为一国之君，他那可悲的自尊心，终究还是在作祟。
就这么当着这么多“闲杂人等”的面跪下，他皇家的脸面何存？
于是，他便想着，先声夺人，用一声洪亮的请罪，把自己的身份和来意都挑明了。
这样一来，屋里那位神祇听到了，门口这些看热闹的，总该有点眼力见，主动回避一下吧？
他身为皇帝的脸面，也能最大限度地保住。
可谁曾想！
他那一嗓子吼出去之后，就跟扔进大海里的一块小石子一样，连个水花都没溅起来。
那些背对着他的“闲杂人等”，最多就是有几个人，不耐烦地回头瞥了他一眼，然后……就又转回去了！
压根没把他当回事！"
第212章 戴天风：我是谁？我在哪？谁打我？！,https://www.biquh.com/678_678189/65985981_5.html,"
这一下，可把戴天风给气得够呛。
他那张本就因为憋屈而铁青的脸，瞬间黑得像锅底。
岂有此理！
朕乃星罗大帝！朕亲自前来请罪！你们这群贱民，竟敢如此无视朕？！
戴天风怒火中烧，再也顾不上什么计划，直接大步上前。
他来到队伍最外围，一个孤零零站着，手里还拿着一根造型奇特的“L”形棍子，正对着棍子发呆的男人身后。
戴天风想都没想，抬手就重重地拍在了对方的肩膀上。
“喂！”
“耳朵聋了？没听到朕来了吗！”
“还不快给朕滚……”
然而，他那句带着无尽怒火与威严的呵斥，还没来得及说完。
那个被他拍了肩膀的男人，猛地回过头来。
那一瞬间，戴天风的心脏，猛地漏跳了一拍。
对上那双布满了血丝的眼睛，戴天风只觉得一股源自灵魂深处的寒意，毫无征兆地窜遍全身。
他那身为八十九级魂斗罗的直觉，在疯狂地向他报警！
快跑！
这人惹不起！
然而，一切都太晚了....."
第212章 戴天风：我是谁？我在哪？谁打我？！,https://www.biquh.com/678_678189/65985981_6.html,"
千道流正对着怀里断成两截的权杖发呆，整个人都快气到心肌梗塞了。
他天使一族代代相传的信仰，如今在他手里变成了一根L形的废铁。
就在他悲愤交加，理智濒临崩溃的边缘，肩膀上突然被人不轻不重地来了一下。
紧接着，一个极其嚣张，充满命令口吻的声音在他耳边炸开。
“朕？”
“滚？”
千道流的脑子“嗡”的一声。
积攒了一肚子的怒火、委屈、悲愤，在这一刻找到了一个完美的宣泄口！
他几乎是本能地，抡起了手中那根“L”形的教皇权杖。
对着眼前这张写满了“我是天王老子”的脸。
狠狠地砸了下去！
砰——！
一声闷响，结实得让人牙酸。
“哔哔什么！”
千道流的声音沙哑得像是要吃人。
“你又算哪根葱？！”
这一棍子，直接把戴天风给砸蒙了。"
第212章 戴天风：我是谁？我在哪？谁打我？！,https://www.biquh.com/678_678189/65985981_7.html,"
他只觉得眼前金星乱冒，一股剧痛从脑门炸开，整个人不受控制地向后一个趔趄，差点一屁股坐倒在地。
戴天风捂着自己迅速肿起一个大包的脑门，脑子里一片空白。
我是谁？
我在哪？
谁打我？
他晃了晃脑袋，强忍着眩晕，死死地瞪着眼前这个胆敢对他动手的“保安”。
等等……
这张脸……
怎么他妈的有点眼熟？！
当他总算是想起和这记载于史书中一模一样，此刻却狰狞如恶鬼的脸庞时，戴天风的头皮瞬间炸开，一股寒气从尾椎骨直冲天灵盖！
千……
千道流？！
武魂殿的大供奉？！九十九级的绝世斗罗？！
这位爷怎么会在这里？！
戴天风的脑子彻底宕机了，他张着嘴，刚想说点什么来挽回局面。
“大……大……”
砰！！！
千道流又是一棍子下来，又快又狠，根本不给他任何解释的机会！
“大你大爷啊！”"
第213章 星罗众人：世上竟有如此厚颜无耻之人！,https://www.biquh.com/678_678189/65985982.html,"
这一棍子下去，戴天风彻底站不稳了，腿一软，直接“噗通”一声跪倒在地。
然而千道流显然没有放过他的意思。
他一步上前，大手如同铁钳一般，死死抓住戴天风的衣领，将他半个身子都提了起来。
另一只手，则抡圆了那根扭曲的权杖，连续不断地，专门朝着戴天风的脑门上敲去！
砰！砰！砰！砰！
沉闷的击打声，如同密集的鼓点，在枫染亭门口富有节奏地响起。
千道流一边敲，嘴里还一边念念有词，声音里充满了无尽的委屈与暴虐。
“我让你装逼！”
“砰！”
“我让你叫我滚！”
“砰！”
“我让你折断我的教皇权杖！”
“砰！砰！砰！”
最终，在一连串的重击之下，戴天风猛地伸出手。
“等一下！”
这声嘶吼，倒是让千道流的动作猛地一顿。
他低头看去。
只见戴天风那张原本还算威严的帝王脸，此刻已经“头角峥嵘”。"
第213章 星罗众人：世上竟有如此厚颜无耻之人！,https://www.biquh.com/678_678189/65985982_2.html,"
青一块紫一块，脑门上更是鼓起了七八个大小不一的包，看上去滑稽又凄惨。
这位星罗大帝欲哭无泪，声音都带着哭腔。
“大供奉！冤枉啊！我才刚到啊，什么时候折断您的权杖了？”
结果这句话说出口，迎来的，是千道流眼中更加狂暴的怒火！
“你他妈还敢狡辩！就是你的错！我说是你就是你！”
砰——！！！
又是一记更加沉重的闷响。
戴天风两眼一翻，差点当场昏死过去。
这时，他身后那群早就吓傻了的星罗帝国众人，朱晨飞以及戴维斯等人，总算是反应过来，连忙就要上前“救驾”。
笑话！
他们可不是忠心护主！
要是戴天风就这么被打死了，那这弥天大祸谁来背？
谁去给那位神祇磕头赔罪？
“大供奉息怒！息怒啊！”
朱晨飞第一个冲了上来，脸上挤满了焦急与惶恐，那演技，不知道的还以为他跟戴天风是异父异母的亲兄弟。
他一把抱住千道流挥舞权杖的手臂，用上了吃奶的力气。
“误会！这都是误会啊！”"
第213章 星罗众人：世上竟有如此厚颜无耻之人！,https://www.biquh.com/678_678189/65985982_3.html,"
戴维斯也连滚带爬地扑了过来，直接抱住了千道流的大腿，哭喊道：“冕下饶命！我父皇他绝不敢对您不敬啊！”
星罗帝国的文武百官们，也纷纷如梦初醒，一个个争先恐后地围上来。
有劝架的，有哀嚎的，有解释的。
店内，这场突如其来的闹剧，早已吸引了所有人的目光。
魔熊斗罗看得是目瞪口呆，忍不住对身旁的圣龙斗罗嘀咕道：“我滴个乖乖，大供奉发起疯来，下手真黑啊！”
菊斗罗则捏紧自己的小手帕，擦了擦额头不存在的冷汗，心想：原来还能这么颠倒黑白，学到了，学到了！
就连林枫看到这一幕，嘴角都忍不住抽搐了一下。
好家伙。
千道流这老小子，下手是真他妈黑啊。
那根权杖都快抡出残影了，敲脑壳的声音跟打地鼠似的，清脆又有节奏。
戴天风这个皇帝当的，也是真够憋屈的。
不过……
林枫默默转头，将视线投向了人群中，那个从始至终都保持着教皇威严，却悄悄往后缩了半步的罪魁祸首。
比比东。
似乎是感受到了林枫那饱含深意的目光，比比东娇躯微微一僵。
她忍不住面色发红，有些心虚地干咳了一声，眼神飘忽，就是不敢与林枫对视。
心里更是把玉小刚那个废物骂了一万遍。
要不是为了发泄打那个废物积攒的怒火，她怎么可能失手把权杖给砸成这样？"
第213章 星罗众人：世上竟有如此厚颜无耻之人！,https://www.biquh.com/678_678189/65985982_4.html,"
林枫看着她这副模样，心中暗笑一声，倒也没打算追究。
只是……
外面的声音，实在是太吵了。
那哭爹喊娘的求饶声，那砰砰作响的击打声，还有那群星罗大臣叽叽喳喳的劝架声，混在一起，跟几百只鸭子在耳边嘎嘎叫一样。
“行了。”
林枫淡淡地开口，声音不大，却清晰地压过了外面所有的嘈杂。
“千道流，随便打几下出出气就得了，别真的打死了。”
“好歹也是颗未来的韭菜。”
后面半句，他是在心里说的。
然而，就是这轻飘飘的一句话，却仿佛蕴含着某种言出法随的魔力。
上一秒还状若疯魔，眼中布满血丝，恨不得将戴天风当场砸进地里去的千道流。
动作，戛然而止。
前辈发话了！
他脸上的狰狞与暴虐，如同被一只无形的大手瞬间抹去。
取而代之的，是一副充满了惊讶、茫然、以及恰到好处的热情笑脸。
那变脸速度，快到让一旁死死抱住他胳膊的朱晨飞都产生了一种时空错乱的荒谬感。
“哎呀！”"
第213章 星罗众人：世上竟有如此厚颜无耻之人！,https://www.biquh.com/678_678189/65985982_5.html,"
千道流仿佛才刚刚看到被自己揍得满头是包，意识都快模糊的戴天风。
他故作惊讶地叫了一声，手中的L形权杖“刷”一声就被他收进了魂导器里。
“这不是星罗帝国的戴天风陛下吗？”
他的声音洪亮而热情，充满了老友重逢的惊喜。
“来我们武魂城做客，怎么也不提前说一声？”
“老夫也好尽一尽地主之谊啊！”
这一番话，直接把整个星罗帝国的使团，全都给整不会了。
朱晨飞抱着千道流手臂的手，僵在了半空中。
戴维斯抱着千道流大腿的动作，也凝固了。
那群围在周围，哭爹喊娘的文武百官，一个个都像是被施了定身术，张着嘴，表情呆滞。
他们的脑子里，只剩下一片空白。
以及一个盘旋不休的念头。
这人真的是千道流？
武魂殿大供奉？
活着的传说？九十九级的绝世斗罗？
这无耻的演技，这丝滑的变脸，这睁眼说瞎话的本事……
跟史书上记载的那个威严、神圣、不怒自威的形象，差别是不是有点太大了？
就在众人集体怀疑人生的时候。"
第213章 星罗众人：世上竟有如此厚颜无耻之人！,https://www.biquh.com/678_678189/65985982_6.html,"
千道流已经松开了揪着戴天风衣领的手。
“戴陛下，您看您，来就来嘛，还行此大礼，真是太客气了！”
他一边说着，一边松开对方的衣领。
只可惜，戴天风早就被他那一连串的“脑瓜崩”给敲得七荤八素，神志不清了。
千道流一撒手，他身体一软，眼看就要直挺挺地朝着地面摔去。
“哎！小心！”
千道流眼疾手快，一把又将戴天风给提溜了起来，才避免了这位星罗大帝与坚硬的地板进行一次亲密接触。
扶稳了戴天风，千道流猛地一回头。
那张刚刚还热情洋溢的脸，瞬间就拉了下来，变得无比威严，充满了长辈对晚辈的呵斥与不满。
他目光如电，扫过那群依旧处于呆滞状态的星罗大臣，声如洪钟。
“你们这些人，是干什么吃的？！”
“没看到自家皇帝不小心摔伤了，行动不便吗？”
“都瞎了？还是死了？”
“居然就这么眼睁睁地看着，也不知道上来扶一下？！”
轰——！
这番话如同一道闪电，瞬间劈的每一个星罗大臣外焦里嫩。
他们瞬间瞪大了眼睛，眼珠子都快从眼眶里飞出来了。"
第213章 星罗众人：世上竟有如此厚颜无耻之人！,https://www.biquh.com/678_678189/65985982_7.html,"
草！
草啊！！
我他妈……
这一刻，文官忘了礼仪，武将忘了规矩。
所有人的心里，只有一个念头在疯狂咆哮。
这千道流，好生无耻！
我们活了这大半辈子，就没见过如此厚颜无耻之人！
明明是你拿着那根奇形怪状的破棍子，把我们陛下敲成了这副鬼样子！
怎么到了你的嘴里，就成了他自己不小心摔伤了？
现在，你甚至还反过来怪我们，没有及时搀扶？！
这世上，怎么能有如此颠倒黑白，歪曲事实的无耻之徒？！
那山羊胡丞相气得浑身发抖，胡子都快翘到天上去了，他指着千道流，嘴唇哆嗦了半天，却一个字都骂不出来。
因为他不敢。
他们看出来了。
眼前这个男人，根本不是什么活着的传说。
他就是个不讲道理，实力还强到变态的……流氓！
和这种人讲道理？
那不是自找没趣吗？"
第213章 星罗众人：世上竟有如此厚颜无耻之人！,https://www.biquh.com/678_678189/65985982_8.html,"
怕不是下一秒，那根奇怪的棍子，就要敲在自己脑门上了。
想通了这一点，星罗帝国众人，有一个算一个，全都憋屈地低下了头，把那口到了嘴边的老血，硬生生给咽了回去。
那表情，比吃了十斤黄连还苦。
见众人如此“懂事”，千道流满意地点了点头。
他将已经快要昏迷的戴天风，像扔麻袋一样，直接“塞”进了旁边朱晨飞的怀里。
“扶好了！”
“要是再让你们陛下摔了，老夫唯你们是问！”
朱晨飞：“……”
我可去你妈的吧！"
第214章 神恩暴击！白嫖悟道茶树！？,https://www.biquh.com/678_678189/65985983.html,"
朱晨飞脸上笑嘻嘻，心里早就骂开了，终究还是和几个大臣一起，半搀半架着神志不清的戴天风，走进了枫染亭。
可这一步踏入，戴天风混沌的意识，就被一股迎面而来的恐怖威压，给硬生生激得清醒了几分。
他勉强睁开肿胀的眼皮。
然后，他的头皮炸了。
门口那群他之前打心底里瞧不起的“闲杂人等”，此刻竟一字排开，静立于大厅两侧。
那一张张在斗罗大陆跺跺脚都能引发地震的面孔，正用一种看戏的眼神，注视着他。
长老殿的菊斗罗、鬼斗罗……
七宝琉璃宗的剑斗罗、骨斗罗……
供奉殿的降魔斗罗、千钧斗罗……
天！
整整十八位封号斗罗！
这些人，就这么像迎宾的侍者一样，分列两旁，目光或玩味，或怜悯，或纯粹是看热闹。
在这十八道目光的洗礼下，戴天风双腿肚子都在打颤。
他那刚被千道流用权杖敲碎，又勉强粘合起来的帝王尊严，此刻被碾得粉碎。
他终于明白，刚才千道流拍在他肩膀上的那一巴掌，是何等的“仁慈”。
就凭自己那句“还不快给朕滚”，这十八位封号斗罗中的任何一个，都有理由把他当场撕成碎片！
戴天风几乎是被朱晨飞等人拖着，才冷汗直流地穿过了这支由封号斗罗组成的“迎宾队”。
他来到了饭店的最深处。"
第214章 神恩暴击！白嫖悟道茶树！？,https://www.biquh.com/678_678189/65985983_2.html,"
然后，他看到了那个坐在主位上的年轻人。
也看到了围绕在那个年轻人身边的两道身影。
朱竹云！
朱竹清！
一个，是他星罗帝国名义上的太子妃！
另一个，是他那废物儿子戴沐白的前未婚妻！
此刻，这两个本该在星罗皇宫中勾心斗角的女人，却像最温顺的侍女。
一个正用玉手为那个男人轻捏肩膀。
另一个则跪坐在男人脚边，小心翼翼地为他捶腿。
她们的脸上，没有丝毫被迫的屈辱，反而……带着一种发自内心的狂热与满足！
够了！
不需要再看，也不敢再看！
戴天风瞬间明悟，这位就是那位传说中的神祇！
他猛地挣脱朱晨飞的搀扶，双膝一软。
“噗通——”
一声闷响。
星罗帝国的大帝，戴天风，重重跪在了林枫面前。"
第214章 神恩暴击！白嫖悟道茶树！？,https://www.biquh.com/678_678189/65985983_3.html,"
额头死死贴住冰冷地砖，帝王的尊严荡然无存。
他用尽全身的力气，发出颤抖到变调的嘶吼。
“在下星罗帝国戴天风，为孽子戴沐白冲撞神祇一事，特来向神祇大人……请罪！”
然而。
就在这万众瞩目，呼吸都已停滞的时刻。
林枫的脑海中，系统那懒洋洋的声音不合时宜地响起。
【叮！检测到食客‘菊斗罗月关’，于先前事件中表现出极高忠诚度。】
【现特批一次‘加强池抽奖’，作为额外奖励。】
【是否现在开启？】
林枫眼皮都没抬一下，心里却泛起古怪。
“统子，故意的吧？”
“刚才我夸小菊花的时候你不提，现在戴天风跪着，全场等我发话，你跳出来抽奖？”
“还有，你平时抠得要死，今天太阳打西边出来了？”
林枫本以为对方会搪塞过去，却没想到系统居然理直气壮地承认了。
【宿主此言差矣。】
【区区凡间帝王，蝼蚁般的存在，他的看法，很重要吗？】
【让他跪着，是他的荣幸。】
系统顿了顿，用一种资本家般的口吻慢悠悠地解释。"
第214章 神恩暴击！白嫖悟道茶树！？,https://www.biquh.com/678_678189/65985983_4.html,"
【至于本次奖励，宿主不必惊讶。】
【羊毛，出在羊身上。】
【先前月关被列入观察名单，其抽奖品质与概率被大幅削减，本系统早已从他身上，克扣了远超一次‘加强池抽奖’的价值。】
【现在拿出其中一小部分返还，非但不是慷慨，而是为了‘维持优质资产的活性与忠诚度’，是一种更高级的压榨。】
听完系统这番堪称“资本家圣经”的无耻言论，林枫彻底没脾气了。
这狗系统说得……好他妈有道理！
自己还是太嫩了。
“行吧。”
林枫在心中无奈叹气。
“你够无耻，我服了。”
“抽。”
【叮！】
【加强池抽奖开启……】
【奖池生成中……】
【恭喜宿主，为食客‘菊斗罗月关’抽取到特殊奖励——悟道茶树幼苗（残缺削弱版）！】
林枫面无表情。
内心却掀起了十二级台风。"
第214章 神恩暴击！白嫖悟道茶树！？,https://www.biquh.com/678_678189/65985983_5.html,"
什么玩意儿？！
悟道茶树？！
“统子！你出来！我保证不打死你！”
林枫的内心在咆哮，声音震得系统空间嗡嗡作响，“悟道茶树这种级别的神物，你就这么给了别人？！”
那可是能助人顿悟，堪比法则具现化的神物！
虽然只是个残次品幼苗，但也是无价之宝！
就这么给了一颗韭菜？
暴殄天物！
林枫的心在滴血，比刚才失去五万积分时还要痛上十倍！
【宿主请冷静，你现在像个输光的赌徒。】系统的声音透着鄙夷。
可不等林枫在内心跟它大战三百回合。
系统那毫无感情的电子音，突然带上了一种中了五百万彩票般的绚烂特效。
【叮咚——！】
【恭喜宿主！成功触发千万分之一概率的‘神恩暴击’！】
【奖励翻倍！品质升级！】
【恭喜宿主，获得神话级奖励——悟道茶树（完整版）×1！】
【已自动存入系统空间，请宿主查收。】
林枫即将脱口而出的国粹，戛然而止。"
第214章 神恩暴击！白嫖悟道茶树！？,https://www.biquh.com/678_678189/65985983_6.html,"
内心的惊涛骇浪，瞬间风平浪静。
前一秒还在滴血的心，下一秒就暖洋洋的，说不出的舒坦。
他那张古井无波的脸上，嘴角差点就要控制不住地咧到耳根。
他强行压下狂喜，在心中干咳两声，用一种长者的宽容语气说道。
“咳~”
“下次把话一口气说完嘛。”
“你看这事儿闹的，多不好看。”
【呵，杂鱼宿主。】
林枫自动屏蔽了系统的嘲讽，心情好到懒得计较。
血赚！
这何止是血赚！
这简直是空手套白狼，白嫖了一座金山！
心情一好，林枫再看菊斗罗，眼神都柔和了许多。
嗯，不错。
这颗韭菜，真是越看越顺眼。
不愧是能为我带来暴击的祥瑞啊！
于是。"
第214章 神恩暴击！白嫖悟道茶树！？,https://www.biquh.com/678_678189/65985983_7.html,"
在全场压抑到极致的寂静中。
在戴天风几乎要被恐惧压垮的等待中。
林枫，终于有了动作。
他缓缓抬起眼帘，目光越过了跪在地上的星罗大帝，精准地落在了人群中，那个还沉浸在喜悦中，眼眶通红的菊斗罗身上。
“月关。”
林枫淡淡开口。
“过来。”"
第215章 逆天神物！成神之前再无瓶颈！,https://www.biquh.com/678_678189/65985984.html,"
听到林枫的声音，戴天风猛地一僵。
那颗死死贴着地面的头颅，几乎不敢置信地微微抬起一丝缝隙。
神祇大人……在叫谁？
月关？
他不是在跟我说话？！
周围的封号斗罗们，也是集体一愣。
前辈这是……
打算让一个帝国的皇帝就这么跪在地上，然后去处理别的事情？
这个念头在脑海中盘旋不足一瞬，便被他们自己掐灭了。
是了。
前辈是何等存在？
区区凡间帝王，与他们这些封号斗罗，甚至与那绝世斗罗千道流，又有什么区别？
不过都是地上的一条虫罢了。
而菊斗罗，整个人彻底呆住了。
他傻傻地站在原地，指了指自己的鼻子，脸上写满了茫然与无措。
前……前辈在叫我？
“前辈叫你呢，月关！快过去啊！”
鬼斗罗最先反应过来，声音里满是压抑不住的激动，用力推了自己挚友一把。"
第215章 逆天神物！成神之前再无瓶颈！,https://www.biquh.com/678_678189/65985984_2.html,"
菊斗罗一个踉跄，这才如梦初醒，连忙应了一声，几乎是小跑着，从人群中穿过。
他路过跪在地上的戴天风时，紧张得甚至不敢多看一眼，匆匆绕了过去，最终来到林枫面前。
他的心脏在胸膛里疯狂擂鼓，激动、忐忑、茫然、狂喜……无数种情绪拧成一团，让他大脑几乎宕机。
是……是我又哪里做得不对吗？
还是说……
“前辈！月关在！”
他的声音，因为过度激动而带上了明显的颤音。
林枫看着他这副诚惶诚恐的模样，内心却是乐开了花。
‘嘿，还是小菊花给力啊！一个拼命，直接给老子爆出了神话级奖励！爽！’
他强行压下咧到耳根的嘴角，脸上终于露出了一丝温和的笑意。
“鉴于你此次的优秀表现。”
“我决定，私人奖励你一些小玩意儿。”
轰——！！！
这句话，比任何魂技的爆炸声都要恐怖，在所有人的脑海里悍然炸响！
私人……奖励？
前辈的……私人奖励？！
那一瞬间，枫染亭内死寂无声，只能听到一阵阵粗重到扭曲的呼吸声！"
第215章 逆天神物！成神之前再无瓶颈！,https://www.biquh.com/678_678189/65985984_3.html,"
所有人的眼睛，“唰”的一下，全都红了！
那是混杂了震惊、狂热、以及根本无法掩饰的嫉妒与羡慕的眼神！
就连一直姿态清冷的剑斗罗，身体都轻微颤抖了一下。
宁风致更是双眼放光，大脑以前所未有的速度疯狂运转。
前辈的私人奖励！
这是何等逆天的机缘！
要知道，平日里那看似随意的抽奖，就已经是足以颠覆整个大陆格局的神迹了！
那这由前辈“私人”拿出来的奖励，又该是何等毁天灭地的神物？！
而跪在地上的戴天风，在听到这句话的瞬间，整个人如坠冰窟。
他缓缓抬起那张布满冷汗与绝望的脸，呆呆地看着那个被神祇点名的封号斗罗。
他看着那个男人脸上那难以抑制的狂喜。
他感受着周围那一道道几乎要将人神魂都烧穿的，充满了嫉妒与羡慕的目光。
戴天风的心，一瞬间，沉入了无底深渊。
他终于明白了。
在神祇的眼中，他这个所谓的帝国皇帝，恐怕连一只稍微强壮些的蝼蚁都算不上。
他的请罪，他的下跪，他那早已被敲得粉碎的帝王尊严……
在神祇眼中，或许，还不如他麾下一个忠心下属的表现，来得重要。
而另一边，菊斗罗的大脑已是一片空白，他半跪在地上，几乎以为自己是出现了幻听。"
第215章 逆天神物！成神之前再无瓶颈！,https://www.biquh.com/678_678189/65985984_4.html,"
私……私人奖励？
前辈他……要单独奖励我？
下一刻，巨大的狂喜，如同地心深处的岩浆，猛然喷发，席卷了他的四肢百骸！
“前辈……我……”
菊斗罗张了张嘴，喉咙里像是堵了一团火，激动得一个字都说不出来。
眼泪，再一次，不争气地决堤而出。
他甚至都来不及去拿那条心爱的丝质手帕，只能任由那滚烫的泪水，砸在地板上，溅开一朵朵细小的，名为荣耀的水花。
他差点丢掉的性命，换来了前辈的认可，甚至是单独的奖励！
这世上，还有比这更荣耀的事情吗？！
没有了！
林枫看着菊斗罗这副一把鼻涕一把泪的模样，嘴角微微抽搐了一下。
他强忍着吐槽的欲望，伸出手，掌心之上，光芒一闪。
一株通体翠绿，约莫三尺来高，只有几十片嫩叶的小树苗，便凭空出现在他的手中。
这株树苗看起来平平无奇，就像是路边随处可见的野树苗。
然而。
就在它出现的一瞬间。
一股难以用言语形容的，玄之又玄的道韵，如同无形的清风，瞬间拂过整个枫染亭！"
第215章 逆天神物！成神之前再无瓶颈！,https://www.biquh.com/678_678189/65985984_5.html,"
在场的所有人，无论是封号斗罗，还是朱家姐妹，亦或是比比东，甚至包括地上跪伏的戴天风。
他们的身体，都在这一刻，狠狠地一震！
他们的脑海，“嗡”的一声，仿佛被晨钟暮鼓敲响！
那是一种无法言喻的感觉。
仿佛灵魂被浸泡在最纯净的生命之泉中，连日奔波劳碌的疲惫，瞬息间一扫而空。
精神变得前所未有的清明与通透！
一些平日里困扰他们许久，如坚冰般难以撼动的魂力修炼关隘，竟在此刻，有了一丝极其微弱的松动迹象！
仅仅是这树苗自然散发的气息，就有如此奇效？！
这……这究竟是什么神物？！
所有人的目光，瞬间凝固，死死地黏在了林枫掌心那株看似普通的树苗上，再也无法移开分毫。
林枫将众人的反应尽收眼底，这才不紧不慢地开口，声音平淡，却如同一颗颗砸在天平上的砝码，不断加重着众人心头的震撼。
“此物，名为悟道茶树，来自于其他世界。”
其他世界！
这四个字一出，宁风致、金鳄斗罗等人的瞳孔骤然收缩成针尖！
他们瞬间联想到了前辈那深不可测的来历。
所谓的“其他世界”，恐怕就是传说中的神界，甚至是比神界更加高级，更加伟大的地方！
林枫没有理会他们的心神巨震，继续解释道。
“待到它成熟之后，用它的叶子泡茶喝，可以提升悟性。”"
第215章 逆天神物！成神之前再无瓶颈！,https://www.biquh.com/678_678189/65985984_6.html,"
“在成神之前，你们的修炼，将几乎不会再遇到任何瓶颈。”
“哪怕是成神之后，它的叶子对修行，也依旧有不小的裨益。”
如果说之前只是震惊，那现在，所有人的大脑，已经被这番话彻底烧成了一片焦土！
成神之前，修炼再无瓶颈？！
这是什么概念？！
这意味着，只要资源足够，天赋尚可，便能一路高歌猛进，直通九十九级绝世斗罗的巅峰！
这意味着……那虚无缥缈，只存在于传说中的神祇之位，都变得不再是遥不可及的梦想！
这已经不是神物了！
这根本就是一条铺满了黄金，直通神座的康庄大道！
“咕咚。”
不知道是谁，艰难地咽了一口唾沫。
这个声音，像是一个开关，瞬间点燃了全场！
所有人的呼吸都变得无比粗重，如同瀕死的野兽！
一双双眼睛里，燃烧着名为“贪婪”与“渴望”的火焰，死死地盯着那株悟道茶树幼苗，恨不得立刻扑上去，将其据为己有！
不！哪怕是得到一片叶子也好啊！
魔熊斗罗这个憨憨，更是下意识地向前踏出半步，喉结滚动，瓮声瓮气地呢喃：“这……这……”
“啪！”"
第215章 逆天神物！成神之前再无瓶颈！,https://www.biquh.com/678_678189/65985984_7.html,"
一旁的圣龙斗罗眼疾手快，一巴掌狠狠拍在他的后脑勺上，用气声低吼：“闭嘴！你想死吗！那是前辈赐给月关的东西！”
这一巴掌，也瞬间打醒了所有被贪念冲昏头脑的封号斗罗。
他们激灵灵地打了个寒颤，眼中的贪婪瞬间被无尽的后怕所取代。
而就在这群大陆巅峰强者心神激荡，几乎道心失守的时刻。
跪在地上的戴天风，与他身后的朱晨飞，更是被这接二连三的冲击，震得脑瓜子嗡嗡的！"
第216章 十万年魂骨都贬值？只能当员工福利？,https://www.biquh.com/678_678189/65985985.html,"
他们齐刷刷抬起了头，那张布满血污与屈辱的帝王之脸。
和那张写满了精明与算计的公爵脸上，此刻，表情是出奇的一致。
呆滞，茫然，以及……无法理解的震撼！
他们也是不自觉地，艰难地，咽了一口唾沫。
一个，是困在八十九级魂斗罗境界多年，距离封号斗罗只有一步之遥，却仿佛隔着天堑的帝国皇帝。
一个，是在八十八级巅峰徘徊许久，用尽了无数天材地宝，却始终无法再进一步的幽冥公爵。
他们看着林枫手中那株看似普通，却引得十几位封号斗罗都为之失态的树苗。
就像是看到了……一张通往他们毕生梦想的，金光闪闪的门票！
封号斗罗！
那是他们耗尽一生，都渴望触及的境界！
可现在，这位神祇大人，竟然说，此物可以让成神之前的修炼，再无瓶颈？！
一时间，两人几乎都要酸成柠檬精！
至于菊斗罗，他整个人已经幸福到快要融化了。
他感觉自己不是跪在冰冷的地砖上，而是漂浮在最温暖的云端。
前辈的每一句话，都像是最动听的天籁。
悟道茶树！
光是听着林枫那平淡的描述，他就能明白，这株树苗的任何一片叶子，其价值都远远超过了斗罗大陆上任何所谓的仙品药草！
他本身就酷爱奇花异草，对这些天地灵根有着近乎偏执的喜爱。"
第216章 十万年魂骨都贬值？只能当员工福利？,https://www.biquh.com/678_678189/65985985_2.html,"
这株悟道茶树，就算撇开它那逆天到足以改变世界格局的神奇作用。
仅仅是“来自于其他世界”这一点，就足以让他痴迷癫狂！
那h还有可能是来自前辈故乡的世界啊！
那是孕育了前辈这等伟岸存在的，真正的神土！
能得到一件来自那里的物品，亲手培育它，感受它的气息……
这本身，就是至高无上的荣耀！
菊斗罗几乎是双手颤抖着，缓缓向前膝行了两步，高高地举起了自己的双手。
“谢前辈赐下神物，月关即便是粉身碎骨，也绝对不会让其受到半点损伤。”
林枫点了下头，将那株悟道茶树幼苗，轻轻放在了菊斗罗颤抖的掌心上。
就在接触的一瞬间，菊斗罗浑身剧烈一颤！
一股难以言喻的暖流从树苗涌入体内，他那刚刚被仙豆填满，还略显虚浮的武魂本源，竟在瞬间被洗练、提纯、夯实！
更恐怖的是，他的脑海中竟毫无征兆地闪过一幅画面——一朵菊花于虚空中绽放，每一片花瓣都蕴含着一种玄奥的至理！
虽然画面一闪即逝，却让他对自身武魂的理解，瞬间拔高了一个层次！
他如获至宝，一步三回头地退到鬼斗罗身边。
鬼斗罗激动得满脸通红，伸手想碰，又不敢碰，只能在一旁干搓手。
“老鬼，你也感受一下！”
菊斗罗大方地将树苗往前递了递。"
第216章 十万年魂骨都贬值？只能当员工福利？,https://www.biquh.com/678_678189/65985985_3.html,"
周围的封号斗罗们“呼啦”一下，全都围了上去，一个个伸长了脖子，像一群嗷嗷待哺的雏鸟。
魔熊斗罗第一个凑了上来，像只好奇的狗熊，把大脑袋探过去，猛吸一口气。
“喔唷！”
他眼睛瞪得溜圆。
“俺感觉俺的脑子，好像变灵光了！”
宁风致和剑斗罗对视一眼，皆从对方眼中看到了更深层次的惊骇。
宁风致心中已是惊涛骇浪：“此物若在我七宝琉璃宗，何愁不能培养出真正的神祇守护家族！”
而剑斗罗则是双目微闭，他从那道韵中，竟感受到了一丝与独孤九剑隐隐共鸣的锋锐之意，仿佛看到了通往更高境界的门缝！
金鳄斗罗更是心神激荡，他看着林枫的身影，心中只有一个念头：
前辈此举，是在立一个标杆。
一个用忠诚换取神迹的标杆！
只要你够忠心，够卖力，那成神之路，前辈都能给你铺到脚下！
一时间，所有封号斗罗的心思都活泛了起来，看向林枫的眼神，愈发狂热。
就在这时，林枫那淡然的目光，终于从菊斗罗身上移开，落向了大厅中央。
落在了那跪伏于地的星罗大帝，戴天风身上。
那一瞬间，在场所有封号斗罗，全都感觉后背一凉，下意识地挺直了腰板。
正戏，来了。
戴天风更是感觉菊花一紧，心脏都快从嗓子眼里跳了出来。"
第216章 十万年魂骨都贬值？只能当员工福利？,https://www.biquh.com/678_678189/65985985_4.html,"
他不敢再有丝毫犹豫，用尽全身的力气，将那颗已经肿成猪头的脑袋，重重砸在地板上！
咚！
“罪人戴天风，为逆子冲撞神祇大人一事……特来赔罪！”
这一次，他的声音里没了先前的紧张，反而透着一股狂热的虔诚。
因为他亲眼见证了神迹。
他亲眼看到了那条通往封号斗罗，甚至通往神祇的康庄大道！
他的心里，除了恐惧，更燃起了无穷的渴望！
若是自己也能得前辈一点赏赐，那区区封号斗罗之境，还不是探囊取物？
然而，面对戴天风的五体投地，林枫眼皮都没抬一下。
他微微张嘴。
一旁的胡列娜立刻会意，捻起一颗剥好的紫玉葡萄，轻柔地送入林枫口中。
林枫细细品味，感受着果肉在舌尖爆开的清甜，半晌，才从鼻腔里发出一声懒洋洋的回应。
“嗯。”
就这一个字。
戴天风却如蒙大赦，这才敢缓缓抬头，连忙对着身后的朱晨飞使了个眼色。
朱晨飞心领神会，立刻从怀里取出一个巨大的锦绣包裹，躬着身子，快步上前，将其小心翼翼地放在柜台上展开。
里面，尽是各种各样的储物魂导器。"
第216章 十万年魂骨都贬值？只能当员工福利？,https://www.biquh.com/678_678189/65985985_5.html,"
“神祇大人！”
戴天风的声音再次响起，充满了谦卑与讨好。
“此乃我星罗帝国宝库一半的珍藏，另有深海沉银、天外陨铁等稀有金属万斤，皆在此处的魂导器中，还望大人笑纳！”
说完，他满怀期待地看着林枫。
然而，林枫连眼皮都没抬一下。
胡列娜又喂了一颗葡萄过来。
林枫的内心毫无波澜，甚至有点想笑。
国库？
不能换成积分的东西，在他这里，跟一堆垃圾有什么区别？
见到这一幕，戴天风的心中一愣，但脸上不敢有丝毫表露，反而挤出更谄媚的笑。
这种情况，倒也在预料之中，神祇怎会看上凡俗之物？
他咬了咬牙，从自己的储物魂导器中，再次取出两个玉盒。
玉盒打开。
一黑一白两道光华冲天而起，磅礴的魂力波动瞬间充斥整个饭店！
竟是两块十万年的魂骨！
一左一右，刚好凑成一对臂骨！
“嘶……”
就连金鳄斗罗等人都忍不住倒吸一口凉气。"
第216章 十万年魂骨都贬值？只能当员工福利？,https://www.biquh.com/678_678189/65985985_6.html,"
星罗帝国居然还有这等底蕴？
但，也仅仅是惊讶了一下而已。
见识过悟道茶树那等神物后，区区十万年魂骨，好像......又一次贬值了？
“神祇大人明鉴！”
戴天风见众人反应平平，心都凉了半截，只能硬着头皮，用近乎哀求的语气说道。
“我星罗帝国人穷地窄，家境寒酸，实在是拿不出更好的东西了。”
“此乃我戴家先祖，开国大帝与皇后留下的镇国之宝，今日特献于大人，以赎吾儿之罪，望大人……能够收下！”
说完，戴天风再次将头埋下，冷汗浸湿了帝袍，心中疯狂祈祷。
收下吧！
求求您收下吧！
只要您收下，就代表这事儿过去了！
在戴天风等人紧张到几乎要窒息的等待中，林枫终于吃完了第三颗葡萄。
他随意的瞥了一眼这两块魂骨，便收回了目光。
这种级别的玩意儿，系统商城里多得是，兑换价也不算离谱。
林枫看着一旁为他捶腿捏肩，额头上已经沁出细汗，却依旧满脸认真和满足的朱家姐妹，忽然有了主意。
“也罢。”
他对着那两块魂骨，随意地一招手。"
第216章 十万年魂骨都贬值？只能当员工福利？,https://www.biquh.com/678_678189/65985985_7.html,"
魂骨便轻飘飘地飞起，落入他的手中。
在戴天风等人狂喜的目光中，林枫却看都没看，反手就将两块魂骨分别丢给了朱竹云和朱竹清。
动作随意得，就像是丢了两块不值钱的石头。
“看你们最近工作也挺卖力的。”
“这个，就当是给你们的员工福利吧。”"
第217章 林枫：心好痛，早晚在胡列娜身上压榨回来！,https://www.biquh.com/678_678189/65985986.html,"
听到林枫那随意到极点的话语，刚刚还因为林枫收下魂骨而狂喜的戴天风，整个人彻底懵了。
不是？
我星罗帝国代代相传，压箱底的镇国之宝。
一对十万年魂骨啊！
你就这么……
随手赏给两个侍女了？
还他妈是……员工福利？！
就算您是神祇，也不能这么暴殄天物吧！
这可是十万年魂骨！不是路边的大白菜！（还真就别看不起十万年魂骨，毕竟原著中唐三的神装，都是六块十万年魂骨融合成的。）
戴天风感觉自己的世界观，正在被一只无形的大脚，狠狠地，反复地践踏。
和他心情截然相反的，恰恰是离他最近的朱晨飞。
老狐狸的脸上，瞬间绽放出一朵菊花般的灿烂笑容！
狂喜！
这是何等的恩宠！
没见到旁边那个负责喂葡萄的妖媚女孩，都没有分到魂骨吗？
神祇大人，明显更宠爱自己的两个女儿啊！
女儿的地位越高，他这个“老丈人”的地位，岂不是也水涨船高？
朱晨飞仿佛已经看到了自己骑在戴天风头上作威作福的美好未来，激动得胡子都在颤抖。"
第217章 林枫：心好痛，早晚在胡列娜身上压榨回来！,https://www.biquh.com/678_678189/65985986_2.html,"
然而，林枫接下来的操作，让朱晨飞脸上的笑容凝固，和戴天风一起，感受到了什么叫头皮发麻。
只见朱竹云和朱竹清姐妹二人，俏脸羞红，如同最乖巧的猫咪齐齐跪下，声音软糯。
“谢主人赏赐。”
林枫满意地点了点头。
但他的目光，却落在了旁边那个强撑着微笑，眼底深处却藏着一抹失落的胡列娜身上。
不患寡而患不均。
古人诚不欺我啊。
手底下三个员工，总不能厚此薄彼。
林枫拿起之前金鳄斗罗呈上的那块蓝银皇右腿骨，对着胡列娜晃了晃。
“这块魂骨与你的属性不符，而且对这株蓝银皇的恢复有大用，便不给你了。”
说着，一个只有他自己能看见的淡蓝色光幕，在他眼前悄然展开。
琳琅满目的系统商城。
林枫的目光，直接锁定在了魂骨区。
【九尾天狐之魅惑头骨（十万年）】
【售价：10000美食积分】
“真他妈便宜。”
林枫在心中默默吐槽了一句。"
第217章 林枫：心好痛，早晚在胡列娜身上压榨回来！,https://www.biquh.com/678_678189/65985986_3.html,"
和那些动辄数十万上百万积分的异界神物一比，斗罗世界的顶级至宝，简直跟跳楼大甩卖一样。
可即便如此，当那一万积分被划走的瞬间，他的心，还是猛地抽了一下。
妈的，心好痛！
林枫的脸皮不易察觉地抖了抖。
罢了。
以后一定要从这只小狐狸身上，加倍压榨回来！
他放下手中的蓝银皇魂骨，心念一动。
下一秒，一块通体呈现出梦幻般粉红色，造型精美绝伦，散发着极致魅惑气息的头骨，凭空出现在他的掌心！
“这块十万年九尾天狐的头部魂骨，倒是与你极为契合。”
林枫的语气依旧平淡。
“拿去吧。”
“也算是奖励你最近的勤勉。”
嗡！
胡列娜的大脑，一片空白。
她那双刚刚还略显黯淡的桃花眼，瞬间爆发出璀璨夺目的光彩！
一股巨大的惊喜与愧疚，同时涌上心头。
她刚刚……她刚刚怎么会产生前辈偏袒朱家姐妹，排挤自己的这种大不敬的想法？
前辈的心胸如星辰大海，又怎会遗忘自己？"
第217章 林枫：心好痛，早晚在胡列娜身上压榨回来！,https://www.biquh.com/678_678189/65985986_4.html,"
原来前辈不是不给，而是在为自己准备更合适的！
自己真是太不应该了！
“主人……”
胡列娜的眼眶瞬间就红了，她不敢有丝毫怠慢，连忙用一种近乎朝圣般的姿态，接过了那块魂骨。
“谢谢主人！娜娜以后一定更努力地服侍您！”
声音娇媚入骨，带着一丝哭腔，听得人心都快化了。
看到手底下三个员工都心满意足，林枫心里那点因为积分逝去的心疼，也总算是烟消云散了。
在他眼里，这不过是一次普通到不能再普通的“团建发福利”。
可这番操作，落在星罗帝国一行人的眼中。
却不亚于一场天崩地裂级别的精神海啸，把他们的天灵盖都快给掀飞了！
不是？！
您老人家手里的十万年魂骨……真的是大白菜批发的吗？！
怎么随随便便，说拿出来就拿出来？
甚至连属性，都是完美契合的？！
戴天风彻底傻了，他僵硬地转过头，用一种梦游般的语气，看向旁边那群正围着悟道茶树猛吸“仙气”的封号斗罗们。
他茫然地问了一句。
“这……这对吗？”"
第217章 林枫：心好痛，早晚在胡列娜身上压榨回来！,https://www.biquh.com/678_678189/65985986_5.html,"
此话一出。
那群封号斗罗，终于舍得将目光从悟道茶树上挪开。
他们齐刷刷地转过头，看向戴天风一行人。
就像是在看一群刚从山沟沟里跑出来，没见过世面的土包子。
金鳄斗罗率先投去一个鄙夷的眼神。
魔熊斗罗更是毫不客气地撇了撇嘴。
最终，还是菊斗罗，捏着他的小手帕，兰花指一翘，用一种过来人的优越语气，幽幽地开口了。
“土鳖。”
这两个字，轻飘飘的，却像两记响亮的耳光，狠狠抽在了所有星罗帝国来使的脸上。
“前辈是何等伟岸的存在？”
鬼斗罗抱着双臂，冷冷地补充道。
“别说区区十万年魂骨，就是神器，在前辈眼中，怕也与路边顽石无异。”
“像你们这般大惊小怪，只会徒惹前辈厌烦。”
戴天风：“……”
朱晨飞：“……”
星罗帝国众人：“……”
他们感觉自己的脸，火辣辣的疼。
但偏偏，一个字都反驳不出来。"
第217章 林枫：心好痛，早晚在胡列娜身上压榨回来！,https://www.biquh.com/678_678189/65985986_6.html,"
也就在这时，安抚好了三个小员工的林枫，终于将目光，重新落在了戴天风的身上。
“你的诚意，我看到了。”
“便赦免你的罪孽。”
戴天风闻言，如蒙大赦。
“谢神祇大人！谢神祇大人！”
他抬起头，刚想再说些什么，比如，能不能也赏赐点“福利”……
然而。
林枫压根就没再理会他。
他站起身，目光扫过全场，宣布道。
“此间事了。”
“今日，正式开始营业。”
轰——！
一句话，瞬间点燃了全场！
“好耶！开饭咯！”
“饿死我了！昨天关顾着挖盆栽，都错过了吃饭，今天我一定要吃到把肚皮涨破！”
“拼桌！拼桌！老规矩！月关，这边这边！”
前一秒还高深莫测的封号斗罗们，这一刻，全都化身成了菜市场抢打折鸡蛋的大爷大妈。"
第217章 林枫：心好痛，早晚在胡列娜身上压榨回来！,https://www.biquh.com/678_678189/65985986_7.html,"
一个个欢呼着，以一种与身份完全不符的敏捷，极有默契地开始拉帮结派，拼凑桌子，准备点单。
就连刚刚还在门口发疯的千道流，也是“嗖”的一声化作一道残影，冲到一张桌子旁，一屁股坐下，抢占了一个好位置。
他们等了这么久，又是看戏又是打人的，图个啥？
可不就是为了能吃上前辈做的一口热饭吗！
枫染亭内，瞬间乱中有序，热闹非凡。
只剩下戴天风一行人，还傻愣愣地待在原地，与这狂热的气氛格格不入，显得无比尴尬。
千道流一扭头，就看到了这群碍眼的家伙。
他那张刚刚还因为抢到个好座位而喜笑颜开的脸，瞬间就拉了下来。
只见他手腕一翻，那根被比比东砸弯的“L”形教皇权杖，又被他从魂导器里取了出来。
“啪”的一声！
千道流重重地将权杖拍在桌上，对着戴天风等人冷哼一声。
“喂！”
“你们要是吃饭，就赶紧找地方坐下排队点单！”
“要是不吃，就麻溜地滚蛋！”
“别跪在这里，碍了前辈的眼！”
吃饭？
排队？
戴天风那已经变成一团浆糊的脑袋，再一次宕机了。"
第217章 林枫：心好痛，早晚在胡列娜身上压榨回来！,https://www.biquh.com/678_678189/65985986_8.html,"
合着……这位神祇大人，他真的……就只是个开饭店的厨子？
那刚才那些十万年魂骨，还有悟道茶树那等神物又算什么？
饭前甜点吗？
那我要不要也坐下，点个餐什么的？
而就在戴天风怀疑人生，进退两难之际。
他身后的朱晨飞，那双老狐狸般的眼睛里，却闪烁起异样的光芒。"
第218章 史上最快被打脸！朱晨飞的作死之道！,https://www.biquh.com/678_678189/65985987.html,"
朱晨飞的眼神，死死地盯在林枫身边的那两道绝美身影上。
他的两个女儿，朱竹云，朱竹清。
一个妩媚动人，一个清冷如仙，此刻却都像最温顺的猫儿。
一个为主神捏肩，一个为主神捶腿，那副乖巧柔顺、心满意足的模样，看得朱晨飞心脏一阵火热，血液都在加速奔流。
再看看她们那发育得近乎完美的火辣身材，那紧身衣勾勒出的惊心动魄的曲线。
即便是他这个当爹的，也不得不承认，她们是世间罕有的绝色。
他就不信！
这位神祇大人，如此年轻，血气方刚。
面对这等绝色尤物日夜侍奉在侧，会没有一点想法！
这简直是不可能的！
如此一看，自己的两个女儿，哪里仅仅是神使那么简单？
她们，分明就是神的女人啊！
而他朱晨飞……
岂不就是……
神的岳父？！
“咕咚。”
这个念头如同一点火星，瞬间点燃了朱晨飞心中那片名为贪婪的草原！
不不不！"
第218章 史上最快被打脸！朱晨飞的作死之道！,https://www.biquh.com/678_678189/65985987_2.html,"
这个念头刚一成型，就被他强行掐灭。
他很清楚，这是对神祇的大不敬！是足以招来灭族之祸的渎神之念！
绝对不能想！绝对不能说！
然而，野心的火焰一旦点燃，又岂是那么容易熄灭的？
岳父不敢当。
可自己凭借着这层关系，向这位伟大的存在，讨要那么一点点微不足道的好处……
比如，帮自己突破那该死的瓶颈，踏入封号斗罗的境界……
应该，没问题吧？
这点小事，对神祇大人而言，不就跟吹口气一样简单吗？
朱晨飞的呼吸，一瞬间变得无比粗重，双眼之中燃起了灼热的火焰。
也不知是谁给他的勇气，或许是那株悟道茶树带来的修炼诱惑，又或许是那三块十万年魂骨带来的价值冲击。
他咬了咬牙，竟是悄咪咪地朝着林枫的方向，一步一步地凑了过去。
他的脸上，挂着一种极尽谄媚，甚至有些扭曲的讨好笑容。
“神祇大人……”
朱晨飞躬着身子，声音压得极低，充满了谦卑与巴结。
“小人，我叫朱晨飞……”
说着，他生怕林枫不知道他是谁，还激动地伸出手指，指了指正在专心“工作”的朱竹云和朱竹清。"
第218章 史上最快被打脸！朱晨飞的作死之道！,https://www.biquh.com/678_678189/65985987_3.html,"
“那两个不成器的丫头，都是我的女儿，您看……”
他想说，您看在我这两个女儿尽心尽力服侍您的份上，能不能也赏我一点“员工家属福利”？
比如，让我也突破个封号斗罗玩玩？
然而，他的话，甚至还没来得及说完。
两道破空之声，一黑一白，如同两颗出膛的炮弹，瞬间划破空气！
砰！砰！
两声沉闷到让人牙酸的重响，结结实实地砸在了朱晨飞那张布满了谄媚笑容的脸上！
“啊！”
朱晨飞惨叫一声，不受控制地向后倒飞出去，鼻血狂飙，重重地摔在了刚刚才爬起来的戴天风身边。
他眼前金星乱冒，脑子里嗡嗡作响，只觉得自己的鼻梁骨，好像断了。
而饭店大厅之内。
朱竹云和朱竹清，还保持着投掷东西的动作，手臂伸在半空中，微微颤抖。
她们那两张或妩媚或清冷的俏脸上，此刻俏脸煞白，美眸中充满了前所未有的惊恐与暴怒。
不用说。
刚才砸中朱晨飞的，正是林枫刚刚才赏赐给她们的那两块十万年魂骨！
“朱！晨！飞！”
朱竹云的声音，不再有丝毫的柔媚，只剩下冰冷与杀意。
她甚至没有叫“父亲”，而是直呼其名！"
第218章 史上最快被打脸！朱晨飞的作死之道！,https://www.biquh.com/678_678189/65985987_4.html,"
她看着那个倒在地上，捂着鼻子痛哼的男人，那双勾人的桃花眼中，此刻只剩下彻骨的寒霜！
“你若是敢对主人有半点不敬！”
“我朱竹云，今日便清理门户，来日就灭你朱家满门！”
闻言，朱晨飞捂着血流不止的鼻子，难以置信地看着自己那个一向对自己言听计从的大女儿。
竹云……她……她说什么？
我不过就是想借着你们的关系，跟神祇大人亲近亲近，讨要点好处，怎么就……就扯到灭门上去了？
朱晨飞想不明白。
但他想不明白的事情，在场的其他人，却是在一瞬间，全都“脑补”明白了！
刚刚还乱糟糟准备点菜的封号斗罗们，动作齐刷刷地一滞。
所有人，几乎是同时，交换了一个眼神。
一个充满了震惊、骇然，以及滔天杀意的眼神！
这个朱晨飞……
他刚才那番话，那个指着朱家姐妹的动作，那个谄媚到骨子里的笑容……
他竟然是想暗示前辈，他朱晨飞，是前辈的“老丈人”啊！
卧槽！！！
这个念头，让所有斗罗的头皮瞬间炸开！
金鳄斗罗、圣龙斗罗、剑斗罗、骨斗罗……"
第218章 史上最快被打脸！朱晨飞的作死之道！,https://www.biquh.com/678_678189/65985987_5.html,"
所有人的眼神，都在这一刻，变得无比危险！
这朱晨飞是怎么敢的？！
他怎么敢有这种想法的？！
仗着自己两个女儿有幸能服侍在前辈身边，就敢如此无法无天，妄图用这种凡俗的血缘关系来绑架、亵渎神祇？！
这是取死之道！
这是对神祇最大的不敬！
一时间，所有斗罗都放下了手里的菜单，一道道恐怖的杀意，如同无形的刀山剑海，死死地压在朱晨飞的身上。
他们都在等。
等前辈的一个眼神。
等那两位神使大人的一句话。
只要一声令下，他们会毫不犹豫地冲上去，将这个不知死活的“渎神者”，当场撕成碎片，然后挫骨扬灰，再丢出去喂狗！
朱晨飞身边的戴天风，感受着那一道道几乎要将他一同凌迟的恐怖目光，猛地打了个哆嗦。
他看都没看朱晨飞一眼便是连滚带爬地，以平生最快的速度，远离了朱晨飞这个瘟神。
他一屁股坐到离自己最近的一个空座位上，恨不得将自己整个人都塞进桌子底下，生怕待会儿血溅到自己身上！
而朱晨飞，虽然看不到身后那群封号斗罗要杀人的目光。
但那股源自四面八方，如同实质般的冰冷杀意，却让他浑身上下的汗毛，根根倒竖！
他知道。
他清楚地知道。"
第218章 史上最快被打脸！朱晨飞的作死之道！,https://www.biquh.com/678_678189/65985987_6.html,"
他现在要是不做点什么，不说点什么，恐怕下一秒，自己的下场绝对会比被魂骨砸脸，凄惨一万倍！
“误会！误会啊！”
朱晨飞强忍着鼻梁断裂的剧痛，和那深入骨髓的恐惧，从地上狼狈地爬了起来。
他不敢去看那群封号斗罗，而是对着自己那两个眼神冰冷的女儿，强行挤出了一个比哭还难看的笑容。
“竹云，竹清，你们……你们误会为父了！”
他的声音，因为恐惧而剧烈地颤抖着。
“为父……为父只是想跟神祇大人说……”
“要是你们姐妹俩有什么伺候不周到的地方，还望神祇大人……多多海涵，千万不要怪罪你们啊！”
“我……我这是在为你们着想啊！”"
第219章 圣女消失之谜！地下密室！,https://www.biquh.com/678_678189/65985988.html,"
朱晨飞这番声泪俱下的辩解，说得是情真意切，感人肺腑。
他自己都快被自己感动了。
你看，我这是一个多么为女儿着想的老父亲啊！
生怕她们年轻不懂事，伺候不好神祇，特意跑过来提个醒，求个情。
就算没有功劳，那也总有苦劳吧？
然而，他预想中女儿们感动回头的场景并未出现。
回应他的，是一片死寂。
就连先前那一道道足以将他千刀万剐的恐怖杀意，如悄然无声地消散了。
但取而代之的，是一种更加让他无地自容的目光。
那是一种混杂了鄙夷、错愕、以及叹为观止的眼神。
就仿佛在看一个刷新了他们认知下限的生物。
还能……这样？
在场的一众封号斗罗，更是眼角狂抽。
金鳄斗罗摸了摸自己的下巴，眼神古怪。
“好踏马不要......”
魔熊斗罗张大了嘴，话说到一半，却被圣龙斗罗眼疾手快地捂住了嘴。
就连千道流，都是嘴角一阵抽搐。
他一直以为，自己已经够不要脸了。"
第219章 圣女消失之谜！地下密室！,https://www.biquh.com/678_678189/65985988_2.html,"
没想到，天外有天，人外有人！
此人的脸皮之厚，怕是已经能硬抗自己的第九魂技了！
就连林枫都对这老东西的脸皮厚度有了新的认知，内心都忍不住赞叹一句“人才”。
在这诡异的沉默中，他终于懒洋洋地开了口。
“你要是吃饭，就找个地方坐下。”
“不吃饭，就请出去吧，别影响我做生意。”
他的声音很是平静，甚至带着一股心累的意味。
朱晨飞却像是听到了天籁之音，整个人猛地一松，差点没直接瘫在地上。
没被赶走！
留下来就有机会！
“吃！吃！小人当然吃！”
他手脚并用地从地上爬起来，捡起那两块沾着自己鼻血的十万年魂骨。
他甚至都顾不上去擦自己脸上的血污，而是先用衣袖，仔仔细细地将魂骨上的血迹擦拭得干干净净。
然后，他才弓着背，迈着小碎步，将两块魂骨重新递还给朱竹云和朱竹清。
“竹云，竹清，是为父的错，为父糊涂了。”
“为父真的没有半点对神祇大人不敬的想法，你们千万不要误会……”
朱竹云冷着脸，一把夺过魂骨，连一个眼神都懒得再给他。"
第219章 圣女消失之谜！地下密室！,https://www.biquh.com/678_678189/65985988_3.html,"
朱晨飞碰了一鼻子灰，也不敢有丝毫怨言，这才捂着自己那依旧隐隐作痛的鼻子，灰溜溜地走到了戴天风身边的一个空位上坐下。
戴天风见他这副惨样，非但没有同情，反而投去一个幸灾乐祸的眼神。
让你个老东西在星罗帝国给朕气受！
还想篡朕的位！
活该！
戴天风心里那叫一个舒坦，忍不住嗤笑：
“朱大人，真是好手段，好算计啊~”
朱晨飞被他说得老脸一红，只好拿起桌上的菜单，假装认真研究，来掩饰自己的尴尬。
然而。
当他的目光落到菜单上的价格时。
他那双老狐狸般的眼睛，瞬间瞪得溜圆，眼珠子都快从眼眶里弹出来了！
与此同时。
处理完朱晨飞这个小插曲的朱竹云，冰冷的目光扫向了还呆愣在门口的戴维斯和几位星罗官员。
她的声音冷若冰霜，不带一丝感情。
“你们。”
“是吃饭，还是滚蛋？”
戴维斯等人一个激灵，瞬间回过神来。
滚蛋？"
第219章 圣女消失之谜！地下密室！,https://www.biquh.com/678_678189/65985988_4.html,"
开什么玩笑！
他们虽然没搞懂“吃饭”在这里到底意味着什么。
但只要不是瞎子，都能看到武魂殿那群煞星和七宝琉璃宗的人，为了“吃饭”那副狂热到近乎疯魔的模样！
用脚指头想都知道，这里的“饭”，绝对不是普通的饭！
这可是神祇开的饭店！吃的一定是神仙饭！
“吃！我们吃！”
戴维斯几乎是毫不犹豫地喊道，生怕说慢了就被赶出去。
其他几位官员也如梦初醒，纷纷点头附和，那模样，比上朝面圣还要恭敬。
说完，几人便很自觉地，凑到了戴天风和朱晨飞那一桌。
他们可不敢去跟那群封号斗罗抢位置。
至此，星罗帝国的使团，总算是暂时安顿了下来，一个个正襟危坐，看着手中的天价菜单，集体陷入了呆滞和怀疑人生之中。
……
与此同时。
武魂城，教皇殿。
那座收藏着整个大陆无数秘辛的藏书馆，此刻寂静无声。
一道身影，如同一缕幽魂，踉踉跄跄地从最深处的档案室中走了出来。
千仞雪的发丝凌乱地贴在脸颊上，那张曾经骄傲到不可一世的俏脸，此刻苍白得没有一丝血色。"
第219章 圣女消失之谜！地下密室！,https://www.biquh.com/678_678189/65985988_5.html,"
她的身体，在不受控制地剧烈颤抖。
那双本该如同太阳般璀璨耀眼的金色眼眸，如今只剩下蛛网般密布的血丝，以及一道道正在疯狂蔓延的，名为“崩溃”的裂痕。
她走在空无一人的走廊上，脚步虚浮，仿佛随时都会倒下。
一天一夜。
整整一天一夜，她没有合眼，没有进食，如同一个疯子，将那浩如烟海的档案翻了个底朝天。
她攥紧了手中那一沓薄薄的，却重如山岳的资料。
纸张的边缘，已经被她颤抖的指尖攥得发皱、浸湿。
“为什么……”
她的嘴唇蠕动着，发出的声音嘶哑得如同被砂纸磨过。
“为什么……会是这样？”
她没有找到。
没有找到任何一卷档案，明确记载了当年她的父亲千寻疾，与她的母亲比比东之间，究竟发生了什么。
那段历史，就像被一只无形的大手，从时光的长河中硬生生抹去，不留半点痕迹。
但是。
她找到了一些别的东西。
一些零零散散，看似毫无关联，却足以拼凑出一个让她灵魂都在战栗的，恐怖真相的碎片。
她找到了几份关于圣女时期比比A东的资料。
上面如此记载。"
第219章 圣女消失之谜！地下密室！,https://www.biquh.com/678_678189/65985988_6.html,"
“圣女比比东，双生武魂，天赋绝伦，为我武魂殿千年不遇之奇才，新一代天赋最强者。”
寥寥数语，却能窥见当年的她，是何等的意气风发，光芒万丈。
“后与蓝电霸王龙家族之子，玉小刚，于武魂殿藏书阁前相识。”
记录到这里，关于比比东的所有信息，戛然而止。
就像她的名字，她的人，从这个世界上被凭空抹去了一样。
之后整整一年，武魂殿所有的官方记录中，再也找不到“比比东”三个字。
她消失了。
彻底地消失了。
千仞雪不信邪，她发了疯一样，几乎查阅了那一时期所有的卷宗，却再也找不到之后关于她的只言片语。
直到，她在教皇殿的后勤消耗清单上，发现了一丝诡异的记录。
“教皇千寻疾，命人每日，额外送一份餐食至教皇寝宫。”
“用途……不明！”
与此同时，另一份更早之前的建筑档案，让千仞雪浑身的血液都开始发冷。
“教皇密令，于教皇寝宫之下，修建一间……密室。”
“一间，没有任何窗户，与世隔绝的，地下密室！”"
第220章 我不是他！千仞雪于绝望中疯魔！,https://www.biquh.com/678_678189/65985989.html,"
密室。
额外的餐食。
一个活生生的人，就这么从武魂殿的所有官方记录里，被抹去了一整年。
千仞雪的呼吸，开始变得急促而滚烫。
她几乎是发着抖，继续翻找。
当千仞雪再次找到关于比比东的记载时。
已经是整整一年之后。
那份记载，简短得令人心寒。
“比比东，重现于世人眼前，性情大变，阴冷暴虐，判若两人。”
在那份记载的末尾，有一个日期。
那个日期，与她千仞雪的出生日期，仅仅相隔了不到半个月！
地下密室！
消失一年！
性情大变！
自己的出生！
这些线索，像一根根淬了剧毒的针，狠狠扎进千仞雪的大脑！
不再需要任何逻辑去串联，它们自己，便在她的脑海中，拼接出了一幅来自地狱的，最肮脏的画卷！
轰——！"
第220章 我不是他！千仞雪于绝望中疯魔！,https://www.biquh.com/678_678189/65985989_2.html,"
昨日在饭店门口，她爷爷千道流那张悲愤欲绝，写满了痛苦与自责的脸，猛然浮现在她的眼前。
那一句如同诅咒般的话语，在她耳边轰然炸响！
“……连畜生都不如的东西！”
畜生……都不如。
为什么？！
为什么她之前会觉得这句话是在污蔑？！
所有的一切，都串联起来了。
那段被刻意掩埋的，见不得光的黑暗，已经不需要任何直接的文字去描述。
它自己，从地狱里爬了出来！
千仞雪的喉咙里，发出一声不似人声的，介于呜咽与嘶吼之间的短促悲鸣。
手中的纸张，飘飘扬洋地散落一地。
她引以为傲了二十年的父亲。
那个为了武魂殿荣光而战死的英雄。
那个她心中最高大，最神圣的偶像。
竟然……
竟然对自己的学生，做出了那种……连畜生都不会去做的事情！
他将她囚禁在暗无天日的地下！"
第220章 我不是他！千仞雪于绝望中疯魔！,https://www.biquh.com/678_678189/65985989_3.html,"
强行玷污了她！
他毁了她的未来！
他毁了她的一切！
然后……
然后，才有了自己。
自己这个……流着那个对方血脉的……孽种！
“呕——”
一股剧烈的恶心感从胃里翻涌而上，千仞雪猛地扶住一旁的廊柱，剧烈地干呕起来。
她什么都没吐出来，只有酸涩的胆汁，灼烧着她的喉咙，火辣辣的疼。
“哈……哈哈……哈哈哈哈……”
千仞雪笑了。
她缓缓地，瘫软下去，背靠着冰冷的墙壁，笑得眼泪都流了出来。
笑声空洞，绝望，在死寂的走廊里回荡，如同厉鬼的夜哭。
她终于明白了。
她全都明白了！
明白比比东为什么那么憎恨自己！
明白自己的存在，对她而言，就是一种时时刻刻的提醒，一种永不结痂的血腥伤疤！
明白在枫染亭里，那个男人为什么会说，她的真相，太过狭隘！"
第220章 我不是他！千仞雪于绝望中疯魔！,https://www.biquh.com/678_678189/65985989_4.html,"
明白那个男人为什么会说，若她身临其境，下场或许比比东更不堪！
是啊。
不堪。
何止是不堪！
若是自己，恐怕早已疯了！早就自尽在那间暗无天日的地下囚牢里了！
而那个女人，她竟然……硬生生挺了过来。
她究竟是怀着何等滔天的恨意，才支撑着她走到了今天？！
“为什么……”
千仞雪抱紧双臂，身体因为巨大的悲恸与自我厌恶而剧烈地颤抖着。
“为什么啊……”
她的骄傲，她的荣耀，她身为天使后裔的血脉与尊严。
在这一刻，被这残酷的真相，砸得粉碎，碾成齑粉！
她想哭。
想放声大哭，想将这二十年所承受的所有委屈，所有不解，连同此刻这足以将灵魂都压垮的真相，一并宣泄出去。
可她哭不出来。
那份早已深入骨髓，遗传自千家，也遗传自比比东的骄傲，像一道无形的枷锁，死死扼住了她的喉咙。
她只是笑。"
第220章 我不是他！千仞雪于绝望中疯魔！,https://www.biquh.com/678_678189/65985989_5.html,"
笑得肩膀颤抖，笑得几近癫狂。
笑自己是个天大的傻子。
笑自己曾经还因为母亲不爱自己，而心生怨恨。
笑自己昨天在饭店里，竟然用那最残忍，最诛心的话语，去撕开她最血腥的伤疤。
“……黄花大闺女。”
这一刻，千仞雪终于明白了。
昨日在饭店里，自己为了让她难堪，为了让她知难而退，那句轻飘飘说出口的“黄花大闺女”，是何等的恶毒！
何等的诛心！
由她这个罪恶的证明，这个被玷污后生下来的产物，亲口去嘲讽自己的母亲是“残花败柳”。
这世上，恐怕再也没有比这更残忍，更恶毒的刀子了。
恍惚间，千仞雪的脑海里，又响起了林枫那淡漠的声音。
“在你真心实意地与对方道歉，并取得她的原谅之前……”
“你，将不可在本店进行任何用餐。”
道歉……
原谅……
千仞雪的嘴角，勾起一抹比哭还难看的弧度。
这样肮脏的自己。
说出如此恶毒话语的自己。"
第220章 我不是他！千仞雪于绝望中疯魔！,https://www.biquh.com/678_678189/65985989_6.html,"
真的……还有可能得到原谅吗？
她甚至不需要去设身处地地想。
她只需要看着那些档案，看着那一行行冰冷的文字背后，那个在黑暗密室中绝望挣扎的少女身影，她就知道答案了。
换做是自己……
她恐怕早就疯了，会亲手斩断这世界上一切与那段噩梦有关的痕迹。
包括这个不该出生的孽种！
何来原谅一说？
那简直是天底下最可笑的奢望。
就这样……结束吧。
千仞雪缓缓闭上了眼睛，一丝解脱的念头，在她心中悄然滋生。
可是。
就在她即将沉沦于无尽黑暗的前一刻。
另一道身影，猛然浮现在她的脑海。
那是昨天，比比东踉跄着冲出饭店时，那双被泪水浸染得通红的，充满了无尽悲伤与绝望的眼眸。
“为什么你们千家人，总想着要毁掉我？”
“总想着要阻止我……奔向幸福的脚步？”
那一句带着哭腔的质问，像是一把烧红的烙铁，狠狠烫在千仞雪的心上，让她浑身一颤，猛地睁开双眼！"
第220章 我不是他！千仞雪于绝望中疯魔！,https://www.biquh.com/678_678189/65985989_7.html,"
是啊。
她也毁了她。
昨天，自己亲手，毁掉了她好不容易才抓住的那一丝名为“幸福”的微光。
自己……和那个禽兽父亲，又有什么区别？
不！
不！！！
一个疯狂的念头，如同撕裂黑暗的闪电，轰然炸响在她的灵魂深处！
我改变不了过去！
我改变不了自己是那桩罪孽的证明！
但是！
但是！！！
我能证明，我不是他！
我不是那个连畜生都不如的东西！
千仞雪猛地睁开了双眼。
那双原本已经黯淡无光的金色瞳眸里，所有的迷茫，所有的痛苦，所有的自我厌恶，在这一刻尽数燃烧！
最终，焚烧成一种前所未有的，纯粹到极致的，疯狂的执念！
她的父亲，给了她生命。
却也给了她一身的罪孽。"
第220章 我不是他！千仞雪于绝望中疯魔！,https://www.biquh.com/678_678189/65985989_8.html,"
她这条命，本就不该存在！
既然如此！
“呵……”
千仞雪发出了一声极轻的，几乎听不见的笑声。
那笑声里，再无绝望。
只剩下一种，令人心悸的，决绝的释然。
她颤抖着站起身，目光落在一旁走廊上那副擦得锃亮的骑士盔甲上。
盔甲的胸膛上，倒映出她苍白而扭曲的脸，也倒映出她背后那象征着荣耀的，六翼天使的雕像。
“罪孽的血脉……荣耀的武魂……”
千仞雪猛地抬起手，没有任何魂力附加，狠狠一拳砸向了盔甲上自己那张扭曲的脸！
哐当——！
精钢打造的盔甲胸口瞬间凹陷下去，她白皙的拳背上，鲜血淋漓。
剧痛传来，却让她感到了一丝病态的清醒。
“今天！”
“我千仞雪！”
“便用这条本就不该存在的命！用这身传承自千家的天使血脉！”
“去为你，换回那被我亲手打碎的，奔向幸福的资格！”"
第221章 戴维斯：我信你个鬼！糟老头子坏得很！,https://www.biquh.com/678_678189/65985990.html,"
饭店内，武魂殿和七宝琉璃宗的人熟门熟路，点起菜来眼睛都不眨一下，仿佛菜单上的金魂币单位是铜魂币。
这豪横的模样，让星罗帝国众人面面相觑。
“咳，我们也点。”
戴天风干咳一声，强行维持着帝王的体面。
虽然价格离谱到他想骂娘，但来都来了，总不能干看着。
再说了，能让封号斗罗都跟饿死鬼投胎一样疯抢的饭，肯定有鬼！
不，肯定有神！
抱着“来都来了”和“不能吃亏”的复杂心态，星罗使团众人也纷纷颤抖着手，随便在菜单上点了几个菜。
他们点单的时候，心都在滴血。
随便一盘红烧肉都要六七千金魂币？
这钱，都够他们去全大陆最高档的勾栏听曲儿一整晚了！
还是包下头牌花魁，翻来覆去听个够的那种！
就在众人肉痛地等待上菜时，戴天风眼角的余光，却瞥见自家儿子戴维斯，正一个劲儿地往朱竹云那边偷瞄。
那眼神，三分幽怨，三分失落，剩下的九十四分全是“我那么大一个未婚妻怎么就没了”的憋屈。
戴天风眉头一皱，心中警铃大作。
他压低声音，如同捕食的猛虎，凑过去低吼：“你看什么呢？魂都丢了？”
戴维斯被吓得一个激灵，回过神来，脸上写满了悲伤，用气声回道：“父皇，竹云她……以后是不是真的，再也不是我的皇子妃了？”
“她和那位神祇大人，是不是已经……”"
第221章 戴维斯：我信你个鬼！糟老头子坏得很！,https://www.biquh.com/678_678189/65985990_2.html,"
戴维斯心里苦啊。
来之前，他还做着千秋大梦呢。
神使当老婆，这是何等卧龙凤雏都想不出的天胡开局？
等他继承大统，皇后是神祇的代言人，那星罗帝国还不得直接起飞，拳打天斗，脚踢武魂殿？
结果呢？
梦还没开始做，就直接碎成了二维码，扫都扫不出来。
看朱竹云和那位神祇大人亲密的模样，又是捏肩又是捶腿的，那小脸上满足的红晕……
傻子都看得出来，这关系不清白！
皇后没了，向上爬的天梯也没了！这叫什么事啊！
这叫什么事啊！
他这边正自怨自艾，殊不知自己这番话，如同在火药桶里点了个炮仗。
戴天风的脸，唰一下就绿了，紧接着又气成了猪肝色！
“啪——！”
一声清脆响亮的耳光，结结实实地落在了戴维斯的脸上。
他整个人都被抽懵了，捂着火辣辣的脸颊，难以置信地抬起头。
迎接他的，是戴天风那张因为极度恐惧而扭曲的脸，以及同桌其他官员们那惊恐到变形的眼神。
“你他妈还敢想？！”"
第221章 戴维斯：我信你个鬼！糟老头子坏得很！,https://www.biquh.com/678_678189/65985990_3.html,"
戴天风一把揪住戴维斯的衣领，几乎是贴着他的耳朵，低声怒骂：
“你是猪脑子吗？！”
“没看到竹云现在是什么身份？那是你能惦记的吗？！”
“你还想让她当你老婆？你怎么不惦记着让我管你叫爹呢？”
“你是不是嫌你弟弟太寂寞，想下去陪他一起唠嗑啊？！”
“我告诉你！你要是敢因为这破事惹怒了神祇大人，不用人家动手，我现在就亲手把你拧成麻花！让你知道花儿为什么这样红！”
戴天风是真的吓尿了。
这可是神祇的女人啊！
自己这个蠢儿子居然还敢惦记！
这跟在悬崖边上反复横跳，还顺便表演个后空翻有什么区别？！
被这一通连珠炮似的臭骂，戴维斯总算是从失恋的痛苦中惊醒，后背瞬间被冷汗湿透。
对啊！
都什么时候了！
自己怎么还敢有这种作死的想法？！
一想到戴沐白那凄惨的下场，戴维斯浑身一个激灵，瞬间清醒了。
他猛地低下头，恨不得把脸埋进桌子里，再也不敢往朱竹云的方向看哪怕半眼。
命，还是比老婆重要太多了。
戴天风见他老实了，这才松了口气，一屁股坐下，感觉自己像是刚打完一场九十九级封号斗罗的生死战，心累。"
第221章 戴维斯：我信你个鬼！糟老头子坏得很！,https://www.biquh.com/678_678189/65985990_4.html,"
这一幕，可把旁边一直装死的朱晨飞给气坏了。
他心里那叫一个急啊。
哎呀！你这小子怎么这么快就想通了？
继续作死啊！
你惹祸，神祇大人降罪，一巴掌拍死你们戴家，我朱家不就能顺理成章地坐上那个位置了吗？
我这皇帝梦都做到一半了，你给我整个临阵脱逃？
想到这里，朱晨飞再也坐不住了。
他露出一副“我是为你着想”的痛心疾首的表情，凑到戴维斯身边，语重心长地开口怂恿：
“哎，大皇子啊，别听你父皇瞎说！”
“男人嘛，就该勇敢一点！幸福是要靠自己争取的！”
“你想想，我女儿那可是你的原配未婚妻，于情于理，你都该去把她追回来啊！”
然而，刚在鬼门关前走了一遭的戴维斯，现在看谁都像要害他。
他猛地一扭头，恶狠狠地瞪着朱晨飞，直接啐了一口：
“我信你个鬼！你个糟老头子坏得很！”
“想让我去送死，你好篡位是吧？我呸！”
朱晨飞的笑容僵在了脸上。
其他几位星罗官员也纷纷投来古怪的目光。"
第221章 戴维斯：我信你个鬼！糟老头子坏得很！,https://www.biquh.com/678_678189/65985990_5.html,"
这老东西，坏得都流脓了！
就在这时，胡列娜已经端着几个巨大的托盘，袅袅娜娜地开始为众人上菜。
千道流面前依旧是五碗蛋炒饭，每一粒米饭都像是被黄金包裹，晶莹剔透，散发着柔和的金芒。
光翎斗罗桌上的甜品，造型各异，色彩斑斓，仿佛将天边的彩虹都融入了其中。
还有灵鸢斗罗这个饭桶.......
且不说她的饭味道什么样，至少她点的东西是所有封号斗罗中最多的一个，活脱脱一个饿死鬼转世！
闻着邻桌那黄金蛋炒饭山飘来的异香，又嗅了嗅光翎斗罗那边甜到灵魂发颤的甜品味儿，戴天风身后的几位星罗官员，肚子不争气地叫了。
“咕噜……”
声音不大，但在这一桌死寂的沉默中，格外响亮。
那名官员的脸瞬间涨成了猪肝色，恨不得找条地缝钻进去。
就在这极度尴尬的氛围中，胡列娜端着他们的菜，扭着腰肢走来了。
“几位的菜，请慢用。”
盘子刚一放上桌，所有人的视线就黏在上面，再也拔不下来了。
一道“龙须凤尾虾”，虾身晶莹剔T，炸至金黄的粉丝如同龙须，散发着勾魂的蒜香。
一盘“东坡销魂肉”，每一块都颤颤巍巍，红得发亮，酱汁浓稠得能拉出丝来。
还有一道“开水白菜”，汤色清澈见底，几片菜心宛如翡翠，偏偏那股极致的鲜香，比旁边的红烧肉还要霸道！
戴天风狠狠咽了口唾沫。
他强行维持着帝王的威严，清了清嗓子：“咳，动筷吧，注意……注意礼仪。”"
第221章 戴维斯：我信你个鬼！糟老头子坏得很！,https://www.biquh.com/678_678189/65985990_6.html,"
戴天风话音未落，只听“铛”的一声脆响！
十几双筷子化作漫天残影，在盘子上空展开了一场惊心动魄的厮杀。
这哪里是吃饭，这分明就是华山论剑！
“我的！那块龙须虾是我的！”
“滚蛋！老子就没吃过这么好吃的玩意儿！”
“谁他妈夹我！我夹死你！”
戴天风彻底看傻了。
他堂堂星罗大帝，筷子伸出去三次，三次都被半道截胡，连根菜毛都没夹到！
眼看那盘东坡销魂肉就要见底，他急了，帝王的威严轰然爆发！
“都给朕住手！”"
第222章 比比东：想道歉？那你去死啊！,https://www.biquh.com/678_678189/65985991.html,"
“朕是皇帝！给朕留一块！”
他这一声吼，总算让混乱的场面停滞了一瞬。
所有人动作一僵，齐刷刷地转头看他。
戴天风心中一喜，以为自己的帝王威严终于起了作用。
他正要得意地伸出筷子，去夹那最后一块颤巍巍的东坡肉。
“啪！”
山羊胡丞相眼疾手快，一筷子狠狠抽在他的手背上，直接把他的筷子给打飞了。
趁着戴天风发愣的瞬间，老丞相以迅雷不及掩耳之势，将那最后一块肉精准地夹进自己碗里，塞进嘴里，满脸幸福地咀嚼起来。
戴天风捂着发红的手背，整个人都懵了，难以置信地看着自己的丞相。
“你……你敢打朕？！”
老丞相一边嚼着肉，一边含糊不清地翻了个白眼。
“陛下，你清醒点。”
“在这里，你算个屁的皇帝。”
“想吃饭，凭本事抢！”
老丞相一番大逆不道的话，在此刻却显得如此理直气壮。
戴天风被怼得哑口无言，看着空空如也的盘子，又看了看周围杀红了眼的同僚，悲愤交加。
曾几何时，他以为星罗帝国最大的敌人是天斗帝国，是武魂殿。
现在他明白了。"
第222章 比比东：想道歉？那你去死啊！,https://www.biquh.com/678_678189/65985991_2.html,"
最大的敌人，是他妈的饥饿！
还有这群饿疯了的臣子！
他堂堂星罗大帝，九五之尊，竟然……竟然沦落到要和自己的臣子抢饭吃？
还他妈没抢过？！
这叫什么事啊！
就在星罗帝国众人上演着全武行，将帝王尊严和同僚情谊按在地上反复摩擦的时候。
另一边，比比东已经优雅地放下筷子，用餐巾轻轻擦拭了一下嘴角。
一丝发自内心的满足与惬意，浮现在她那张绝美的容颜上，冲淡了昨日积压的阴郁与疲惫。
也只有在这里，在这个男人的饭店里，她才能卸下所有的伪装和防备，短暂地做回那个只需要追逐“幸福”的女人。
她抬起那双紫晶般的美眸，看向柜台后那个悠然自得的身影，眼神中带着一丝不易察觉的期盼与讨好。
“前辈……”
比比东的声音，不复教皇的威严，反而带着几分小心翼翼的试探。
“我……我的抽奖，今天可以……”
她的话没有说完，但意思已经很明显。
虽然包月资格被暂停了，但她今天毕竟是正常消费的客人，理应享有抽奖的权利。
她迫切地想要一个机会，一个能重新拉近与这个男人关系的机会。
林枫闻言，目光从那群抢食的星罗人身上收回，落在了比比东身上。"
第222章 比比东：想道歉？那你去死啊！,https://www.biquh.com/678_678189/65985991_3.html,"
看着她那副既期待又忐忑的模样，林枫心中了然。
“嗯，可以。”
他点了点头。
得到肯定的答复，比比东的眼眸瞬间亮了起来，脸上绽放出一丝笑意。
然而。
还不等林枫召唤系统。
枫染亭的自动门，已经向着两边打开。
一道身影，逆着光，走了进来。
伴随着她的进入，饭店内嘈杂的抢食声、劝酒声、欢笑声，仿佛被一只无形的大手瞬间掐灭。
所有人，全都下意识看了过去。
来人身形高挑，一头灿烂的金色长发有些凌乱，那张本该是骄傲与神圣并存的绝美俏脸，此刻却是一片不见血色的苍白。
是千仞雪。
“咔。”
千道流扒拉蛋炒饭的勺子，停在了半空中。
饭勺上那粒粒分明的黄金米饭，还冒着诱人的热气，可他却再也感受不到半分食欲。
一股浓重的心疼与无力感，瞬间攫住了这位绝世斗罗的心脏。
他知道，该来的，终究还是来了。
与千道流的沉重不同，饭店内的其他人，则是一脸的茫然与错愕。"
第222章 比比东：想道歉？那你去死啊！,https://www.biquh.com/678_678189/65985991_4.html,"
“少主？”金鳄斗罗皱起了眉头，“她怎么这副样子？昨天还好好的，今天怎么变成这样了？”
众人交换了一个眼神，昨天那场惊天动地的母女互相伤害的大戏，他们因为组团挖盆栽而离场，并不知晓。
此刻看到千仞雪这副失魂落魄的模样，只觉得莫名其妙。
而星罗帝国那一桌，更是彻底的懵圈。
戴天风瞪大了眼睛，努力辨认着来人，心中掀起惊涛骇浪。
这又是哪路神仙？
就在众人心思各异的瞬间，比比东的脸色，已经冷了下去。
前一秒还因为即将到来的抽奖而漾起的浅笑，此刻已消失得无影无踪，取而代之的，是如同万年玄冰般的冷漠与厌恶。
她甚至懒得开口，只是那双紫晶美眸中的温度，骤然降到了冰点。
整个饭店的气氛，因为这两人无声的对峙，瞬间变得诡异起来。
千仞雪对周围的一切都恍若未闻。
她的世界里，仿佛只剩下了那个坐在不远处，眼神冰冷的女人。
她没有理会身后爷爷那一声压抑着痛苦的呼唤。
“雪儿……”
她一步一步，穿过大厅，脚步虚浮，像是踩在棉花上。
最终，她在比比东的餐桌前站定。
在所有人惊愕的注视下。"
第222章 比比东：想道歉？那你去死啊！,https://www.biquh.com/678_678189/65985991_5.html,"
“噗通——！”
一声沉闷的声响。
千仞雪双膝弯曲，竟是直挺挺地，对着比比东，跪了下去！
这一跪，让全场瞬间陷入了一片死寂！
【叮！检测到大型家庭伦理剧现场，精彩程度评级：S+。】
【是否开启‘吃瓜看戏’模式？本模式下，宿主可屏蔽一切外界干扰，并获赠瓜子、可乐、爆米花。】
林枫嘴角微微抽搐，在心底对系统比了个中指：“滚！”
“这！”
魔熊斗罗一个没忍住，惊呼出声，却又赶忙伸手捂住自己的嘴。
这是什么操作？
比比东也是明显一怔。
但仅仅是一瞬间的错愕之后，她眼中的厌恶与讥讽，变得更加浓郁。
那眼神，就像在看一只在地上打滚，用最拙劣的方式博取同情的可怜虫。
“你又想玩什么花样？”
比比东的声音冰冷刺骨，不带一丝温度。
“想用这种拙劣的把戏，在我面前博取可怜吗？”
然而，出乎所有人意料的是。
跪在地上的千仞雪，脸上没有丝毫被羞辱的愤怒，也没有半点委屈。"
第222章 比比东：想道歉？那你去死啊！,https://www.biquh.com/678_678189/65985991_6.html,"
她只是缓缓抬起头，那双黯淡的金色瞳眸里，一片死寂。
“我没有想玩花样。”
她的声音沙哑，像是两块粗糙的石头在摩擦。
“我只是来……”
她顿了顿，用尽了全身的力气，才从喉咙里挤出那几个字。
“……跟你道歉的。”
道歉？
比比东像是听到了这个世界上最好笑的笑话，嘴角勾起一抹冷冽的弧度。
“道歉？”
她重复着这两个字，眼神里的嘲弄几乎要溢出来。
“你这个孽种，也配跟我提道歉？”
她缓缓站起身，居高临下地俯视着跪在地上的千仞雪，那张绝美的脸上，此刻只剩下刻骨的憎恨。
“好啊。”
“既然你真心想道歉。”
比比东的声音变得很轻，很柔，却带着一种令人不寒而栗的恶毒。
“那你不如，现在就死在我的面前。”
“免得我看见你这张脸，就觉得恶心！”"
第223章 星罗众人：武魂殿的脑子都有问题？,https://www.biquh.com/678_678189/65985992.html,"
话音落下。
整个饭店的空气，仿佛都被抽干了，陷入了令人窒息的死寂。
所有人都被比比东这句狠辣到极致的话给震住了，大脑一片空白。
千道流的脸色瞬间惨白如纸，他猛地从座位上站起身，刚要开口阻止这疯狂的一切。
却看到，跪在地上的千仞雪，在听到这句话后，脸上竟然露出了一丝……解脱的笑容。
那笑容，掺杂着无尽的悲凉与释然，比哭还要难看。
她看着比比东，平静地点了点头。
“好。”
一个字。
轻飘飘的。
却像是一柄无形的巨锤，狠狠砸在饭店内每一个人的心脏上！
也就在这一瞬间，一直靠在柜台后悠然看戏的林枫，脸上的淡定表情差点没绷住。
他内心警铃大作，在脑海里疯狂咆哮。
“卧槽！统子！快出来！救一下！救一下啊！”
“这丫头玩真的？！她可是高级的潜力韭菜，就这么没了，我得损失多少积分！”
【呵，杂鱼宿主，现在知道急了？刚才看戏的时候不是挺乐呵的吗？】系统毒舌的声音如约而至。
“废话！谁知道她这么刚烈，说死就死啊！你快想个办法，不然我跟你没完！”
在林枫内心和系统疯狂拉扯的时候，场上的局势已经急转直下！"
第223章 星罗众人：武魂殿的脑子都有问题？,https://www.biquh.com/678_678189/65985992_2.html,"
“什么？！”
“少主说什么？！”
短暂的死寂之后，人群中爆发出难以置信的惊呼。
所有人都以为自己出现了幻听。让她去死，她竟然……答应了？！
比比东脸上的残忍笑容，也在这一刻，彻底僵住。
她死死地盯着千仞雪，那双雍容华贵的紫晶美眸中，第一次出现了惊愕与……一丝她自己都未曾察觉到的慌乱。
这个孽种，她……她到底想干什么？！用这种以退为进的方式来威胁我？来向林枫证明我的恶毒吗？！
“我这条命，本就不该存在于这个世界上。”
千仞雪的声音依旧沙哑，却异常的清晰，每一个字都如同泣血的杜鹃，回荡在寂静的大厅里。
“它是……我父亲罪孽的证明。”
“也是你所有痛苦的根源。”
她看着比比东那张因为震惊而微微失色的脸，嘴角那抹解脱的笑意更深了。
“昨天，我用最恶毒的话伤害了你。”
“今天，我便用这条不该存在的命，来向你赎罪。”
“从此以后，你就解脱了。”
“这个世界上，再也没有任何东西，可以时时刻刻提醒你那段噩梦了。”
话音落下的瞬间。"
第223章 星罗众人：武魂殿的脑子都有问题？,https://www.biquh.com/678_678189/65985992_3.html,"
嗡——！
璀璨的圣光，毫无征兆地从千仞雪掌心爆发！光芒之盛，甚至让饭店内的灯光都为之黯淡了一瞬！
一柄由最纯粹光元素凝聚而成的天使圣剑，瞬间出现在她的手中！
“雪儿！不要！”
千道流目眦欲裂，发出一声悲痛欲绝的嘶吼，周身魂力爆涌，就想不顾一切地冲过去！
然而，已经晚了！
千仞雪握住剑柄的双手，没有丝毫的犹豫，猛地调转剑尖！
那闪烁着神圣光辉，锋锐无匹的剑尖，对准的不是别人！
正是她自己的心脏！
这一幕，让所有人都吓得魂飞魄散！
就在那剑尖即将触碰到衣衫，刺入心脏的前千分之一秒。
一道紫色的残影，快到极致，如鬼似魅！甚至在空气中拉出了一道淡淡的紫色音爆！
“锵——！”
一声刺耳的金铁交鸣之声，炸响在所有人耳边！
那柄凝聚了千仞雪死志的天使圣剑，竟被两根纤细白皙的手指，死死地夹住了剑刃！
任凭圣光如何爆闪，剑气如何激荡，都再也无法寸进分毫！
千仞雪的动作，就这么僵在了半空中。
她茫然地睁开眼。"
第223章 星罗众人：武魂殿的脑子都有问题？,https://www.biquh.com/678_678189/65985992_4.html,"
映入眼帘的，是一张她此生都无法忘记的，此刻却写满了她完全看不懂的、极致复杂情绪的绝美脸庞。
是比比东！
阻止她自尽的人，居然是对她恨之入骨的比比东！
“轰！”
这个认知，像一道天雷，在饭店内所有人的脑海中轰然炸响！
武魂殿的所有封号斗罗，脸上都露出了活见鬼般的意外之色。
“教皇冕下……她……她出手了？”
“我的天，我没看错吧？她竟然救了少主？”
窃窃私语声如同潮水般响起，每个人都感觉自己的脑子不够用了。
尤其是千道流，他那前冲的身体猛地一滞，呆呆地看着这一幕，那张苍老的面庞上，悲痛、震惊、茫然、以及一丝微不可查的希冀，疯狂交织。
而此刻的比比东，面色简直难看到了极点。
她自己也不知道自己为什么要出手。明明，她这么多年来，日日夜夜，无时无刻不在诅咒这个孽种从世界上消失。明明，就在刚刚，她还亲口说出让她去死的话。
可是……
当真看到那剑尖即将刺穿她胸膛的那一刻，当真看到她脸上那抹解脱的笑容时。
比比东发现，自己的心，像是被一只无形的大手狠狠攥住！
一股无法言喻的暴戾与不甘，从灵魂深处疯狂涌出！
凭什么？！凭什么你想死就能死？！"
第223章 星罗众人：武魂殿的脑子都有问题？,https://www.biquh.com/678_678189/65985992_5.html,"
我不允许！
“你……”
千仞雪看着近在咫尺的母亲，看着她眼中那连她自己都无法理解的疯狂与挣扎，下意识地想要说些什么。
然而，她的话还未出口，比比东终于从那瞬间的失神中回过神来。
所有的挣扎与不解，尽数化作了滔天的怒火！
“啪——！”
一声清脆响亮的耳光，响彻整个饭店！
比比东反手一巴掌，结结实实地扇在了千仞雪那张苍白的脸上！
巨大的力道，让千仞雪被打得一个踉跄，嘴角瞬间破裂，一丝鲜血溢出，整个人狼狈地摔倒在地。
手中的天使圣剑也“当啷”一声，掉落在地，化作点点光屑消散。
饭店大厅里，死寂一片。
所有人都被比比东这惊人的反转操作给干沉默了。先是出手相救，再是反手一耳光？这到底是什么神仙剧情？
星罗帝国那一桌，戴天风等人更是看得眼珠子都快掉出来了，手里的筷子都掉在了地上。
朱晨飞凑到戴天风耳边，用蚊子般的声音颤抖道：“陛……陛下，我……我说，武魂殿的这些人……是不是……脑子都有点问题啊？”
戴天风深以为然地、僵硬地点了点头，满脸惊恐。
太可怕了。
跟这群疯子比起来，他们星罗帝国那点皇子内斗，简直纯洁得跟过家家一样！"
第224章 千道流崩溃！爆出千寻疾死因！,https://www.biquh.com/678_678189/65985993.html,"
不止是他们，另一边，武魂殿的封号斗罗们也是集体石化。
“月关……你看懂了吗？”
鬼斗罗那张万年不变的冰山脸上，第一次出现了龟裂般的错愕，他下意识地看向身边的菊斗罗。
月关手里的帕子都快被自己拧成了麻花，他看看地上的千仞雪。
又看看自家教皇那副失魂落魄的模样，感觉自己的脑子已经彻底变成了一锅粥。
“看不懂。”
“但我大受震撼。”
他活了这么多年，就没见过这么离谱的场面。
说让人去死的是她。
出手救人的也是她。
救完人反手就给一巴掌的，还是她！
这到底是要闹哪样啊？！
千仞雪捂着火辣辣的脸颊，没有愤怒，没有屈辱。
有的，只是茫然。
她缓缓抬起头，迎上比比东那双几乎要喷出火来的紫晶美眸。
“为什么……”
千仞雪的声音带着浓浓的不解。
“为什么……不让我死？”"
第224章 千道流崩溃！爆出千寻疾死因！,https://www.biquh.com/678_678189/65985993_2.html,"
她不明白。
这难道不是比比东一直以来梦寐以求的事情吗？
这个“孽种”，这个“罪恶的证明”，消失在这个世界上，她不是应该高兴才对吗？
她甚至不需要亲自动手，只要静静的看着，就能得到想要的结果。
千仞雪喃喃自语，泪水混杂着嘴角的血丝滑落。
“这，不是你期待的吗？”
比比东死死地盯着她，胸膛剧烈起伏。
那张绝美的脸庞因愤怒而扭曲，却又藏着一丝连她自己都不愿承认的慌乱。
“期待？”
比比东怒极反笑，笑声尖锐刺耳。
“你未免也太看得起自己了！”
她猛然上前一步，一把揪住千仞雪的衣领，将她硬生生从地上提了起来。
两人之间的距离，近在咫尺。
比比东那喷薄着怒火的气息，尽数洒在千仞雪的脸上。
“千仞雪，你以为你这条贱命，就这么值钱？”
比比东咬牙切齿，每一个字都像是从牙缝里挤出来的。
“你想这么轻松的死去，没门！”"
第224章 千道流崩溃！爆出千寻疾死因！,https://www.biquh.com/678_678189/65985993_3.html,"
比比东的声音越来越大，仿佛是在说服千仞雪，更像是在说服自己。
“只有我！”
“只有我亲手，将你千刀万剐，才能稍解我心头之恨！”
“你想这么简单死？做梦！”
这番话，狠毒到了极点。
却让千仞雪那双死寂的眼眸中，重新泛起了一丝光彩。
她看着近乎癫狂的母亲，忽然笑了。
笑得凄美，笑得释然。
“原来如此……”
千仞雪轻轻点头，仿佛卸下了千斤重担。
“只要能让你消气，只要你能好受一点……”
她直视着比比东的眼睛，语气前所未有的平静。
“怎样都随你。”
比比东愣住了。
她完全没料到千仞雪会是这种反应。
她本以为对方会恐惧，会求饶，或者会再次寻死。
可这种逆来顺受的平静，却让她蓄满力道的一拳，打在了棉花上。
更让她心中那股无名火，“腾”地一下烧得更旺了！"
第224章 千道流崩溃！爆出千寻疾死因！,https://www.biquh.com/678_678189/65985993_4.html,"
就在这时。
千仞雪缓缓挣脱了比比东的手。
她整理了一下自己凌乱的衣衫，再次端端正正地跪好。
但这次，她没有再面向比比东。
而是，转过身，面向了那个始终在柜台后冷眼旁观（一脸懵逼）的男人——林枫。
“前辈。”
千仞雪的声音沙哑，却无比清晰。
“昨日之事，一切起因，皆在我一人。”
“是我口出恶言，冒犯了前辈的规矩，也……伤害了比比东。”
“与她无关。”
此言一出，满座皆惊。
千道流猛地瞪大了眼睛，浑身巨震。
雪儿她……这是在干什么？
比比东也是娇躯一颤，难以置信地看着那个跪在地上的背影。
千仞雪深吸一口气，仿佛用尽了最后的力气，说出了那个请求：
“我愿承受一切惩罚。”
“但……我恳求前辈。”"
第224章 千道流崩溃！爆出千寻疾死因！,https://www.biquh.com/678_678189/65985993_5.html,"
“在我死后……或者，在她对我泄愤完毕之后……”
千仞雪顿了一下，那个“死”字，她说得格外艰难，却又无比坚定。
“求您，恢复我母亲原本的三餐资格吧。”
她知道。
对于现在的比比东来说，这个世界上唯一能让她感受到“幸福”的，只有林枫亲手做的饭菜。
昨天，是她亲手毁掉了这份小小的幸福。
今天，她要用自己的命，把它换回来。
枫染亭内，寂静无声。
昨日外出“挖盆栽”的团伙，更是面面相觑。
恢复三餐的资格？
什么意思？
难道教皇冕下的三餐特权被取消了？
昨天发生了什么？
林枫依旧没有说话，只是微微眯起了眼睛，手指轻轻敲击着柜台。
气氛压抑到了极点。
千仞雪缓缓转回身，重新面对比比东。
她跪得笔直，如同即将就义的圣女。
“动手吧。”"
第224章 千道流崩溃！爆出千寻疾死因！,https://www.biquh.com/678_678189/65985993_6.html,"
千仞雪仰起头，露出了自己雪白修长的脖颈，缓缓闭上了双眼。
“我准备好了。”
“用我的命，来换你的片刻舒心。”
“来吧。”
时间，似乎在这一刻静止了。
比比东看着眼前引颈受戮的千仞雪。
她赢了。
她终于等到了这一刻。
这个毁了她半生的罪孽的化身，终于跪在了她的面前，任她宰割。
“噌——！”
刺耳的破空声响起。
比比东的右手掌心，瞬间凝聚出一把狰狞可怖的幽紫色蛛矛！
矛尖锋利无匹，闪烁着令人胆寒的剧毒光泽。
她缓缓抬起手，将矛尖，对准了千仞雪的喉咙。
“你以为我不敢吗！”
杀！
杀了她！"
第224章 千道流崩溃！爆出千寻疾死因！,https://www.biquh.com/678_678189/65985993_7.html,"
比比东在心中疯狂地呐喊。
只要轻轻往前一送，这个本不该存在世上的孽种，就将彻底消失！
可是……
她的手，在抖。
剧烈地颤抖。
那只握着蛛矛的手，仿佛有千钧重。
比比东死死地盯着千仞雪那张平静的脸。
那张脸，像极了年轻时的自己，却又带着千寻疾的影子。
矛尖距离那白皙的肌肤，不过毫厘。
只要再进一分，便能血溅五步。
可就是这最后一分，比比东却怎么也刺不下去！
快动手啊！
比比东在心里怒吼，她痛恨自己的犹豫。
就在这死一般的寂静中，一道嘶哑，充满了无尽悲怆的声音，响彻整个饭店。
“比比东！”
是千道流，他的声音里带着一丝祈求。
这时，千道流的声音响起，面色悲呛。
“千寻疾他罪该万死！”"
第224章 千道流崩溃！爆出千寻疾死因！,https://www.biquh.com/678_678189/65985993_8.html,"
“但他也已经死在了你的手里了啊！”
“小雪她是无辜的啊！”
“你就不能放过她吗？”
千道流的话，像是平地惊雷，炸得所有人脑子里嗡嗡作响。
他哪还管什么武魂殿的脸面，什么教皇的秘密。
这一刻，他只是一个眼睁睁看着孙女要死的爷爷。
话音落下，整个枫染亭，死寂一片。
不知道这件事的人，大脑直接被炸成了一片空白。
星罗帝国那一桌，戴天风刚沾上一点汤汁，准备尝尝味道的筷子，“啪嗒”一声掉回碗里，他本人却毫无察觉。
什么玩意儿？
武魂殿的前任教皇，是被现任教皇杀的？
这他妈是什么地狱级别的内幕？！我今天是不是不该来出现在这里？！
另一边，宁风致的瞳孔也猛地一缩。
他与身旁的剑斗罗对视一眼，都从对方眼中看到了同样的骇然。
千寻疾，竟然是死在比比东手里！
这个女人，到底隐藏了多少秘密？她的城府与狠辣，究竟到了何种地步？
然而，这一切的冲击，都比不上那跪在地上的女孩所承受的万分之一。"
第224章 千道流崩溃！爆出千寻疾死因！,https://www.biquh.com/678_678189/65985993_9.html,"
千仞雪缓缓地，极其僵硬地，抬起了头。
她那双本已死寂的金色眼眸，此刻写满了空洞与茫然。
什......
什么？"
第225章 昊天斗罗？出气筒兼背锅侠罢了！,https://www.biquh.com/678_678189/65985994.html,"
“爷爷……”
千仞雪的声音带着一丝颤抖，沙哑得不像话。
“您……您在说什么？”
她不信。
她怎么可能相信？
她宁愿相信自己是疯了，是在做一场永无止境的噩梦。
千道流闭上了眼睛。
他再也无法面对孙女那双写满了破碎与无助的眼睛。
那双眼睛里，曾经盛满了对他的尊敬与信赖。
可如今，只剩下对真相的渴求。
他沉默了。
但这份沉默，却比任何语言都更具力量。
那是痛苦的承认，是无奈的默认。
千仞雪的心脏，如同被一只无形的大手狠狠攥住。
每一分收缩，都带来深入骨髓的剧痛。
她又缓缓转头，将那双空洞的眼睛，转向了近在咫尺的比比东。
“妈……”
那一声“妈”，让比比东的心脏，狠狠地颤抖了一下。"
第225章 昊天斗罗？出气筒兼背锅侠罢了！,https://www.biquh.com/678_678189/65985994_2.html,"
那是她此生，第一次听到这个孽种，用如此脆弱、如此真诚的语气，呼唤自己。
“不是这样的，对不对？”
千仞雪的语气里，带着最后一丝希望。
那是她在即将跌入万丈深渊前，伸出的最后一只手。
她多希望，对方能伸出手，将她拉回现实。
然而，比比东只是看着她。
那双紫晶美眸中，充满了浓烈的嘲讽与快意。
“嗤……”
她发出了一声轻蔑的冷笑。
瞬间刺穿了千仞雪最后的幻想。
“老东西说得没错。”
比比东冷冷地开口。
她紧紧攥着手中的蛛矛，那双紫晶般的眸子，此刻尽是刻骨的恨意与讥讽。
“那个畜生的确是我杀的，我趁着他虚弱的时候，一矛刺入了他的心脏。”
“那一瞬间，那份快意，我至今都忘不了。”
“不仅如此，我还吞噬了他的灵魂，作为我突破封号斗罗的养料！”
比比东的脸上，浮现出一抹病态的，近乎癫狂的笑容。"
第225章 昊天斗罗？出气筒兼背锅侠罢了！,https://www.biquh.com/678_678189/65985994_3.html,"
那是报复的快感。
也是二十多年来，她第一次亲口，将这份藏在心中最深处的秘密，公之于众。
千仞雪的世界，在这一刻彻底崩塌了。
比之前得知父亲是“禽兽”时的打击，还要来得更加猛烈，更加摧枯拉肺。
那是一种信仰被彻底碾碎，连同自我存在价值都被尽数抹杀的虚无感。
父亲……是强行玷污母亲的畜生。
而母亲……是亲手弑杀父亲的凶手。
她曾立誓，要亲手斩杀“凶手”唐昊，为父报仇。
她曾将那份“仇恨”视为自己的使命。
现在，这份使命，变成了一记响亮耳光，狠狠扇在了她自己的脸上。
她该怎么办？
继续恨比比东？可父亲是施暴者。
为父报仇？向谁报仇？向自己的母亲？
饭店内，落针可闻。
除武魂殿外的所有人都被这惊天秘闻震得三魂出窍，七魄升天。
信息量太大，太骇人，以至于他们的CPU都集体过载了。
良久。
一个干涩的声音，打破了这令人窒息的沉默。"
第225章 昊天斗罗？出气筒兼背锅侠罢了！,https://www.biquh.com/678_678189/65985994_4.html,"
是戴天风。
这位星罗帝国的皇帝，用他那已经变成一团浆糊的脑袋，努力地转动着，问出了个极为愚蠢的问题。
“那……唐昊呢？”
“大陆上不是传言，是他击杀了前任教皇，甚至引得大供奉亲自追杀过一段时间吗？”
这番话一出，饭店内的气氛，又一次变得微妙起来。
金鳄斗罗收回了看向比比东和千仞雪的视线。
他缓缓转头，用一种看白痴的眼神，瞥了一眼戴天风。
他的声音里，充满了对这份“无知”的鄙夷。
“一个用来撒气背黑锅的废物罢了。”
“你以为，凭他唐昊，杀得了千寻疾？”
金鳄斗罗的嘴角，勾起一抹讥讽的冷笑。
“若是大哥真的想杀他，你以为他还能活到现在？”
戴天风闻言，整个人都僵住了。
啊这......
唐昊！
威震大陆的昊天斗罗！
那个被视为传奇，以一己之力对抗武魂殿的男人！"
第225章 昊天斗罗？出气筒兼背锅侠罢了！,https://www.biquh.com/678_678189/65985994_5.html,"
竟然只是一个……背锅的废物？！
一个被大供奉用来“撒气”的倒霉蛋？！
随后，他那张帝王之脸，红一阵白一阵。
玛德，好丢脸！
他沉默了。
不只是他，就连在场其他星罗官员，以及宁风致三人，也都陷入了沉默。
他们今天，亲眼目睹了一场武魂殿的惊天大戏。
也亲耳听到了一个不能前端上明面的可怕真相。
所有人都心照不宣。
这个秘密，必须烂在肚子里。
从枫染亭出去后，他们将永远也不会，再提起今天发生的一切。
而在这令人窒息的寂静中，只有一个人，显得格格不入。
柜台后，林枫正微微仰头，眼神放空。
他正在和脑海里那个聒噪的系统进行着“亲切友好”的交流。
“你丫的到底有没有找到解决这个问题的方案！？”
林枫在心中咆哮。
【叮！宿主莫慌，区区家庭纠纷。】
系统贱兮兮的声音响起，带着一种看热闹不嫌事大的松弛感。"
第225章 昊天斗罗？出气筒兼背锅侠罢了！,https://www.biquh.com/678_678189/65985994_6.html,"
【瞅瞅这俩，一个把自己活成了笑话，一个被活活整成了疯子。】
【要我说，根子就烂了，不换个根，这韭菜长不壮啊！】
林枫听完，嘴角狠狠抽搐了一下。
好家伙。
釜底抽薪啊这是。
“行，行，就按你说的办。”
林枫在心中拍板。
外界的僵持，似乎已经到了极限。
比比东的耐心即将耗尽，她那握着蛛矛的手，青筋暴起，似乎下一秒就要强行刺下去，结束这所有的一切。
“啪、啪。”
可就在这时，两声清脆的击掌声，突兀地响起。
所有人循声望去，只见林枫不知何时已经站起了身，正慢条斯理地拍着手，脸上却依旧是那副万年不变的淡漠表情。
“精彩。”
林枫淡淡开口，目光扫过僵住的众人：“家庭伦理大剧演完了吗？”
比比东猛地回过神来。
这里是枫染亭！是前辈的绝对领域！她刚才怎么又差点动手？！
“前辈恕罪！”"
第225章 昊天斗罗？出气筒兼背锅侠罢了！,https://www.biquh.com/678_678189/65985994_7.html,"
比比东几乎是条件反射般地收起了手中的剧毒蛛矛，慌乱地后退半步，对着林枫深深弯腰，声音中带着一丝颤抖。
但是林枫没理她，只是打了个哈欠，目光越过她，落在了跪在地上一动不动的千仞雪身上。
“我不管你们之间有什么恩怨情仇，但现在是比比东的抽奖时间。”
“等她抽完了奖，你们爱去哪死就去哪死，别在我店里妨碍其他人用餐。”
“影响了我的生意，这个后果你们谁也担不起！”
此话一出，星罗帝国那一桌，戴天风等人张大了嘴巴，下巴都快脱臼了。
不是……这就完了？
那么大一出谋害亲夫、母女相残的惊天大戏，就被您老人家一句“别影响生意”给打发了？
戴维斯更是急得抓耳挠腮，就差没喊出声：别啊前辈！我们还没看完呢！
但看着千道流桌上那根被砸弯的教皇权杖，他们最终还是从心了，一个个乖乖闭嘴。
千仞雪那空洞的眼神，似乎也微微动了一下。
她缓缓地、机械地挪动膝盖，往旁边挪了挪，似乎真的怕自己“碍事”。
林枫这才满意地点点头，将目光重新投向比比东。
抽奖？
她差点忘了这回事。
在经历了如此大起大落的情绪过山车后，她对抽奖已经没有了之前的期待。
但前辈发话了，她不敢不从。
林枫看着比比东，嘴角勾起一抹意味深长的弧度。
“这个奖励……”
“你应该会有些熟悉。”"
第226章 全体斗罗PTSD！教皇您别捏了！,https://www.biquh.com/678_678189/65985995.html,"
“熟悉？”
比比东愣住了。
她那双紫水晶般的眸子，此刻却满是茫然。
前辈为什么会这么说？
她这一生，熟悉的只有痛苦、仇恨、和暗无天日的绝望。
林枫看着她那副CPU再次烧干的表情，他清了清嗓子，在所有人疑惑的目光中，缓缓吐出几个字。
“你的奖励是……”
“一具，全新的身体。”
轰！
如果说之前千寻疾的死讯，是一颗重磅炸弹。
那么林枫这句话，就是在枫染亭内引爆了一颗核弹！
戴天风“腾”地一下站了起来，嘴巴张得能塞进一个鸡蛋。
那模样，活像一只被雷劈了的蛤蟆。
星罗帝国的官员们，更是集体石化，大脑中一片空白，连思考都已停止。
重塑肉身？！
神，连这种创世般的伟力都能轻易做到？
这已经完全超出了他们对“强大”的认知范畴。
要知道，即便是九十九级的绝世斗罗，肉身被毁也只能饮恨当场，灵魂消散！"
第226章 全体斗罗PTSD！教皇您别捏了！,https://www.biquh.com/678_678189/65985995_2.html,"
此刻，他们只觉得头皮发麻，灵魂战栗，对林枫的敬畏，已经上升到了一个无法估量、甚至无法想象的地步。
而跪在地上的千仞雪，娇躯猛地一颤。
她下意识地忽略了千寻疾一事，缓缓抬起头，那双空洞死寂的金色眸子里，迸发出了一丝如同星辰般璀璨的异样光彩。
新的身体……
如果母亲拥有了新的身体，那是不是意味着，她就能彻底摆脱过去那段噩梦？
如果……如果母亲不再拥有那副承载了所有屈辱与痛苦的躯壳。
那么，自己这个“罪孽的证明”，是不是也就不再那么刺眼了？
是不是就意味着，那份刻骨铭心的仇恨，也会随之减轻？
一丝前所未有的希望，如同荒漠中生出的第一抹绿意，在千仞雪死寂的心中悄然发芽。
而作为这一切的中心，比比东整个人都僵住了。
她的世界里，所有的声音都消失了。
新的……身体？
摆脱这副她憎恶了二十多年，每一分每一秒都在提醒着她那段屈辱过往的、污秽的躯壳？！
她感觉自己像是溺水了二十多年，终于在窒息的前一刻，被人猛地拽出了水面，呼吸到了第一口新鲜的空气！
“嘀嗒。”
一滴温热的液体，砸在了她自己的手背上。
比比东茫然地抬起手，才发现，自己不知何时，早已泪流满面。"
第226章 全体斗罗PTSD！教皇您别捏了！,https://www.biquh.com/678_678189/65985995_3.html,"
这不是悲伤的泪，而是解脱的泪，是重获新生的泪！
她几乎要克制不住自己放声大笑的冲动。
这意味着，她将彻底与过去割裂！
她可以重新开始！
甚至……
比比东的目光，不受控制地飘向了柜台后的林枫，那眼神灼热得几乎要将空气点燃。
甚至，她也能像胡列娜、朱竹清那样，以最纯洁无瑕的姿态。
光明正大地站在他的身边，去追逐那份她渴望已久的“幸福”！
“咳咳。”
林枫被她那灼热中带着点……痴汉意味的眼神看得有些发毛，连忙干咳两声，打断了她的绮丽幻想。
“先别高兴得太早。”
林枫恶趣味忽然涌上心头，他轻咳一声，慢条斯理地补充了下半句：
“这个和上次的武魂一样。”
“这副身体的‘毛坯’，依旧需要你自己动手，把它捏出来。”
话音落下。
“噗——！”
刚端起茶杯准备压惊的魔熊斗罗，一口茶水直接喷了对面的鬼斗罗一脸。
鬼斗罗抹了一把脸上的茶水，却罕见地没有发怒。"
第226章 全体斗罗PTSD！教皇您别捏了！,https://www.biquh.com/678_678189/65985995_4.html,"
因为他的脸，已经绿了。
不只是他。
武魂殿阵营，除了千道流之外，所有封号斗罗集体PTSD（创伤后应激障碍）瞬间发作。
那两坨油光锃亮、还在微微蠕动的“史前巨型大肥蛆”，如同最恐怖的梦魇，再次爬满了他们的脑海！
他们的的脸色，在这一刻，齐刷刷地变成了酱紫色，仿佛集体中了剧毒。
呕——
“不……不会吧……”金鳄斗罗的眼角疯狂抽搐。
比比东的笑容，也僵在了脸上。
“捏”？
又是“捏”？！
她下意识地低头，看向自己的双手。
这双手能握住权杖号令整个武魂殿，能凝聚蛛矛杀人于无形。
但唯独……
不能搞艺术创作！
“可恶，死去的记忆突然开始攻击我。”
魔熊斗罗喃喃自语，抱着脑袋，痛苦地呻吟出声。
“闭嘴！你快闭嘴！”"
第226章 全体斗罗PTSD！教皇您别捏了！,https://www.biquh.com/678_678189/65985995_5.html,"
灵鸢斗罗尖叫着捂住他的嘴，自己却也忍不住干呕了一声。
那画面太美，他们这辈子都不想再回忆第二次！
他们宁愿现在就出门单挑十万年魂兽，也不愿再经历一次那样的精神污染！
“前辈……”
比比东的声音里带上了哭腔，她可怜巴巴地看向林枫。
“能不能……”
她绞着手指，扭捏了半天，才鼓起勇气说道：“您能不能……像上次一样，‘帮帮忙’？”
开玩笑，让她自己捏？
她怕自己最后捏出来个“人形大肥蛆”！
到时候，她还不如死了算了！
然而，林枫这次却异常的“铁石心肠”。
他双手抱胸，靠在柜台上，摆出一副看好戏的姿态。
“不行。”
林枫拒绝得干脆利落。
“对于一点努力都不付出，甚至连尝试都不敢尝试的人，我不可能给予帮助。”
“再说了，自己的身体，自己不上心，指望别人？”
闻言，比比东瞬间欲哭无泪，整个人都垮了。
完了，全完了。"
第226章 全体斗罗PTSD！教皇您别捏了！,https://www.biquh.com/678_678189/65985995_6.html,"
她的新生还没开始，就要夭折在自己的手残上了吗？
看着比比东那副天塌了的绝望表情，林枫才慢悠悠地补上了最后一句。
“考虑到你的……特殊情况。”
“在你完成‘毛坯’塑形后，我可以免费为你进行一次‘精修’和‘美化’，确保成品符合基本审美。”
“！！！”
地狱到天堂的过山车，也不过如此！
比比东猛地抬起头，死灰复燃！
“多谢前辈！我一定努力！”比比东激动得连连道谢。
能修就行！
能修就行啊！
只要林枫肯出手兜底，哪怕她捏出个火柴人，最后也能变成维纳斯！
林枫不再废话，他抬起手，对着比比东面前的空地，轻轻一指。
“嗡——”
空间泛起一阵涟漪。
下一刻，一整块散发着柔和金芒、宛如羊脂白玉般的“泥土”，凭空出现在了比比东的面前。
那块“泥土”足足有一个立方米大小，散发着浓郁的生命气息，仅仅是看上一眼，就让人神清气爽。
“这是‘造化塑形泥’，乃是采撷于世界初生时的创世原质。”"
第226章 全体斗罗PTSD！教皇您别捏了！,https://www.biquh.com/678_678189/65985995_7.html,"
林枫淡淡介绍道：“这些分量，塑造一具完美的肉身绰绰有余·了。”
“等你捏得差不多了，我便助你灵魂迁跃，脱胎换骨。”
比比东看着面前这块神异非凡的“泥土”，心中涌起无限的期待与忐忑。
可就她撸起袖子，准备大干一场时。
“等等。”
林枫却突然叫住了她。
比比东一愣：“前辈还有何吩咐？”
林枫的表情，忽然变得有些古怪。
他那万年不变的淡漠脸庞上，竟然罕见地浮现出一丝……尴尬？
林枫轻咳一声，左右看了看，发现所有人都竖着耳朵在听。
他皱了皱眉，对着比比东勾了勾手指。
“你过来点。”
比比东虽然不明所以，但还是乖乖地凑了过去，直到两人之间的距离近在咫尺，几乎能感受到对方的呼吸。
林枫压低了声音，附在她耳边，用只有两个人能听到的音量说道：
“记得，这次和捏武魂不同，你捏的是完整的身体。”
“所以，你塑造的时候，记得……全面一点。”
比比东眨了眨眼：“全面？”
林枫努力维持着高人风范，但语气却有些飘忽。"
第226章 全体斗罗PTSD！教皇您别捏了！,https://www.biquh.com/678_678189/65985995_8.html,"
“就是不止是外表。”
“一些……嗯……衣服下面的‘细节’和‘结构’……你也不能忘了。”
“否则……”林枫顿了顿，表情极其微妙，“到时候‘用’起来，可能会有些麻烦......”"
第227章 宁风致狂喜！可重创神祇的奖励？,https://www.biquh.com/678_678189/65987806.html,"
“用？”
比比东的脑子“嗡”的一声，仿佛被一柄重锤狠狠击中。
用？
谁用？
怎么用？！
她下意识地抬起眼帘，目光不受控制地落在那张近在咫尺的、棱角分明的侧脸上。
“轰！”
一股热浪从脚底直冲天灵盖。
她原本只是因为靠近林枫而羞红的脸此刻以肉眼可见的速度，迅速爬满了红晕。
那红色，从脖颈一路蔓延到耳根，娇艳欲滴，仿佛能滴出血来。
她可是武魂殿的教皇！
是威严、高贵、冷酷的代名词！
可现在，她却在和一个男人，讨论自己未来身体的“内部结构”和“使用”？
荒谬！羞耻！
但……又该死地充满了期待！
“知……知道了，前辈。”
比比东猛地低下头。
她用蚊子哼哼般的声音挤出几个字，声若游丝。"
第227章 宁风致狂喜！可重创神祇的奖励？,https://www.biquh.com/678_678189/65987806_2.html,"
她不敢再看林枫一眼。
她慌乱地伸出手，一把抱起地上那一大团散发着创世气息的“造化塑形泥”。
那架势，活像一只被踩了尾巴、仓皇逃窜的猫。
她几乎是逃回了自己的座位。
“嘭”的一声，她将那团珍贵无比的“泥”砸在桌上。
然后，她整个人埋头伏在桌案上，双手胡乱地在泥团上扒拉着，假装自己很忙，忙得不可开交。
只是，她那微微颤抖的双肩，和红透的耳根，出卖了她此刻的“不平静”。
这一幕，看得大厅里众人面面相觑，一头雾水。
“教皇冕下……这是怎么了？”
星罗帝国的官员们面面相觑，完全看不懂这波操作。
刚刚还杀气腾腾要杀女儿，现在又抱着团泥巴在这儿害羞？
“莫非……那团泥巴有什么古怪？”戴天风狐疑地盯着那团散发金光的物质。
而另一边。
当比比东重新开始摆弄那团“造化塑形泥”时，武魂殿众封号斗罗的脸色，瞬间变了。
“她……她又要开始了？”
魔熊斗罗的声音都在发颤。
“咕嘟。”"
第227章 宁风致狂喜！可重创神祇的奖励？,https://www.biquh.com/678_678189/65987806_3.html,"
鬼斗罗狠狠咽了口唾沫，下意识地往后挪了挪椅子。
“快！把桌子搬远点！”
灵鸢斗罗低声惊呼。
一时间，除了千道流那一桌，武魂殿的封号斗罗们纷纷作鸟兽散，避之不及。
角落里。
大厅另一侧。
千仞雪依旧跪坐在地，但那双空洞的眸子里，终于恢复了一丝神采。
“新的身体……”
她喃喃自语，心中那块巨石，仿佛稍稍松动了一些。
“雪儿，起来吧。”
千道流叹息一声，上前扶起了孙女。
他的脸上写满了疲惫，但看向林枫的眼神中，却充满了敬畏。
“前辈大恩，千家没齿难忘。”千道流对着柜台深深一揖。
林枫只是摆了摆手，示意他别挡着做生意。
千仞雪顺从地站起身，她没有回到座位，而是默默地走到了比比东的桌边，静静地站着，看着母亲笨拙地开始“塑形”。
比比东的动作僵硬了一瞬，但最终没有赶她走。
母女二人，一个低头捏泥，一个默默观看，气氛诡异而又……平和。
“咳咳。”"
第227章 宁风致狂喜！可重创神祇的奖励？,https://www.biquh.com/678_678189/65987806_4.html,"
眼见武魂殿的家庭伦理剧终于告一段落，一个温和的声音适时响起。
宁风致站起身走到柜台前，将一个沉甸甸的钱袋递给胡列娜。
“有劳胡列娜小姐结账。”
他温文尔雅，风度翩翩。
随后，他转身面对林枫，深深一揖。
“前辈，宁某也准备好，接受属于我的那份‘惊喜’了。”
宁风致的眼中，闪烁着毫不掩饰的渴望。
上次，他抽到了武魂进化，七宝琉璃塔晋升为八宝琉璃塔。
这一次，他所求不多。
九宝琉璃塔！
只要武魂能再进一步，七宝琉璃宗，便可正式改名九宝琉璃宗！
林枫靠在椅背上，目光在宁风致身上扫过。
“系统，抽奖。”林枫在脑海中问道。
【叮！检测到宁风致需求：武魂进化。】
【系统推荐：唐门暗器手法百解。】
林枫：“……”
统子，你是懂给人添堵的。"
第227章 宁风致狂喜！可重创神祇的奖励？,https://www.biquh.com/678_678189/65987806_5.html,"
他清了清嗓子，在宁风致灼热的目光中，缓缓开口：
“宁宗主，你的奖励是……唐门暗器手法百解》，简单来说就是一些暗器投掷手法。”
“……”
宁风致脸上的笑容，凝固了。
哈？
暗器手法？
那是什么？
大厅里也安静了一瞬，随后响起了几声低低的嗤笑。
星罗帝国那边，戴天风撇了撇嘴：“暗器？那不是小孩子过家家扔石头的东西吗？上不得台面。”
期待中的九宝琉璃塔没有出现，换来的却是这么个鸡肋玩意儿。
巨大的落差感让宁风致险些维持不住宗主的仪态。
“前辈……这……”
宁风致苦笑，正斟酌着言辞。
林枫却仿佛没看到众人的反应，只是淡淡地补充了一句。
“这套手法，博大精深。”
“其中排名靠前的几种，如‘观音有泪’、‘菩提血’……”
林枫顿了顿，漆黑的眸子扫过众人。
“修炼至大成，f封号即可重创神祇。”"
第227章 宁风致狂喜！可重创神祇的奖励？,https://www.biquh.com/678_678189/65987806_6.html,"
“嗡——！”
这句话，就像一记重锤，狠狠砸在了所有人的心上！
大厅内的空气瞬间凝固。
“重……重创神祇？！”
“嘶——！”
大厅内，倒吸凉气的声音此起彼伏。
星罗帝国那边的嗤笑声戛然而止，戴天风和戴维斯父子俩的眼珠子都快瞪出来了。
伤神？开什么玩笑！
但这是神祇亲口说的！
剑斗罗尘心和骨斗罗古榕更是瞬间动容。
宁风致的瞳孔骤然紧缩，他猛地抬起头，死死地盯着林枫，呼吸都变得急促起来。
伤神？！
他以为自己听错了。
那可是神！
是他们毕生追寻、却遥不可及的存在！
而这套看似不起眼的“暗器手法”，竟然能做到？！
“前……前辈所言当真？！”"
第227章 宁风致狂喜！可重创神祇的奖励？,https://www.biquh.com/678_678189/65987806_7.html,"
宁风致的声音都在发颤。
“我从不说谎。”
林枫的态度依旧淡漠。
说完，他隔空一点，那唐门暗器百解，便如同烙印一般，出现在宁风致脑海中。
“太好了！多谢前辈！”
宁风致狂喜，恨不得当场就钻研起来。
然而，林枫的下一句话，却如同兜头一盆冷水，将他刚燃起的火焰浇了个透心凉。
“不过，你先别高兴得太早。”
林枫竖起第二根手指，语气中带着一丝玩味。
“想要修炼这些高深的投掷手法，需要极强的控制力和内劲支撑。”
“所以，你还需要一种名为‘玄天功’的内功心法作为基础，并搭配紫极魔瞳，控鹤擒龙之类的秘技使用。”
“否则，这暗器手法百解最多也就是个摆设。”
宁风致脚下一个趔趄，差点摔倒。
“玄……玄天功？其他秘技？”
他刚从地狱升到天堂，还没来得及享受，就又被一脚踹回了地面。
空有绝世暗器，却没有配套的功法，这跟有车没油有什么区别？！
宁风致欲哭无泪，正要开口询问这“玄天功”从何处寻得。
就在这时。"
第227章 宁风致狂喜！可重创神祇的奖励？,https://www.biquh.com/678_678189/65987806_8.html,"
供奉殿那一桌，突然发出了一声充满惊疑的低呼。
“玄天功……？！”
这三个字，在大厅里回荡，清晰可闻。"
第228章 宁风致麻了，神功到手却没配套功法？,https://www.biquh.com/678_678189/65987807.html,"
说话的人，正是那名武魂殿的三供奉，青鸾斗罗。
宁风致猛地转头，那双温润的眸子此刻爆发出灼热的光芒，死死盯住了青鸾。
“听青鸾前辈的语气，似乎是知道这玄天功？”
“听青鸾供奉的语气，似乎……认得这‘玄天功’？”
他的声音都有些发紧。
这可是关乎他七宝琉璃宗未来命运的关键！
暗器百解虽强，可没有配套的内功心法，就是空中楼阁。
此刻，别说让他付出万金，就算让他割肉放血，他也在所不惜。
“这……”
青鸾斗罗的表情有些古怪。
他偷偷瞥了一眼柜台后的林枫，发现对方正靠在椅子上打着哈欠，一副事不关己的模样，这才松了口气。
前辈没生气，那就好办了。
青鸾斗罗清了清嗓子，迎着宁风致那迫切的目光，缓缓点头。
“不错。”
他挺直了腰板，语气中带着一丝难以掩饰的傲然。
“林枫前辈，确实曾将这‘玄天功’，作为奖励赐予了我。”
轰！
得到确认的瞬间，宁风致只觉得脑海中烟花炸响，狂喜瞬间淹没了他。"
第228章 宁风致麻了，神功到手却没配套功法？,https://www.biquh.com/678_678189/65987807_2.html,"
有！
真的有！
剑斗罗尘心和骨斗罗古榕也是精神一振，眼中满是振奋。
青鸾斗罗看着他们的反应，心中的优越感油然而生。
他决定再添一把火，好好显摆显摆。
“宁宗主有所不知。”
青鸾斗罗微微一笑，摆出一副前辈高人的姿态。
“自从得到前辈恩赐后，我便开始在武魂殿内，小范围地传播这门功法。”
“那些天赋异禀的后辈，在修炼了玄天功之后，魂力提升速度简直一日千里！”
“以前需要一个月才能突破的关卡，现在几天就过去了。”
“就连我这把老骨头，修炼起来也觉得顺畅无比，获益匪浅呐！”
他一边说，一边摇头晃脑，仿佛在炫耀一件绝世珍宝。
宁风致听得心痒难耐，恨不得立刻冲上去把功法抢过来。
但他知道轻重，只能强压下焦躁，耐着性子听青鸾吹嘘。
“青鸾前辈，您说笑了，武魂殿的后辈本就天赋出众，能有此成就，也是意料之中的事。”
“哈哈，宁宗主谦虚了。”
“所以……”"
第228章 宁风致麻了，神功到手却没配套功法？,https://www.biquh.com/678_678189/65987807_3.html,"
宁风致见他铺垫得差不多了，终于忍不住开口：“不知青鸾供奉，可否割爱，将这玄天功传授于我七宝琉璃宗？”
“七宝琉璃宗上下，必有重谢！”
此言一出，武魂殿那边，几位封号斗罗的表情瞬间变得古怪起来。
金鳄斗罗用袖子遮住半张脸，疯狂给青鸾使眼色。
割爱？重谢？
老三你可别犯傻啊！这可是能改变大陆格局的神功！
然而，青鸾斗罗接下来的话，却让所有人，包括武魂殿自己人，都惊掉了下巴。
只见青鸾斗罗忽然收敛了傲色，换上了一副悲天悯人、大义凛然的神情。
他缓缓抬手，虚按了一下。
“宁宗主言重了。”
“这等极品功法，乃是林枫前辈赐下，本就是斗罗大陆所有魂师的福音。”
青鸾斗罗的声音铿锵有力，仿佛正站在道德的制高点上。
“我武魂殿，身为大陆第一势力，自当以天下魂师为己任。”
“将前辈的恩泽，传扬给整个斗罗大陆，乃是我辈义不容辞的责任！”
“谈何‘割爱’？又岂能要‘重谢’？”
“宁宗主这番话，岂不是折煞老夫了！”
静。
死一般的寂静。"
第228章 宁风致麻了，神功到手却没配套功法？,https://www.biquh.com/678_678189/65987807_4.html,"
枫染亭内，所有人都傻了。
武魂殿……乐善好施？
义不容辞？
传扬大陆？
武魂殿的所有斗罗，都下意识地看向青鸾斗罗，面色古怪。
啊？
我们武魂殿是这样的组织吗？
光翎斗罗抱着自己的冰凤凰，鬼鬼祟祟地凑了过去。
他伸出没抱鸟的那只手，很认真地在青鸾斗罗的额头上摸了摸。
又摸了摸自己的。
“不烫啊。”
他一脸严肃地收回手，转头对着目瞪口呆的宁风致等人，认真地宣布了自己的诊断结果。
“三哥他今天出门肯定是被门夹了脑袋！”
“你们别信他说的胡话！”
青鸾斗罗额头上青筋“砰”地一下就爆起来了。
他维持了半天的高人形象，瞬间稀碎。
他看着光翎斗罗那张写满了“我多聪明快夸我”的脸，气得差点一口老血喷出来。"
第228章 宁风致麻了，神功到手却没配套功法？,https://www.biquh.com/678_678189/65987807_5.html,"
这他妈是猪队友吧！
绝对是吧！
“滚一边玩去！”
青鸾斗罗忍无可忍，黑着脸，一巴掌把光翎斗罗拍飞了出去。
而宁风致没有理会光翎斗罗这个活宝，只是心神巨震。
啥玩意儿？
传扬整个大陆？
你武魂殿什么时候这么好心了？
可人家既然这么说，那他自然也只能顺着对方的话接下去。
“那宁某就多谢……”
谁料，宁风致的话还没说完，青鸾斗罗就再次开口。
他那副正气凛然的表情，在这一刻，变成了“为难”和“无奈”。
“不过，宁宗主也应该明白，这毕竟是我武魂殿‘好不容易’才从前辈手中获得的宝物。”
他加重了“好不容易”四个字，语气也变得复杂起来。
“既然是前辈赐予我武魂殿的，自然是要以我武魂殿的人为优先修炼。”
“所以在武魂殿所有成员都掌握玄天功之前，本座本是不打算外传的。”
你麻痹！
我就知道！"
第228章 宁风致麻了，神功到手却没配套功法？,https://www.biquh.com/678_678189/65987807_6.html,"
行礼到一半的宁风致，差点没跳起来给青鸾斗罗一巴掌。
他深吸了一口气，努力压下心头的怒火，挤出一个僵硬的笑容。
“那青鸾前辈觉得，那玄天功什么时候能够传播到七宝琉璃宗？”
听到宁风致的问题，青鸾斗罗微微一笑，那笑容里，带着一丝老狐狸般的狡黠。
“不多，也就是……一百多年吧。”
此话一出，宁风致的脸色顿时就跟吃了粑粑一样难受。
一百年？
他坟头草都三丈高了！
他要的是现在！现在就要！
“咳咳咳咳！”
绕是以剑斗罗的养气功夫，也被这句话气得直咳嗽，一张俊逸的脸上，因为剧烈的咳嗽而变得通红。
他身旁的骨斗罗就更不用说了，直接就一巴掌拍在桌子上。
“你他娘的放屁！”
“一百年？你糊弄鬼呢！”
“你干脆说等七宝琉璃宗死绝了再传得了！”
“什么狗屁大义凛然，绕了这么大个圈子，不就是想卡脖子吗？！”
宁风致抬手阻止了骨斗罗，他的表情已经恢复了平静，只是那双温润的眸子里，已经写满了疲惫和无奈。"
第228章 宁风致麻了，神功到手却没配套功法？,https://www.biquh.com/678_678189/65987807_7.html,"
他终于看明白了，这青鸾斗罗绕东绕西，最后来上这么一手，肯定是有所目的的。
“青鸾前辈，你就直说吧，七宝琉璃宗要付出什么代价，您才能将这玄天功传授与我。”
他不再拐弯抹角，直奔主题。
青鸾斗罗眼中精光一闪，脸上的笑容瞬间变得真诚无比。
“哎呀，宁宗主这是哪里话。”
“我们两家向来交好，谈‘价’多伤感情。”
他搓了搓手，目光灼灼地看向宁风致。
“不如……我们互相交流一下？”
“我教你玄天功。”
“你也将刚才获得的‘暗器百解’，抄录一份赠予武魂殿。”
“双赢！岂不美哉？！”"
第229章 今天就逮着唐三薅羊毛是吧？,https://www.biquh.com/678_678189/65987808.html,"
青鸾斗罗图穷匕见。
他算盘打得震天响。
玄天功虽然珍贵，但武魂殿已经人手一份。
可那“暗器百解”……
那可是能“重创神祇”的玩意儿！
哪怕是排名靠后的手法，也足以让封号斗罗的实力提升一个档次。
用已经有的东西，去换没有的东西。
这笔买卖，血赚不亏！
宁风致听完，气得差点当场吐血。
好一个“互相交流”！好一个“双赢”！
他七宝琉璃宗好不容易才抽到的神技，转头就要被武魂殿白嫖一半？
可形势比人强。
他若不换，暗器百解就是废纸。
他若换了，七宝琉璃宗崛起有望，但武魂殿也将变得更加恐怖。
“青鸾前辈说笑了。”
宁风致深吸一口气，努力维持着宗主的体面，他决定迂回作战。
“这‘暗器手法百解’太过精妙繁复，其中奥义，宁某一时半刻也难以参悟透彻。”
他顿了顿，语气诚恳无比。"
第229章 今天就逮着唐三薅羊毛是吧？,https://www.biquh.com/678_678189/65987808_2.html,"
“贸然抄录，恐有错漏，有负前辈所赐，不如待宁某研习纯熟之后，再行商议？”
宁风致心中打着自己的小算盘。
拖！能拖多久是多久。
既然武魂殿能从林前辈这里得到“玄天功”。
那他七宝琉璃宗，未必就没有机会！
大不了，就是多等几次抽奖，多花点钱，总能蹲到的！
只要他自己也抽到了玄天功，这“暗器百解”自然就保住了。
剑斗罗和骨斗罗站在一旁，虽然没说话，但看向宁风致的眼神都带着赞许。
宗主这招“缓兵之计”，妙啊。
武魂殿众人一听这话，脸色顿时有些不好看。
金鳄斗罗冷哼一声，刚要说话。
一直靠在柜台后，仿佛在看戏的林枫，却突然慢悠悠地开了口。
他伸了个懒腰，语气随意，却像是一道惊雷劈在了宁风致的头顶。
“忘了说了。”
林枫把玩着手中的茶杯，漫不经心地说道。
“对于‘玄天功’、‘暗器百解’这类成体系的特殊奖励，我这儿一般只会送出去一次。”
“后面嘛……”"
第229章 今天就逮着唐三薅羊毛是吧？,https://www.biquh.com/678_678189/65987808_3.html,"
林枫顿了顿，耸了耸肩。
“大概率是不会出现同样的奖励了。”
“轰！”
宁风致只觉得眼前一黑，险些栽倒在地。
大概率……不会再出现？
这不就是“绝版”的意思吗！
现在，摆在他面前的只有两条路：要么捏着“暗器百解”当传家宝，要么捏着鼻子跟武魂殿交换。
“呵。”
一声轻笑传来。
金鳄斗罗不知何时凑了过来，他拍了拍宁风致的肩膀，笑容“和蔼可亲”。
“宁宗主啊，别犹豫了。”
“林枫前辈金口玉言，说绝版那就是绝版。”
“你看看，这‘暗器百解’在你们手里，那就是个空架子。”
金鳄斗罗指了指自己，又指了指青鸾，语气中充满了优越感。
“但与我们武魂殿，它就是能‘弑神’的利器！”
“这笔买卖，你七宝琉璃宗，血赚不亏啊！”
武魂殿的其他封号斗罗也都回过神来，纷纷围了上来，七嘴八舌地开始“劝解”。
“是啊宁宗主，双赢嘛！双赢！”"
第229章 今天就逮着唐三薅羊毛是吧？,https://www.biquh.com/678_678189/65987808_4.html,"
“我们武魂殿最讲道理了，童叟无欺。”
“过了这村可没这店了，宁宗主三思啊。”
武魂殿众人你一言我一语，把“趁火打劫”四个字演绎得淋漓尽致。
那一张张“真诚”的笑脸，此刻在宁风致看来，比恶鬼还要可憎。
他们吃定了自己！
因为主动权，完全掌握在拥有“玄天功”的武魂殿手中。
宁风致闭上眼，再睁开时，眼中已是一片清明。
罢了。
他终究是一宗之主，审时度势是基本素养。
形势比人强。
用一个鸡肋的“暗器s手法百解”去换一个能让宗门所有后辈都受益的“玄天功”，这买卖对于七宝琉璃宗也不算亏。
可他，终究还是咽不下这口气。
“好。”宁风致深吸一口气，声音低沉而有力。“我同意交换。”
此言一出，武魂殿众供奉脸上，露出了胜利者的笑容。
青鸾斗罗更是喜上眉梢，当即就从储物魂导器中掏出了一本崭新的秘籍——《玄天功》。
“不过！”宁风致话锋一转，那双温润的眸子里，闪过一丝坚韧。
“我也有一个条件！”"
第229章 今天就逮着唐三薅羊毛是吧？,https://www.biquh.com/678_678189/65987808_5.html,"
青鸾斗罗微微一怔，笑容收敛。
“哦？宁宗主还有何条件？”
“既然是‘双赢’，那就不该只是一次！”
宁风致直视着青鸾斗罗的眼睛，语气强硬。“我同意用暗器手法百解交换玄天功。”
“但是！”他声音拔高，一字一顿。
“我七宝琉璃宗和武魂殿，此后将建立一个‘情报共享机制’！”
“只要武魂殿在前辈这里获得的好处，我七宝琉璃宗也必须有一份！”
“尤其是玄天功的配套秘技，如‘控鹤擒龙’、‘紫极魔瞳’等，如果被你们抽中，也必须无条件分享！”
“反之，我七宝琉璃宗若抽到能弥补玄天功短板的宝物，也同样分享给你们！”
武魂殿众人的笑容微微一滞。
这老狐狸，反应倒快。
他们刚才光顾着高兴，倒是忘了林枫提过的那些配套技能。
青鸾斗罗眼珠一转，立刻拍板同意。
“宁宗主高瞻远瞩，理应如此！我们武魂殿，岂是那等小气之人？”
空头支票而已，先稳住宁风致再说。
以后的事情，以后再说嘛。
交易达成。
宁风致仿佛被抽干了所有力气，瘫坐在椅子上。"
第229章 今天就逮着唐三薅羊毛是吧？,https://www.biquh.com/678_678189/65987808_6.html,"
他接过那本《玄天功》，心中五味杂陈。
而武魂殿这边，已经迫不及待地围在了宁风致身边，催促他赶紧抄录“暗器百解”。
就这样，在林枫的“见证”下，斗罗大陆两大顶尖势力，就“唐门绝学”的产权问题，达成了初步的“战略合作”。
就在这时，一个满含悲愤的声音，打破了饭店里诡异的和谐。
“那个……前辈。”
“晚辈……晚辈也准备好抽奖了。”
众人循声望去。
众人转头望去，只见星罗帝国的皇帝戴天风，正一脸生无可恋地站在柜台前。
原因无他。
刚才他被自家大臣抢红了眼，愣是一口热乎的都没吃上！
钱花了，罪受了，肚子还饿着。
戴天风觉得自己简直是天下第一号倒霉蛋。
他现在唯一的回本希望，就寄托在这抽奖上了。
林枫的目光从忙碌的武魂殿众人身上收回，落在了戴天风身上。
“嗯。”
林枫淡淡地应了一声，随后在心中呼唤系统。
“统子，给他安排个什么？”"
第229章 今天就逮着唐三薅羊毛是吧？,https://www.biquh.com/678_678189/65987808_7.html,"
【叮！检测到食客戴天风渴望突破瓶颈，提升实力。】
【叮！结合当前位面剧情发展，系统推荐奖励：《玄天宝录》·秘技篇（残缺版）。】
【内含：紫极魔瞳、鬼影迷踪、控鹤擒龙。】
林枫：“……”
林枫差点没忍住笑出声来。
好家伙。
系统，缺德的事儿先放一边儿，你今天是跟唐三过不去了是吧？
逮着一只羊，薅秃噜皮了！
而且戴天风这个时候抽到这个奖励，他能保住吗？
林枫强忍住笑意，清了清嗓子，看向满脸期待的戴天风。
“你的奖励是......”"
第230章 千道流请假，竟是要去绑架波塞西？！,https://www.biquh.com/678_678189/65990570.html,"
戴天风眼巴巴地望着林枫，就差把“我要突破封号斗罗”写在脸上了。
林枫靠在椅背上，神色淡然，缓缓吐出几个字。
“《玄天宝录》·秘技篇。”
“哈？”
戴天风愣住了。
啥玩意儿？
听起来像本书？
“前辈，这是……功法？”
戴天风小心翼翼地问道，心中升起一丝不妙的预感。
“不错。”
林枫点了点头，开始报菜名。
“此篇章内，包含了‘紫极魔瞳’、‘鬼影迷踪步’以及‘控鹤擒龙’等精妙绝伦的辅助秘技。”
戴天风：“……”
他要的是直接提升魂力的仙丹妙药！
不是这些花里胡哨的“步法”和“眼保健操”！
戴天风的脸垮了下来，失望之情溢于言表。
林枫懒得理会他的表情变化，屈指一弹。
一道微不可查的流光没入戴天风眉心。"
第230章 千道流请假，竟是要去绑架波塞西？！,https://www.biquh.com/678_678189/65990570_2.html,"
可就在这时。
他脑子里那几个刚刚印上去的秘技名称，仿佛带着某种魔力，让他下意识地又咀嚼了一遍。
紫极魔瞳……
控鹤擒龙……
等会儿？
这名字……怎么听着这么耳熟？
戴天风的表情凝固了，他那正在运转的，充满了悲愤的脑子，仿佛被按下了暂停键。
前一秒还因为“暗器百解”和“玄天功”的交易而吵吵嚷嚷，几乎要打起来的饭店大厅，在林枫宣布完戴天风奖励的瞬间，也陷入了一种诡异的死寂。
空气中，弥漫着一股名为“尴尬”的气息。
宁风致刚刚完成“玄天功”的初步交接，正拿着笔，准备在金鳄斗罗和青鸾斗罗“和善”的目光监督下，开始抄录“暗器手法百解”的精要。
当他听到“紫极魔瞳”和“控鹤擒龙”这两个词时，握着笔的手，猛地一僵。
墨点在纸上晕开，形成一个难看的污渍。
另一边，刚刚达成“战略合作”，正喜上眉梢的武魂殿众人，脸上的笑容也同样僵住了。
刷——！
下一秒，十几道目光，如同探照灯一般，齐刷刷地聚焦在了柜台前那个还一脸懵逼的星罗皇帝身上。
那眼神，炽热、贪婪、充满了毫不掩饰的侵略性！
像是一群饿了三天三夜的狼，终于看到了那只落单的、肥硕的羔羊。"
第230章 千道流请假，竟是要去绑架波塞西？！,https://www.biquh.com/678_678189/65990570_3.html,"
“咕嘟。”
戴天风狠狠咽了口唾沫。
他僵硬着脖子，一寸一寸地转过头。
果然！
只见七宝琉璃宗和武魂殿两拨人，此刻正用一种要将他生吞活剥的眼神，死死地盯着自己！
那眼神仿佛在说：把你脑子里的东西，交出来！
戴天风头皮瞬间炸裂，一股凉气从脚底板直冲天灵盖！
他终于想起来了！
刚才林枫前辈给宁风致讲解“暗器百解”的时候，就提到了需要“玄天功”作为基础，并搭配“紫极魔瞳”、“控鹤擒龙”等秘技使用！
所以……
自己抽到的，正是宁风致那套“弑神暗器”所缺失的……最后一块拼图？！
紧接着一股巨大的狂喜夹杂着恐惧的情绪涌上心头。
他手里……竟然握着能同时拿捏两大顶尖势力的王牌！
但问题是，他这只绵羊，握得住这张王牌吗？
看着那两拨人越来越不善的眼神，戴天风双腿一软，差点没给跪下。
回想起那能够“重创神祇”的可怕暗器，他心里也是一阵火热。
或许……可以……
戴天风鼓起这辈子最大的勇气，迎着那两拨人吃人的目光，挤出一个比哭还难看的笑容。"
第230章 千道流请假，竟是要去绑架波塞西？！,https://www.biquh.com/678_678189/65990570_4.html,"
他颤巍巍地举起一只手，试探性地问道。
“诸位……刚才你们说‘双赢’……”
他指了指自己，声音颤抖。
“咱们……能不能‘三赢’一下？”
“哈哈哈哈！陛下圣明！”
青鸾斗罗爽朗一笑，身形一闪，瞬间出现在戴天风左侧。
骨斗罗紧随其后，如影随形地贴在了戴天风的右侧。
两人不由分说，一左一右，架起戴天风的胳膊，就像“押送”犯人一样。
“陛下，您这想法太及时了！”
骨斗罗笑容可掬，手上却暗暗用了劲儿，让戴天风动弹不得。
“是啊，独乐乐不如众乐乐，这等绝世秘技，合该我们三家共享嘛！”
青鸾斗罗附和着。
戴天风被架在中间，双脚几乎离地。
他慌了。
“慢着！慢着！朕还没说怎么换呢！”
“哎呀，陛下，这些细节，咱们换个地方慢慢谈。”
“没错没错，谈生意嘛，就要有谈生意的样子！”"
第230章 千道流请假，竟是要去绑架波塞西？！,https://www.biquh.com/678_678189/65990570_5.html,"
可是两人根本不给他说话的机会，架着他就往剑斗罗和金鳄斗罗所在的那张大桌子走去。
戴天风拼命挣扎，却发现自己堂堂八环魂斗罗，在这两位大佬的钳制下，竟如稚童般无力。
“救驾！快来救驾啊！”
戴天风急得满脸通红，拼命朝着自己那几个臣子投去求救的眼神。
然而……
他的丞相，那个刚才还敢打他手背的山羊胡老头，此刻正仰着头。
一脸陶醉地欣赏着枫染亭天花板上精美的雕花，嘴里还念念有词：“嗯，巧夺天工，真是巧夺天工啊！”
另一位将军，则低下头，对着光可鉴人的桌面，开始一丝不苟地整理自己的仪容。
剩下的人，要么在研究桌腿的木纹，要么在感叹盘子的做工。
总而言之，没一个人看他！
一个个都像是瞎了，聋了！
“你们……你们这群乱臣贼子！”
戴天风气得差点当场脑淤血，一口老血堵在喉咙里，不上不下。
眼看着自己就要被拖进那个由四位顶级斗罗组成的“修罗场”，戴天风发出了绝望的悲鸣。
“前辈！救命啊前辈！”
柜台后，林枫端起茶杯，轻轻吹了吹热气，看都没看他一眼，只是淡淡地说道。
“本店禁止闹事。”
“但……不禁止商业谈判。”"
第230章 千道流请假，竟是要去绑架波塞西？！,https://www.biquh.com/678_678189/65990570_6.html,"
戴天风：“……”
就这样，星罗帝国的皇帝陛下，在自己臣子的“目送”下，被两大势力“热情”地请去“喝茶”了。
这一幕闹剧，自然落在了千道流的眼中。
他摇了摇头，对这些小挣小抢不以为意。
此刻，他有更重要的事情要做。
千道流整了整衣冠，深吸一口气，迈着沉重的步伐，走到了柜台前“噗通”一声，单膝跪地。
他低着头，语气恳切：“前辈，我……想请个假。”
林枫放下茶杯，轻轻拨弄了一下都快贴到自己脸上的蓝银皇叶片。
“请假？”
千道流深吸一口气，他没有抬头，声音中却带着一丝压抑不住的急切与无奈。
“前辈容禀。”
“自从上次您赐下‘梦幻水晶’后，我便数次进入波塞西的梦境，试图将她也引荐到前辈座下。”
千道流的表情越发幽怨。
“可无论我怎么解释，她就是不信！她甚至以为自己修炼出了岔子，出现了幻觉！”
“现在，她已经到了在梦里一看见我，二话不说，就直接把我踢出梦境的程度！”
“我这几天……连句话都没能说完整！”
饭店里的众人听得目瞪口呆。"
第230章 千道流请假，竟是要去绑架波塞西？！,https://www.biquh.com/678_678189/65990570_7.html,"
尤其是星罗帝国那一桌，一个个表情古怪，想笑又不敢笑，憋得满脸通红。
他们完全能想象出那个画面。
大供奉兴冲冲地跑到人家梦里去安利，结果被当成疯子，一次又一次地被人一脚踹了出来……
太惨了。
但是又好好笑。
“所以……”千道流咬牙切齿地说道，“我必须亲自去一趟！把她强行带来！”"
第231章 惊天噩耗！咱们的厨子跑路了！,https://www.biquh.com/678_678189/65990571.html,"
“我要让她亲眼看看，我千道流说的话，句句属实！”
“我要让她也来给前辈您当保安！让她知道知道，能在这里守门，是她几辈子修来的福气！”
千道流越说越激动，仿佛已经看到了波塞西跟在自己身后，忏悔自己不该不相信自己的场景。
林枫听完，顿时就乐了。
感情这不是请假，是去发展下线，给自己拉新的韭菜啊！
而且拉的还是波塞西这种顶级韭菜！
这感情好啊！
这种积极上进的优秀外编员工，他怎么可能不同意呢？
“可以。”
林枫点了点头，嘴角勾起一抹玩味的弧度。
“之前的承诺依然有效。”
“只要你能把海神斗罗波塞西带来，你那份额外的一餐蛋炒饭，我便给你恢复。”
“明白！老夫明白！”
千道流激动得连连点头。
为了那碗饭，别说绑架波塞西了，让他去绑架海神他都敢试试！
目的达到，千道流站起身来，对着林枫深深一揖，然后转身就准备离开。
然而。
当他路过自己刚才的座位时，脚步却突然停住。"
第231章 惊天噩耗！咱们的厨子跑路了！,https://www.biquh.com/678_678189/65990571_2.html,"
桌上，那碗他吃到一半的黄金蛋炒饭，还静静地摆在那里。
粒粒分明，金光闪闪，散发着诱人的余温。
千道流的喉咙滚动了一下。
【叮！检测到绝世斗罗千道流正在准备打包剩饭，抠门指数评级：SSS+！】系统的声音在林枫脑海中炸响，【建议宿主颁发‘勤俭持家好男人’锦旗一面，并附赠塑料袋两个！】
林枫嘴角疯狂抽搐。
只见千道流左右看了看，确认没人注意自己后，以迅雷不及掩耳之势，从自己的储物魂导器中掏出了……另一个干净的玉碗。
他手速快如闪电，将桌上剩下的半碗蛋炒饭，“唰”地一下扣进了空碗里，盖上盖子，然后塞回了魂导器。
整个过程行云流水，一气呵成，快到只剩下一道残影。
做完这一切，千道流长舒一口气，整理了一下有些凌乱的衣襟，重新恢复了那副绝世强者的淡然与孤高。
他挺直腰板，仿佛刚才那个打包剩饭的抠门老头根本不是自己。
然后，他迈着沉稳的步伐，头也不回地走出了枫染亭的大门。
海神岛！波塞西！
你给我等着！
老夫这就来“请”你去当保安！
......
太阳终于恋恋不舍地沉入了西边的地平线。
当然，那场堪称斗罗大陆史上最憋屈、最离奇的“三方会谈”。"
第231章 惊天噩耗！咱们的厨子跑路了！,https://www.biquh.com/678_678189/65990571_3.html,"
最终还是在金鳄斗罗的铁腕和骨斗罗的无赖之下，达成了某种脆弱的“战略平衡”。
戴天风几乎是哭着签下了那份堪称丧权辱国的“技术共享协议”。
林枫靠在躺椅上，双眼微阖，几乎就要在朱家姐妹那登峰造极的按摩手法中沉沉睡去。
舒服。
当老板的乐趣，莫过于此。
就在林枫快要与周公约会之际。
一个略带猴急的声音，突兀地打破了这片宁静。
“咳，那个……前辈。”
骨斗罗古榕搓着手，从那群“商业谈判”的队伍里脱离了出来。
他看了一眼窗外深沉的夜色，那张老脸上写满了毫不掩饰的渴望。
“这天……是不是黑透了？”
他小心翼翼地看了一眼林枫，试探性地问道：“那咱们这……夜间的烧烤，是不是可以……开始了？”
这一句话，仿佛是一个信号。
刷——！
饭店内所有人的目光，再次如同探照灯一般，齐刷刷地聚焦在了林枫身上。
那眼神，炽热，期盼，活像一群嗷嗷待哺的雏鸟。
林枫眼皮都懒得抬一下，他只是轻轻摆了摆手。
“随你们。”"
第231章 惊天噩耗！咱们的厨子跑路了！,https://www.biquh.com/678_678189/65990571_4.html,"
“哦豁——！”
“太好了！”
“前辈万岁！”
话音落下的瞬间，一阵压抑不住的欢呼声轰然炸响！
刚才还剑拔弩张，仿佛下一秒就要为了一本秘籍打起来的两拨人，此刻竟是出奇地和谐。
金鳄斗罗一把推开面前的文件，哪里还有半点二供奉的威严。
骨斗罗更是直接把戴天风从椅子上拎了起来，随手丢到一边。
“陛下，您先歇着，咱们明天再谈！”
说完，一群平均年龄上百岁的封号斗罗，乌泱泱地就朝店外冲去。
那速度，那气势，简直和下课后冲向小卖部的小学生没什么区别。
被丢在地上的戴天风一脸懵逼地爬起来。
他看着那群强者的背影，又看了看桌上那份墨迹未干的“耻辱条约”，整个人都凌乱了。
什么情况？
刚才不还是一副不签就弄死我的架势吗？
怎么一提到吃的，就全跑了？
这帮人……脑子是不是真的有点问题？
“陛下，跟上！快跟上！”"
第231章 惊天噩耗！咱们的厨子跑路了！,https://www.biquh.com/678_678189/65990571_5.html,"
丞相不知何时凑了过来，拉着戴天风的袖子，满脸急切。
“再不去，好位置就没了！”
戴天风虽然不清楚外面到底有什么名堂，但看着自己臣子们那副生怕吃亏的模样，也只能稀里糊涂地跟着冲了出去。
人群之中，比比东却没有任何动作。
她只是小心翼翼地，如同抱着绝世珍宝一般，将那团“造化塑形泥”收入自己的储物魂导器。
她此刻满脑子都是林枫最后那句“悄悄话”，心乱如麻，哪里还有心思吃什么烤串。
她站起身，对着林枫微微躬身，脸颊上还带着未褪的红晕。
“前辈，我……我先回去了。”
说完，便逃也似的离开了枫染亭。
她要找一个最安静、最私密的地方，好好的把那些“细节”完美复刻！
而千仞雪，则默默地看了一眼母亲离去的背影，又看了看那群冲出去准备大快朵颐的长老供奉们。
她知道，在获得母亲真正的原谅之前，自己没有资格在这里消费。
她对着林枫的方向无声地行了一礼，也转身走进了夜色，身影显得有些落寞。
枫染亭外，早已是人声鼎沸。
一群封号斗罗，正熟门熟路地抢占着最爱吃的串串，搬桌子，生炭火，忙得不亦乐乎。
“哈哈，老夫今天就要吃五十串腰子！”
“滚！你个老东西，上次就抢了那么多，这次该我吃了！”
“别吵了！赶紧的，谁去把咱们的‘御用烧烤师’请过来？”"
第231章 惊天噩耗！咱们的厨子跑路了！,https://www.biquh.com/678_678189/65990571_6.html,"
此言一出，众人动作齐齐一顿。
对啊！
工具都准备好了，厨子呢？
所有人的目光，不约而同地落在了骨斗罗的身上。
骨斗罗挺起胸膛，拍得砰砰作响，一脸的得意。
“嘿嘿，瞧好吧，各位！”
“荣荣那丫头，最听我这个骨爷爷的话了，我去叫她，保准随叫随到！”
说完，他便哼着小曲，背着手，迈着六亲不认的步伐，朝着武魂殿安排给宁荣荣的住处走去。
然而。
一炷香后。
骨斗罗连滚带爬地跑了回来，原本的得意消失不见，只剩下惊慌失措。
“不……不好了！出大事了！”
排在队首的金鳄斗罗，闻言眉头一皱。
“古榕，大惊小怪，成何体统！什么事？”
骨斗罗喘着粗气，声音都变了调。
“荣荣，荣荣她……”
“她……她跑了！”"
第232章 胡列娜也要A上去！修罗场前兆？,https://www.biquh.com/678_678189/65990572.html,"
“什么？！”
“轰”的一声，整个场子都炸了！
十几位封号斗罗，有一个算一个，全都跟被踩了尾巴的猫一样，瞬间跳了起来。
跑了？
开什么玩笑！
她跑了，谁给我们烤串吃？！
我们难道又要吃自己烤的木炭吗？！
“怎么回事？！说清楚！”
金鳄斗罗一把揪住骨斗罗的衣领，眼珠子都红了。
骨斗罗被晃得七荤八素，连忙将自己打听到的消息说了出来。
原来，他去客房扑了个空，询问了看守的侍女才知道。
宁荣荣昨天半夜就醒了。
也不知道是梦到了什么可怕的东西，醒来后整个人都神经兮兮的。
嘴里不停地嘟囔着“太可怕了”、“魔鬼”、“再也不烤了”之类的话。
然后，她竟然连那些长老们给她的“提成”，也就是那没吃完的上百根冷掉的烤串都不要了。
趁着夜色，一个人偷偷溜了出去！
听完骨斗罗的叙述，现场陷入了死一般的寂静。
所有封号斗罗的脸上，都浮现出了一种名为“末日降临”的绝望。"
第232章 胡列娜也要A上去！修罗场前兆？,https://www.biquh.com/678_678189/65990572_2.html,"
下一秒。
“岂有此理！”
金鳄斗罗怒吼一声，状若怒狮！
“传我命令！”
他的声音，如同滚滚天雷，响彻整个武魂城上空！
“封锁全城！全员出动！”
“给我找一个叫做宁荣荣的丫头！”
“活要见人，死……她不能死！”
于是乎，在星罗帝国一行人目瞪口呆的注视下，整个武魂城，瞬间动了起来！
无数隶属于武魂殿的卫队、暗探、巡逻兵，如同精密的战争机器，在黑夜中疯狂运转。
不明真相的武魂城居民，还以为是有什么绝世凶徒入侵了圣城，一个个吓得家家闭户，连大气都不敢喘一口。
他们哪里知道。
这一切，只是因为……
一群想吃烧烤的老家伙，找不到他们的厨子了！
看着那群上蹿下跳，急得满头大汗，差点就要把武魂城掀个底朝天的封号斗罗。
戴天风木然地抬起手。
“啪！”"
第232章 胡列娜也要A上去！修罗场前兆？,https://www.biquh.com/678_678189/65990572_3.html,"
他给了自己一个响亮的耳光。
疼。
真他妈的疼。
这不是梦。
确认了这一点后，这位一天之内经历了人生大起大落落落落的星罗大帝，彻底放弃了思考。
“这个世界……”
他张了张嘴，声音干涩。
“……指定是有点毛病。”
林枫也同样看到那群封号斗罗急切的样子，忍不住抽了抽嘴角。
不就是个会烤串的丫头跑了吗？
至于把武魂殿搞得跟要亡了一样？
他伸了个懒腰，骨节发出一连串清脆的响声。
又是陪着这群封号斗罗演戏的一天，不过有了两只小猫咪的服侍，倒也不算太累就是了。
林枫的目光，缓缓扫过店内。
最终，落在了那个一直安静侍立在旁，正眼巴巴望着自己的朱竹云身上。
这小野猫，心思都快写在脸上了。
林枫心中失笑，对着她轻轻勾了勾手指。
随后，便转身，不再理会楼下的喧嚣，自顾自地朝着二楼走去。"
第232章 胡列娜也要A上去！修罗场前兆？,https://www.biquh.com/678_678189/65990572_4.html,"
一个简单到极致的动作。
却让朱竹云那颗本就躁动不安的心，瞬间“轰”的一声，炸开了绚烂的烟花！
她那张妩媚动人的俏脸上，瞬间绽放出难以抑制的狂喜！
来了！
又来了！
前辈又要自己去按摩了！
朱竹云的心脏“怦怦”狂跳，几乎要从胸腔里蹦出来。
她不敢有丝毫耽搁，但就在抬脚的瞬间，猛地停住，看向身旁还有些发愣的妹妹。
自己一个人，终究势单力薄。
比比东已经开始捏新的身体，估计用不了多久就要下场了。
胡列娜也同样虎视眈眈，现在是时候把妹妹一起拉上战车了！
想到这里，朱竹云毫不犹豫拉住了朱竹清的胳膊。
朱竹清被这突如其来的动作吓了一跳，有些茫然地看着自家姐姐。
“姐姐？”
“快，上楼！”
朱竹云压低了声音，凑到妹妹耳边，语气急切而又期待。
“先回房间，洗个澡，快点！”"
第232章 胡列娜也要A上去！修罗场前兆？,https://www.biquh.com/678_678189/65990572_5.html,"
朱竹清更懵了，一张清丽的小脸上写满了问号。
洗澡？
现在？
为什么？
不等她问出口，朱竹云已经拉着她，快步朝着楼梯口跑去。
“一会儿去主人房间前集合！”
朱竹云丢下这句信息量爆炸的话，便拉着还没反应过来的朱竹清，消失在了楼梯转角。
这一幕，自然被不远处的胡列娜尽收眼底。
胡列娜那双嫵媚的狐狸眼，瞬间眯了起来。
洗澡？
集合？
去前辈的房间？
这几个词组合在一起，再联想到朱竹云那副迫不及待的模样，一个让胡列娜银牙紧咬的猜测，疯狂地涌上心头。
临幸！
前辈这是要临幸这对猫咪姐妹花了？！
而且，还是……一起？！
凭什么？！
论亲近，自己才是最早认识前辈的！"
第232章 胡列娜也要A上去！修罗场前兆？,https://www.biquh.com/678_678189/65990572_6.html,"
论……论身材，自己也不差啊！
胡列娜低头看了一眼自己那同样傲人的曲线，心中愈发不忿。
不行！
绝对不能让这对姐妹花就这么远远甩在身后，独占了前辈的恩宠！
她贝齿紧咬红唇，眼中闪过一丝决绝与媚意。
你们能姐妹同心，但我胡列娜也不是吃素的！
胡列娜深吸一口气，也快步跟了上去。
……
另一边。
林枫回到自己的房间，总算是感觉清静了不少。
他做的第一件事，就是伸出手，捏住了那个从早上开始就一直缠着自己脖子，当围巾用的“活物”。
“下来。”
缠在他脖子上的蓝银皇叶片，人性化地抖了抖，非但没有松开，反而缠得更紧了。
叶片尖端还讨好似的，轻轻蹭了蹭林枫的下巴。
林枫的额角，不易察觉地跳了一下。
“下来，我要洗澡。”
蓝银皇的叶片再次抖动，仿佛在表达“一起洗”的意愿。"
第232章 胡列娜也要A上去！修罗场前兆？,https://www.biquh.com/678_678189/65990572_7.html,"
林枫：“……”
他觉得自己跟一株草讲道理，本身就是一件很离谱的事情。
他不再废话，直接上手，无视了叶片委屈的颤抖，一把将它从脖子上扯了下来。
随手拿起窗台上一个空着的大号花盆，“噗”的一声，将蓝银皇的根茎塞进了花盆的泥土里。
蓝银皇的叶片瞬间耷拉了下来，仿佛受了天大的委屈。
林枫想了想，又从系统空间里取出了属于她的那块十万年蓝银皇右腿骨，将其塞进了蓝银皇的叶片中间。
“喏，你的。”
感受到魂骨上那同根同源的亲切气息，蓝银皇的叶片终于不再装死了。
它试探性地伸出几根纤细的藤蔓，小心翼翼地缠绕上那块魂骨。
一股精纯的能量，顺着藤蔓缓缓流入它的本体。
蓝银皇的叶片舒服地舒展开来，金色的纹路都仿佛亮了几分。
见到这一幕，林枫眉头一跳。
“吸收她自己的魂骨有助于恢复，那魂环呢？”
但是最终，林枫还是摇了摇头。
“算了，要取回魂环还得去找唐昊，太麻烦了，就让她自己慢慢恢复吧。”
搞定了这个小东西，林枫这才转身走进了浴室。
“哗啦啦……”
温暖的水流声，很快在房间内响起。"
第232章 胡列娜也要A上去！修罗场前兆？,https://www.biquh.com/678_678189/65990572_8.html,"
而就在林枫进入浴室后不久。
他房间的门外。
三道只裹着浴巾的婀娜身影，几乎是不分先后地，出现在了走廊昏黄的灯光下。"
第233章 猫狐大战！两大“凶器”的对撞！,https://www.biquh.com/678_678189/65991409.html,"
“姐姐……”
朱竹清压低了声音，那双清澈的眸子里，闪烁着不安与羞怯。
“我们直接就这样去见主人吗？感觉……好害羞。”
她全身上下只披着一条浴巾，那件白色的棉质浴巾勉强遮盖住胸口。
却因为尺寸的关系，无法完全掩盖住那惊人的曲线，下摆则只堪堪覆盖到大腿上段。
朱竹清下意识地用一只手臂环在胸前，试图遮挡住那几乎要溢出来的春光。
两条不算特别修长，却意外丰腴的玉腿就这么暴露在空气中，因紧张而微微并拢。
另一只手则紧紧地拉扯着浴巾的下摆，仿佛希望凭借着意念，能将它拉长哪怕一寸，好遮挡更多。
她的肌肤刚沐浴过，像是剥了壳的鸡蛋般白皙细腻，泛着一层健康的粉红色。
几滴晶莹的水珠还未干透，沿着脖颈滑落，没入浴巾深处，留下两道若隐若现的水痕。
如果不是刚才朱竹云再三叮嘱，她绝对无法鼓起勇气，做出如此大胆的举动。
“你懂什么？”
站在她身旁的朱竹云，姿态则要从容得多。
她单手叉腰，这个简单的动作，让那本就岌岌可危的浴巾愈发紧绷，勾勒出足以让任何男人疯狂的夸张曲线。
她无奈地瞥了一眼自己这不开窍的妹妹，正要开口传授一些“上位心得”。
“这是为了……”
话未说完，朱竹云的眼神倏然一凝，锐利地射向了身后。
走廊的阴影里，传来一阵不紧不慢的，赤足踩在木地板上的轻微声响。"
第233章 猫狐大战！两大“凶器”的对撞！,https://www.biquh.com/678_678189/65991409_2.html,"
嗒。
嗒。
嗒。
声音由远及近。
一道同样只裹着浴巾的曼妙身影，从黑暗中走了出来，施施然地倚靠在门框上。
是胡列娜。
她脸上带着盈盈笑意，仿佛真的偶遇一般，轻声打着招呼。
“呀，这么巧啊？两位妹妹也还没休息吗？”
朱竹云脸上的笑容瞬间凝固，整个人都进入了“战斗姿态”。
Duang~
只见朱竹云一步上前，用那堪称恐怖的“凶器”，结结实实地和胡列娜的“武器”怼在了一起。
那是一种柔软却充满力量的撞击，是毫不掩饰的、充满侵略性的身体碰撞，犹如两只猛兽在争夺领地。
这一刻，空气中仿佛都擦出了火花，瞬间变得焦灼起来。
“你不睡觉，出来干什么？”朱竹云的声音压得极低，充满了火药味。
感受到身前传来的，那如同撞上了两座柔软山峰般的巨大压迫感，胡列娜的嘴角控制不住地抽搐了一下。
这女人的武魂，怕不是一只奶牛猫吧？！
她心中疯狂吐槽，但脸上却丝毫不落下风。"
第233章 猫狐大战！两大“凶器”的对撞！,https://www.biquh.com/678_678189/65991409_3.html,"
胡列娜也挺了挺自己同样傲人的资本，虽然在规模上略逊一筹。
但她在气势上却毫不退让，用一种无辜的语气反击。
“我睡不着，出来随便转转，透透气，怎么了吗？”
胡列娜的语气听起来人畜无害，“两位妹妹不用在意我的，该干嘛就干嘛，就当我不存在就好。”
闻言，朱竹云差点没当场把胡列娜的浴巾给扯下来，甩到对方那张狐媚子脸上。
这狐狸精，明明是出来勾引主人的，还装得一脸无辜！
你丫的睡不着觉，就只围着个浴巾在主人房间门口“透气”？鬼才信！
朱竹云相信，等会儿林枫的房门只要一打开，她绝对会想方设法挤进去！
朱竹云推着胡列娜的肩膀，用一种几乎是命令的语气说道：“既然已经透气完了，那就赶紧回房间吧，免得一会儿着凉了。”
胡列娜却抓住了朱竹云的手腕，脸上依旧挂着那抹意味深长的笑容。
“哎呀，妹妹别这么急嘛。”她用一种嗲嗲的声音说道。
“我们三人难得在不是工作时间聚在一起，还是这种‘浴巾聚会’的形势。“
“机会难得，不如再一起聊聊天，增进一下感情？”
说着，两女竟是互相抓着对方的手，互相较劲起来。
朱竹清看着两女剑拔弩张的模样，只觉得头皮发麻。
她悄悄地后退了一步，试图悄无声息地逃离这个无声的战场。
“要不，我还是先回房间？”朱竹清小声嘀咕。
“怎么这么吵？”"
第233章 猫狐大战！两大“凶器”的对撞！,https://www.biquh.com/678_678189/65991409_4.html,"
可她刚往后一退，却发现自己撞在了一个结实的胸膛里。
那胸膛宽阔，结实有力，带着一股刚沐浴完的清爽气息，以及一丝若有若无的阳刚味道。
朱竹清全身一僵，只觉得一股热气从背后直冲脑门。
她僵硬地回过头，刚好看到林枫那张棱角分明的俊朗侧脸。
林枫穿着一件简单的白色睡袍，头发上还带着几滴未干的水珠。
他正用一种古怪的眼神，打量着正在“巅峰对决”的朱竹云和胡列娜二人。
见到林枫已经开门，朱竹云和胡列娜都是齐齐一怔。
随后，两人较劲的力度更大了，都想把对方推开，好让自己第一个冲进去。
胡列娜拼了命地想挣脱朱竹云的钳制，进入林枫房间，而朱竹云则是不择手段地阻止。
“你这只不知羞耻的狐狸精！离主人远点！”朱竹云咬牙切齿。
“你这只发情的猫咪才是！主人也是你能肖想的？”胡列娜寸步不让。
“滚开！”
“你滚！”
言语冲突迅速升级为更激烈的肢体接触。
朱竹云见胡列娜就快挣脱，心一横，居然松开一只手，闪电般地伸出去，直接抓住了胡列娜浴巾的边缘，用力一扯！
“我让你勾引主人！我让你穿这么少！”
胡列娜花容失色，连忙伸手护住自己，同时也不甘示弱地去拽朱竹云的。"
第233章 猫狐大战！两大“凶器”的对撞！,https://www.biquh.com/678_678189/65991409_5.html,"
“啊！你敢动我！看我不撕烂你的嘴！”
两个绝色尤物，此刻完全顾不上形象，在林枫的门前扭打成一团。
浴巾在拉扯中摇摇欲坠，雪白的肌肤与春光若隐若现，场面一度极其……壮观。
林枫看着面前这“三英战吕布”……不，“二女争锋”的名场面，饶有兴致地挑了挑眉。
虽然他很想继续欣赏这场免费的、高质量的女人撕逼大戏，但最基本的形象还是要稍微维护一下的。
他轻咳一声，直接无视了正在扭打得难分难解的朱竹云和胡列娜。
转过头，将目光投向了那个一脸羞红，还撞在自己怀里的朱竹清。
“你。”林枫的语气平淡，却不容置喙。
“进来。”
话音落下，正扭打在一起的胡列娜和朱竹云，动作瞬间定格。
两人还保持着互相拉扯对方浴巾的姿势，场面一度十分尴尬。
她们僵硬地转过头。
林枫却连看都没看她们一眼，丢下那句话，已经转身走回了房间。
而被点到名的朱竹清，还傻乎乎地贴在林枫刚才站过的位置，脑子里一片空白。
我……我？
她看了看斗鸡一样瞪着对方的姐姐和胡列娜。
又看了看林枫那消失在门内的背影。
最终，朱竹清像是下定了某种决心，红着脸，快步跟了上去。"
第233章 猫狐大战！两大“凶器”的对撞！,https://www.biquh.com/678_678189/65991409_6.html,"
然后。
砰！
房门在她身后被轻轻带上，彻底关死。
门外，走廊的灯光下。
朱竹云和胡列娜还保持着那个古怪的姿势，仿佛两尊被施了定身术的雕像。
朱竹云：“……”
胡列娜：“……”"
第234章 宁荣荣：我不是跑了吗？怎么又回来了？！,https://www.biquh.com/678_678189/65991410.html,"
“都怪你！”
朱竹云猛地一把推开胡列娜，那双妩媚的猫瞳中，此刻燃烧着熊熊烈火。
“如果不是你这只狐狸精突然冒出来搅局，我早就和妹妹一起进去了！”
她近乎咬牙切齿，浴巾在剧烈的动作下滑落了半寸，她却浑然不觉。
胡列娜被推得一个趔趄，站稳后，怒极反笑。
“我搅局？朱竹云，你说话要不要脸！”
她彻底撕下了平日里那副优雅妩媚的伪装，声音都尖利了三分。
“明明是你最先偷吃，想仗着姐妹丼把踢出局！现在便宜没占到，反倒怪起我来了”
“不就是仗着自己那几斤肉嘛！有什么了不起的！”
胡列娜说着，也不护着自己的浴巾了，手一伸，直接朝着朱竹云身前最傲人的地方抓了过去！
“啊！你敢掐我这里！？”
朱竹云一声惊叫，整个人都炸毛了！
她也不甘示弱，立刻伸出锋利的“猫爪”，朝着胡列娜反击回去。
“我让你掐！我让你掐！”
“发春的奶牛猫！你才不要脸！”
两个在外面都是万众瞩目的绝色尤物，此刻完全忽略了她们引以为傲的魂技和武魂。
她们就这么在林枫的房门前，展开了一场最原始、最“坦诚相见”的友好摔跤运动。
浴巾在拉扯中岌岌可危，场面一度非常“儿童不宜”。"
第234章 宁荣荣：我不是跑了吗？怎么又回来了？！,https://www.biquh.com/678_678189/65991410_2.html,"
而另一边。
那场由一群封号斗罗发起的，离谱的搜捕行动，也终于有了进展。
武魂城外的官道上，距离城门三十多里的一棵大树下。
几道鬼鬼祟祟的身影，正围着一个睡得正香的少女。
正是走了一天一夜，累得实在走不动，靠着树干睡着的宁荣荣。
她睡得小脸红扑扑的，嘴角还挂着一丝晶莹的口水，似乎梦到了什么好吃的东西。
完全不知道自己已经成了全城通缉的“头号重犯”。
“找到了！找到了！”
武魂殿的骑士们低声讨论着，生怕惊醒了这个“移动的烧烤摊”。
领头的魂王咽了口唾沫，这可是关系到今晚大佬们能不能吃上热乎饭的关键人物！
“轻点！都轻点！万一这小丫头想不开自寻短见，咱们都得玩完！”
几名队员如临大敌，对视一眼，最终决定采用最稳妥的方式——抬。
他们找来一块板子，七手八脚、屏气凝神地将睡得香甜的宁荣荣挪了上去。
随后，这支小队抬着板子，以一种极其诡异的、类似于抬着某种贵重易碎品的姿势，运功狂奔，朝着武魂城疾驰而去。
枫染亭外。
烧烤架上的木炭已经被烧得通红，散发着炽热的高温。
各种腌制好的肉串、蔬菜，整整齐齐地码放在一旁，就等着“主厨”就位。"
第234章 宁荣荣：我不是跑了吗？怎么又回来了？！,https://www.biquh.com/678_678189/65991410_3.html,"
“怎么还没消息？那丫头不会出事了吧？”
“再等等，再等等……”
就在众人即将失去耐心，准备亲自上阵“毁尸灭迹”的时候。
远处，传来了一阵沉闷的脚步声。
“来了！”
所有封号斗罗精神一振，齐刷刷地扭头望去。
只见那支小队抬着板子，火急火燎的冲了过来。
上面宁荣荣睡姿豪放，四仰八叉。
“让开，让我把咱们的‘御用厨师’，请到‘龙椅’上去！”
金鳄斗罗亲自动手，他所说的“龙椅”，正是他们刚才从星罗皇帝戴天风屁股底下“借”来的。
那本是戴天风为了彰显皇威，特意打造的“出行用”便携式龙椅。
椅子通体由昂贵的金丝楠木打造，上面铺着一整张威风凛凛的白虎兽皮，王霸之气都快凝成实质了！
但他做梦也想不到，这龙椅的首次亮相，竟是为了给一个烤串的丫头当凳子。
一名供奉看得眼皮直跳，忍不住小声问。
“二供奉，这……至于吗？”
“至于吗？”
金鳄斗罗猛地回头，一双鳄鱼眼瞪得溜圆。
“这可是关系到我们武魂殿未来几十年‘烧烤自由’的战略性人才！”"
第234章 宁荣荣：我不是跑了吗？怎么又回来了？！,https://www.biquh.com/678_678189/65991410_4.html,"
宁荣荣睡眼惺忪，迷迷糊糊地靠在椅背上，似乎还没搞清楚状况。
金鳄斗罗眼疾手快。
他拿起一把新鲜的羊肉串，直接塞到了宁荣荣手里。
“丫头，别睡了。”
金鳄斗罗的声音难得地“和蔼可亲”。
“大家伙都等着呢。”
“记得，这把多放孜然，多放辣！”
肉串冰凉的触感，让宁荣荣的眼皮微微抬了抬。
“嗯……”
她下意识地应了一声。
身体快过大脑。
宁荣荣几乎是闭着眼睛，熟练地将肉串架在了烤炉上。
“刷——”
油脂滴落在木炭上，发出一声诱人的轻响，激起一缕青烟。
撒孜然。
撒辣椒面。
一套动作行云流水，宛如刻在骨子里的本能。"
第234章 宁荣荣：我不是跑了吗？怎么又回来了？！,https://www.biquh.com/678_678189/65991410_5.html,"
烧烤的香气，混合着辛辣的调料味，钻入她的鼻腔。
“哈~啊~”
宁荣荣打了个大大的哈欠，眼泪都流了出来。
她揉了揉眼睛，视线逐渐清晰。
面前是滋滋冒油的烤肉。
旁边是堆积如山的生串。
周围……
宁荣荣缓缓转过头。
十几张“和蔼可亲”、写满了期待的脸，正围成一圈，目不转睛地盯着她手里的动作。
宁荣荣的动作，僵住了。
她手中的铁签“啪嗒”一声，掉在了炭火里。
“等等……”
宁荣荣瞪大了眼睛，睡意全无。
她猛地站起身，环顾四周。
熟悉的枫染亭。
熟悉的烧烤摊。
熟悉的……一群老流氓。
她不是跑了吗？"
第234章 宁荣荣：我不是跑了吗？怎么又回来了？！,https://www.biquh.com/678_678189/65991410_6.html,"
她不是已经跑到城外了吗？
怎么一睁眼，又回来了？！
她的目光继续移动，然后，看到了几张陌生的面孔。
戴天风、戴维斯，还有星罗帝国的一众大臣。
他们正站在外围，像看猴一样看着自己。
人……更多了！
宁荣荣突然感觉人生都变得灰暗了。
眼瞅着一群平均年龄过百的封号斗罗，竟像地主家的恶霸，恬不知耻地围着一个十几岁的小姑娘，就为了几根烤串。
戴天风那本就因为龙椅被抢而憋着的火，“噌”地一下就上来了。
他堂堂星罗大帝，何时见过如此厚颜无耻之人！
而且还是一群！
“简直是胡闹！”
戴天风忍无可忍，正义凛然地站了出来，怒斥众人。
“你们好歹也是封号斗罗，是大陆上最顶尖的存在！这么多人，欺负一个手无寸铁的小姑娘，让她给你们当牛做马？”
“你们的脸呢？你们的强者尊严呢？”
“有手有脚的，不会自己烤吗？！”
他中气十足，帝王威严展露无遗，一番话说得是铿锵有力，掷地有声。"
第234章 宁荣荣：我不是跑了吗？怎么又回来了？！,https://www.biquh.com/678_678189/65991410_7.html,"
此言一出，整个烧烤区瞬间安静下来。
所有人的目光，都齐刷刷地看向了戴天风。
那眼神，就像在看一个智障。
金鳄斗罗掏了掏耳朵，对于戴天风的怒斥毫不在意：“切~有本事你别让自己上，别吃这丫头的烤串。”
戴天风冷笑一声，他觉得这群人简直无可救药，已经被口腹之欲彻底腐蚀了心智。
“哼！不就是烤肉吗？有什么难的！”"
第235章 震惊！蓝银皇偷学姿势！,https://www.biquh.com/678_678189/65991411.html,"
戴天风挽起袖子，露出结实的小臂。
“让你们见识见识，什么叫‘君子远庖厨’……呸，什么叫‘上得厅堂，下得厨房’！”
他大步流星地走到冰柜前，豪气干云地抓了一大把肉串。
“今天，朕亲自下厨！”
戴天风走到一个空闲的烤炉前，学着宁荣荣的样子，把肉串往架子上一扔。
随后拿起孜然罐，开始“吨吨吨”地往上撒。
不明所以的一众星罗大臣纷纷围拢了过来，开始拍马屁。
“陛下英明！”
“陛下神武！”
唯有戴维斯，看着那群封号斗罗眼中的戏谑，默默的来到众封号身后排队.....
十分钟后。
“咳咳……咳咳咳！”
戴天风被浓烟呛得眼泪直流，灰头土脸，活像刚从煤窑里钻出来。
他面前的烤炉上，几串黑乎乎、硬邦邦的不明物体，正冒着刺鼻的焦糊味。
“这……这火候……有点没掌握好……”
戴天风尴尬地解释着，用铲子把粘在铁丝网上的“碳”刮下来，将其堆在一旁的碳堆上。
他拿起一串勉强还能看出形状的，咬了一口。
“呸！”"
第235章 震惊！蓝银皇偷学姿势！,https://www.biquh.com/678_678189/65991411_2.html,"
焦糊、苦涩、还辣嘴！
这三种味道在他口腔里交织爆炸，几乎要了他的老命。
戴天风的脸色，瞬间涨成了猪肝色。
他僵硬地转过头，迎上的是十几双关爱智障的眼神。
骨斗罗慢悠悠地拿起一串宁荣荣刚烤好的、金黄酥脆、滋滋冒油的羊肉串，故意走到戴天风面前，放在嘴边夸张地吹了吹。
啊呜——”
他陶醉地咬了一口，发出一声满足的喟叹，浓郁的肉香瞬间钻入戴天风的鼻孔。
“嗯~~这才是生活啊。”
“咕噜……”
戴天风的肚子，在死寂中，发出了不合时宜的、响亮的抗议。
星罗帝国的大臣们见他这幅样子，肩膀耸动，仿佛在努力憋住什么不该有的情绪。
“笑什么笑！”戴天风恼羞成怒，一把将手里那串黑炭砸在地上，“朕……朕只是失手！失手而已！”
“哦。”
骨斗罗慢悠悠地应了一声，又咬了一口肉，含糊不清道：“那陛下您继续失手，我们就不打扰了。”
金鳄斗罗更是直接，他拍了拍宁荣荣的椅背：“丫头，别管那烧碳的，继续！”
宁荣荣：“……”
她感觉自己受到了极大的侮辱。"
第235章 震惊！蓝银皇偷学姿势！,https://www.biquh.com/678_678189/65991411_3.html,"
但看着那群虎视眈眈的老头子，她明智地选择了闭嘴，手上的动作反而更快了几分。
戴天风站在原地，进退维谷。
走？
他堂堂星罗大帝，一天都没正经吃东西了，花了那么多钱，现在闻着这味儿，腿都软了。
留？
他刚才可是把这群老家伙喷了一顿，还扬言要亲自下厨打他们的脸。
现在脸没打成，反把自己打肿了。
“陛下，要不……咱们走？”丞相小心翼翼地凑过来，低声建议。
“走个屁！”戴天风咬牙切齿。
他恶狠狠地盯着宁荣荣手下翻飞的肉串，那金黄的色泽，那滴落的油脂，对他来说简直是世间最恶毒的诱惑。
“大丈夫能屈能伸……”戴天风在心里默念了一百遍。
终于，理智（食欲）战胜了骄傲。
他深吸一口气，努力摆出最威严的帝王仪态，很没志气的走向了……那条长长的队伍。
“给朕让个位置。”戴天风站在队伍末尾，对着前面的戴维斯冷冷说道。
戴维斯正伸长脖子眼巴巴地望着前方，闻言回头，一脸见了鬼的表情：“父皇？您不是要自己……”
“少废话！”戴天风瞪了他一眼，“让开！”
星罗帝国的一众大臣面面相觑，随后默默地，一个接一个地，站到了戴天风的身后。
转眼间，队伍又壮大了不少。"
第235章 震惊！蓝银皇偷学姿势！,https://www.biquh.com/678_678189/65991411_4.html,"
“哟，这不是星罗大帝吗？”
队伍前方，传来菊斗罗阴阳怪气的声音。
他翘着兰花指，回头瞥了一眼：“怎么，您那‘御膳房’的手艺，不合胃口？”
戴天风脸皮一阵抽搐，硬邦邦地回道：“朕体恤民情，偶尔也想体验一下……排队的乐趣。”
众人对视一眼，下一秒，周围爆发出哄笑声。
一群封号斗罗笑得前仰后合。
“排队好啊！排队陶冶情操！”
“陛下果然心胸宽广，佩服佩服！”
......
枫染亭二楼。
林枫的房间里，一片静谧。
窗外的喧嚣，被那厚重的房门和结界隔绝，恍如两个世界。
空气中，弥漫着一股淡淡的清香，混合着少女特有的芬芳。
朱竹清跪坐在床上。
她那张清丽的小脸上，此刻写满了羞红与迷醉。
她低着头，那双柔若无骨的小手，正有节奏地在林枫的后腰上按压。
力道时轻时重。"
第235章 震惊！蓝银皇偷学姿势！,https://www.biquh.com/678_678189/65991411_5.html,"
就在几分钟前，她的指尖，触碰到林枫肌肤的一瞬间。
她瞬间就理解了，为什么姐姐会如此沉迷于此。
那种感觉，林枫身上的那种气息。
比吃任何一道菜，都来得更加直接、更加美妙。
她彻底沉浸在这种身体上的、灵魂上的双重升华中。
双手不自觉地加大了力道。
不知过了多久。
林枫的呼吸，变得悠长而平稳。
他睡着了。
朱竹清的动作，也随之停了下来。
她缓缓抬起头。
那张近在咫尺的，俊朗无俦的侧脸，此刻在昏黄的灯光下，散发着致命的吸引力。
她的心跳，再次加速。
一个大胆到让她自己都心惊的念头，疯狂地涌上心头。
仅仅是双手接触，就有如此之强的好处。
那……如果接触的面积，再大一点呢？
她的脸颊红得像是熟透的番茄。
她颤抖着，缓缓解开了身上的浴巾。"
第235章 震惊！蓝银皇偷学姿势！,https://www.biquh.com/678_678189/65991411_6.html,"
白色的浴巾，如同一朵绽放的棉花，轻轻滑落。
露出那具洁白如玉的完美躯体。
她深吸一口气，然后小心翼翼地，缓缓地，躺在了林枫的身边。
那具火热的躯体，在床上微微蜷缩，像是寻求温暖的小猫，紧紧地靠了过去。
最终她柔软的身体，完整地贴在了林枫宽阔厚实的后背上。
如果说刚才通过双手的接触，涌入的能量是涓涓细流。
那么此刻，从两人身体贴合处传来的，就是一片奔腾咆哮的汪洋大海！
“唔……”
朱竹清忍不住发出一声细微的声响，整个人瞬间软了下来。
难以形容的舒畅感，如同电流般传遍四肢百骸，让她的灵魂都在战栗，在欢呼。
她感觉自己像是漂浮在温暖的云端，每一个细胞都被无尽的生命能量所包裹、所浸润。
太……太舒服了……
原来……这才是姐姐之前沉迷其中的真正原因！
朱竹清缓缓闭上眼，满足地叹息。
嘴角，露出了一个甜美到极致的笑容。
只是躺在他身边。
就一会儿。"
第235章 震惊！蓝银皇偷学姿势！,https://www.biquh.com/678_678189/65991411_7.html,"
就一会儿就好.....
而在不远处的窗台上。
那盆蓝银皇的叶片，正舒舒服服地卷着属于自己的魂骨。
金色的叶脉一明一暗，有节奏地闪烁着，像是在呼吸。
忽然，它的叶片不动了。
它“看”向床上。
看到了那个雌性生物，像藤蔓一样缠在了林枫身上。
又看到林枫睡梦中，也掩藏不住的满足之色。
它想起了不久前，自己还赖在林枫脖子上当围巾，结果被无情扯下来塞进花盆的惨痛经历。
它再看看床上那个雌性生物。
原来……是姿势不对？
叶片恍然大悟般，猛地挺直了一下。
学到了！
下一秒，它卷着自己的魂骨，悄悄换了个方向，开始对着墙壁……练习起了各种高难度的缠绕姿势......"
第236章 别小看保安！一天两顿蛋炒饭呢！,https://www.biquh.com/678_678189/65992915.html,"
海神岛。
蔚蓝的天空澄澈如洗，与无垠的大海连成一线。
然而，这片神圣而祥和的领域，今日却迎来了一位不速之客。
一道金色的流光，以一种近乎疯狂的姿态撕裂云层，径直朝着海神殿的方向冲来。
那身影，正是连续飞行了接近一天一夜，横跨了半个大陆的千道流。
他的衣袍在狂风中猎猎作响，那张往日里威严满满的脸上，此刻却写满了猴急与期待。
西西！
我来了！
他的目光穿越层层阻碍，很快就锁定了一个身影。
海神殿外，那延伸向大海的万仞峭壁之上。
一道绝美的身影，正静静地坐在崖边。
她身穿一袭华贵的蓝色长裙，海风吹拂着她那海蓝色的长发，如同涌动的波涛。
她的身姿高贵而优雅，仅仅是坐在那里，便与整片天地融为一体，仿佛她就是这片大海的化身。
正是海神斗罗，波塞西。
千道流见到那熟悉的身影，脸上的喜色再也抑制不住。
他甚至都等不及双脚完全落地，身形还在半空中，便迫不及待地扯着嗓子大声呼喊起来。
“西西！”
那声音，洪亮而急切，打破了海神岛百年来的宁静。"
第236章 别小看保安！一天两顿蛋炒饭呢！,https://www.biquh.com/678_678189/65992915_2.html,"
峭壁之上，波塞西那完美无瑕的俏脸上，眉尖几不可查地蹙了一下。
这个声音……
怎么又来了？
最近这些天，她总是会做一个奇怪的梦。
梦里，千道流这个家伙总是会莫名其妙地出现，然后喋喋不休地跟她说一些疯话。
什么“枫染亭”，什么“林枫前辈”，什么“抽奖”。
起初，她以为是自己修炼出了岔子，出现的的“不良反应”。
可这梦境天天都会出现，千道流在梦里也越来越……执着。
以至于发展到现在，她已经懒得去听对方的疯言疯语了。
只要在梦里一见到千道流的脸，她就会下意识地，直接一脚将其踹出自己的梦境。
波塞西缓缓回过头。
果然。
又是那张熟悉的，写满了急切与“深情”的脸。
千道流正大步流星地朝她走来，脸上挂着灿烂到有些傻气的笑容。
“千道流……”
波塞西红唇轻启，声音清冷如月光，带着一丝无奈与厌烦。
“我又做梦了？”"
第236章 别小看保安！一天两顿蛋炒饭呢！,https://www.biquh.com/678_678189/65992915_3.html,"
“西西！这不是梦！”
千道流大喜过望，他觉得波塞西这句话是在回应自己，说明有戏！
他三步并作两步地冲了上去，激动地伸出手。
“我来接你……”
然而，他的话，终究还是没能说完。
因为，就在他靠近的瞬间。
波塞西那双被蓝色长裙包裹着的，笔直而充满爆发力的大长腿，已经先于她的大脑，做出了最诚实的反应。
那是一种被骚扰了无数次后，下意识做出的条件反射。
“砰——！”
一声沉闷的巨响。
一声沉闷到极致的巨响，仿佛空气都被这一脚踹爆！
千道流伸出的手还僵在半空中，脸上的笑容也彻底凝固。
他只觉得一股沛然莫御的恐怖力道，狠狠地轰击在了自己的胸口。
下一秒，他的世界天旋地转。他整个人都划出一道完美的抛物线，“噗通”一声仰面栽倒在十几米外的地面上。
千道流仰躺在地上，目光茫然地看着那片蔚蓝的天空。
大脑一片空白。
为什么？
为什么在梦里你踹我也就算了。"
第236章 别小看保安！一天两顿蛋炒饭呢！,https://www.biquh.com/678_678189/65992915_4.html,"
怎么现在一见面，你又踹我？
我辛辛苦苦飞了一天一夜，跨越半个大陆，不是为了体验一把“真实伤害版”的梦境重现啊！
而另一边。
一脚踹飞了千道流的波塞西，也愣住了。
一种前所未有的，无比清晰的，实实在在的打击感，从她的脚底板传来，甚至震得她的小腿微微发麻。
那感觉，和梦境中那种虚无缥缈的踢人感，完全不同。
这种感觉是……真实的。
“嗯？”
波塞西那双宛如大海般深邃的眼眸中，第一次，流露出了一丝名为“错愕”的情绪。
不是梦吗？
她缓缓收回自己的长腿，低头看了看，又看了看远处那个呈“大”字型躺在地上的千道流。
“你......真的来了？”
躺在地上的千道流，听到这句话，一个激灵，瞬间满血复活。
他也不顾胸口的疼痛，一个鲤鱼打挺从地上弹了起来，动作矫健得像个二十岁的毛头小子。
“哈哈！西西！我就知道你是在等我！”
千道流拍了拍身上根本不存在的灰尘，脸上重新挂上了那种灿烂到傻气的笑容，搓着手就又凑了上来。
波塞西下意识地后退了半步，戒备地看着他。"
第236章 别小看保安！一天两顿蛋炒饭呢！,https://www.biquh.com/678_678189/65992915_5.html,"
她的脸上重新覆上了一层冰霜，神情严肃了起来。
“你不在武魂殿守护天使神传承，来我海神岛做什么？”
千道流听到波塞西的质问，不屑地撇了撇嘴。
守护天使神传承？
他心里嘀咕。
天使神都死球了个屁的，灵魂碎片都快被他攒齐，马上就能在前辈的帮助下复活了。
还守护个屁！
再说了，那传承放在那里又不会跑，甚至那天使神位，早晚都是老夫的囊中之物。
和这些东西比起来，当然还是前辈那碗热气腾腾的蛋炒饭更重要！
千道流清了清嗓子，脸上重新堆满了狂热的笑容。
“西西，你忘了我之前在梦里跟你说的了？”
“我是来给你介绍一份天大的好差事！”
波塞西清冷的眸子里，终于透出一丝活人的气息。
主要是千道流那副狂热的表情，让她觉得……这家伙可能真疯了。
出于人道主义关怀，她下意识地顺着话问了一句。
“什么肥差？”
千道流一听这话，顿时眉飞色舞，激动地一拍大腿！
有戏！"
第236章 别小看保安！一天两顿蛋炒饭呢！,https://www.biquh.com/678_678189/65992915_6.html,"
“当然是去当保安啊！”
千道流脱口而出，声音洪亮，充满了自豪与荣耀感。
“……”
“……”
海风，在这一刻仿佛都静止了。
空气中，弥漫着一股死寂。
波塞西脸上的表情，在那一瞬间彻底凝固。
她缓缓地，一个字一个字地，重复了一遍那个让她感到无比荒谬的词语。
“保……安？”
她那双海蓝色的美眸，微微睁大，倒映着千道流那张写满“快来吧”的兴奋脸庞。
她怀疑自己听错了。
她是谁？
她是海神岛大祭司！
是这片无垠大海的代言人！
是与千道流、唐晨并列于世，站在魂师界金字塔最顶端的三大绝世斗罗之一！
让她……
去当保安？"
第236章 别小看保安！一天两顿蛋炒饭呢！,https://www.biquh.com/678_678189/65992915_7.html,"
然而。
我们伟大的千道流大供奉，此刻满脑子都是那碗冒着热气的黄金蛋炒饭。
以及和波塞西一起在林枫麾下“夫妻双双把门看”的美好愿景。
他完全没察觉到波塞西周身那已经开始冻结空气的低气压。
他嘿嘿一笑，搓着手，更加卖力地介绍起来。
“不错！就是保安！”
“西西我跟你讲，你可千万别小看了前辈饭店里这个保安的职位！”
千道流伸出两根手指，脸上的表情神圣而向往。
“一天！整整两顿蛋炒饭呢！”
“而且前辈那里还能抽奖！”
千道流说得唾沫横飞，整个人亢奋得不行。
“魂环魂骨那都是小意思！武魂进化都是家常便饭！”
“在前辈那里，成神都不是问题！”
说到这儿，千道流压低声音，鬼鬼祟祟地凑过来，活像个拉人下水的传销头子。
“西西，我跟你说句掏心窝子的话。”
“等你也来当保安了，我给你留了个好位置！”
千道流挺起胸膛，脸上写满了“快夸我”的得意。
“我，就是保安大队长！”"
第236章 别小看保安！一天两顿蛋炒饭呢！,https://www.biquh.com/678_678189/65992915_8.html,"
“你，就是保安副队长！”
“咱们强强联手，夫妻……呸！”
他话一出口，老脸一红，连忙“呸”了一声，差点没给自己一嘴巴子。
千道流尴尬地搓着手，强行解释。
“我的意思是，同事同心，其利断金嘛！”"
第237章 七圣柱围观名场面：大祭司家暴大供奉？,https://www.biquh.com/678_678189/65992916.html,"
海风吹拂着波塞西海蓝色的长发，撩动着她华贵的裙摆。
她那张完美到无可挑剔的脸上，彻底“龟裂”开来。
保安副队长？
她是不在海神岛待的太久，以至于对大陆上的词汇产生了什么误解？
“保安队长？还是个副的？”
波塞西的每一个字都带着刺骨的寒意，她死死地盯着千道流那张兴奋到扭曲的脸，牙齿咬的咯吱作响。
“千道流，你怎么不说，让我去擦桌子扫地？”
这话语里的嘲讽与怒意，浓郁得几乎要化为实质。
换做任何一个神志清醒的人，此刻都应该能感受到那足以冻结灵魂的杀气，然后赶紧找补。
然而。
千道流不是正常人。
他现在，是一个为了蛋炒饭，可以舍弃一切的狂信徒。
听到波塞西的话，他非但没有察觉到任何不妥。
反而真的围绕着这个问题，开始一本正经地、严肃地、认真地思考了起来。
那副模样，仿佛是在权衡一桩关乎大陆未来走向的重大决策。
看到他这副样子，波塞西气得浑身都开始发抖。
她胸口剧烈起伏着，那股被压抑了无数次的怒火，已经烧到了喉咙口。
这家伙……"
第237章 七圣柱围观名场面：大祭司家暴大供奉？,https://www.biquh.com/678_678189/65992916_2.html,"
他居然真的在考虑！
就在波塞西即将彻底爆发的前一秒，千道流终于思考完毕。
他一拍手掌，用一种十分遗憾又带着些许专业的口吻，对波塞西解释道。
“西西，擦桌子扫地的差事，恐怕不行。”
波塞西：“……”
千道流一脸认真地继续说道：“那个岗位，已经被人承包了，是两个很勤快的小姑娘，属于内部员工工作。”
“像咱们这种‘外聘保安’，讲究的是实力和威慑力，恐怕没这个机会。”
他顿了顿，似乎是怕波塞西失望，又赶紧补充了一句，露出了一个自以为非常体贴和善解人意的笑容。
“不过，你说的队长问题，也不是不能商量。”
“那实在不行，你当正的，我当副的也行！”
“只要你肯来，谁当队长不是当！”
这一刻，波塞西最后一丝理智的弦，“崩”的一声，彻底断裂。
“我忍你很久了！！！”
一声压抑到极致，蕴含着无尽怒火的尖啸，轰然在整个海神岛上空炸响！
千道流还没反应过来。
只觉得眼前黑影一闪，一直被波塞西优雅地握在手里，象征着海神大祭司身份与地位的秘银权杖，在他的视野里急速放大。
“卧~”"
第237章 七圣柱围观名场面：大祭司家暴大供奉？,https://www.biquh.com/678_678189/65992916_3.html,"
最后一个音节还没吐完。
砰——！！！！
一声比之前踹在他胸口更加沉闷的巨响，炸裂开来。
这一刻，千道流终于亲身体会到了戴天风那天的感受。
原来，被九十九级绝世斗罗拿着权杖，结结实实地敲在脑门上，是这种感觉。
疼！
真他妈的疼啊！
“嘶~”
千道流捂着自己头上以肉眼可见速度鼓起的大包，吃疼地连连后退，整个人都懵了。
他那几乎快冒出泪花的眼睛里，写满了不解、茫然和深深的委屈。
“西西，你干嘛打我啊？”
他觉得自己的心都碎了。
我好心好意，不远万里跑来给你介绍这么一份前途无量的工作，你不领情就算了，怎么还动手打人呢？
还有没有天理了？
还有没有王法了？
然而，波塞西已经彻底进入了暴走状态。
她那双海蓝色的美眸中，燃烧着足以将大海煮沸的熊熊怒火。
“打你？”"
第237章 七圣柱围观名场面：大祭司家暴大供奉？,https://www.biquh.com/678_678189/65992916_4.html,"
“我恨不得打死你！”
她身形一闪，宛如瞬移般出现在千道流面前，手中的秘银权杖划破空气，带着凄厉的破风声，劈头盖脸地就砸了下来！
砰！砰！砰！砰！
一时间，海神殿前，回荡起富有节奏感的、清脆的击打声。
“我让你保安队长！”
砰！
“我让你夫妻双双把门看！”
砰砰砰！
“我让你疯言疯语，搅得我连觉都睡不好！”
砰砰砰砰砰！
千道流被打得抱头鼠窜，狼狈不堪。
他一边躲，一边还在大声地为自己辩解。
“西西你冷静点！有话好好说啊！”
“这不是疯话，这都是真的啊！”
“那份工作真的很不错的！福利待遇超好！前辈人也特别好！”
可是塞西根本不听，手中的秘银权杖舞得虎虎生风，每一击都精准无比地朝着千道流的脑袋招呼。
她今天就要把这个家伙脑子里的水全都给敲出来！"
第237章 七圣柱围观名场面：大祭司家暴大供奉？,https://www.biquh.com/678_678189/65992916_5.html,"
海神殿前，两大绝世斗罗的“战斗”彻底爆发。
场面一度十分诡异。
只见波塞西身形飘逸，可手上的动作却凶悍无比，权杖抡得跟打地鼠似的。
而千道流，明明拥有着与对方相当的实力。
此刻却只守不攻，抱头鼠窜，活像个被老婆家暴的可怜丈夫。
这边的动静，很快就惊动了其他人。
唰！唰！唰！
七道强横的气息从海神岛各处冲天而起，转瞬即至。
正是海神七圣柱的守护斗罗。
当他们火急火燎地赶到现场时，看到眼前的一幕，七个人有一个算一个，全都当场石化了。
海马斗罗使劲揉了揉自己的眼睛，又狠狠掐了自己大腿一把。
疼！
不是幻觉！
“那……那个抱着头乱跑的，是武魂殿的大供奉，千道流？”海龙斗罗的声音都在发颤。
“旁边那个拿着权杖追着他打的……好像是……大祭司大人？”海星斗罗的下巴都快掉到了地上。
七位圣柱斗罗你看我，我看你，每个人的脸上都写满了“我是谁，我在哪，我看到了什么”的终极哲学困惑。
阻止？
海马斗罗艰难地咽了口唾沫，“我们要不要……上前劝阻一下？”"
第237章 七圣柱围观名场面：大祭司家暴大供奉？,https://www.biquh.com/678_678189/65992916_6.html,"
他小声提议，声音小得像蚊子叫。
“那好歹是武魂殿的大供奉，万一真被大祭司大人打傻了可就不好了.......”
话音刚落，他就迎来了旁边六道能杀死人的目光。
海龙斗罗用看白痴的眼神看着他。
“你去？”
海马斗罗瞬间闭嘴。
开什么玩笑！
那可是波塞西和千道流！
实打实的绝世斗罗！
他们七个虽然也都是封号斗罗，但心里都有数，七个人绑在一块儿，都不够那两人其中任何一个一只手打的。
现在大祭司大人明显正在气头上，权杖抡得跟风车似的，那股子凶残劲儿，别说是人了，连海魂兽看了都得绕道走。
这时候谁敢上去劝架，万一被大祭司大人顺手也给一权杖……
“咳，我觉得……大祭司大人出手还是很有分寸的。”
海星斗罗一本正经地分析起来。
“你看，虽然场面激烈，但千道流只是狼狈，并未真正重伤，说明大祭司大人只是想出出气。”
众人深以为然地点点头。
没错没错，大人的事，他们这些做下属的，看着就好，瞎掺和什么！"
第237章 七圣柱围观名场面：大祭司家暴大供奉？,https://www.biquh.com/678_678189/65992916_7.html,"
于是，七位在海神岛地位尊崇的圣柱斗罗，非常光棍地选择了一边看戏。
而正在逃窜的千道流欲哭无泪。
他一边躲，心里一边焦急地计算着时间。
从这里飞回武魂城，就算他拼了老命，也得将近一天一夜。
再这么打下去，别说赶不上明天的午饭了，连晚饭都悬了！
一想到那碗热气腾腾、金光闪闪的黄金蛋炒饭，可能会因为自己迟到而错过……
千道流的心，就像被一只无形的大手狠狠揪住。
疼！
比被权杖敲在脑门上还疼！
不行！
绝对不行！
为了蛋炒饭！
为了那份额外的奖励！
也为了保安的荣耀！
就在波塞西又一记势大力沉的权杖当头砸来时。
一直抱头鼠窜的千道流，突然停下了脚步。
他猛地转过身，不再躲闪。
那双委屈的眼睛中，爆发出一种视死如归的决绝光芒。"
第237章 七圣柱围观名场面：大祭司家暴大供奉？,https://www.biquh.com/678_678189/65992916_8.html,"
波塞西一愣。
他要还手了？
远处的七圣柱斗罗也是心头一紧。
要动真格的了！
然而，接下来发生的一幕，让在场所有人的大脑，都当场宕机。
只见千道流非但没有释放武魂，反而攥紧双拳，用一种近乎悲壮的语气，发出了振聋发聩的怒吼！"
第236章 你就拿这个考验干部？,https://www.biquh.com/678_678189/65993222.html,"
海神岛。
蔚蓝的天空澄澈如洗，与无垠的大海连成一线。
然而，这片神圣而祥和的领域，今日却迎来了一位不速之客。
一道金色的流光，以一种近乎疯狂的姿态撕裂云层，径直朝着海神殿的方向冲来。
那身影，正是连续飞行了接近一天一夜，横跨了半个大陆的千道流。
他的衣袍在狂风中猎猎作响，那张往日里威严满满的脸上，此刻却写满了猴急与期待。
西西！
我来了！
他的目光穿越层层阻碍，很快就锁定了一个身影。
海神殿外，那延伸向大海的万仞峭壁之上。
一道绝美的身影，正静静地坐在崖边。
她身穿一袭华贵的蓝色长裙，海风吹拂着她那海蓝色的长发，如同涌动的波涛。
她的身姿高贵而优雅，仅仅是坐在那里，便与整片天地融为一体，仿佛她就是这片大海的化身。
正是海神斗罗，波塞西。
千道流见到那熟悉的身影，脸上的喜色再也抑制不住。
他甚至都等不及双脚完全落地，身形还在半空中，便迫不及待地扯着嗓子大声呼喊起来。
“西西！”
那声音，洪亮而急切，打破了海神岛百年来的宁静。"
第236章 你就拿这个考验干部？,https://www.biquh.com/678_678189/65993222_2.html,"
峭壁之上，波塞西那完美无瑕的俏脸上，眉尖几不可查地蹙了一下。
这个声音……
怎么又来了？
最近这些天，她总是会做一个奇怪的梦。
梦里，千道流这个家伙总是会莫名其妙地出现，然后喋喋不休地跟她说一些疯话。
什么“枫染亭”，什么“林枫前辈”，什么“抽奖”。
起初，她以为是自己修炼出了岔子，出现的的“不良反应”。
可这梦境天天都会出现，千道流在梦里也越来越……执着。
以至于发展到现在，她已经懒得去听对方的疯言疯语了。
只要在梦里一见到千道流的脸，她就会下意识地，直接一脚将其踹出自己的梦境。
波塞西缓缓回过头。
果然。
又是那张熟悉的，写满了急切与“深情”的脸。
千道流正大步流星地朝她走来，脸上挂着灿烂到有些傻气的笑容。
“千道流……”
波塞西红唇轻启，声音清冷如月光，带着一丝无奈与厌烦。
“我又做梦了？”"
第236章 你就拿这个考验干部？,https://www.biquh.com/678_678189/65993222_3.html,"
“西西！这不是梦！”
千道流大喜过望，他觉得波塞西这句话是在回应自己，说明有戏！
他三步并作两步地冲了上去，激动地伸出手。
“我来接你……”
然而，他的话，终究还是没能说完。
因为，就在他靠近的瞬间。
波塞西那双被蓝色长裙包裹着的，笔直而充满爆发力的大长腿，已经先于她的大脑，做出了最诚实的反应。
那是一种被骚扰了无数次后，下意识做出的条件反射。
“砰——！”
一声沉闷的巨响。
一声沉闷到极致的巨响，仿佛空气都被这一脚踹爆！
千道流伸出的手还僵在半空中，脸上的笑容也彻底凝固。
他只觉得一股沛然莫御的恐怖力道，狠狠地轰击在了自己的胸口。
下一秒，他的世界天旋地转。他整个人都划出一道完美的抛物线，“噗通”一声仰面栽倒在十几米外的地面上。
千道流仰躺在地上，目光茫然地看着那片蔚蓝的天空。
大脑一片空白。
为什么？
为什么在梦里你踹我也就算了。"
第236章 你就拿这个考验干部？,https://www.biquh.com/678_678189/65993222_4.html,"
怎么现在一见面，你又踹我？
我辛辛苦苦飞了一天一夜，跨越半个大陆，不是为了体验一把“真实伤害版”的梦境重现啊！
而另一边。
一脚踹飞了千道流的波塞西，也愣住了。
一种前所未有的，无比清晰的，实实在在的打击感，从她的脚底板传来，甚至震得她的小腿微微发麻。
那感觉，和梦境中那种虚无缥缈的踢人感，完全不同。
这种感觉是……真实的。
“嗯？”
波塞西那双宛如大海般深邃的眼眸中，第一次，流露出了一丝名为“错愕”的情绪。
不是梦吗？
她缓缓收回自己的长腿，低头看了看，又看了看远处那个呈“大”字型躺在地上的千道流。
“你......真的来了？”
躺在地上的千道流，听到这句话，一个激灵，瞬间满血复活。
他也不顾胸口的疼痛，一个鲤鱼打挺从地上弹了起来，动作矫健得像个二十岁的毛头小子。
“哈哈！西西！我就知道你是在等我！”
千道流拍了拍身上根本不存在的灰尘，脸上重新挂上了那种灿烂到傻气的笑容，搓着手就又凑了上来。
波塞西下意识地后退了半步，戒备地看着他。"
第236章 你就拿这个考验干部？,https://www.biquh.com/678_678189/65993222_5.html,"
她的脸上重新覆上了一层冰霜，神情严肃了起来。
“你不在武魂殿守护天使神传承，来我海神岛做什么？”
千道流听到波塞西的质问，不屑地撇了撇嘴。
守护天使神传承？
他心里嘀咕。
天使神都死球了个屁的，灵魂碎片都快被他攒齐，马上就能在前辈的帮助下复活了。
还守护个屁！
再说了，那传承放在那里又不会跑，甚至那天使神位，早晚都是老夫的囊中之物。
和这些东西比起来，当然还是前辈那碗热气腾腾的蛋炒饭更重要！
千道流清了清嗓子，脸上重新堆满了狂热的笑容。
“西西，你忘了我之前在梦里跟你说的了？”
“我是来给你介绍一份天大的好差事！”
波塞西清冷的眸子里，终于透出一丝活人的气息。
主要是千道流那副狂热的表情，让她觉得……这家伙可能真疯了。
出于人道主义关怀，她下意识地顺着话问了一句。
“什么肥差？”
千道流一听这话，顿时眉飞色舞，激动地一拍大腿！
有戏！"
第236章 你就拿这个考验干部？,https://www.biquh.com/678_678189/65993222_6.html,"
“当然是去当保安啊！”
千道流脱口而出，声音洪亮，充满了自豪与荣耀感。
“……”
“……”
海风，在这一刻仿佛都静止了。
空气中，弥漫着一股死寂。
波塞西脸上的表情，在那一瞬间彻底凝固。
她缓缓地，一个字一个字地，重复了一遍那个让她感到无比荒谬的词语。
“保……安？”
她那双海蓝色的美眸，微微睁大，倒映着千道流那张写满“快来吧”的兴奋脸庞。
她怀疑自己听错了。
她是谁？
她是海神岛大祭司！
是这片无垠大海的代言人！
是与千道流、唐晨并列于世，站在魂师界金字塔最顶端的三大绝世斗罗之一！
让她……
去当保安？"
第236章 你就拿这个考验干部？,https://www.biquh.com/678_678189/65993222_7.html,"
然而。
我们伟大的千道流大供奉，此刻满脑子都是那碗冒着热气的黄金蛋炒饭。
以及和波塞西一起在林枫麾下“夫妻双双把门看”的美好愿景。
他完全没察觉到波塞西周身那已经开始冻结空气的低气压。
他嘿嘿一笑，搓着手，更加卖力地介绍起来。
“不错！就是保安！”
“西西我跟你讲，你可千万别小看了前辈饭店里这个保安的职位！”
千道流伸出两根手指，脸上的表情神圣而向往。
“一天！整整两顿蛋炒饭呢！”
“而且前辈那里还能抽奖！”
千道流说得唾沫横飞，整个人亢奋得不行。
“魂环魂骨那都是小意思！武魂进化都是家常便饭！”
“在前辈那里，成神都不是问题！”
说到这儿，千道流压低声音，鬼鬼祟祟地凑过来，活像个拉人下水的传销头子。
“西西，我跟你说句掏心窝子的话。”
“等你也来当保安了，我给你留了个好位置！”
千道流挺起胸膛，脸上写满了“快夸我”的得意。
“我，就是保安大队长！”"
第236章 你就拿这个考验干部？,https://www.biquh.com/678_678189/65993222_8.html,"
“你，就是保安副队长！”
“咱们强强联手，夫妻……呸！”
他话一出口，老脸一红，连忙“呸”了一声，差点没给自己一嘴巴子。
千道流尴尬地搓着手，强行解释。
“我的意思是，同事同心，其利断金嘛！”"
第237章 别小看保安！一天两顿蛋炒饭呢！,https://www.biquh.com/678_678189/65993223.html,"
海风吹拂着波塞西海蓝色的长发，撩动着她华贵的裙摆。
她那张完美到无可挑剔的脸上，彻底“龟裂”开来。
保安副队长？
她是不在海神岛待的太久，以至于对大陆上的词汇产生了什么误解？
“保安队长？还是个副的？”
波塞西的每一个字都带着刺骨的寒意，她死死地盯着千道流那张兴奋到扭曲的脸，牙齿咬的咯吱作响。
“千道流，你怎么不说，让我去擦桌子扫地？”
这话语里的嘲讽与怒意，浓郁得几乎要化为实质。
换做任何一个神志清醒的人，此刻都应该能感受到那足以冻结灵魂的杀气，然后赶紧找补。
然而。
千道流不是正常人。
他现在，是一个为了蛋炒饭，可以舍弃一切的狂信徒。
听到波塞西的话，他非但没有察觉到任何不妥。
反而真的围绕着这个问题，开始一本正经地、严肃地、认真地思考了起来。
那副模样，仿佛是在权衡一桩关乎大陆未来走向的重大决策。
看到他这副样子，波塞西气得浑身都开始发抖。
她胸口剧烈起伏着，那股被压抑了无数次的怒火，已经烧到了喉咙口。
这家伙……"
第237章 别小看保安！一天两顿蛋炒饭呢！,https://www.biquh.com/678_678189/65993223_2.html,"
他居然真的在考虑！
就在波塞西即将彻底爆发的前一秒，千道流终于思考完毕。
他一拍手掌，用一种十分遗憾又带着些许专业的口吻，对波塞西解释道。
“西西，擦桌子扫地的差事，恐怕不行。”
波塞西：“……”
千道流一脸认真地继续说道：“那个岗位，已经被人承包了，是两个很勤快的小姑娘，属于内部员工工作。”
“像咱们这种‘外聘保安’，讲究的是实力和威慑力，恐怕没这个机会。”
他顿了顿，似乎是怕波塞西失望，又赶紧补充了一句，露出了一个自以为非常体贴和善解人意的笑容。
“不过，你说的队长问题，也不是不能商量。”
“那实在不行，你当正的，我当副的也行！”
“只要你肯来，谁当队长不是当！”
这一刻，波塞西最后一丝理智的弦，“崩”的一声，彻底断裂。
“我忍你很久了！！！”
一声压抑到极致，蕴含着无尽怒火的尖啸，轰然在整个海神岛上空炸响！
千道流还没反应过来。
只觉得眼前黑影一闪，一直被波塞西优雅地握在手里，象征着海神大祭司身份与地位的秘银权杖，在他的视野里急速放大。
“卧~”"
第237章 别小看保安！一天两顿蛋炒饭呢！,https://www.biquh.com/678_678189/65993223_3.html,"
最后一个音节还没吐完。
砰——！！！！
一声比之前踹在他胸口更加沉闷的巨响，炸裂开来。
这一刻，千道流终于亲身体会到了戴天风那天的感受。
原来，被九十九级绝世斗罗拿着权杖，结结实实地敲在脑门上，是这种感觉。
疼！
真他妈的疼啊！
“嘶~”
千道流捂着自己头上以肉眼可见速度鼓起的大包，吃疼地连连后退，整个人都懵了。
他那几乎快冒出泪花的眼睛里，写满了不解、茫然和深深的委屈。
“西西，你干嘛打我啊？”
他觉得自己的心都碎了。
我好心好意，不远万里跑来给你介绍这么一份前途无量的工作，你不领情就算了，怎么还动手打人呢？
还有没有天理了？
还有没有王法了？
然而，波塞西已经彻底进入了暴走状态。
她那双海蓝色的美眸中，燃烧着足以将大海煮沸的熊熊怒火。
“打你？”"
第237章 别小看保安！一天两顿蛋炒饭呢！,https://www.biquh.com/678_678189/65993223_4.html,"
“我恨不得打死你！”
她身形一闪，宛如瞬移般出现在千道流面前，手中的秘银权杖划破空气，带着凄厉的破风声，劈头盖脸地就砸了下来！
砰！砰！砰！砰！
一时间，海神殿前，回荡起富有节奏感的、清脆的击打声。
“我让你保安队长！”
砰！
“我让你夫妻双双把门看！”
砰砰砰！
“我让你疯言疯语，搅得我连觉都睡不好！”
砰砰砰砰砰！
千道流被打得抱头鼠窜，狼狈不堪。
他一边躲，一边还在大声地为自己辩解。
“西西你冷静点！有话好好说啊！”
“这不是疯话，这都是真的啊！”
“那份工作真的很不错的！福利待遇超好！前辈人也特别好！”
可是塞西根本不听，手中的秘银权杖舞得虎虎生风，每一击都精准无比地朝着千道流的脑袋招呼。
她今天就要把这个家伙脑子里的水全都给敲出来！"
第237章 别小看保安！一天两顿蛋炒饭呢！,https://www.biquh.com/678_678189/65993223_5.html,"
海神殿前，两大绝世斗罗的“战斗”彻底爆发。
场面一度十分诡异。
只见波塞西身形飘逸，可手上的动作却凶悍无比，权杖抡得跟打地鼠似的。
而千道流，明明拥有着与对方相当的实力。
此刻却只守不攻，抱头鼠窜，活像个被老婆家暴的可怜丈夫。
这边的动静，很快就惊动了其他人。
唰！唰！唰！
七道强横的气息从海神岛各处冲天而起，转瞬即至。
正是海神七圣柱的守护斗罗。
当他们火急火燎地赶到现场时，看到眼前的一幕，七个人有一个算一个，全都当场石化了。
海马斗罗使劲揉了揉自己的眼睛，又狠狠掐了自己大腿一把。
疼！
不是幻觉！
“那……那个抱着头乱跑的，是武魂殿的大供奉，千道流？”海龙斗罗的声音都在发颤。
“旁边那个拿着权杖追着他打的……好像是……大祭司大人？”海星斗罗的下巴都快掉到了地上。
七位圣柱斗罗你看我，我看你，每个人的脸上都写满了“我是谁，我在哪，我看到了什么”的终极哲学困惑。
阻止？
海马斗罗艰难地咽了口唾沫，“我们要不要……上前劝阻一下？”"
第237章 别小看保安！一天两顿蛋炒饭呢！,https://www.biquh.com/678_678189/65993223_6.html,"
他小声提议，声音小得像蚊子叫。
“那好歹是武魂殿的大供奉，万一真被大祭司大人打傻了可就不好了.......”
话音刚落，他就迎来了旁边六道能杀死人的目光。
海龙斗罗用看白痴的眼神看着他。
“你去？”
海马斗罗瞬间闭嘴。
开什么玩笑！
那可是波塞西和千道流！
实打实的绝世斗罗！
他们七个虽然也都是封号斗罗，但心里都有数，七个人绑在一块儿，都不够那两人其中任何一个一只手打的。
现在大祭司大人明显正在气头上，权杖抡得跟风车似的，那股子凶残劲儿，别说是人了，连海魂兽看了都得绕道走。
这时候谁敢上去劝架，万一被大祭司大人顺手也给一权杖……
“咳，我觉得……大祭司大人出手还是很有分寸的。”
海星斗罗一本正经地分析起来。
“你看，虽然场面激烈，但千道流只是狼狈，并未真正重伤，说明大祭司大人只是想出出气。”
众人深以为然地点点头。
没错没错，大人的事，他们这些做下属的，看着就好，瞎掺和什么！"
第237章 别小看保安！一天两顿蛋炒饭呢！,https://www.biquh.com/678_678189/65993223_7.html,"
于是，七位在海神岛地位尊崇的圣柱斗罗，非常光棍地选择了一边看戏。
而正在逃窜的千道流欲哭无泪。
他一边躲，心里一边焦急地计算着时间。
从这里飞回武魂城，就算他拼了老命，也得将近一天一夜。
再这么打下去，别说赶不上明天的午饭了，连晚饭都悬了！
一想到那碗热气腾腾、金光闪闪的黄金蛋炒饭，可能会因为自己迟到而错过……
千道流的心，就像被一只无形的大手狠狠揪住。
疼！
比被权杖敲在脑门上还疼！
不行！
绝对不行！
为了蛋炒饭！
为了那份额外的奖励！
也为了保安的荣耀！
就在波塞西又一记势大力沉的权杖当头砸来时。
一直抱头鼠窜的千道流，突然停下了脚步。
他猛地转过身，不再躲闪。
那双委屈的眼睛中，爆发出一种视死如归的决绝光芒。"
第237章 别小看保安！一天两顿蛋炒饭呢！,https://www.biquh.com/678_678189/65993223_8.html,"
波塞西一愣。
他要还手了？
远处的七圣柱斗罗也是心头一紧。
要动真格的了！
然而，接下来发生的一幕，让在场所有人的大脑，都当场宕机。
只见千道流非但没有释放武魂，反而攥紧双拳，用一种近乎悲壮的语气，发出了振聋发聩的怒吼！"
第238章 七圣柱围观名场面：大祭司家暴大供奉？,https://www.biquh.com/678_678189/65993224.html,"
海风吹拂着波塞西海蓝色的长发，撩动着她华贵的裙摆。
她那张完美到无可挑剔的脸上，彻底“龟裂”开来。
保安副队长？
她是不在海神岛待的太久，以至于对大陆上的词汇产生了什么误解？
“保安队长？还是个副的？”
波塞西的每一个字都带着刺骨的寒意，她死死地盯着千道流那张兴奋到扭曲的脸，牙齿咬的咯吱作响。
“千道流，你怎么不说，让我去擦桌子扫地？”
这话语里的嘲讽与怒意，浓郁得几乎要化为实质。
换做任何一个神志清醒的人，此刻都应该能感受到那足以冻结灵魂的杀气，然后赶紧找补。
然而。
千道流不是正常人。
他现在，是一个为了蛋炒饭，可以舍弃一切的狂信徒。
听到波塞西的话，他非但没有察觉到任何不妥。
反而真的围绕着这个问题，开始一本正经地、严肃地、认真地思考了起来。
那副模样，仿佛是在权衡一桩关乎大陆未来走向的重大决策。
看到他这副样子，波塞西气得浑身都开始发抖。
她胸口剧烈起伏着，那股被压抑了无数次的怒火，已经烧到了喉咙口。
这家伙……"
第238章 七圣柱围观名场面：大祭司家暴大供奉？,https://www.biquh.com/678_678189/65993224_2.html,"
他居然真的在考虑！
就在波塞西即将彻底爆发的前一秒，千道流终于思考完毕。
他一拍手掌，用一种十分遗憾又带着些许专业的口吻，对波塞西解释道。
“西西，擦桌子扫地的差事，恐怕不行。”
波塞西：“……”
千道流一脸认真地继续说道：“那个岗位，已经被人承包了，是两个很勤快的小姑娘，属于内部员工工作。”
“像咱们这种‘外聘保安’，讲究的是实力和威慑力，恐怕没这个机会。”
他顿了顿，似乎是怕波塞西失望，又赶紧补充了一句，露出了一个自以为非常体贴和善解人意的笑容。
“不过，你说的队长问题，也不是不能商量。”
“那实在不行，你当正的，我当副的也行！”
“只要你肯来，谁当队长不是当！”
这一刻，波塞西最后一丝理智的弦，“崩”的一声，彻底断裂。
“我忍你很久了！！！”
一声压抑到极致，蕴含着无尽怒火的尖啸，轰然在整个海神岛上空炸响！
千道流还没反应过来。
只觉得眼前黑影一闪，一直被波塞西优雅地握在手里，象征着海神大祭司身份与地位的秘银权杖，在他的视野里急速放大。
“卧~”"
第238章 七圣柱围观名场面：大祭司家暴大供奉？,https://www.biquh.com/678_678189/65993224_3.html,"
最后一个音节还没吐完。
砰——！！！！
一声比之前踹在他胸口更加沉闷的巨响，炸裂开来。
这一刻，千道流终于亲身体会到了戴天风那天的感受。
原来，被九十九级绝世斗罗拿着权杖，结结实实地敲在脑门上，是这种感觉。
疼！
真他妈的疼啊！
“嘶~”
千道流捂着自己头上以肉眼可见速度鼓起的大包，吃疼地连连后退，整个人都懵了。
他那几乎快冒出泪花的眼睛里，写满了不解、茫然和深深的委屈。
“西西，你干嘛打我啊？”
他觉得自己的心都碎了。
我好心好意，不远万里跑来给你介绍这么一份前途无量的工作，你不领情就算了，怎么还动手打人呢？
还有没有天理了？
还有没有王法了？
然而，波塞西已经彻底进入了暴走状态。
她那双海蓝色的美眸中，燃烧着足以将大海煮沸的熊熊怒火。
“打你？”"
第238章 七圣柱围观名场面：大祭司家暴大供奉？,https://www.biquh.com/678_678189/65993224_4.html,"
“我恨不得打死你！”
她身形一闪，宛如瞬移般出现在千道流面前，手中的秘银权杖划破空气，带着凄厉的破风声，劈头盖脸地就砸了下来！
砰！砰！砰！砰！
一时间，海神殿前，回荡起富有节奏感的、清脆的击打声。
“我让你保安队长！”
砰！
“我让你夫妻双双把门看！”
砰砰砰！
“我让你疯言疯语，搅得我连觉都睡不好！”
砰砰砰砰砰！
千道流被打得抱头鼠窜，狼狈不堪。
他一边躲，一边还在大声地为自己辩解。
“西西你冷静点！有话好好说啊！”
“这不是疯话，这都是真的啊！”
“那份工作真的很不错的！福利待遇超好！前辈人也特别好！”
可是塞西根本不听，手中的秘银权杖舞得虎虎生风，每一击都精准无比地朝着千道流的脑袋招呼。
她今天就要把这个家伙脑子里的水全都给敲出来！"
第238章 七圣柱围观名场面：大祭司家暴大供奉？,https://www.biquh.com/678_678189/65993224_5.html,"
海神殿前，两大绝世斗罗的“战斗”彻底爆发。
场面一度十分诡异。
只见波塞西身形飘逸，可手上的动作却凶悍无比，权杖抡得跟打地鼠似的。
而千道流，明明拥有着与对方相当的实力。
此刻却只守不攻，抱头鼠窜，活像个被老婆家暴的可怜丈夫。
这边的动静，很快就惊动了其他人。
唰！唰！唰！
七道强横的气息从海神岛各处冲天而起，转瞬即至。
正是海神七圣柱的守护斗罗。
当他们火急火燎地赶到现场时，看到眼前的一幕，七个人有一个算一个，全都当场石化了。
海马斗罗使劲揉了揉自己的眼睛，又狠狠掐了自己大腿一把。
疼！
不是幻觉！
“那……那个抱着头乱跑的，是武魂殿的大供奉，千道流？”海龙斗罗的声音都在发颤。
“旁边那个拿着权杖追着他打的……好像是……大祭司大人？”海星斗罗的下巴都快掉到了地上。
七位圣柱斗罗你看我，我看你，每个人的脸上都写满了“我是谁，我在哪，我看到了什么”的终极哲学困惑。
阻止？
海马斗罗艰难地咽了口唾沫，“我们要不要……上前劝阻一下？”"
第238章 七圣柱围观名场面：大祭司家暴大供奉？,https://www.biquh.com/678_678189/65993224_6.html,"
他小声提议，声音小得像蚊子叫。
“那好歹是武魂殿的大供奉，万一真被大祭司大人打傻了可就不好了.......”
话音刚落，他就迎来了旁边六道能杀死人的目光。
海龙斗罗用看白痴的眼神看着他。
“你去？”
海马斗罗瞬间闭嘴。
开什么玩笑！
那可是波塞西和千道流！
实打实的绝世斗罗！
他们七个虽然也都是封号斗罗，但心里都有数，七个人绑在一块儿，都不够那两人其中任何一个一只手打的。
现在大祭司大人明显正在气头上，权杖抡得跟风车似的，那股子凶残劲儿，别说是人了，连海魂兽看了都得绕道走。
这时候谁敢上去劝架，万一被大祭司大人顺手也给一权杖……
“咳，我觉得……大祭司大人出手还是很有分寸的。”
海星斗罗一本正经地分析起来。
“你看，虽然场面激烈，但千道流只是狼狈，并未真正重伤，说明大祭司大人只是想出出气。”
众人深以为然地点点头。
没错没错，大人的事，他们这些做下属的，看着就好，瞎掺和什么！"
第238章 七圣柱围观名场面：大祭司家暴大供奉？,https://www.biquh.com/678_678189/65993224_7.html,"
于是，七位在海神岛地位尊崇的圣柱斗罗，非常光棍地选择了一边看戏。
而正在逃窜的千道流欲哭无泪。
他一边躲，心里一边焦急地计算着时间。
从这里飞回武魂城，就算他拼了老命，也得将近一天一夜。
再这么打下去，别说赶不上明天的午饭了，连晚饭都悬了！
一想到那碗热气腾腾、金光闪闪的黄金蛋炒饭，可能会因为自己迟到而错过……
千道流的心，就像被一只无形的大手狠狠揪住。
疼！
比被权杖敲在脑门上还疼！
不行！
绝对不行！
为了蛋炒饭！
为了那份额外的奖励！
也为了保安的荣耀！
就在波塞西又一记势大力沉的权杖当头砸来时。
一直抱头鼠窜的千道流，突然停下了脚步。
他猛地转过身，不再躲闪。
那双委屈的眼睛中，爆发出一种视死如归的决绝光芒。"
第238章 七圣柱围观名场面：大祭司家暴大供奉？,https://www.biquh.com/678_678189/65993224_8.html,"
波塞西一愣。
他要还手了？
远处的七圣柱斗罗也是心头一紧。
要动真格的了！
然而，接下来发生的一幕，让在场所有人的大脑，都当场宕机。
只见千道流非但没有释放武魂，反而攥紧双拳，用一种近乎悲壮的语气，发出了振聋发聩的怒吼！"
第239章 再耽误下去，就赶不上明天的晚饭了！,https://www.biquh.com/678_678189/65994147.html,"
（236章解封了，不过删了很多，没看的可以去看看。）
“啊啊啊啊！别敲了！！”
千道流那悲愤交加的怒吼，如同一道惊雷，炸响在海神岛的上空。
这声怒吼中，蕴含的不是被殴打的愤怒，也不是身为绝世强者的尊严受辱。
而是一种更深沉、更纯粹、更令人心碎的绝望！
“再耽误下去！咱们就赶不上明天的晚饭了！！”
晚饭！
这两个字，从千道流的嘴里吼出来，带着一种足以撼动山海的磅礴气势。
那是一种为了信仰而战的决绝！
远处的七圣柱斗罗听得一愣一愣的。
晚饭？
就为了赶一顿晚饭？
你一个九十九级的绝世斗罗，横跨半个大陆跑来我们海神岛。
被我们大祭司大人拿着权杖追着敲了半天，结果你最在意的……是会错过一顿饭？
他们感觉自己的世界观，正在被这个男人以一种极其粗暴的方式，反复蹂躏。
而就在波塞西又一次当头砸下的权杖，千道流这一次没有再躲。
只见他深吸一口气，腰马合一，对着那根象征着海神大祭司无上地位的权杖，结结实实地一拳擂了出去！
“哈！”"
第239章 再耽误下去，就赶不上明天的晚饭了！,https://www.biquh.com/678_678189/65994147_2.html,"
这一拳，没有丝毫的花哨。
充满了朴实无华的力量，以及对蛋炒饭的无限向往。
下一瞬。
拳与杖，轰然相撞！
“铛——！！！！”
一声金铁交鸣之声响起，一股起浪以两人为中心，呈环形疯狂扩散！
远处的七圣柱斗罗被这股气浪吹的衣袍飞舞，骇然地看着风暴的中心。
时间，在这一刻仿佛静止。
千道流保持着出拳的姿势，一动不动。
波塞西也保持着挥杖的动作，宛如一尊绝美的冰雕。
众人的目光，不由自主的落在那根由深海秘银打造，传承了不知多少代的海神大祭司权杖上。
只见从千道流拳头轰击的位置开始，以一个极其诡异的角度……弯了下去。
形成了一个完美的，标准的，“L”形。
千道流看着这权杖的形状，下意识的一愣，差点没来上一句：这形状我熟啊！
而波塞西，看着那根已经彻底报废，变成了“拐杖”的权杖上。
她的身体，开始以一种肉眼可见的幅度，剧烈地颤抖起来。
“千！道！流！！”"
第239章 再耽误下去，就赶不上明天的晚饭了！,https://www.biquh.com/678_678189/65994147_3.html,"
波塞西一字一顿，声音是从牙缝里挤出来的。
她心疼地将那根L形权杖收回魂导器，那动作，像是在安葬自己一位战死的挚友。
随后，她缓缓抬头。
那双海蓝色的美眸，此刻已经彻底化为了一片深不见底的幽蓝风暴！
轰！！
无尽的蓝色光焰从她体内冲天而起，搅动风云，整片大海都开始为之咆哮！
海神武魂在她身后骤然浮现！
黑！黑！黑！黑！黑！黑！黑！黑！红！
当看到波塞西亮出魂环时，远处的七圣柱斗罗齐齐倒吸一口凉气！
“大祭司大人……动真格的了！”
千道流见状，非但没有畏惧，反而长舒了一口气。
打！
赶紧打！
打完了我好带你走人！
他看着彻底暴走的波塞西，脸上甚至还露出了几分歉意。
“西西！我也不想和你动手！”
千道流的声音在狂暴的海风中，清晰地传入每个人耳中。
“但是等到了枫染亭以后，你会理解我的！”"
第239章 再耽误下去，就赶不上明天的晚饭了！,https://www.biquh.com/678_678189/65994147_4.html,"
“你甚至会感谢我！”
说着，他同样不再保留。
金色的天使武魂在背后浮现，同样是九个令人窒息的魂环冲天而起！
两大站在斗罗大陆金字塔顶端的绝世斗罗，在这一刻，终于毫无保留地，释放出了自己全部的力量！
......
枫染亭，一楼大厅。
与海神岛那毁天灭地般的末日景象截然不同。
这里，岁月静好，气氛……极其诡异。
十几位封号斗罗，此刻有一个算一个，全都像是被施了定身术。
他们或端着饭碗，或举着筷子，一个个神情呆滞，目光直勾勾地盯着同一个方向。
柜台。
林枫正闭目养神，靠在躺椅上，对周围的一切充耳不闻。
而在他面前的柜台上，那盆本该安安静静当个盆栽的蓝银皇，正以一种极其妖娆的姿态，疯狂地“秀着身材”。
那根充当“腰肢”的叶片，时不时地对着林枫的方向，轻轻地，风情万种地扭动一下。
那动作……
那姿态……
就差在旁边插一根钢管，再配上一段带劲的BGM了。"
第239章 再耽误下去，就赶不上明天的晚饭了！,https://www.biquh.com/678_678189/65994147_5.html,"
更离谱的是，它似乎察觉到了林枫对它的“搔首弄姿”无动于衷，竟然开始伸出几根纤细的藤蔓，试图往林枫的身上蹭。
林枫眼皮都没抬一下。
可那藤蔓刚一靠近，就被一层无形的屏障挡住，怎么也无法寸进。
蓝银皇的叶片人性化地抖了抖，仿佛受了天大的委屈，藤蔓都耷拉了下去。
但仅仅过了几秒钟，它又重振旗鼓，换了个角度，换了个姿势，继续开始新一轮的“才艺表演”。
“呵……”
一声轻笑，打破了这诡异的寂静。
众人闻声看去，只见星罗大帝戴天风，正单手捂着脸，肩膀微微耸动。
他脸上，是一种看破红尘，大彻大悟的淡然。
“陛下，您……”丞相小心翼翼地问。
“没事。”
戴天风摆了摆手，放下了手，露出一张生无可恋的脸。
他目光扫过那株还在扭动的蓝银皇，又看了看周围一群见怪不怪的封号斗罗，最后长长地叹了口气。
“朕只是在想……”
“经历了这么多，朕感觉自己的心境，得到了前所未有的升华。”
戴天风的声音，带着一种超脱世俗的沧桑。
“接下来，无论再发生什么离谱的事情，朕大概……都不会再惊讶了。”
习惯了。"
第239章 再耽误下去，就赶不上明天的晚饭了！,https://www.biquh.com/678_678189/65994147_6.html,"
真的习惯了。
连一株草是别人的老婆这种事都见识过了，还有什么能让他动容的？
这个世界，就这样了。
毁灭吧，赶紧的。
而在这一片诡异的氛围中，唯有两个人，是真正的“出淤泥而不染”。
一个是坐在角落，正将脸埋在比她脸还大的碗里，疯狂干饭的灵鸢斗罗。
另一个，则是坐在宁风致身边，同样化悲愤为食欲的宁荣荣。
这还是她第一次，在枫染亭里吃上一顿真正的正餐。
当那碗炒饭端到她面前时，她几乎是瞬间就红了眼眶。
米饭粒粒分明，颗颗饱满，每一粒都被金黄的蛋液完美包裹，散发着一种令人灵魂战栗的异香。
宁荣荣小心翼翼地舀起一勺，送入口中。
轰！
难以言喻的极致美味，如同宇宙大爆炸一般，在她味蕾上轰然炸开！
那一瞬间，她感觉自己整个人都升华了！
甚至就连连续烤串的疲惫都消散了不少。
“呜……太……太好吃了……”
宁荣荣的眼泪，不受控制地顺着脸颊滑落，滴进饭碗里。
当然，东西好吃只是一部分原因。
她之所以哭，更多的还是被这群老流氓给气的！"
第240章 千道流：完了！打架忘带家伙了！,https://www.biquh.com/678_678189/65994148.html,"
就在昨天深夜，在她被从城外“请”回来之后。
以金鳄斗罗为首的一众供奉，连夜召开了一场“武魂殿关于保障高端战力后勤供给稳定性”的紧急会议。
会议的核心议题只有一个：如何杜绝宁荣荣同志的再次“离家出走”。
会议上，金鳄斗罗慷慨陈词，痛心疾首地指出了问题的严重性。
“一旦宁荣荣同志流失，我们将面临严重的‘烧烤危机’！其后果不堪设想！”
“此女，身负的不是简单的厨艺，而是关乎我武魂殿未来幸福指数的战略级核心技术！”
一番话，说得在场所有封号斗罗频频点头，深以为然。
最终，会议全票通过了一项“最高级别战略人才保护议案”。
议案规定：为保护珍稀技术人才宁荣荣同志的人身安全，即日起，对其进行24小时全天候贴身“守护”。
说白了，就是把她当犯人一样看着。
上厕所都有俩封号斗罗守在门口的那种！
这也是为什么，她这个“御用烧烤师”在忙碌了一夜后，不仅没能去补觉，反而还能坐在这里吃正餐的原因。
吃完这顿，休息休息，晚上还得接着烤！
想到这里，宁荣荣的眼泪流得更凶了，刨饭的速度也更快了。
不吃饱，哪有力气哭，又哪有力气……继续给这帮老强盗当牛做马！
......
“错了错了！西西！我错了！”
“我不该弄坏你的权杖！我赔！我拿教皇权杖赔你行不行！别打了！”"
第240章 千道流：完了！打架忘带家伙了！,https://www.biquh.com/678_678189/65994148_2.html,"
另一边，七圣柱想象中的两位绝世斗罗持续数日的旷世之战，并没有发生。
这场战斗，结束得出奇的快，或者说，千道流败得出奇的快。
原因倒也很简单。
其一，他连续飞了一天一夜，横跨大半个大陆，魂力早就消耗大半，身体状态根本不是巅峰。
其二，也是最关键的，这里是海神岛，是波塞西的主场！
在这海神岛上，波塞西可以肆无忌惮的调用海神神力作战，整个大海都仿佛化作她的武器库！
千道流刚用天使领域撑开一片天，还没来得及喘口气。
下一秒，波塞西纤手一招。
一柄由纯粹海水与神力凝聚而成的黄金三叉戟，凭空出现在她手中！
那玩意儿一出来，整个海神岛的光线都暗了下去。
海神三叉戟的投影！
这东西虽然不是神器本体，但有了它的加持，足以让波塞西的战斗力短时间内暴涨！
千道流看到那玩意的瞬间，整个人都傻了。
打个架而已，用得着把海神的神器投影都掏出来？
千道流心里疯狂吐槽，但动作却一点不慢。
你有神器，我也有！
千道流右手猛地向天上一伸，姿势摆得要多帅有多帅，嘴里还中二地念叨着。"
第240章 千道流：完了！打架忘带家伙了！,https://www.biquh.com/678_678189/65994148_3.html,"
“天使圣剑，来！”
帅气的姿势，保持了足足三秒。
海风吹过，吹动他凌乱的头发。
一只海鸟飞过，还在他头顶拉了泡屎。
就是剑没来。
千道流脸上的表情，瞬间一黑。
等等。
我的剑呢？
千道流保持着高举右手的姿势，又等了两秒。
还是没来。
直到这时，千道流的脑子才嗡的一声。
玛德！
走的太急，忘带天使圣剑了！
客场作战，状态不佳，还没带武器。
这还打个屁！
于是，最终的结果，就是千道流被波塞西按在沙滩上，结结实实地摩擦了一顿。
海神殿前，七位圣柱斗罗看着自家大祭司大人，将武魂殿的大供奉揍得鼻青脸肿，一个个眼观鼻，鼻观心，假装自己是块礁石。
惹不起，惹不起。"
第240章 千道流：完了！打架忘带家伙了！,https://www.biquh.com/678_678189/65994148_4.html,"
打完了，气也出了。
波塞西冷着脸，居高临下地看着躺在地上装死的千道流，一指大陆的方向。
“滚。”
千道流一听，立马一个鲤鱼打挺从地上蹦了起来，拍了拍身上的沙子笑道。
“西西啊，你看打也打了，气也消了，是不是可以跟我回去了？”
波塞西：？
七圣柱斗罗：？？
你是不是没听懂人话？
波塞西气得胸口又开始疼了。
她深吸一口气，决定不跟这个神经病一般见识，扭头朝着一边走去。
可是她没走几步，就发现千道流也跟了上来。
那家伙就像一块黏在鞋底的牛皮糖，甩都甩不掉。
波塞西走一步。
他跟一步。
波塞西停下。
他也停下，还顺带欣赏了一下海神岛的风景，一副“我什么都没干”的无耻嘴脸。
波塞西加快脚步，裙摆在风中划出优美的弧线，几乎是在崖边飘行。"
第240章 千道流：完了！打架忘带家伙了！,https://www.biquh.com/678_678189/65994148_5.html,"
千道流二话不说，脚底魂力一催，紧紧缀在后面。
保持着一个既能表达“我在追你”又不会显得太冒犯的绝佳距离。
终于，波塞西忍无可忍，猛的一回头怒声道：
“你到底想干什么？”
“带你走啊。”
千道流回答得理直气壮，脸上满是“你怎么连这都不懂”的表情。
他一脸严肃地竖起一根手指，神情庄重得像是在宣布天使神的旨意。
“我跟你说，西西，我是不会走的。”
“除非，你跟我一起去枫染亭，就任保安副队长一职！”
波塞西懒得再理他，转身就走，速度提到了极致。
千道流见状，立马屁颠屁颠地跟上。
两人就这么一个在前面走，一个在后面追，在海神殿上演了一出诡异的追逐战。
一直到了饭点。
海神殿内。
侍女们端着精致的白玉餐盘，将一盘盘如同艺术品，散发着海洋灵气的珍馐美味，小心翼翼地摆到了波塞西的餐桌上。
波塞西按了按发痛的太阳穴，总算能清静一会儿了。
七圣柱斗罗中，也就海魔女这个缺心眼的敢留下来。
其余六个，早就被自家大祭司那阴沉的脸色吓得溜回各自的圣柱了。"
第240章 千道流：完了！打架忘带家伙了！,https://www.biquh.com/678_678189/65994148_6.html,"
“波塞西大人，我能在这里跟您一起吃午饭吗？”
海魔女眨巴着大眼睛，单纯地问道。
波塞西看着她，心情稍微好转了一些，点了点头。
然而，下一秒......
“刺啦——”
一声刺耳的椅子拖地声响起。
波塞西的眼皮猛地一跳。
她看见千道流那个凑不要脸的，居然不知道从哪儿搬了张椅子，非常自来熟地，一屁股坐到了她的对面！
波塞西拿着筷子的手，青筋暴起。
“谁让你坐下的！起来！”
但是千道流却丝毫不在意波塞西的呵斥，他甚至从自己的魂导器里，掏出了一副自带的，镶着金边的碗筷。
他夹起一块波塞西面前那盘最精致的“深海银鳕”，在对方杀人般的目光中，悠然自得地塞进嘴里。
“哎呀，西西，咱们之间还分什么彼此。”
他一边咀嚼，一边含糊不清地说道，准备再点评几句。
可是他的话还没说完，嘴里咀嚼的动作，忽然慢了下来。
紧接着，停住。
那张原本还带着几分无赖的笑脸，一点点地僵硬。
“呸——！”
最后，他猛地转过头，将嘴里的东西一口喷了出去。"
第241章 剩饭登场！来自绝世斗罗的顶级施舍！,https://www.biquh.com/678_678189/65994149.html,"
海魔女猛地低下了头。
那块被千道流嚼了一半，又嫌弃吐出来的鱼肉，几乎是贴着她的发丝飞了过去。
最后“啪叽”一下，糊在了远处一根华丽的廊柱上，缓缓滑落，留下一道黏腻的痕迹。
千道流擦了擦嘴，转头看向脸色已经黑如锅底的波塞西，那眼神，充满了真诚的、不加掩饰的怜悯。
“西西，你平时就吃这个？”
波塞西握着筷子的手，指节已经因为用力而泛白，那双海蓝色的美眸死死地瞪着他，显然连一个字都不想回答。
倒是旁边的海魔女，在惊魂甫定后，直起了身子，不解地歪了歪头。
她单纯的脑回路无法理解眼前发生的一切。
“大供奉，我们一直都是吃的这些啊。”
海魔女指了指桌上那些流光溢彩，散发着精纯魂力的“海鲜”。
“而且，您刚才吃的那块‘深海银鳕’，是只有大祭司大人才能享用的顶级食材，采集过程极为不易，有什么问题吗？”
“问题？”
“问题？”
千道流听到这话，像是听到了什么天大的笑话。
“问题可太大了去了！”
一时间，千道流看向海魔女和波塞西的目光中，那股怜悯之情，几乎要溢出来。
他长长地，长长地叹了一口气。
可怜啊。"
第241章 剩饭登场！来自绝世斗罗的顶级施舍！,https://www.biquh.com/678_678189/65994149_2.html,"
也只有没品尝过前辈所烹饪的真正美食的你们，才会把这种东西当做宝了。
“寡淡无味。”
千道流摇了摇头，给出了第一个评价。
“腥气冲鼻。”
他又摇了摇头，给出了第二个评价。
最后，他用一种盖棺定论的语气，总结道。
“简直是暴殄天物！是对食材最大的亵渎！”
“西西啊西西。”
千道流直起腰，痛心疾首地看着波塞西。
“你过的是什么苦日子啊！”
他一指桌上的菜肴，声调都高了八度，充满了传销头子般的激情与煽动力。
“我告诉你！在你眼里，这或许是美食！”
“但在枫染亭，在那位前辈的店里！”
千道流伸出一根手指，几乎要戳到波塞西的鼻子上。
“这种东西，连被端上桌的资格都没有！”
“你们根本无法想象，前辈做的美食，是何等的存在！”
“那极致的香味，能让人的灵魂都为之战栗！”"
第241章 剩饭登场！来自绝世斗罗的顶级施舍！,https://www.biquh.com/678_678189/65994149_3.html,"
千道流一番发自肺腑的吹嘘过后，波塞西依旧冷着脸，不为所动。
反倒是旁边的海魔女，那双单纯的大眼睛里，闪烁起了名为“好奇”的光。
咕噜。
一声清晰的，咽口水的声音，在安静的大殿里响起。
海魔女的脸颊微微一红，但还是忍不住小声问道：“大供奉，那位前辈做的食物，真的……真的有那么好吃吗？”
这个问题，像是瞬间点燃了千道流的分享欲！
“那当然！”
说道这里，千道流突然想起了什么，眼神一亮。
随后，他在两人注视下，干咳一声，表情重新变得严肃而庄重。
“今天，我就让你们开开眼。”
说着，他小心翼翼地，如同捧着一件绝世珍宝般，从自己的魂导器里，取出了一个玉碗。
波塞西和海魔女的目光，不约而同地聚焦在了那个玉碗上。
以千道流那副郑重其事、如同朝圣般的姿态，碗里装的恐怕绝非凡品！
然而，当千道流把那玉碗微微倾斜，两人的表情瞬间凝固。
海魔女眨了眨眼，又眨了眨眼，小脑袋歪向一旁，满脸都是问号。
因为那碗里不是别的，正是千道流离开枫染亭前，打包的那……半碗蛋炒饭。
就这？
这是波塞西和海魔女脑子里，同时冒出来的念头。"
第241章 剩饭登场！来自绝世斗罗的顶级施舍！,https://www.biquh.com/678_678189/65994149_4.html,"
搞出这么大的阵仗。
还以为你会掏出什么不得了的东西。
结果……你就拿出来一碗蛋炒饭？
而且看那样子，怎么感觉像是吃剩下的！
然而，更让两人感到荒谬的还在后面。
千道流在掏出这半碗饭后，并没有大方地递给她们。
反倒是满脸肉疼地，从自己的魂导器里又摸出了一个金灿灿的小勺子。
他用勺子尖，小心地，谨慎地，仿佛在分割一块价值连城的神金一般，从碗里挖了那么一小勺。
真的，就一小勺！
那点饭，估计也就十几粒米。
他先是将这一小勺蛋炒饭倒进了海魔女的碗里。
接着，他又挖了稍微多了点的一小勺，伸到了波塞西的面前。
在将那二十几粒米饭倒进波塞西那干净的白玉碗里时，他甚至还用那小金勺，在对方的碗沿上……
“梆、梆。”
轻轻地磕了两下。
把粘在勺子上的最后两粒米饭，也磕进了碗里。
那感觉……"
第241章 剩饭登场！来自绝世斗罗的顶级施舍！,https://www.biquh.com/678_678189/65994149_5.html,"
就跟喂完自家看门狗后，生怕浪费一点狗粮的抠门主人似的。
波塞西：“……”
海魔女：“……”
“尝尝，都尝尝！”
千道流的声音里带着一种“你们占了大便宜”的施舍感。
“保证你们吃完，连自己是谁都忘了！”
说完，他看都不再看两人一眼，抱着自己那还剩下大半的碗。
自顾自地，大口大口地往嘴里扒拉起来，脸上露出了无比幸福的陶醉表情。
波塞西看着自己碗里那可怜兮兮的十几粒米饭。
又看了看已经开始大快朵颐的千道流。
她几乎是下意识地端起了碗，想要将这碗“嗟来之食”，狠狠地砸在对面那张厚颜无耻的脸上！
可当她拿起碗时，动作却又顿住了。
碗里的蛋炒饭，虽已冰冷，却依旧颗颗分明，粒粒饱满。
每一粒米饭，都被一层薄薄的、金黄剔透的蛋液完美包裹，在海神殿柔和的光线下，折射出一种近乎梦幻的光泽。
没有浓郁的香气飘散出来。
可就是这么看着，波塞西的喉咙，却不受控制地滚动了一下。
看上去……好像……还不错？
要不……就尝一口？"
第241章 剩饭登场！来自绝世斗罗的顶级施舍！,https://www.biquh.com/678_678189/65994149_6.html,"
这个念头刚一冒出来，就被她强行压了下去。
开什么玩笑！
自己刚刚才把这家伙暴打了一顿，现在就吃他施舍的剩饭？
她的面子往哪儿搁？
海神大祭司的尊严还要不要了？
就在波塞西天人交战，为了自己那点可怜的骄傲而犹豫不决的时候。
另一边的海魔女，可没那么多心理负担。
她早就被千道流的描述勾得口水直流了。
此刻看到实物，哪里还忍得住。
她端起碗，用筷子将那一小口蛋炒饭扒拉到一起，然后一口塞进了嘴里。
她闭上眼睛，细细地咀嚼着。
刚开始，她的脸上还带着几分困惑。
似乎在奇怪，这冷掉的饭，味道也平平无奇嘛。
然而，仅仅是两秒之后，她那张还带着几分好奇的俏脸，表情瞬间凝固。
紧接着，那双清澈的眼眸，猛地睁大！
那双单纯的眸子里，爆发出一种前所未有的，璀璨夺目的光芒！
下一秒。"
第241章 剩饭登场！来自绝世斗罗的顶级施舍！,https://www.biquh.com/678_678189/65994149_7.html,"
海魔女的目光，如同最凶狠的饿狼，死死地，一动不动地，锁定在了千道流手中的那个玉碗上。
那碗里快速消失的每一粒米饭，都像是在剜她的心头肉！
“啊啊！！你别吃了！”"
第242章 嘴上说不要，身体却很诚实！,https://www.biquh.com/678_678189/65994717.html,"
海魔女那声撕心裂肺的尖叫，极具穿透力，成功让陷入天人交战的波塞西猛然回神。
她一抬眼。
就看到海魔女那娇小的身影，如同被投石机发射出去的炮弹，带着一股一往无前的决绝，直挺挺地朝着千道流扑了过去。
那姿势，不像是在抢饭，倒像是在拼命。
目标，正是千道流手中那个已经被他扒拉了大半的玉碗！
然而，实力上的鸿沟，是无法用食欲来填平的。
面对海魔女这记“饿虎扑食”，千道流甚至连头都没抬。
他只是随意地，甚至可以说是敷衍地，抬起了自己的左手，对着半空中那道倩影，一拳捶了下去。
砰！
一声闷响。
飞在半空中的海魔女，动作戛然而止，然后狠狠掼在了地上。
她整个人趴在光洁的地板上，脑袋上以肉眼可见的速度鼓起一个热气腾腾的大包，身体还在不自觉地一抽一抽的。
千道流吹了吹自己的拳头，仿佛沾上了什么灰尘。
他这才斜着眼，瞥了一眼地上已经开始翻白眼的海魔女，一仰头，用一种极其欠揍的语气说道。
“真以为老夫是吃素的？”
“我打不过西西，那只是不舍得下手罢了！你算哪根葱？”
吹完这个牛逼，他心满意足地转过头，又一次埋首于那半碗蛋炒饭中，发出了幸福的“吸溜”声。
可就是这样了。"
第242章 嘴上说不要，身体却很诚实！,https://www.biquh.com/678_678189/65994717_2.html,"
地上那挺尸般的海魔女，居然凭借着对美食的无上执念，又一次摇摇晃晃地，坚持着从地上爬了起来。
千道流扒饭的动作一顿，警惕地抬起头，捏紧了拳头。
“怎么？还想尝尝老夫的拳头？”
这一次，知道了硬来行不通的海魔女，居然一改刚才的凶悍，用上了终极计策！
卖萌！
只见她可怜巴巴地仰起头，双手在身前捧着自己那空空如也的碗，一双水汪汪的大眼睛就这么眨巴着，委屈地望着千道流。
她脑袋上那个冒着青烟的疙瘩，配上这副楚楚可怜的模样，简直是我见犹怜。
“大供奉……”
她的声音又软又糯，带着一丝若有若无的哭腔。
“您就再给我一口吧，就一口！”
这幅模样，但凡换成七圣柱中任何一个有点良心的男人，怎么着也得分给她一些。
但是，千道流是谁？
是蛋炒饭的狂热信徒！是林枫座下认证的“蛋炒饭仙人”！
美食当前，波塞西恐怕都得往后稍稍，更何况是一个卖萌海魔女？
他只是不屑地翻了个白眼，撇了撇嘴，甚至还极其过分地换了个方向，背对着海魔女，扒饭的声音得更响了。
用实际行动表达了四个字：莫挨老子！
眼见千道流这边油盐不进，海魔女眼中的光芒黯淡了下去。"
第242章 嘴上说不要，身体却很诚实！,https://www.biquh.com/678_678189/65994717_3.html,"
但下一秒，她的目光，精准地锁定在了不远处，从头到尾都端坐着看戏的波塞西身上。
以及，波塞西手中那只盛着二十几粒米饭的玉碗！
被那饿狼般的目光盯上，波塞西不知怎地，心里突然咯噔一下。
她那只握着玉碗的手，下意识地，又收紧了几分。
“波塞西大人……”
海魔女的声音幽幽传来，带着一丝蛊惑。
“我看您这么久都没吃，想来，一定是看不上这等粗鄙的食物吧？”
“也是，这饭又冷又硬，一点都不好吃，完全不符合您高贵的身份。”
“要不……还是让属下来替您解决这个烦恼吧！”
话音未落，海魔女都不等波塞西回应。
她故技重施，整个人再次化作一道离弦之箭，朝着波塞西手中的玉碗扑了过去！
下一秒。
扑通！
海魔女结结实实地扑了个空，脸直接砸在了桌沿上，疼得她眼泪都飙了出来。
她茫然地回过头。
只见波塞西不知何时已经站起了身，那只端着玉碗的手，优雅地抬起，将碗换到了另一侧，完美地避开了海魔女的“毒手”。
“波塞西大人？”海魔女捂着被撞红的鼻子，不解地看着她。
听到海魔女的声音，波塞西才如梦初醒。"
第242章 嘴上说不要，身体却很诚实！,https://www.biquh.com/678_678189/65994717_4.html,"
她白皙的脸颊上，浮现出一抹不正常的红晕。
她做了什么？
她居然……躲开了？
波塞西的理智在脑海中疯狂尖叫。
放手啊波塞西！清醒一点！
这不就是一口蛋炒饭吗？还是别人吃剩下的冷饭！
给她！赶紧给她！
你堂堂海神大祭司，难道还要为了区区一口剩饭，和自己的下属争抢不成？
这要是传出去，海神岛的威严何在？海神大人的脸面何存？
然而，理智的想法，终究是那么的苍白无力。
身体，远比思想更加诚实。
波塞西咬了咬银牙，将头偏向一边，仿佛不忍再看那碗里的米饭，随后将握着碗的手，向前一递。
“拿去。”
她的声音，冰冷而生硬，带着一种施舍后的烦躁。
海魔女见状，顿时大喜过望！
她连忙伸出双手，一把抓住了玉碗的另一边，用力向自己这边拽。
可是……"
第242章 嘴上说不要，身体却很诚实！,https://www.biquh.com/678_678189/65994717_5.html,"
拽不动？
海魔女用上了吃奶的力气，小脸都涨的通红，那只玉碗却像是焊在了波塞西的手上，纹丝不动。
“波塞西大人……您快松手啊！！”海魔女急得都快哭了。
大殿之中，一副极其诡异的画面，就此定格。
那只小小的玉碗，成了拔河的中心。
一边，是海魔女双手并用，连薅带拽，急的哇哇乱叫。
另一边，是高贵冷艳的海神大祭司，明明只用一只手优雅地持着碗。
脸上还是一副“我根本不在意”的表情，可手上那力道，却大得惊人。
怎么也无法让海魔女把这小碗夺走。
就在这时，海魔女眼看抢不过，居然心生一计！
她放弃了抢碗，猛地一低头，张开嘴就朝着碗里的那十几粒米饭咬了过去！
这个突如其来的动作，让波塞西心头一慌！
她几乎是本能想要将碗撤回。
可她忘了，海魔女的手还死死地抓着另一边！
那股一直用来保护小碗的魂力，在这一瞬间的慌乱中出现了中断与失控！
“咔嚓——！”
一声清脆到令人心碎的声响，在大殿中骤然响起。
那只本就脆弱的玉碗，在两位封号强者的角力下，终于抵达了它生命中不可承受之重。
“咔嚓——！”"
第243章 千道流：就说你馋，你还不承认！,https://www.biquh.com/678_678189/65994718.html,"
清脆的碎裂声，在大殿之中显得格外刺耳。
时间仿佛在这一刻被按下了慢放键。
在海魔女和波塞西骤然收缩的瞳孔中，那只玉碗应声而裂，化作两半。
碗中那二十几粒金黄米饭，在空中洋洋洒洒地朝着冰冷的地板落去。
“不——！”
海魔女的脑子瞬间一片空白，只剩下一个念头。
不能掉在地上！
她的身体快过了思想，几乎是本能地，她就要张开嘴，以一个极其不雅的姿势。
像一条嗷嗷待哺的雏鸟，试图在半空中将那些金色的米粒“拦截”下来。
然而，有人比她更快。
就在海魔女的嘴巴即将触碰到那些米饭的前一刹那。
她突然感觉头顶一沉，一股熟悉的，沛然莫御的大力袭来。
“咚！”
又是一声沉闷的撞击声。
海魔女的再一次与坚硬的地板进行了亲密接触，再光荣扑街。
在她原本已经高高鼓起的大包上，又精准地叠加了一个全新的、热气腾腾的疙瘩。
那样子，活像个成了精的葫芦。
将海魔女一击KO的，不是别人，正是波塞西！"
第243章 千道流：就说你馋，你还不承认！,https://www.biquh.com/678_678189/65994718_2.html,"
这位高贵冷艳的海神大祭司，在玉碗碎裂的瞬间，身体就做出了最诚实的反应。
那只白皙如玉的右手闪电般探出，魂力如最轻柔的丝线，精准地卷住了每一粒即将落地的米饭。
整个过程，行云流水，快到极致。
当海魔女扑街的时候，所有的米粒，已经一粒不差地，安然躺在了波塞西那白皙如玉的手掌中。
海魔女艰难地抬起头，视线模糊，泪水在眼眶里打转。
她内牛满面地望着波塞西。
“波塞西大人……您不是不吃吗？为什么……为什么不给我啊？”
声音里，充满了被全世界背叛的委屈。
看着海魔女这副没出息的模样，波塞西白皙的脸颊上闪过一丝可疑的红晕。
她冷哼一声，将头偏向一边，声音依旧冰冷。
“闭嘴！成何体统！”
“我只是要亲口尝尝，这东西到底有什么魔力，能让你失态到这种地步！”
她更要用事实证明，这所谓的“美食”，根本就没什么了不起的！
没错！
就是这样！
波塞西的眼神，瞬间变得坚定、肃穆，甚至带上了一丝神圣的使命感。
她这不是为了满足自己的口腹之欲！"
第243章 千道流：就说你馋，你还不承认！,https://www.biquh.com/678_678189/65994718_3.html,"
她是为了海神岛！
千道流这个疯子，用这来历不明的食物，已经成功策反了自己最忠心的下属之一。
谁知道这东西里面有没有什么古怪？
谁知道这是不是武魂殿新的阴谋？
身为海神岛的大祭司，她有责任，也有义务，亲口尝一尝这东西！
她要以身试毒！
她要用自己强大的修为和意志，来分析这食物的构成，破解武魂殿的阴谋！
这，是为了探究真相！
这，是为了让那个疯疯癫癫的下属恢复正常！
这，是为了维护海神岛千百年来的神圣与尊严！
在心中给自己找到了一个完美到无可辩驳，甚至堪称伟大的理由后。
波塞西终于不再犹豫，在海魔女那逐渐绝望的目光中，直接把那些蛋炒饭塞进嘴里。
动作决绝，甚至带着几分悲壮。
米饭入口，冰冷，微硬。
波塞西的眉尖几不可查地蹙了一下。
就这？
她开始咀嚼。
然而，就是这一下。"
第243章 千道流：就说你馋，你还不承认！,https://www.biquh.com/678_678189/65994718_4.html,"
轰——！！！！
一股难以用言语形容的，极致的，霸道的香味，如同沉寂了亿万年的火山，在她的口腔中轰然爆发！
那不是单纯的香味。
那是一场风暴！一场席卷灵魂的宇宙大爆炸！
金黄的蛋液，在牙齿的碾磨下释放出醇厚到极致的鲜香，完美地唤醒了包裹在其中的米粒。
每一粒米，都在瞬间活了过来！
它们在舌尖上跳跃，在齿间弹射，释放出一种甘甜软糯、浸润心脾的谷物芬芳。
两种看似简单的味道，却以一种神乎其技的方式，融合、碰撞、升华！
那一瞬间，波塞西感觉自己整个人都升华了。
波塞西的身体，微微颤抖起来。
她原本紧绷的嘴角，不自觉地向上扬起，勾勒出一个她自己都未曾见过的，纯粹而满足的弧度。
那双海蓝色的美眸，不知何时已经睁开。
只是那其中，早已没有了往日的清冷与威严。
取而代之的，是一种迷离，一种沉醉，一种近乎于痴傻的……幸福。
她恋恋不舍地，用尽了全身的力气，才将口中那已经化作琼浆玉液的米饭，缓缓咽下。
海魔女艰难地从地上爬起来，看着自家大祭司大人这副模样，小心翼翼地凑了过去，伸出手在她眼前晃了晃。
“大人？波塞西大人？您……您没事吧？”"
第243章 千道流：就说你馋，你还不承认！,https://www.biquh.com/678_678189/65994718_5.html,"
这声呼唤，如同一颗石子投入平静的湖面，终于让波塞西的眼神，重新恢复了一丝焦距。
她缓缓地，眨了眨眼。
迷离褪去。
清明回归。
然后，她看到了海魔女那张写满了担忧，又带着几分古怪的脸。
她又看到了不远处，千道流那张憋着笑，一副“我早就知道会这样”的欠揍嘴脸。
波塞西的脸颊，“腾”的一下，从耳根红到了脖子。
那是一种混杂着羞耻、懊恼、以及无地自容的绯红。
她活了上百年，还从未像今天这样失态过！
“咳！”
波塞西猛地干咳一声，强行收敛起脸上所有不该有的表情，重新摆出那副高贵冷艳的大祭司仪态。
她挺直了背脊，试图用冰冷的威严，来掩盖那颗正在疯狂跳动的心。
可是，越是想掩盖，那残留在唇齿间的极致回味，就越是清晰。
她恶狠狠的目光，最终落在了千道流的身上。
那个罪魁祸首！
然而，当她的目光扫过千道流手中的那个玉碗时，到了嘴边的呵斥，却硬生生地拐了个弯。
因为她看到，那碗里，只剩下最后几粒米饭，被千道流用筷子珍惜地聚拢在一起。
一种源自灵魂深处的渴望，瞬间压倒了所有的理智与羞耻。"
第243章 千道流：就说你馋，你还不承认！,https://www.biquh.com/678_678189/65994718_6.html,"
“那个……”
波塞西红唇轻启，声音出口的瞬间，她自己都愣住了。
那声音，不复往日的清冷，反而带着一丝她自己都未曾察觉的……急切与沙哑。
“千道流。”
她深吸一口气，强行让自己的声音听上去更具威严。
“你那炒饭，还有吗？”
她顿了顿，又生硬地补充了一句，试图挽回自己那所剩无几的尊严。
“本座只是想再研究一下，这东西究竟有何奇特之处，刚才那些太少了，不够研究。”
闻言，刚埋头准备吃掉最后一口饭的千道流闻言一顿。
他猛地抬起头来，脸上还沾着一粒金黄的米饭。
“啊？你还要？”"
第244章 波塞西：海魔女，你“被”叛逃了！,https://www.biquh.com/678_678189/65994719.html,"
看看波塞西，又看看地上眼巴巴望着自己的海魔女，脸上浮现出一丝真诚的歉意。
他低头看了看自己碗底那孤零零的三两粒米饭，有些不好意思地挠了挠头。
“西西啊，真没了。”
说着，他以迅雷不及掩耳之势，将最后那几粒米饭扒进嘴里。
那筷子尖与玉碗底部发出的清脆刮擦声，在死寂的大殿中，显得无比刺耳。
然后迅速收起碗筷，假装什么都没发生似的，含糊不清地解释道。
“我出来的急，就只打包了这半碗饭。”
“但是！”
他话锋一转，眼中爆发出传销头子般的光芒。
“只要你肯跟我去枫染亭！别说蛋炒饭了！那里的菜单，山珍海味，应有尽有！保证你要多少有多少！”
“到时候，别说保安副队长了，你要是想，我把大队长的位置让给你都行！”
“在那里，成神都不是问题啊！”
他这番话，听在旁边的海魔女耳朵里，简直如同天籁之音！
她简直都想替波塞西当场答应下来！
然而。
波塞西的关注点，显然不在这里。
她的目光，死死地，一动不动地，锁定在千道流那已经空空如也的碗底上。
千道流这个老东西，居然在她问话的时候，把最后一口饭给炫完了！"
第244章 波塞西：海魔女，你“被”叛逃了！,https://www.biquh.com/678_678189/65994719_2.html,"
这跟把人撩拨到火烧眉毛，然后提上裤子就跑有什么区别？！
一股怒火直冲天灵盖！
“嗡——！”
空气震颤，金光璀璨的海神三叉戟虚影，再次出现在波塞西手中。
那冰冷的戟尖，直指千道流的眉心。
“千道流！”
波塞西的声音冷得能掉冰渣子。
“我现在给你两个选择。”
“一，立刻滚出我的海神岛！”
“二，永远留在这里当化肥！”
千道流一看这架势，顿时一个激灵。
不对劲！
这次的杀气是来真的！
西西是真想弄死我啊！
他本想再劝两句，可看到波塞西手中的三叉戟虚影已经凝聚出令人心悸的恐怖神力，求生欲瞬间拉满。
“别别别，西西，有话好说，我滚，我马上滚！”
千道流连滚带爬地朝殿外冲去，但他贼心不死，离开前还不忘回头扯着嗓子大喊。"
第244章 波塞西：海魔女，你“被”叛逃了！,https://www.biquh.com/678_678189/65994719_3.html,"
“西西！想通了就来武魂城找我！保安副队长的位置给你留着！”
回应他的，是一道撕裂空气的金色流光。
“哎呦卧槽！谋杀亲夫啊！”
千道流一个狼狈的懒驴打滚，险之又险地躲开了那柄几乎是贴着他头皮飞过去的三叉戟。
他再也不敢停留，魂力爆发，头也不回地化作一道金光逃之夭夭。
一时间，海神殿内死寂一片。
只剩下胸口剧烈起伏的波塞西，以及缩在角落里，大气都不敢喘一口的海魔女。
过了许久，波塞西的呼吸才渐渐平复。
海魔女这才壮着胆子，小心翼翼地挪了过来。
“波塞西大人……那个……您真的不去那个枫染亭吗？”
她咽了口唾沫，小脸上满是回味与渴望。
“千道流大人带来的蛋炒饭，真的……真的好好吃哦……”
“您要是去了，肯定能天天吃上那种美食的，难道您……您就一点都不想再吃一次吗？”
波塞西闻言，心头一颤。
她揉了揉海魔女那颗基本装不下多少东西的小脑袋，幽幽叹了口气。
“我身为海神岛大祭司，职责所在，怎能为了一己口腹之欲，擅离职守？”
“这是对海神大人的背叛与亵渎。”
话是这么说，可她的脑海里，却不受控制地，一遍又一遍地回放着刚才那极致的味道。"
第244章 波塞西：海魔女，你“被”叛逃了！,https://www.biquh.com/678_678189/65994719_4.html,"
那霸道的香味，仿佛已经刻进了她的灵魂深处。
海神岛大祭司，听着威风。
可实际上，不过是等待继承人出现，最后献祭自己生命的可怜虫罢了。
百年修为，百年等待，最终的归宿不过是化为新任海神的养料。
想到这里，波塞西的情绪越发低落。
可紧接着，那该死的蛋炒饭味道又一次浮现心头。
嘴里的唾液开始疯狂分泌。
不行！
绝对不行！
她已经品尝过天堂的滋味，怎么还能忍受地狱的伙食？
这要是以后一辈子都吃不到了，那比直接献祭了还难受！
必须想个办法！
必须再吃上那碗饭！
波塞西的眼神逐渐变得危险起来。
作为大祭司，在海神岛无事发生的情况下，她确实不能擅自离开。
但……
如果“有事”发生呢？"
第244章 波塞西：海魔女，你“被”叛逃了！,https://www.biquh.com/678_678189/65994719_5.html,"
而且还是“大事”呢？
她的目光缓缓下移，落在了脑袋上还顶着个“葫芦”的海魔女身上。
海魔女，封号斗罗，七圣柱之一，忠心耿耿，对自己言听计从。
实力强大，脑子……不太好使。
不知道是不是受了刚才千道流的影响，一个大胆的，甚至可以说是缺德的念头，瞬间在她脑海中成型。
海神大人啊……
波塞西在心中默默祈祷。
也为了您最虔诚的信徒不被馋死……
就请您……暂时闭上眼吧！
“咳咳。”
波塞西轻咳一声，吸引了海魔女的注意。
“好了，不说这个了。”
她的声音带着一丝莫名的蛊惑。
“海魔女，你想不想……去见识一下外面的世界？比如，千道流口中的那个枫染亭……”
“咕咚。”
海魔女狠狠咽了口口水，眼睛瞬间亮得像两颗星星。
她当然想！
可是她又不敢表现出来，只是一昧的咽口水。"
第244章 波塞西：海魔女，你“被”叛逃了！,https://www.biquh.com/678_678189/65994719_6.html,"
看着她这副没出息的样子，波塞西嘴角不自觉地勾起。
“既然如此，我以大祭司的特权，准你休个长假，去大陆游玩一段时间。”
海魔女的眼睛瞬间瞪圆了。
“真……真的吗？大祭司大人！那守护圣柱的任务……”
看着对方那单纯又真诚的眼神，波塞西心里闪过一丝愧疚，眼神闪躲，不敢看她那双清澈的眼睛。
可一想到那碗饭的味道……
去他的愧疚！
“嗯。”波塞西硬着头皮点了点头，强装镇定，“我让海龙他们帮你看着点，短期内不会出问题了，注意安全，去吧。”
“谢谢您，大祭司！您真是全世界最好的大祭司！”
单纯的海魔女哪里会想那么多，激动地差点跳起来。
下一秒她就化作一道流光，兴高采烈地朝着千道流离去的方向追了过去，口中还传来欢快的大喊：“蛋炒饭！我来啦！！”
看着她远去的背影，波塞西缓缓坐回主座，无视了满桌的珍馐，闭上了眼睛。
她在等，也在酝酿。
约莫半个时辰后，那双海蓝色的美眸，猛然睁开！
其中再无半分愧疚与渴望，取而代之的是滔天的“怒火”！
她霍然起身，一股属于绝世斗罗的恐怖气息轰然爆发，席卷整个海神殿！
“来人！！”"
第244章 波塞西：海魔女，你“被”叛逃了！,https://www.biquh.com/678_678189/65994719_7.html,"
唰唰唰——！
海龙、海马等六位圣柱斗罗感应到这股气息，脸色剧变，皆是在数息之间出现在大殿之内，单膝跪地。
“大祭司大人！”
波塞西俏脸含霜，凤目含煞，用一种沉痛无比、又夹杂着无尽怒火的声线，一字一顿地宣布道：
“海魔女斗罗，受外敌蛊惑，背弃海神岛，叛逃了——！！！”"
第245章 海神岛惊变！我们中间出了个“叛徒”？,https://www.biquh.com/678_678189/65995744.html,"
那一声饱含无尽怒火与悲痛的宣告，在大殿里炸开。
海龙斗罗六人单膝跪在地上，全傻了。
叛逃？
海魔女斗罗……叛逃了？
这怎么可能！
六人面面相觑，眼神里就差把“离谱”两个字刻在对方脸上了。
海魔女是什么人？他们这些当了几十年同事的还能不清楚？
那丫头就是个铁憨憨，单纯得跟一张白纸似的，出门都不带脑子，被人卖了还得乐呵呵地帮人数钱。
就她？叛逃？
她知道怎么叛逃吗？怕不是走到半路就迷路了吧！
海马斗罗实在忍不住，壮着胆子抬起头。
“大祭司大人，这其中……是不是有什么误会？海魔女她……”
话没说完，波塞西一道冰冷的视线扫过来，海马斗罗感觉自己的舌头都被冻住了，后面的话一个字也吐不出来。
“误会？”
波塞西的脸冷得像块冰，声音里没有一丝温度。
“她被武魂殿大供奉千道流妖言蛊惑，心志动摇，抛弃圣柱职责，私自离岛！”
“本座亲眼所见，亲耳所闻！”
波塞西加重了语气。"
第245章 海神岛惊变！我们中间出了个“叛徒”？,https://www.biquh.com/678_678189/65995744_2.html,"
“你们，是在质疑我吗？！”
最后一句质问，带着九十九级绝世斗罗的威压，当头砸下！
噗通！
六个圣柱斗罗齐刷刷矮了半截，冷汗瞬间就下来了，头埋得更低，屁都不敢再放一个。
质疑大祭司？
借他们一百个胆子也不敢啊！
可……
这事儿它就是不对劲啊！
就在这时，身为七圣柱之首的海龙斗罗猛地一咬牙，再次抬头。
“大祭司大人！海魔女糊涂，罪不至死！请允许属下前去，将她带回海神岛，听候您的发落！”
他想得很好，自己去把那个傻丫头拎回来，当面一问，什么误会都清楚了。
然而，波塞西的反应快到让他心惊。
“不行！”
斩钉截铁的两个字，不带丝毫犹豫。
波塞西眼神“凝重”，用一种不容置喙的口吻说道：“蛊惑海魔女的是千道流！此人乃是绝世斗罗，你们去了，与送死无异！”
“此事关乎我海神岛的颜面，更关乎海魔女的性命！必须由本座亲自出手，将她从歧途中带回！”
一番话说得是义正辞严，大义凛然，逻辑“天衣无缝”。"
第245章 海神岛惊变！我们中间出了个“叛徒”？,https://www.biquh.com/678_678189/65995744_3.html,"
可跪在地上的六个人，脑子里却缓缓冒出了一个问号。
虽然您说的有道理，但是我们总感觉有哪里不对啊！
海龙斗罗的心里，警铃大作。
他飞速地将今天发生的所有事串联起来。
千道流，武魂殿大供奉，今天确实来过。
然后大祭司大人就跟疯了一样，追着他打了一顿。
最后千道流狼狈逃窜，紧接着海魔女也追了出去。
然后……大祭司大人就宣布海魔女叛逃了？还要亲自去追？
还找了个“敌人太强你们不行”的蹩脚借口？
这前后的逻辑，根本就说不通！
一个极其大胆，甚至可以说是大逆不道的念头，不受控制地在海龙斗罗的脑海中浮现。
会不会……
真正出了问题的，不是海魔女。
而是……大祭司大人？！
这个念头吓得海龙斗罗一哆嗦，赶紧把头埋得死死的。
罪过罪过，不敢想，不敢想！
而此时，波塞西已经开始飞快地部署她的“追捕计划”。
“海龙斗罗！”"
第245章 海神岛惊变！我们中间出了个“叛徒”？,https://www.biquh.com/678_678189/65995744_4.html,"
“属下在！”
“你暂代海魔女之职，守护其圣柱！在我归来之前，海神岛一切事务，由你全权负责！”
“属下遵命！”
“其余人，各司其职，严守海神岛，不得有误！”
“是！”
安排完一切，波塞西一秒钟都不想多待。
她身形一晃，化作一道急不可耐的蓝色流光，冲天而起。
“海神岛的叛徒，绝不可饶恕！”
“本座，将亲自出手，以正视听！”
那正义凛然、杀气腾腾的声音，响彻整个海神岛。
跪在大殿里的六位圣柱斗罗，直到那道蓝光消失得连个影子都看不见了，才敢慢慢抬起头。
六个人你看看我，我看看你，大眼瞪小眼。
大殿里，死一般的寂静。
过了好半天，海星斗罗才挠了挠头，小声逼逼：
“你们觉不觉得……大祭司大人今天……有点奇怪？”
“何止是奇怪！”
海幻斗罗长叹一口气，一张老脸愁得跟苦瓜似的，“老夫活了近百年，就没见过大祭司这么不正常过。”"
第245章 海神岛惊变！我们中间出了个“叛徒”？,https://www.biquh.com/678_678189/65995744_5.html,"
海马斗罗走到大殿门口，望着波塞西消失的方向，眉头拧成了一个疙瘩。
“我总感觉，这事儿邪门得很。”
“而且你们发现没，大祭司大人……好像很急？”
众人齐刷刷地点头。
那架势，哪里是去追杀叛徒的。
不知道的，还以为是赶着去投胎呢。
海龙斗罗的脸色最是凝重，他沉声开口：“不管怎么样，大祭司的命令，我们必须遵守。”
“但是……”
他话锋一转，眼里闪过一道精光。
“海魔女叛逃这件事，处处透着古怪。我看，我们有必要……私下里好好调查一下。”
......
海神岛上如何鸡飞狗跳，暂且不表。
枫染亭内，气氛依旧热烈，或者说，嘈杂。
以金鳄斗罗和剑斗罗为首的两大阵营，正围着生无可恋的星罗大帝戴天风，就《玄天宝录·秘技篇》的所有权、使用权以及后续收益分成问题，展开了第二轮激烈而“友好”的磋商。
唾沫星子横飞，桌子拍得震天响。
“我武魂殿出玄天功，是一切的基础，占六成，合情合理！”
“放屁！暗器百解是我七宝琉璃宗的，没它你们的玄天功也就只是一个普普通通的功法！我七宝琉璃宗占五成，不能再少了！”
“陛下！我们是关键技术持有方，可不能被他们忽悠了啊！我们星罗帝国也不能退让！”"
第245章 海神岛惊变！我们中间出了个“叛徒”？,https://www.biquh.com/678_678189/65995744_6.html,"
戴天风被夹在中间，左边是金鳄斗罗“和蔼”的眼神，右边是骨斗罗“亲切”的笑容。
身后还有站着说话不腰疼的自家大臣，简直不要太悲催。
而在这片堪比菜市场的喧嚣中，角落里却有一方净土。
宁荣荣把两张椅子拼在一起，整个人蜷缩成一团，睡得正香，嘴角甚至还挂着一丝晶莹的口水。
经过昨天一夜高强度的“烧烤服役”，她实在是累坏了。
一切，都显得那么的和谐，而又诡异。
就在这片喧嚣中，一道身影缓缓起身。
是比比东。
她低着头，那张平日里威严冷峻的俏脸，此刻红得像个熟透的苹果。
她走到柜台前，声音小的跟蚊子哼哼似的。
“前……前辈。”
“我那个……那个新的身子，差、差不多弄好了……”"
第246章 前辈，这么多人看着，不好吧……,https://www.biquh.com/678_678189/65995745.html,"
武魂殿那群封号斗罗一听这话，脸当场就绿了。
那两坨油光锃亮、还在蠕动的史前巨肥蛆，如同烙印在灵魂深处的梦魇，再一次破土而出，爬满了他们的脑海。
“呕——”
不知是谁带的头，干呕声瞬间形成了此起彼伏的交响乐。
金鳄斗罗一把年纪，求生欲拉满，一个滑铲就钻进了桌子底下，动作快得不像个老年人。
鬼斗罗更绝，魂技都用上了，半个身子融入墙壁的阴影里，嘴里碎碎念着：“看不见我，看不见我……”
魔熊斗罗和拓跋希两个壮汉，此刻抱在一起瑟瑟发抖，紧紧闭着眼，死活不敢回头。
这副见了鬼的场面，看得宁风致和戴天风等人嘴角狂抽。
你们武魂殿的封号斗罗……精神状态还好吗？
林枫懒得理会这群戏精，冲比比东点了点头，示意她把东西拿出来。
谁知比比东的脸“轰”地一下，红得能煎鸡蛋，两只手死死地绞着衣角，眼神飘忽，就是不敢看林枫。
“在……在这里吗？”
她的声音细若蚊鸣。
“这么多人看着……不、不好吧……”
林枫一怔。
随即秒懂。
哦，对。
自己之前还特意叮嘱过，捏身体的时候，某些“细节”不能忘。"
第246章 前辈，这么多人看着，不好吧……,https://www.biquh.com/678_678189/65995745_2.html,"
让堂堂教皇冕下，把她为自己量身定做的“果体”模型，当着一群大老爷们的面展示出来……
这操作，是有点不当人了。
“跟我来。”
林枫很干脆，转身就朝二楼走。
比比东像是得到了特赦令，如释重负，提着裙摆几乎是小跑着跟了上去，生怕林枫下一秒就反悔。
直到两人的身影消失在楼梯拐角，大厅里那群憋着气的人才集体发出一声长长的呼气。
金鳄斗罗从桌子底下灰头土脸地爬出来，拍着胸口骂骂咧咧：“吓死老子了，还以为又要被那玩意儿精神攻击。”
另一头，朱竹清刚松了口气，一道香风就扑面而来。
“咚！”
胡列娜不知何时闪到了她面前，单手撑墙，将她困在墙角。
一个标准的墙咚。
胡列娜那张狐媚的脸凑得很近，鼻尖几乎要碰到朱竹清的脸，她感受着朱竹清体内那暴涨了一大截的魂力，酸得眼睛都红了。
她伸出另一只手的食指，指尖在朱竹清那紧张得绷紧的小脸上轻轻划过。
“小猫咪，老实交代。”
“昨天晚上，你是不是被前辈‘疼爱’了？”
胡列娜压低了声音，语气暧昧又急切。
“前辈喜欢什么姿势？”"
第246章 前辈，这么多人看着，不好吧……,https://www.biquh.com/678_678189/65995745_3.html,"
“疼吗？还是说……很舒服？”
听着这些虎狼之词，朱竹清的脸瞬间红透。
……
二楼，林枫的房间。
比比东亦步亦趋地跟在林枫身后，心脏跳得跟打鼓一样。
就是这里！
她表面紧张，眼珠子却好奇地四处乱瞟，打量着房间里简洁的陈设。
每一件物品，似乎都沾染着前辈身上那股清冷好闻的气息。
早晚有一天，自己要光明正大地睡在这张床上！
和林枫一起！
比比东在心里狠狠发誓。
“拿出来吧。”林枫平淡的声音打断了她的绮念。
“啊？哦……”
比比东的脸颊再度升温，扭扭捏捏地从魂导器中取出一团被黑色斗篷裹得严严实实的东西。
“那个……前辈，我手笨……”
“捏得……可能不怎么好看，您……您先有个心理准备。”
林枫嘴角扯了扯。
就你上次能把蛛皇捏成史前巨肥蛆的鬼斧神工，我还能有什么不切实际的幻想吗？"
第246章 前辈，这么多人看着，不好吧……,https://www.biquh.com/678_678189/65995745_4.html,"
他没废话，伸手一把扯下了斗篷。
然后，林枫不说话了。
他盯着眼前的“艺术品”，感觉自己的三观受到了降维打击。
那是一具勉强能辨认出人形的“身体”。
一条腿长，一条腿短，还是罗圈腿。
一只胳膊粗得像脖子，一只胳膊细得像麻杆。
五官……那是五官吗？那是随便在脸上戳了五个洞吧！
整具身体的比例扭曲到了一个匪夷所思的程度，充满了后现代主义的解构风格。
毕加索见了都得递根烟，喊一声：“老妹儿，你比我抽象。”
林枫的视线缓缓下移。
他落在了那具身体上，自己曾特意叮嘱过的“关键部位”。
上半身，还行。
虽然一大一小，严重不对称，但好歹特征是有了，勉强算及格。
林枫心里刚松了半口气。
视线继续往下。
然后，他的呼吸停了。
那是什么？"
第246章 前辈，这么多人看着，不好吧……,https://www.biquh.com/678_678189/65995745_5.html,"
缝？
不，那玩意儿更像是一道风干的刀疤，又深又糙。
林枫强忍住扶额的冲动，脑子里只有一个念头。
她该不会是直接拿小刀在上面划拉了一下吧？
不对。
看这粗糙的边缘和深刻的力道，更像是用水果刀直接攮出来的！
林枫眼角狠狠跳了一下，他慢慢转头，看向那个已经把头埋进胸口，恨不得当场去世的比比东。
他很想问问，你对自己到底有什么深仇大恨，能捏出这么个玩意儿？
不过考虑到这姐们儿上次能把自己当模板，捏出两坨史前巨蛆的丰功伟绩。
这次好歹捏出了个人形。
四舍五入，也算是进步神速了。
“咳。”
林枫清了清嗓子，用一种极其专业的口吻，开始了点评。
“基本结构……还算完整。”
“就是这人体比例……比较奔放。”
“还有这个……嗯，曲线，过于写意了。”
比比东听着这堪比公开处刑的评价，身体抖得跟筛糠似的。
完了。"
第246章 前辈，这么多人看着，不好吧……,https://www.biquh.com/678_678189/65995745_6.html,"
她一定觉得我是个无可救药的笨蛋。
林枫绕着那坨“抽象派艺术”走了一圈，最终认命，开始了他的抢救工作。
看着林枫那修长的手指，开始在自己“未来身体”上游走，比比东感觉自己快要原地蒸发了。
这比上次捏武魂可羞耻多了！
那可是她的身体啊！
虽然现在只是一团泥巴，可早晚……早晚是要和自己的灵魂合二为一的！
林枫的指尖划过“身体”的腰线，试图找回一点曲线。
比比东只觉得自己的腰眼莫名一麻。
林枫的手掌覆盖住“身体”的胸口，开始调整那一大一小的怪异比例。
比比东的呼吸瞬间乱了。
她感觉自己浑身发烫，力气正被一点点抽干，整个人都软了下去。
最后，林枫低下头，目光落在了那个狰狞的“刀口”上。
他伸出手，轻轻地探了过去。
比比东再也扛不住，双手捂住自己的脸，从指缝里漏出一声细微的呜咽，彻底不敢再看。
然而，就在林枫全神贯注地为比比东“整容塑形”时，枫染亭的门口，却缓缓走来一个所有人都意想不到的身影……"
第247章 全程录像？你把清晰度给我拉满！,https://www.biquh.com/678_678189/65995746.html,"
“比比东！！”
“你给我出来！！”
“你给我一个解释！！！”
这一嗓子，中气十足，穿透力极强。
瞬间就压过了大厅里因为分赃不均而吵得跟菜市场一样的所有声音。
所有人，不约而同地转头看向门口。
只见一人站在门前，浑身狼狈，脸色却因愤怒而涨红，一双眼睛里全是怨毒。
此人不是别人，正是从教皇殿中，趁着守卫换班的空隙，偷偷溜出来的玉小刚。
从比比东昨天那疯魔般的殴打，以及嘴里那颠三倒四维护“毛头小子”的话语中，他那异于常人的脑回路，终于“想通”了一切！
她又一次背叛了自己！
她和这个枫染亭的小白脸，绝对有一腿！
她把自己打成这样，就是为了给她的新欢出气！
一想到自己竟然又一次被那个女人背叛，玉小刚的理智就被烧得一干二净。
好啊。
好你个比比东！
为了那个小白脸，你竟然对我下那样的毒手！
二十年前你为了权位背叛我，二十年后你又为了男色羞辱我！
玉小刚感觉自己的心都在滴血，一种被全世界背叛的悲愤感，让他觉得自己无比悲壮。"
第247章 全程录像？你把清晰度给我拉满！,https://www.biquh.com/678_678189/65995746_2.html,"
他，玉小刚，才是那个最无辜的受害者！
今天。比比东要么求自己原谅，然后乖乖命令那个小白脸，动用枫染亭的一切力量，为自己修复武魂，打破桎梏，让自己成为真正的大师！
要么……
就等着身败名裂，被全天下人耻笑吧！
“玉小刚？”
鬼斗罗那张藏在黑袍下的脸，露出几分错愕。
他扭头看向旁边的菊斗罗：“这废物什么时候来的武魂城？”
前两天他们出门去“挖盆栽”，倒是真不知道这档子事。
“谁知道呢。”
菊斗罗捏着兰花指，翻了个白眼，语气里充满了不屑，“估计又是来找教皇冕下摇尾乞怜的吧，真晦气。”
金鳄斗罗嘀咕了一句，随即摆了摆手。
“别理他，一个废物罢了，咱们继续。”
说着，他清了清嗓子，重新转向骨斗罗，中气十足地吼道。
“我不管！玄天功是我们武魂殿的，必须占六成！少一点都不行！”
玉小刚见里面的人居然无视自己，更是怒火攻心。
他张嘴就要继续破口大骂，将自己承受的所有屈辱都发泄出来。
然而，他一个字还没骂出口。"
第247章 全程录像？你把清晰度给我拉满！,https://www.biquh.com/678_678189/65995746_3.html,"
一道残影从人群中猛地窜出。
是星罗大帝戴天风！
他被武魂殿和七宝琉璃宗两头压榨，早就憋了一肚子火没处发，现在看到一个送上门的沙包，哪还忍得住！
啪——！！！
一声响亮到让整个大厅都为之一静的耳光声，悍然炸响！
玉小刚整个人被这一巴掌抽得原地转了两圈半，一屁股坐倒在地，眼前金星乱冒，大脑一片空白。
他感觉自己的半边脸都麻了，嘴里一股浓重的血腥味弥漫开来。
几颗带着血丝的牙齿，从他嘴里飞了出去，在地上划出几道凄美的弧线。
玉小刚捂着高高肿起的脸，茫然地抬起头。
只见星罗大帝戴天风，正站在他面前，缓缓收回自己那微微发麻的手掌。
这位刚刚还受了一肚子窝囊气的帝国君主，此刻脸上满是舒爽与畅快。
他居高临下地看着地上懵逼的玉小刚，用一种极其不耐烦的语气，怒斥道：
“你吼辣么大声干什么！”
玉小刚：“我……”
啪！！
啪！！
玉小刚刚准备开口辩解，可已经开始跟武魂殿学坏的戴天风，竟是反手又接连两巴掌扇了上去。
“你还敢顶嘴？！”"
第247章 全程录像？你把清晰度给我拉满！,https://www.biquh.com/678_678189/65995746_4.html,"
“我让你顶嘴！！”
“再顶嘴！”
一时间，店内巴掌声不绝于耳，玉小刚的惨叫声此起彼伏……
而在二楼。
比比东对楼下发生的一切，恍若未闻。
她的世界里，只剩下林枫，以及那具即将属于她的，完美无瑕的身体。
她根本没听到玉小刚刚才那声撕心裂肺的喊叫。
或者说，就算听到了。
在即将获得新生，即将彻底斩断过去所有枷锁的这一刻。
那个男人，在她心里，连一粒尘埃都算不上。
在林枫那双仿佛拥有创世之力的手下，原本那坨不可名状的“后现代主义艺术品”，已经发生了翻天覆地的变化。
那是一具完美的躯体。
年轻，充满活力，每一寸肌肤都仿佛是按照黄金比例精心雕琢而成，多一分则腴，少一分则瘦。
那张脸，正是比比东十八岁时的模样，带着少女独有的、不染尘埃的青春气息。
比比东呆呆地看着那具身体，呼吸都停滞了。
那就是自己。
是那个曾经无忧无虑，对未来充满无限憧憬的自己。"
第247章 全程录像？你把清晰度给我拉满！,https://www.biquh.com/678_678189/65995746_5.html,"
林枫收回手，看着自己的杰作，满意地点了点头。
“准备好，我现在把你的灵魂转移到你新的身体中。”
比比东闻言，娇躯一颤，重重地点了点头。
她深吸一口气，压下心中的激动，来到床前，与那具崭新的身体并排躺下。
一旧一新，一生一死，宛如两个时代的交替。
林枫在心中默念。
“统子，出来干活！”
【叮！灵魂转移服务，收费一万美食积分，检测到用户比比东为本店唯一VIP包月用户（暂时取消），本次服务免费。】
系统毒舌的声音在脑海中响起。
【温馨提示：宿主，请注意您的动作，不要趁机揩油。本系统已开启全程无死角录像，谨防您事后不认账。】
林枫差点一口气没上来。
揩油？
我？
林枫在心里默默比出了一根中指，精准地对准了系统的方向。
你管一个艺术家欣赏自己的心血结晶叫揩油？
你管一个造物主审视自己最完美的作品叫揩油？
这具身体！
从发丝的弧度，到锁骨的深浅，再到脚踝的纤细！"
第247章 全程录像？你把清晰度给我拉满！,https://www.biquh.com/678_678189/65995746_6.html,"
甚至包括那些不可描述的“细节”，哪一点不是自己亲自完善的？
你现在挺醒我不要揩油？
有病啊！
林枫深吸一口气，在心里咆哮。
“还全程录像？”
“你最好把清晰度给我拉满！”
“让我以后都能好好欣赏，我这堪称神迹的技艺，是如何在一个充满低级趣味的系统监视下诞生的！”
咆哮完毕，林枫面无表情地无视了脑海中那个只会影响他艺术发挥的杂音。
他伸出修长的食指，轻轻点在了比比东那光洁的额头上。
指尖传来的，是一片微微发烫的温润触感。
就在手指接触到皮肤的一瞬间，比比东只感觉身体猛地一轻。
整个世界仿佛都失去了重量……
感谢书友20240402797061打赏的1666书币！
感谢！！！"
第248章 惊！比比东要送我真人手办？！,https://www.biquh.com/678_678189/65996653.html,"
灵魂出窍，是一种极其奇妙的体验。
比比东感觉自己化作了一缕没有重量的青烟，轻飘飘地浮在半空中，低头就能看到那个躺在床上的自己。
那个承载了她半生痛苦与挣扎的身体，此刻双眼空洞，面无表情，像一个被玩坏后丢弃的精致人偶。
这种以上帝视角审视自己的感觉，让比比东的心底生出一股难以言喻的复杂情绪。
“去吧，进入你新的身体。”
林枫平淡的声音，如同一道清泉，瞬间冲散了她心头的杂念。
“灵魂离体太久，终归不好。”
比比东一个激灵，这才回过神来。
她转头望去，目光瞬间就被另一具身体牢牢吸住，再也无法移开。
那是一具完美的，散发着勃勃生机的年轻躯体。
是十八岁的自己！
是那个还未经历背叛与绝望，对世界仍抱有天真幻想的自己！
一股难以抑制的激动涌上心头，比比东的灵魂化作一道流光，毫不犹豫地投入了那具崭新的身体之中。
融合的过程，顺畅得不可思议。
没有丝毫的排斥感，灵魂与肉体完美地契合，仿佛她们本就应该是一体的。
几秒钟后。
床上那具年轻的身体，长长的睫毛微微颤动，然后，缓缓睁开了眼。
一双紫晶般的眸子，此刻不再是深邃与威严，而是充满了新生的清澈与水润。"
第248章 惊！比比东要送我真人手办？！,https://www.biquh.com/678_678189/65996653_2.html,"
比比东缓缓抬起自己的手，那是一只白皙、纤细、骨节分明，充满了青春活力的手。
她能清晰地感觉到，皮肤之下，血液在欢快地奔流，磅礴的生命力与魂力在四肢百骸中激荡。
九十九级的实力不仅没有丝毫减弱，反而因为这具更有活力的身体，变得更加凝练，更加圆融。
成功了！
她真的……获得了新生！
比比东激动得几乎要落下泪来。
“那具旧身体，你自己处理掉吧。”林枫的声音再次响起。
比比东点了点头，目光落在旁边那具失去了灵魂，眼神空洞的旧躯壳上。
过去的一切，都封存在这具皮囊里了。
然而，就在她准备动手时，不知道是哪根筋搭错了。
她居然鬼使神差地，问出了一句让自己事后想找个地缝钻进去的话。
“前辈，这副肉体……您要不要留着？”
话一出口，比比东就想给自己一巴掌。
她看到，刚准备转身离开的林枫，脚步明显一踉跄。
林枫僵硬地转过半个身子，用一种极其古怪的眼神看着她。
那眼神里，三分无语，三分荒唐，还有四分“你脑子是不是换身体的时候忘带了”的关怀。
我留着？"
第248章 惊！比比东要送我真人手办？！,https://www.biquh.com/678_678189/65996653_3.html,"
林枫的内心掀起了吐槽的风暴。
留着干嘛？
这不就是个保留了所有生理机能，有体温有心跳，但没有灵魂的……娃娃吗？
不，也许应该叫做真人尺寸手办？
我是那种人吗？！
虽然手感确实不错，但这性质也太变态了吧！
比比东看着林枫的表情，脸“轰”的一下，红得像被火烧云燎过，连忙慌不迭地找补。
“啊不！我不是那个意思！”
“也对，毕竟我都有新的身体了，您……您也不需要一个不会动的了……”
完了。
越描越黑了！
什么叫“不需要一个不会动的了”？说得好像以前就需要一样！
林枫的嘴角狠狠抽搐了一下。
这女人换了个身体，怎么连智商也跟着回档到十八岁了？
他决定不再跟这个脑回路清奇的女人交流。
再聊下去，他怕自己辛苦维持的高人形象，会崩塌在强烈的吐槽欲望之下。
林枫什么也没说，只是默默地，头也不回地走下了楼。
“砰。”"
第248章 惊！比比东要送我真人手办？！,https://www.biquh.com/678_678189/65996653_4.html,"
房门被轻轻带上。
房间里，只剩下已经羞耻到想当场去世的比比东。
她一把抓过被子，将自己的脸死死埋了进去，在柔软的床铺上蜷缩成一团，双腿无意识地乱蹬。
“啊啊啊啊！我到底在说什么啊！”
丢死人了！
前辈一定觉得我是个不知羞耻的变态！
然而，就在她羞愤欲死的时候，一股清冽好闻的气息，顺着她的呼吸，钻入了鼻腔。
那是……林枫的味道！
比比东的动作，猛地停住了。
她这才反应过来。
这里，是林枫的房间。
这张床，是林枫的床。
这床被子，是林枫盖过的被子！
刚刚还满是羞愤的脸蛋，瞬间爬满了另一种更加醉人的红晕。
比比东缓缓地，甚至带着几分虔诚地，将脸蛋在柔软的被褥间蹭了蹭。
然后，她把脸埋进枕头里，深深地，狠狠地吸了一大口！
“咕嘿嘿……嘿嘿嘿……”"
第248章 惊！比比东要送我真人手办？！,https://www.biquh.com/678_678189/65996653_5.html,"
一阵意义不明，但充满了满足与痴迷的诡异笑声，在房间里低低地回荡。
如果可以，她真想就这么在这张床上睡上一觉。
或者……做点别的什么不可描述的事情。
让这张床上，沾满自己的味道，宣告所有权！
不过，这个诱人的想法仅仅持续了几秒，就被她强行压了下去。
不行，不能让前辈等太久。
万一前辈等得不耐烦，上来催促，发现自己在做这种事……那她真的可以直接去死了。
比比东依依不舍地从床上爬起来，笨拙地将被子铺好，还仔细抚平了每一处褶皱。
做完这一切，她才将目光投向那具旧身体。
看着那双笔直修长的大腿上，那条泛着神秘光泽的黑色丝袜，比比东眼神一亮。
永恒黑丝！
这可是宝贝，绝对不能就这么丢了。
她没有丝毫犹豫，三下五除二地，将旧身体上的黑丝给扒了下来，然后小心翼翼地套在自己这双更加年轻、更具活力的腿上。
当那熟悉的，带着一丝冰凉的柔滑触感包裹住肌肤时，比比东满意地勾起了嘴角。
最后，她将那具没有灵魂的旧身体收入魂导器。
只是，在神识扫过魂导器空间的最后一瞬，比比东并未注意到。、
那具旧身体的眉心处，一抹比发丝还要纤细的黑紫色光芒，如鬼火般，一闪而逝……
整理好一切，比比东怀着雀跃的心情，推开门，走下了楼。"
第248章 惊！比比东要送我真人手办？！,https://www.biquh.com/678_678189/65996653_6.html,"
当她的身影出现在楼梯口时。
原本嘈杂得如同菜市场一般的大厅，瞬间陷入了一片死寂。
所有人的动作，都仿佛被按下了暂停键。
“教……教皇冕下？”
魔熊斗罗揉了揉自己的眼睛，又使劲揉了揉，语气里充满了颠覆世界观的震撼。
“冕下她……她怎么……变年轻了？！”
啪！
一声清脆的巴掌声响起。
鬼斗罗一巴掌拍在魔熊斗罗的后脑勺上，压低了声音，恨铁不成钢地骂道。
“憨货！你忘了前辈刚才就是带着教皇冕上去‘换身体’了吗？”
“噢噢噢！对对对！”魔熊斗罗这才如梦初醒，不好意思地挠了挠头，随后一本正经的表示。
“俺没忘，俺记得可清楚了，真的！”"
第249章 大型作死现场！玉小刚，你是真的勇！,https://www.biquh.com/678_678189/65996654.html,"
一直被戴天风当成沙包，左右开弓扇得找不着北的玉小刚，也在这片寂静中，得到了喘息之机。
他满嘴是血，脸肿得像个猪头，视线都有些模糊。
他艰难地抬起头，顺着众人的目光看去。
首先映入眼帘的，是那个让他恨之入骨的小白脸，林枫。
他依旧是一副云淡风轻的模样，仿佛自己被打都不值得他转身看上一眼。
而在他身后，一道身影正一步步，缓缓走下。
那一刻，玉小刚的瞳孔，骤然收缩。
那……那是比比东？
怎么可能？！
眼前的女人，看上去不过十八九岁的年纪，肌肤白皙通透，吹弹可破，仿佛能掐出水来。
那张年轻、绝美，带着少女青涩气息的脸，与他记忆深处的那道身影，完美重合！
她为什么……会变成这样？
玉小刚的脑子，嗡的一声，一片空白。
随即，他的目光，落在了比比东那白里透红，如同熟透水蜜桃般的脸颊上。
那上面，还带着一丝尚未完全褪去的，满足而慵懒的红晕。
玉小刚当然不知道，那是比比东在林枫被窝里打滚，吸了个爽之后，羞耻与兴奋交织的产物。
他更不可能知道什么“灵魂转移”、“重塑肉身”这种颠覆世界观的事情。
在他的认知里，一个女人发生如此巨大的变化，只有一个可能！"
第249章 大型作死现场！玉小刚，你是真的勇！,https://www.biquh.com/678_678189/65996654_2.html,"
极致的疼爱与滋润！
那是被男人彻底征服后，才会从骨子里透出来的媚态！
再看比比东此刻的模样，那双眼睛，几乎像是用胶水黏在了林枫的背影上，充满了毫不掩饰的痴迷与眷恋。
那脸颊上的红晕，哪里是羞涩？
分明就是刚刚经历过一场酣畅淋漓的鱼水之欢后，尚未褪去的余韵！
瞬间，所有线索都在玉小刚那异于常人的脑回路里，串联成了一个“真相”！
自己在这里被人当众殴打，尊严扫地。
而她呢？
她居然就在这楼上！和这个小白脸颠鸾倒凤，寻欢作乐！
“比比东！！”
玉小刚也不知道哪来的力气，猛地挣脱了戴天风的钳制，摇摇晃晃地站了起来。
他指着款款走下的比比东，用尽全身力气，发出了嘶哑而怨毒的咆哮。
“你个贱人！居然如此不知羞耻！！！”
这一声怨毒的咆哮，像一柄沾着大粪的锤子，狠狠砸在了寂静无声的饭店里。
空气，凝固了。
如果说刚才的安静，是因为比比东的惊艳登场。
那么现在的死寂，则纯粹是因为玉小刚的惊天作死。"
第249章 大型作死现场！玉小刚，你是真的勇！,https://www.biquh.com/678_678189/65996654_3.html,"
刷——
所有人的目光，整齐划一地聚焦在了玉小刚的身上。
那眼神，充满了关爱。
关爱一个大脑发育不完全的珍惜物种。
墙角，正把朱竹清壁咚在墙上，准备“盘问”一下“姿势”问题的胡列娜，整个人都僵住了。
她撑着墙壁的手一滑，差点没一头磕在朱竹清的胸口上。
“我……我没听错吧？”
那眼神，跟看一个主动跳进粪坑里蝶泳的绝世勇士，没多大区别。
尤其是戴天风。
这位刚刚还在被武魂殿和七宝琉璃宗两头夹击，感觉自己快要裂开的星罗大帝。
在听到那声作死咆哮的瞬间，大脑都还没反应过来，求生的本能已经接管了身体。
他一个丝滑无比的战术后撤步，像条抹了油的泥鳅，“嗖”地一下就钻回了金鳄斗罗和骨斗罗中间。
两大封号斗罗那钢铁一样的身板，挤得他差点喘不过气。
但戴天风却感到了一股前所未有的，足以媲美父爱的安全感。
他偷偷从两个壮汉的胳肢窝下面，探出半个脑袋，看着那个还在不知死活叫嚣的玉小刚，心里油然生出一种发自肺腑的敬佩。
这兄弟，是个狼人啊！
在这位勇士舍生取义的光辉照耀下，刚才还凶神恶煞，恨不得把他生吞活剥的金鳄斗罗和骨斗罗，现在看起来……
哎，眉清目秀的，甚至还有点和蔼可亲。"
第249章 大型作死现场！玉小刚，你是真的勇！,https://www.biquh.com/678_678189/65996654_4.html,"
果然。
几乎是在“贱人”两个字落下的瞬间。
刚刚走下楼梯，浑身还散发着青春活力与新生喜悦的比比东，那张美得令人窒息的俏脸，瞬间凝固。
她那双刚刚还水润清澈，如同紫水晶般的眸子，以肉眼可见的速度，被无尽的冰冷与森然所取代。
她只是换了一具更完美的皮囊。
那颗被淬炼得坚硬、冰冷、狠辣的心，可从未变过！
她的眼睛几乎是瞬间就锁定在了玉小刚的身上。
昨夜光顾着捏制新的身体，体验新生的喜悦，倒是忘了这个恶心的东西。
没想到，他居然还敢主动送上门来找死？
比比东的目光，如同两柄淬了剧毒的冰锥，精准地锁定在了玉小刚的身上。
“你说什么？！”
她的声音不大，却带着一种让封号斗罗都心头发颤的阴冷。
听到比比东满含杀气的声音，玉小刚下意识的打了个哆。
但仅仅一秒后。
他那被愤怒和嫉妒烧成一团浆糊的脑子，突然灵光一闪！
通了！
他想通了！"
第249章 大型作死现场！玉小刚，你是真的勇！,https://www.biquh.com/678_678189/65996654_5.html,"
比比东这语气，这杀气！
不是因为自己骂了她。
而是因为……自己骂对了！
这里人这么多，她比比东就算再不要脸，也得顾及自己教皇的身份！
自己当众骂她，她肯定心虚，害怕自己把她和这个小白脸的丑事全都抖搂出来！
所以她才用杀气威胁自己，想让自己闭嘴！
这是心虚的表现！是色厉内荏！
想到这里，玉小刚的腰杆瞬间就硬了。
他感觉自己抓住了比比东的命脉。
一股前所未有的勇气，从他那被打断的骨头缝里滋生出来。
机会！
这是他玉小刚翻盘的唯一机会！
只要拿捏住她这个把柄，还怕她不乖乖听话？
修复武魂，打破桎梏！
这一切，都将唾手可得！
一瞬间，玉小刚眼中的恐惧荡然无存，取而代之的，是一种掌控全局的得意与张狂。
他甚至感觉自己脸上的疼痛都减轻了不少。
他迎着比比东那足以冻结灵魂的目光，非但没有退缩，反而挺起了胸膛。"
第249章 大型作死现场！玉小刚，你是真的勇！,https://www.biquh.com/678_678189/65996654_6.html,"
玉小刚故意拔高了音量，确保店里每一个人，都能听得清清楚楚。
“你别以为我不知道！”
声音洪亮，充满了揭穿阴谋前的正义与悲壮。
喊完，玉小刚便死死盯着比比东，脑中已经预演了接下来的一幕。
她会花容失色，会惊慌失措，甚至会立刻冲过来捂住自己的嘴，哀求自己不要再说下去！
然而。
比比东的脸上，没有任何表情。
既没有他预想中的惊慌失措，也没有恼羞成怒。
见状，玉小刚心里瞬间“咯噔”一下......"
第250章 惊天大瓜？不，是常识，谢谢！,https://www.biquh.com/678_678189/65996655.html,"
看着比比东毫无变化的表情，玉小刚狠狠地咽了口唾沫。
不对劲。
这反应不对。
她不该是这个反应！
她应该惊慌，应该失措，应该立刻冲上来捂住自己的嘴！
为什么她还能这么镇定？
难道……自己猜错了？
不！不可能！
玉小刚猛地摇头，将那一闪而逝的自我怀疑甩出脑海。
一定是自己想得不够深！
她这是在硬撑！
对！她肯定是在赌！赌自己不敢当众把事情说出来！
毕竟，家丑不可外扬，她比比东贵为教皇，肯定比谁都懂这个道理！
想通了这一层，玉小刚那刚刚有些动摇的信心，瞬间又变得无比坚定。
他向前一步，声音因为激动而变得尖利。
“比比东，我最后给你一次机会！”
“现在，立刻命令他，为我修复武魂，助我突破桎梏！”
“噗——”"
第250章 惊天大瓜？不，是常识，谢谢！,https://www.biquh.com/678_678189/65996655_2.html,"
宁风致一口茶水喷了出来，呛得老脸通红，拼命咳嗽。
其余人也是面皮抽搐，看玉小刚的眼神，已经不是在看一个傻子了。
反倒像是在瞻仰一件稀世的奇珍。
让比比东命令前辈做事？
你特么怕不是石乐志吧？
玉小刚根本没注意到周围那诡异到能闹鬼的气氛，而是继续拔高了音量，充满了威胁的意味。
“只要你答应，看在往日的情分上，今天的事情，我就当没发生过，这个秘密，我会永远烂在肚子里！”
“可如果你不答应……”
他阴冷地笑了起来，那笑容配合他那张肿胀的脸，显得无比滑稽和丑陋。
“那就休怪我玉小刚，当着所有人的面，揭露你的秘密，和你撕破脸皮！”
宁风致和戴天风这些不知晓二人过往的，嘴角已经开始疯狂抽搐，差点没忍住笑出声。
往日的情分？
你一个蓝电霸王龙宗被除名的废物，和武魂殿的教皇冕下有个屁的情分？
而像是金鳄斗罗、鬼菊斗罗这些“知情人士”，更是感觉自己的智商受到了侮辱。
人家刚换了个十八岁的身体，从发梢到脚尖都写满了“滚远点，别来沾边”，你哪来的脸提“情分”二字？
别说情分了。
以冕下如今对前辈那股痴迷劲儿，这姓玉的在冕下心里，恐怕连一坨刚出炉的屎都不如。"
第250章 惊天大瓜？不，是常识，谢谢！,https://www.biquh.com/678_678189/65996655_3.html,"
金鳄斗罗等人虽然也觉得玉小刚脑子有坑，但心里却被勾起了一丝好奇。
他们也想知道，这个废物究竟掌握了什么“秘密”，能让他有胆子和九十九级的教皇冕下“撕破脸皮”。
大厅里，所有人的目光都汇聚在了一起。
一半落在玉小刚身上，想看看他还能整出什么活儿。
另一半，则投向了比比东，期待着这位“少女教皇”的反应。
在万众瞩目之下，比比东终于动了。
她一步步走下楼梯，那双包裹在永恒黑丝下的笔直长腿，每一步都仿佛踩在众人的心跳上。
“哦？”
一个简单的音节，却带着极致的轻蔑。
比比东的目光，如同在审视一只脚边的蝼蚁。
“我倒是想知道。”
“你这个终生无法突破二十九级的废物……”
“要怎么，和我撕破脸皮？”
比比东一句话，直戳玉小刚肺管子！
二十九级！
这是他一生的耻辱！是他心中永远无法愈合的伤疤！
此刻，却被这个女人，用这样轻描淡写，却又残忍至极的方式，当众揭开！
“你……你……”"
第250章 惊天大瓜？不，是常识，谢谢！,https://www.biquh.com/678_678189/65996655_4.html,"
玉小刚的身体剧烈地颤抖起来，他抬起手，哆哆嗦嗦地指着比比东那张完美无瑕的脸，因为极致的愤怒，整张脸都变成了酱紫色。
“这是你逼我的！！”
“是你逼我的！！！”
“你给我等着！我今天就让你身败名裂！”
说罢，玉小刚猛地转过身，面向大厅里所有看客，用尽全身的力气，发出了振聋发聩的怒吼。
“诸位！！”
“你们还不知道吧！”
这一嗓子，成功吸引了所有人的注意力。
金鳄斗罗停止了和青鸾斗罗的眼神交流。
戴天风也停止了幸灾乐祸，从两大斗罗的胳肢窝下又往外探了探脑袋，生怕错过什么精彩细节。
“啊？发生甚么事了？”
就连趴在桌子上睡觉的宁荣荣，都被这声嘶吼惊醒，迷迷糊糊地揉着眼睛。
在万众瞩目之下。
在无数双或好奇，或玩味，或怜悯的目光中。
玉小刚抬起那只颤抖的手，猛地，指向了从头到尾都站在一旁，连眉毛都没动一下的林枫！
他深吸一口气，用一种揭露惊天丑闻的悲壮语气，沉声喝道：
“教皇比比东，与此人！绝对有着不清不楚的关系！”"
第250章 惊天大瓜？不，是常识，谢谢！,https://www.biquh.com/678_678189/65996655_5.html,"
“而且！十有八九还是她比比东上杆子倒贴！”
他最后用一种盖棺定论的语气，发出了终极指控。
“刚才他们从楼上下来前，说不定就是在偷偷做一些见不得人的事情！”
话音落下。
预想中的哗然、震惊、议论纷纷，并未出现。
整个枫染亭，又一次陷入了一种诡异到极点的死寂。
所有人都瞪大了眼睛，看着状若疯魔的玉小刚。
那眼神……
就跟在看一个智力发育存在严重缺陷的傻子。
金鳄斗罗掏了掏耳朵，扭头问旁边的青鸾斗罗：“他刚才说啥？我年纪大了，没听清。”
青鸾斗罗面无表情：“他说，冕下喜欢前辈。”
金鳄斗罗：“……哦，然后呢？”
青鸾斗罗：“没了。”
金鳄斗罗：“……”
戴天风更是满脸的黑人问号。
就这？
他真想冲上去，撬开玉小刚的脑子看看里面装的是不是都是豆渣。
你他娘的又是威胁又是咆哮，又是“惊天大秘密”又是“撕破脸皮”，铺垫了半天，就给我看这个？"
第250章 惊天大瓜？不，是常识，谢谢！,https://www.biquh.com/678_678189/65996655_6.html,"
比比东喜欢林枫前辈，这不是明摆着的事儿吗？
瞎子都能看出来好吗！
这算哪门子的秘密？这他妈是枫染亭的常识！
还需要你这个猪头跳出来哔哔？
至于比比东和林枫刚才在楼上是不是做了什么见不得人的事……
要不是我们从头到尾都在店里，亲耳听到前辈说要给教皇冕下“换个身体”。
我们他妈还真就信了你个鬼！
戴天风更是把脑袋缩回金鳄和骨斗罗的胳肢窝里，感觉自己刚才抽玉小刚的那几巴掌，都有点掉价。
烹饪出的美食，世间仅有！
随手打赏就是绝世仙品、稀有魂骨。
连武魂殿的教皇都能为其重塑肉身，返老还童。
这种存在，说是行走在人间的神祇都毫不为过！
教皇比比东喜欢这样的存在，有问题吗？
完全没问题！
别说教皇冕下了。
金鳄斗罗摸了摸自己的脸，心里嘀咕，他要是个女的，他比比比东还主动！
这个念头，几乎同时在所有武魂殿大佬的心里产生共鸣。"
第250章 惊天大瓜？不，是常识，谢谢！,https://www.biquh.com/678_678189/65996655_7.html,"
可就在这时。
一个诡异的念头，不约而同地在众人脑海中冒了出来。
等一下……
说起来，在场的人里……是不是真的有一个例外？
刷——！
金鳄斗罗，鬼斗罗，魔熊斗罗……武魂殿所有男性封号。
动作像是提前排练过一样，目光齐刷刷地，精准地，锁定在了队伍里某个身影......
（ps：淦！该怎么合理的把魂兽阵营，帝天银龙王那些加入进来呢？）"
第251章 玉小刚公然行刺武魂殿教皇？,https://www.biquh.com/678_678189/65997791.html,"
众人视线的尽头，正是武魂殿长老席位中，那道最为火辣的身影。
灵鸢斗罗。
此刻，她正抱着一只烤得滋滋冒油的黄金猪蹄，啃得不亦乐乎。
油光锃亮的酱汁，几乎糊满了她半张艳丽的脸。
察觉到周围这诡异的寂静，以及数十道齐刷刷投来的目光，灵鸢斗罗啃猪蹄的动作一顿。
下一秒，她几乎是本能地，猛地将那啃了一半的猪蹄死死抱在怀里。
她警惕地扫视了一圈，特别是瞪了一眼离她最近的拓跋希。
“看我干嘛？！”
“想吃明天自己点去！我就这最后一个了，谁抢我跟谁急！”
拓跋希脸皮一抽，下意识的默默地往旁边挪了挪，用实际行动表达了“我不认识这个家伙”的立场。
玛德！
我怎么和这么个饭桶是一个阵营的？
真踏马丢脸啊！
金鳄斗罗更是老脸一黑，感觉自己的血压都上来了。
果然。
这个女人的脑子里，除了吃，根本装不下任何男女感情之类的“高级别”的东西。
她和教皇冕下，根本就不是一个频道的生物。
至于事件的另一位主角，比比东？"
第251章 玉小刚公然行刺武魂殿教皇？,https://www.biquh.com/678_678189/65997791_2.html,"
在玉小刚那番自以为是的“终极指控”喊出后，比比东的脚步，停在了楼梯的最后一阶。
她没有立刻发作。
她甚至下意识地，悄悄抬眼，飞快地偷看了林枫一眼。
林枫的脸上，依旧是一片风轻云淡。
他似乎对玉小刚的污蔑，没有半点兴趣，甚至连眉毛都未曾动一下。
这让比比东的心中，闪过了一丝小小的失望。
不过，她很快就调整好了心态。
说实在的，对于玉小刚刚才的污蔑，比比东意外地，并没有产生多少愤怒的情绪。
说自己上杆子倒贴？
这是事实。
她比比东喜欢前辈，爱慕前辈，想把一切都献给前辈，这有什么见不得人的？她从未想过遮掩。
说自己和林枫在二楼做些见不得人的事情？
这……
这不就是她梦寐以求的吗？！
光是想象一下，众人在一楼吃饭，而她和前辈在二楼的房间里，在他的床上，做一些酱酱酿酿的事情……
“咕嘿嘿……”
一想到那画面，比比东的脸颊就控制不住地发烫，嘴角也勾起一抹痴痴的笑意。"
第251章 玉小刚公然行刺武魂殿教皇？,https://www.biquh.com/678_678189/65997791_3.html,"
她甚至感觉自己的嘴角，快要流下口水了。
当然。
这不代表，比比东会放过玉小刚刚才骂她的那两个字。
“前辈。”
比比东转过身，亭亭玉立地站在林枫面前，微微仰起那张年轻绝美的脸蛋，声音乖巧得像个邻家妹妹。
“他太吵了，影响到大家吃饭了。”
“我能，把他打一顿吗？”
林枫端着茶杯的动作微微一顿，他瞥了一眼那个还在自我感觉良好的猪头，淡淡开口。
“玉小刚不是本店的客人。”
言下之意，你随便。
得到了许可，比比东那双紫晶般的眸子里，瞬间杀意凛然！
她几乎是下意识地，神念就探入了魂导器，准备取出那根用着无比顺手的教皇权杖，给玉小刚的脑袋开个瓢。
然而，她在魂导器里摸索了半天，却压根没找到权杖的影子。
比比东这才后知后觉地想起来。
自己昨天，好像已经把那根被砸成“L”形的权杖，扔给千道流那个老东西了？
啧！
比比东有些不爽地撇了撇嘴。
改天必须让那老家伙把权杖还回来，毕竟用那玩意儿砸人，手感是真的不错。"
第251章 玉小刚公然行刺武魂殿教皇？,https://www.biquh.com/678_678189/65997791_4.html,"
下一秒。
就在众人还没反应过来的时候，一道紫色的残影闪过。
比比东瞬间出现在玉小刚面前，那条被永恒黑丝包裹的修长美腿，带起一道凌厉的劲风，狠狠一脚踹在了他的肚子上！
砰！
“唔呃——！”
玉小刚的身体像个破麻袋一样被踹飞出去，在光滑的地板上翻滚了好几圈，最终捂着肚子，像只被煮熟的大虾般蜷缩在地，连惨叫都发不出来。
“你！”
他艰难地抬起头，看向缓步走来的比比东，眼中写满了不敢置信。
她居然……又打自己了！
就在所有人，包括玉小刚自己，都以为比比东会继续下死手的时候，她却在离他三步远的地方，停住了。
她居高临下地俯视着地上这滩烂泥，眼神冰冷。
就这么简简单单地杀了他？
那也太便宜他了！
比比东缓缓收回目光，转向一旁看戏的鬼豹斗罗。
“鬼豹。”
“属下在！”
“通知下去。”她的声音清冷，不带一丝感情。"
第251章 玉小刚公然行刺武魂殿教皇？,https://www.biquh.com/678_678189/65997791_5.html,"
“明日午时，武魂城中心广场，本座要当着全城民众，乃至整个魂师界的面，揭露这位所谓‘大师’的真面目。”
此言一出，玉小刚那因为剧痛而扭曲的脸，瞬间血色尽失！
他甚至都顾不上肚子里的翻江倒海，趴在地上，惊恐又愤怒地尖叫起来。
“比比东！你想干什么！”
比比东嘴角勾起一抹残忍的弧度，轻描淡写地道。
“不干什么。”
“只是告诉大家，你那些引以为傲的武魂理论，究竟是怎么来的罢了。”
怎么来的？
当然是他玉小刚，当年借着与自己交往的便利，偷偷摸摸从武魂殿的藏书阁里，抄来的！
这件事，在场的武魂殿高层，谁不知道？
甚至他那点可怜的，“大师”的名气，还是当年那个恋爱脑的圣女比比东，利用自己的身份地位，在平民魂师中为他大力宣传，才勉强吹捧起来的。
听到这话，玉小刚如遭雷击，浑身剧烈地颤抖起来！
完了！
比比东这是要毁了他！
他这一生，最大的痛点是武魂缺陷，终生止步二十九级。
而他最为看重的，甚至看得比命还重要的，就是自己“大师”的名声！
如果比比东真的这么做了，他玉小刚在魂师界，就将彻底沦为一个笑柄，一个欺世盗名的无耻之徒！名声，就彻底臭了！
“不！你不能这么做！”"
第251章 玉小刚公然行刺武魂殿教皇？,https://www.biquh.com/678_678189/65997791_6.html,"
玉小刚疯了一般，强撑着剧痛，从地上手脚并用地爬起来，不顾一切地扑向比比东。
然而，他才刚靠近，比比东又是一脚，精准地踹在他的胸口。
“噗——”
玉小刚一口老血喷出，再次被踹翻在地，彻底失去了反抗的力气。
随后，比比东懒得再看玉小刚一眼，再次转头看向鬼豹斗罗道：“现在，你的任务又多了一条。”
“立刻派人，通知蓝电霸王龙宗。”
“就说，他们家族的玉小刚，公然行刺武魂殿教皇，罪无可赦。”
“让他们，做出相应的赔偿。”"
第252章 撕破脸皮？魔熊斗罗：那咋了？,https://www.biquh.com/678_678189/65997792.html,"
此话一出，还在悠闲看戏的宁风致，眼珠子都快从眼眶里瞪了出来。
啥玩意儿？
公然行刺武魂殿教皇？
就凭他玉小刚？
宁风致的目光，下意识地飘向地上那个全身抽搐，被踹得跟死狗一样的玉小刚。
就他这副德行，别说刺杀教皇，现在怕是连只鸡都拧不动脖子了！
你比比东两脚差点把他踹死，反过头来说他刺杀你？
我们这么多双眼睛都看着呢，当我们是瞎子吗？！
还有！
更离谱的是，就因为这么个扯淡到不能再扯淡的理由，就要向蓝电霸王龙宗索要赔偿？
你个比比东怎么比我还不要脸！？
他赶紧端起茶杯，猛灌了一口，试图用温热的茶水来平复自己那颗备受冲击的心脏。
他一边喝茶，一边将视线投向另一桌的鬼豹斗罗。
在他看来，鬼豹斗罗身为武魂殿的长老，封号斗罗级别的强者，总该有点脑子和判断力。
比比东的这个命令，荒谬绝伦，摆明了就是在胡闹。
鬼豹斗罗，肯定不会去执行的。
他最多也就是口头应付一下，等教皇冕下气消了，这事也就不了了之了。
然而。"
第252章 撕破脸皮？魔熊斗罗：那咋了？,https://www.biquh.com/678_678189/65997792_2.html,"
宁风致的目光刚刚落在鬼豹斗罗身上，就看到了一副让他毕生难忘的景象。
刚才还因为要当众揭露玉小刚真面目，而显得有些兴致缺缺的鬼豹斗罗。
在听到“赔偿”两个字的时候。
他的眼睛，“唰”的一下，亮了。
赔偿？
赔偿好啊！
这可太好了！
鬼豹斗罗的心里，算盘珠子都快盘出火星子了。
自家人知道自家事。
武魂殿现在是个什么财政状况？
说得好听点，是底蕴深厚。
说得难听点，就是穷得快要揭不开锅了！
教皇冕下为了能在前辈这里开启包月模式，直接把武魂殿数千年积攒的宝库给搬空了！
虽然前些日子，少主千仞雪从天斗帝国“携款潜逃”，带回来了帝国半个国库的惊人财富。
可问题是，少主她可没把那笔钱上交到公共宝库里啊！
那笔钱，现在就是少主自己的小金库，跟他们这些嗷嗷待哺的长老们，没有半毛钱关系。
这就导致了一个极其尴尬的局面。"
第252章 撕破脸皮？魔熊斗罗：那咋了？,https://www.biquh.com/678_678189/65997792_3.html,"
武魂殿宝库，依旧是空的！
宝库一空，最直接的影响是什么？
他们这些辛辛苦苦为武魂殿卖命的封号斗罗，领不到俸禄了！
放在以前，他们只顾着闷头修行，对金魂币这些身外之物，根本不屑一顾。
可现在不一样了啊！
以前，他们只顾着闷头修行，对金魂币这些黄白之物，确实不怎么在意。
可自从有了枫染亭这家要命的饭店后，那情况可就完全不一样了！
这里的菜，哪一样不要钱？哪一样不贵得吓死人？
虽然他们这些封号斗罗，虽然个个都家底丰厚，富得流油。
但总不能光出不进，坐吃山空吧？
毕竟，人是铁，饭是钢，一顿不吃饿得慌啊！
要恰饭的嘛！
现在，教皇冕下亲自下令，给了一个如此光明正大，去蓝电霸王龙宗“创收”的机会……
这哪里是去索要赔偿？
这分明是去“打秋风”！是去解决武魂殿的财政危机啊！
“是！教皇冕下！属下遵命！保证完成任务！”
鬼豹斗罗想都没想，猛地从座位上站起，声音洪亮，充满了干劲。
那激动的模样，不知道的还以为比比东是给了他多大的赏赐。"
第252章 撕破脸皮？魔熊斗罗：那咋了？,https://www.biquh.com/678_678189/65997792_4.html,"
“噗——！”
宁风致刚咽下半口的茶水，再也忍不住，一口喷了出来，呛得他撕心裂肺地咳嗽。
啥？
你他娘的说啥？
这么离谱的命令，你居然真的要去执行？
这一已经不是什么钱不钱的事情了，这是把蓝电霸王龙宗的脸活生生撕下来，狠狠踩踏啊！
“且慢！咳……咳咳！”
宁风致一口气还没缓过来，就手忙脚乱地站起身，急切地阻止了已经转身，准备即刻出发的鬼豹斗罗。
他顾不上擦嘴角的茶渍，转向比比东，语气里充满了忧虑。
“教皇冕下，这个决策……是不是……有点过于草率了？”
他斟酌着词句，试图让自己的劝谏听起来不那么刺耳。
“您若直接这样做，恐怕……恐怕会彻底激怒玉元震那条老龙，到时候，蓝电霸王龙宗与武魂殿，说不定真的会撕破脸皮了啊！”
宁风致说得是情真意切，完全是站在一个盟友的角度，分析着其中的利害关系。
然而。
比比东还没什么反应。
旁边一桌，正在用手指头抠牙缝的魔熊斗罗，就瓮声瓮气地抬起了头，满脸都是纯真的疑惑。
他看着一脸焦急的宁风致，问出了一句足以载入史册的灵魂拷问。"
第252章 撕破脸皮？魔熊斗罗：那咋了？,https://www.biquh.com/678_678189/65997792_5.html,"
“那咋了？”
这简简单单的三个字像大铁锤，接连不断地，狠狠砸在了宁风致的天灵盖上。
他整个人都懵了。
一瞬间，他差点没控制住自己的情绪，指着魔熊斗罗的鼻子破口大骂。
那咋了？
你问我那咋了？
现在大陆的局势本来就暗流涌动，万一因为这件破事，真的成了蓝电霸王龙宗与武魂殿全面开战的导火索，怎么办？
蓝电霸王龙宗再怎么说，也是上三宗之一，底蕴深厚！
宗门内，更是有玉元震那个成名已久的老牌封号斗罗坐镇！
那条老龙的实力，深不可测，一旦被逼到绝路，选择鱼死网破，给武魂殿造成巨大的损失，又该怎么办？
这些利害关系，你们这些脑子里只长肌肉的莽夫，难道就一点都想不明白吗？！
宁风致一口气憋在胸口，不上不下，差点当场心肌梗塞。
无数的道理，无数的分析，无数的担忧，已经涌到了他的嘴边。
可是。
当他下意识地转过头，想要用事实和逻辑，来“点醒”这些鲁莽的武魂殿莽夫时。
他的目光，扫过了大厅。
然后，他所有的话，忽的一下，全都咽了回去。
他看到了什么？"
第252章 撕破脸皮？魔熊斗罗：那咋了？,https://www.biquh.com/678_678189/65997792_6.html,"
他看到，千钧斗罗正和降魔斗罗低声交谈，似乎在讨论每天是不是也要点个猪蹄子来啃。
他看到，鬼斗罗和菊斗罗坐在一起，一起欣赏眼前的“悟道茶树苗”。
他看到，魔熊、拓跋希、蛇矛、刺豚……一桌，两桌，三桌……
宁风致的眼珠子，越瞪越大。
他看到了整整两三桌的封号斗罗！
啪！
下一秒，宁风致抬起手，重重地，一巴掌拍在了自己的脑门上......"
第253章 宁风致：请带上我！唐昊来枫染亭了！？,https://www.biquh.com/678_678189/65997793.html,"
自从和武魂殿混在一起后，宁风致下意识地就把自己放在了武魂殿“盟友”的角度，去为他们分析利弊，权衡得失。
可是他忘了。
或者说，他刻意忽略了一个最基本，也最恐怖的事实。
武魂殿，可不是他那个“弱小、可怜又无助”的七宝琉璃宗！
人家手里握着的，是三只手都数不过来的封号斗罗！
光是能一巴掌拍死玉元震的绝世斗罗，都特么有仨！
整整仨！
外加三桌子封号斗罗！
而且绝大部分都是九十五级以上的超级斗罗！
这是什么概念？
这是足以横推整个大陆，建立一个全新秩序的恐怖力量！
别说区区一个蓝电霸王龙宗了，恐怕就是上三宗联手，外加两大帝国捆一块，都不够人家一轮平推的！
玉元震那条老龙？
在三位绝世斗罗面前，他算个屁！
鱼死网破？
他凭什么？鱼可能会死，但网，绝对破不了！
你问我蓝电霸王龙宗撕破脸皮，咋了？
宁风致在心里，给了自己一个响亮的耳光。"
第253章 宁风致：请带上我！唐昊来枫染亭了！？,https://www.biquh.com/678_678189/65997793_2.html,"
没咋！
是我多管闲事了！
是我格局小了！
我就是想说……
打得好！早该打了！
蓝电霸王龙宗那群眼高于顶的家伙，我早就看他们不顺眼了！
宁风致的脑回路，在这一刻，完成了一次史诗级的转弯。
什么玉元震？
跟我们的三大绝世斗罗说去吧。
他心中那些关于“大局”、“安稳”、“利弊”的念头，瞬间被碾得粉碎。
取而代之的，是一个无比清晰，无比迫切的念头。
武魂殿打了蓝电霸王龙宗，可千万不能再顺手把我们七宝琉璃宗也给打了啊！
我们是一伙的！是忠心耿耿的自己人！
“咳。”
宁风致清了清嗓子，脸上的表情，已经从刚才的“忧国忧民”，切换到了“同仇敌忾”。
他向前一步，对着比比东，微微躬身，姿态谦卑到了极点。
“教皇冕下！”"
第253章 宁风致：请带上我！唐昊来枫染亭了！？,https://www.biquh.com/678_678189/65997793_3.html,"
他的声音，恭敬而又诚恳。
“虽然……虽然我们七宝琉璃宗的实力，可能入不了您的法眼。”
“但是，作为武魂殿最坚实的盟友，在讨伐蓝电霸王龙宗这等叛逆宗门的时候……”
宁风致的腰弯得更低了，脸上堆满了讨好的笑。
“请务必！务必带上我们七宝琉璃宗的魂师！”
“让他们，为冕下您的正义之师，献上最强的辅助！”
这一声正义凛然、铿锵有力的“请求”，直接把全场干沉默了。
“鬼长老，他啥意思？”
魔熊斗罗凑到鬼斗罗身边，压低了声音，那张粗犷的脸上写满了大大的问号。
他伸出蒲扇般的大手，偷偷指了指另一边正对着比比东卑躬屈膝的宁风致。
“刚才不还拦着冕下，说什么要顾全大局，不能撕破脸吗？”
“咋一转眼，他就要带着他们宗门的人，跟着咱们一起去干蓝电霸王龙宗了？”
魔熊斗罗挠了挠自己那颗硕大的脑袋，百思不得其解。
最终，他那简单的脑回路得出了一个他自认为最合理的结论。
“难不成……他也想跟着咱们去抢钱？”
鬼斗罗的眼角狠狠一跳。
他差点没忍住，想一巴掌呼在魔熊斗罗那颗硕大的脑袋上。
抢钱？"
第253章 宁风致：请带上我！唐昊来枫染亭了！？,https://www.biquh.com/678_678189/65997793_4.html,"
怎么说话呢！
咱们是武魂殿长老！是有身份有地位的人！
武魂殿的事儿，能叫抢吗？
我们这叫“依法索赔”！是正义执行！
鬼斗罗一口气在心里给自己做完了思想工作，刚想义正言辞地纠正魔熊斗罗的错误认知。
可一转头，对上魔熊斗罗那双清澈中透露着愚蠢的真诚大眼……
他到嘴边的话，硬生生憋了回去。
算了，这孩子本来就傻，自己还是别骂他了。
鬼斗罗清了清嗓子，换上一副教导三岁小孩的语气，循循善诱道：
“魔熊，你听好了。”
“记住，咱们这次去，是去‘索赔’，不是抢钱。”
他特意加重了“索赔”两个字的读音，生怕对方听不明白。
魔熊斗罗眨巴眨巴眼，瓮声瓮气的来了一句：
“那不还是抢钱吗？”
鬼斗罗：“……”
他默默地转过身去，感觉心好累。
带不动，真的带不动。"
第253章 宁风致：请带上我！唐昊来枫染亭了！？,https://www.biquh.com/678_678189/65997793_5.html,"
而宁风致那一番堪称丝滑变脸的表态，让在场所有人都见识到了什么叫做顶级宗主的“格局”。
就连比比东，那双冰冷的美眸中，也难得地闪过了一丝诧异。
不过，她很快便回过神来，看着宁风致那张写满了“真诚”的脸，她还是轻轻点了点头。
“宁宗主有心了。”
比比东的声音恢复了些许教皇的威严，却又带着少女独有的清脆。
“未来，武魂殿不会亏待七宝琉璃宗这个最坚实的盟友。”
得到比比东这句分量十足的亲口保证，宁风致那颗悬着的心，才算彻底放回了肚子里。
他长长地舒了一口气，感觉后背不知何时已经被冷汗浸湿。
太刺激了。
跟这群武魂殿的疯子待在一起，比他执掌七宝琉璃宗几十年经历的大风大浪加起来还要刺激。
眼见事情已经敲定，鬼豹斗罗也不再耽搁。
他现在满脑子都是蓝电霸王龙宗那富得流油的宝库，一想到即将到来的“巨额赔偿”，他就感觉浑身充满了干劲！
这是为武魂殿的财政复兴而战！
鬼豹斗罗站起身，对着比比东和林枫恭敬地行了一礼，随后便大步流星地朝门口走去。
然而，他前脚刚迈出枫染亭的大门。
一道邋遢的身影，就毫无征兆地和他撞了个满怀。
砰——！
一声沉闷的巨响。"
第253章 宁风致：请带上我！唐昊来枫染亭了！？,https://www.biquh.com/678_678189/65997793_6.html,"
鬼豹斗罗只感觉自己像是撞在了一堵铁墙上，整个人向后踉跄倒退了两大步，才勉强稳住身形。
他本就因为要去“创收”而心情激动，此刻被人一撞，顿时火冒三丈，张嘴就要破口大骂。
可当他看清门外那道身影的瞬间，所有即将脱口而出的怒骂，都硬生生卡死在了喉咙里。
取而代之的，是一声调都变了的惊骇尖叫。
“我焯！！唐昊！？”
他这一嗓子，瞬间把大厅里所有人的注意力都给拉了过来。
众人齐刷刷转头。
只见门口，一道身影踉跄着站稳，浑身散发着一股馊味和血腥味混合的恶臭。
衣服烂得像街边的乞丐，右边的袖子空荡荡地耷拉着，随着风一晃一晃。
那张脸，一半是干涸的血污，一半是死灰般的绝望。
不是那个被他们打成狗的唐昊，还能是谁！"
第254章 快递员唐昊，您点的魂环已送达！,https://www.biquh.com/678_678189/66002548.html,"
听到声音，林枫端着茶杯的手在半空中停顿了一瞬，眉梢轻轻挑起。
唐昊？
他怎么敢来的？
这里可是武魂城，武魂殿的大本营，龙潭虎穴中的龙潭虎穴。
一个被武魂殿挂在通缉令榜首十几年，前两天才刚被自家长老打断双腿、撕掉一臂的残废。
是哪来的勇气，敢这么大摇大摆地出现在这里的？
难不成是觉得，自己变成残疾人后，武魂殿的人就不打你了？
林枫的脑海中闪过一丝诧异，但紧接着，这份诧异就被一股奇妙的念头所取代。
他眼角的余光瞥向柜台上那盆蓝银皇。
小家伙正努力伸出叶片，孜孜不倦地想去蹭他的衣角。
蓝银皇吸收自己的魂骨，可以加快恢复。
那如果……把属于她的那枚十万年魂环也一并回收呢？
林枫本来还觉得，为了一个魂环特意跑出去找人，实在是有点麻烦。
可他万万没想到。
自己还没动身，送货的居然主动上门了！
这要是还不把他身上的魂环给“签收”了，都对不起唐昊这一路风尘仆仆的“快递服务”！
此刻的唐昊，丝毫不知自己已然成了林枫眼中的“年度优秀快递员”。
他踉跄站稳，一双充血的眼睛死死扫过店内。"
第254章 快递员唐昊，您点的魂环已送达！,https://www.biquh.com/678_678189/66002548_2.html,"
那十几位气息可怖的封号斗罗，被他直接无视。
宁风致和星罗大帝，更是被他当成了空气。
他的视线，他的世界，只剩下柜台上的那一盆植物。
那熟悉的蓝金色叶片，那比两天前旺盛了不知多少倍的生命气息！
阿银！
真的是阿银！
下一秒，唐昊脸上的狂喜还未绽放，就整个僵住。
他看到，那盆“阿银”，正以一种他从未见过的，甚至可以说是……妖娆的姿态，疯狂地扭动着自己的叶片。
那纤细的藤蔓，像极了女人的手臂，正想方设法地朝着柜台后那个年轻人的身上蹭。
那动作……那姿态……
活像个向主人讨宠的小宠物。
一股微不可查的荒谬怒火与被背叛感，猛地冲上唐昊的天灵盖！他的脑子嗡的一声，几乎是下意识地，嘶哑着喊出了一声。
“阿银？”
听到唐昊的声音，蓝银皇扭动的叶片猛地一顿。
但仅仅是停顿了一秒。
它便仿佛什么都没发生过一样，扭过头，继续不知疲倦地，伸长了藤蔓，去够林枫的衣袖。
仿佛那个声音，只是一阵无足轻重的风。"
第254章 快递员唐昊，您点的魂环已送达！,https://www.biquh.com/678_678189/66002548_3.html,"
但唐昊很快就将心底的这丝异样，强行压了下去。
他看着状态明显好转太多的蓝银皇，心中的激动瞬间压倒了一切！
“阿银！！”
他大吼一声，再也按捺不住，迈开脚步就要冲入店内，冲到那盆魂牵梦萦的植物面前！
可他的一只脚，才刚刚踏过门槛。
一道高大的身影，瞬间挡在了他的面前。
是金鳄斗罗！
他眉头紧锁，那双锐利的眸子里，是毫不掩饰的厌恶与鄙夷。
眼见有人拦路，唐昊积压在胸口的怒火瞬间爆发，下意识地便要咆哮出声。
“滚……”
“啪——！！！”
一个“开”字还没来得及出口，一只布满鳞片的金色大手，便携着万钧之势，结结实实地扇在了他的脸上！
唐昊只觉得天旋地转，整个人被抽得倒飞出去，在地上翻滚了好几圈才停下，脑仁都在震荡。
紧接着，便是金鳄斗罗那充满无尽鄙夷的怒骂。
“就你这样的垃圾，也想进前辈的店？你也配？！”
“滚远点！弄脏了前辈这里的地板，你担待得起吗？！”
看到这一幕的林枫，嘴角不易察觉地抽动了一下。
啊这……"
第254章 快递员唐昊，您点的魂环已送达！,https://www.biquh.com/678_678189/66002548_4.html,"
别啊！
金鳄斗罗你别动手啊！
你把他扇走了，我的十万年魂环上哪要去？
地脏了可以让朱竹清姐妹再拖一遍，可快递跑了，还得自己出门去逮，多麻烦！
林枫强忍着吐槽的冲动，轻轻咳嗽了一声。
“咳。”
“金鳄，算了。”
他的语气平淡，听不出喜怒。
“让他进来吧。”
“我倒想看看，他见到活过来的蓝银皇，有何话说。”
这声音不大，却清晰地传入了每个人的耳中。
刚才还像一头暴怒雄狮的金鳄斗罗，在听到林枫声音的瞬间，身上的气焰“唰”的一下，就全灭了。
他猛地回身，对着林枫的方向，恭恭敬敬地抱拳行礼。
“是，前辈。”
说完，他才缓缓回过头，用眼角的余光瞥了一眼地上还在发懵的唐昊，冷哼一声。
“哼！前辈心胸宽阔，愿意见你这种废物，算你运气好！”
话音落下，他便退到一旁，让开了道路。"
第254章 快递员唐昊，您点的魂环已送达！,https://www.biquh.com/678_678189/66002548_5.html,"
而地上的唐昊，也终于从那一巴掌中缓了过来。
他将金鳄罗和林枫刚才的对话，一字不落地听进了耳中。
他的目光，终于第一次，从蓝银皇的身上，艰难地挪开，落在了柜台后那个年轻人的身上。
前辈？
这就是鬼斗罗口中，那个能让阿银起死回生，重新化形的“前辈”？
看上去……就是一个普普通通，连半点魂力都没有的年轻人。
他真的有那种通天的本领吗？
可金鳄斗罗那发自骨子里的恭敬做不了假。
阿银此刻那生机勃勃的状态，更是做不了假！
事实，胜于一切雄辩。
唐昊挣扎着从地上爬起，那条仅剩的左臂，死死攥紧。
他迈着沉重的步伐，一步一步，走进了这家处处都透露着古怪的饭店。
当唐昊真正踏入枫染亭的那一刻，便嗅到一股难以形容的霸道香气。
那香气仿佛拥有生命，疯狂地钻入他的鼻腔，勾动着他早已麻木的味蕾和饥肠辘辘的肠胃。
他已经不知道多久没有好好吃过一顿饭了。
这股味道，让他本能地分泌出口水，喉结不受控制地滚动。
但最让他感到不可思议的，是弥漫在整个饭店里的一种……宁静。
明明外面就是武魂殿的大本营，明明店里坐着一群恨不得将他生吞活剥的仇人。"
第254章 快递员唐昊，您点的魂环已送达！,https://www.biquh.com/678_678189/66002548_6.html,"
可他站在这里，心中那份常年伴随着他的暴虐与戾气，竟是被一股无形的力量，悄然抚平。
唐昊的目光，最终还是落在了柜台后的林枫身上。
这个看似普通的年轻人，身上仿佛笼罩着一层迷雾，让他完全看不透。
但他知道，这个男人，就是他唯一的希望！
唐昊深吸一口气，拖着残破的身躯，缓缓上前。
在距离柜台还有两米远的地方，他停住了脚步。
然后，在所有人看戏的目光中，他那颗高傲了几十年的头颅，缓缓地低了下去。
“请你……救阿银。”
他的声音沙哑、干涩，充满了卑微的祈求。
“如果你能做到，我……我愿意付出一切！”
此话一出，店内的气氛，瞬间变得古怪起来。"
第255章 强行剥离十万年魂环！阿银化形！,https://www.biquh.com/678_678189/66002549.html,"
抱着自己那盆悟道茶树苗的菊斗罗，看着唐昊那身破烂衣袍和空荡荡的袖管，差点没绷住笑出声。
付出一切？
你现在，还剩下什么？
那条没断的胳膊？还是这条不值钱的烂命？
邻桌的宁风致也是摇头，端起茶杯，试图掩饰住嘴角的讥讽。
曾几何时，昊天斗罗唐昊，是何等意气风发，是足以令大陆为之震动的存在。
可如今，却落魄到连“付出一切”这四个字，都显得如此苍白可笑。
“付出一切？”
柜台后，林枫终于有了反应。
他懒洋洋地抬起眼皮，那眼神，像是在打量一件被随意丢弃在路边的垃圾，在唐昊身上缓缓扫过。
随后，他换了个更舒服的姿势靠在躺椅上，嘴角勾起一抹玩味的弧度。
“你是不是误会了什么？”
“你该不会真的以为，你身上……还有什么我能看上眼的东西吧？”
声音不大。
语气平淡。
但每一个字，都像是一记无形的、滚烫的耳光，狠狠抽在唐昊那张高傲了几十年的脸上。
轰！
唐昊的脑子嗡的一声，一片空白。"
第255章 强行剥离十万年魂环！阿银化形！,https://www.biquh.com/678_678189/66002549_2.html,"
他脸上的血色瞬间褪尽，取而代之的，是屈辱到极点的酱紫色。
仅剩的左拳死死攥紧，指甲深陷掌心，带出丝丝血迹，他却浑然不觉。
羞辱！
这是他从未承受过的，赤裸裸的羞辱！
哦，不对。
之前宁风致那老混蛋，用他那破塔敲自己脑门的时候，好像也挺羞辱的。
可那不一样！
宁风致好歹是大陆第一辅助魂师，是七宝琉璃宗的宗主！
眼前这个男人呢？
他凭什么？！
唐昊咬碎后槽牙，一股暴怒的火焰从心底直冲天灵盖。
“不过……”
就在这时，林枫的声音，却又一次悠悠响起。
“既然你都这么说了。”
“我这人，向来也不是什么不讲道理的人。”
林枫身体微微前倾，那双漆黑的眸子，终于第一次正眼看向了唐昊。
“既然你都这样说了，我可以满足你。”"
第255章 强行剥离十万年魂环！阿银化形！,https://www.biquh.com/678_678189/66002549_3.html,"
这突如其来的转折，让唐昊猛地一怔。
他抬起头，眼中爆发出难以置信的狂喜。
“真的？！”
“当然。”
林枫淡淡一笑，这一刻，他的脸在唐昊眼里也不是那么可恶了。
可下一秒。
唐昊脸上的狂喜，便彻底凝固。
只见林枫说完那句话后，甚至都没有多余的动作，只是眼神微微一凝。
一股无法抗拒，无法理解，无法言说的恐怖力量，瞬间降临！
“呃啊啊啊啊啊——！！！”
唐昊的身体猛地一弓，整个人不受控制地跪倒在地，发出了撕心裂肺的痛苦哀嚎！
他感觉自己的灵魂，像是被一只无形的大手狠狠攥住，然后强行往外撕扯！
与此同时！
两黄！两紫！四黑！一红！
九个魂环，不受控制地从他体内悍然升起，在他周身疯狂律动！
那是他身为昊天斗罗的象征！是他力量的根源！
可此刻，这些魂环却像是背叛了他的叛徒，散发着不详的光芒！
尤其是最后那一道，那圈代表着阿银献祭而来的，猩红色的十万年魂环！"
第255章 强行剥离十万年魂环！阿银化形！,https://www.biquh.com/678_678189/66002549_4.html,"
此刻，它正以一种极其诡异的频率疯狂闪烁，光芒越来越亮，越来越刺眼！
“这……这是？！”
“炸环？！”
金鳄斗罗等人脑海里下意识地冒出这个词。
可下一秒，他们就否定了这个荒谬的想法。
炸环，是昊天宗的独门秘技，是燃烧魂环，瞬间爆发出远超自身力量的禁术！
可看唐昊那副痛不欲生的样子，哪里有半点主动施为的模样？
这分明是……
鬼斗罗那藏在黑袍下的脸，肌肉狠狠抽搐了一下，声音干涩。
“前辈这是在……强行剥离他的魂环！？”
此话一出，满堂皆寂！
所有人，包括宁风致和戴天风，全都倒吸了一口凉气。
强行……剥离一个活着的封号斗罗的魂环？
这是什么匪夷所思的手段？
就在众人惊骇的目光中。
那道猩红色的十万年魂环，光芒亮到了极致！
咔嚓——！！！"
第255章 强行剥离十万年魂环！阿银化形！,https://www.biquh.com/678_678189/66002549_5.html,"
一声清脆得仿佛玻璃碎裂的声音，在寂静的大厅内，悍然炸响！
那圈象征着巅峰力量的魂环，就这么在众目睽睽之下，爆碎成了漫天猩红色的光点！
紧接着。
让所有人毕生难忘的一幕，发生了。
那由十万年魂环爆碎后形成的，磅礴如海的魂力洪流，并没有消散。
而是仿佛受到了某种无上意志的指引，化作一条猩红色的能量长河，跨越空间，以一种自动认主的姿态，朝着柜台上的那盆蓝银皇，奔涌而去！
面对这股本就同根同源的庞大能量，蓝银皇没有丝毫的排斥。
它那蓝金色的叶片舒展开来，两条最粗壮的枝干，如同张开的双臂，主动迎向了那条能量长河。
在所有人眼睁睁的注视下。
那盆原本只有半米来高的蓝银皇，开始了疯狂的成长！
一米，一米五......
伴随着一阵阵植物拔节般的脆响，它一直生长到足有成年人高，才堪堪停止。
蓝银皇就这么亭亭玉立地“站”在柜台上，蓝金色的叶片无风自动，散发着梦幻般的光泽。
而它身上散发出的气息，也在节节攀升！
七万年！
八万年！
九万年！
……"
第255章 强行剥离十万年魂环！阿银化形！,https://www.biquh.com/678_678189/66002549_6.html,"
十万年！
当蓝银皇的气息，重新攀升到十万年巅峰的那一刻。
咚咚！！！
一声沉闷，却又无比清晰的心跳声，毫无征兆地，在每个人的心头响起！
那心跳声，仿佛不来自于外界，而是直接在他们的灵魂深处擂响！
来源，正是那株蓝银皇！
“心……心跳声？！”
“莫非，她要……”
所有人的呼吸，都在这一刻停滞了。
而作为回应。
那株达到了十万年巅峰的蓝银皇，身上猛地爆发出一阵前所未有的，璀璨至极的蓝色光芒！
那光芒是如此的柔和，却又如此的霸道！
光芒之中，蕴含着精纯的生命气息，瞬间便笼罩了整个枫染亭！
被这股生命气息笼罩，店内的每一个人，都感觉自己仿佛浸泡在了温暖的泉水之中。
其余人都在感受着这股暖洋洋的舒畅感，唯有比比东，就这么静静地站在原地。
她看着那团耀眼的蓝光，那双紫晶般的眸子，闪烁着极其复杂的光芒。
一方面，她为前辈这种逆天改命，宛如创世神般的手段而感到深深的痴迷与崇拜。"
第255章 强行剥离十万年魂环！阿银化形！,https://www.biquh.com/678_678189/66002549_7.html,"
另一方面……
当她想到，前辈之所以这么做，是为了另一个女人。
一股浓浓的酸意，便不受控制地从心底冒了出来。
不行！
绝对不能让她抢走前辈！
比比东暗暗攥紧了粉拳，心中警铃大作。
蓝光之中。
一个窈窕婀娜的轮廓，正在缓缓成型。
“化形了……”
“蓝银皇，真的要重新化形为人了！”"
第256章 大型认亲翻车现场！温柔人妻变毒舌女王？,https://www.biquh.com/678_678189/66002550.html,"
光芒缓缓内敛，如退潮的海水，一点点变得柔和。
那个在光芒中勾勒出的曼妙身影，也随之愈发清晰。
一头瀑布般的蔚蓝色长发柔顺地垂至腰间，发丝间流动着生命的光辉。
一身由蓝银草叶片天然编织的蓝色长裙，完美勾勒出她那惊心动魄的曲线，腰肢纤细，盈盈一握。
当光芒彻底散去。
一张温柔、恬静，美到令人心跳停滞的脸庞，出现在所有人的视线之中。
她缓缓睁开了眼。
那是一双蔚蓝色的，如最纯净天空的眼眸，温柔得能够倒映出整个世界。
重新化形的蓝银皇，其姿色，竟丝毫不弱于刚刚获得了十八岁身体的比比东！
一个是青春活力的紫发魔女，一个是温柔恬静的蓝发仙子，当真是春兰秋菊，各擅胜场。
“咕嘟。”
魔熊斗罗下意识地咽了口唾沫，声音在寂静的大厅里格外响亮。
他赶紧捂住自己的嘴，一双熊眼瞪得溜圆，看看柜台上那绝美的蓝发女子，又扭头瞅瞅一旁同样美得冒泡的教皇冕下。
“鬼长老……”他压低声音，凑到鬼斗罗耳边，语气里充满了对世界未解之谜的探索精神，“你说，前辈他……是不是就喜欢这个类型的？”
鬼斗罗眼皮狠狠一跳。
你个憨货，这种话是能随便说的吗？！
然而，他还没来得及呵斥，就发现金鳄斗罗、圣龙斗罗等人，也都投来了若有所思、深以为然的目光。
只是，唯一有些影响气氛的是……"
第256章 大型认亲翻车现场！温柔人妻变毒舌女王？,https://www.biquh.com/678_678189/66002550_2.html,"
这位蓝发仙子，是在柜台上的那个大号花盆里完成化形的。
所以此刻的她，双足还踩在湿润的泥土里，笔直地站在花盆中，一米七多的身高让她脑袋都快顶到饭店的天花板了。
大厅里，十几位封号斗罗，有一个算一个，全都仰着头，像一群看傻了的土拨鼠。
与此同时。
蜷缩在地上的唐昊，全身剧烈地抽搐着。
直到此刻，那股发自身体最深处的空虚感，才让他猛然惊觉！
他体内那澎湃如海的魂力，被扎破了一个大洞，飞速流逝。
九十四级……
九十三级……
九十二级……
最终，堪堪停在了九十级的门槛上！
他那枚猩红色的十万年魂环，他身为封号斗罗最顶级的标志，就这么被那个年轻人，硬生生地、当着所有人的面，给剥离出去了！
他跌境了！
他不再是那个威震大陆的昊天斗罗了！
“你！！”
唐昊目眦欲裂，他虽然说过为了复活阿银可以付出一切，可这“一切”里，绝对不包括让他跌落封号斗罗的境界！
在他原本的设想中，所谓的“前辈”救人，应该是耗费自身修为，或者拿出什么天材地宝。"
第256章 大型认亲翻车现场！温柔人妻变毒舌女王？,https://www.biquh.com/678_678189/66002550_3.html,"
可他万万没想到，天底下竟然还有如此离谱的事情！
救人，居然是靠拆掉他这个“家属”的零件来救的？！
“你！”
然而，他满腔的怒火刚要喷薄而出，一抬头，却刚好对上了阿银睁开双眼的那一幕。
怒火，瞬间浇灭。
他看着那张熟悉的，让他无数个日夜魂牵梦绕的脸庞，那双充血的眼眶，瞬间湿润。
唐昊实在是没有想到，此生此世，自己居然真的还有再见到阿银重生的一天！
他也顾不上那跌落境界的剧痛与虚弱，挣扎着从地上爬起，用那条仅剩的独臂撑着地，就想朝着柜台的方向扑去。
他要抱住她！
他要把她紧紧地拥入怀中，告诉她自己有多后悔，有多想她！
“阿银！”
他看着那近在咫尺的，包裹在天然草叶裙下的修长美腿，想也不想地就要伸手抱过去！
然而，不待他那只沾满污泥的左手触碰到蓝银皇的肌肤。
一只白白嫩嫩，莹润如玉，却还沾染了些许新鲜泥土的脚丫，就毫无征兆地，猛地印在了唐昊的脸上。
砰！
唐昊整个人被这一脚踹得向后一仰，一屁股坐在了地上，直接懵了。
只见那刚刚化形，美得不可方物的蓝银皇，缓缓收回自己的小脚。
她微微蹙起那好看的眉头，低头看着地上懵逼的唐昊，那双蔚蓝的眸子里，是一种纯粹的，不加掩饰的厌恶。"
第256章 大型认亲翻车现场！温柔人妻变毒舌女王？,https://www.biquh.com/678_678189/66002550_4.html,"
她朱唇轻启，声音如泉水叮咚，清脆悦耳，说出的话却冰冷刺骨。
“虽然不知道你是谁，但是我感觉自己很讨厌你，能请你不要靠近我吗？”
这句话，如同一道惊雷，狠狠劈在了唐昊的天灵盖上。
他整个人都傻了。
阿银……不记得我了？
还……很讨厌我？
“阿银！你不记得我了吗？”唐昊顾不上脸上的剧痛和脚印，急切地嘶吼道，“我是唐昊啊！是你的丈夫！”
听到这句话，阿银的眉头，瞬间皱得更深了。
她看唐昊的眼神，像在看一坨会说话的垃圾。
“唐昊？”
她重复了一句，随即露出了一个无比嫌恶的表情。
“没听过。”
“而且虽然不知道为什么，但在听到这两个字后，我感觉自己更讨厌你了。”
她微微歪了歪头，用一种天真又残忍的语气，提出了一个建议。
“能请你不要说话吗？”
似乎是觉得这个建议还不够好，她又补充了一句。
“不，能请你不要呼吸吗？”"
第256章 大型认亲翻车现场！温柔人妻变毒舌女王？,https://www.biquh.com/678_678189/66002550_5.html,"
“感觉和你呼吸同一片空气，都让我有些作呕。”
好家伙。
林枫的内心，掀起了吐槽的风暴。
这蓝银皇重生的版本，是不是哪里出了问题？
温柔人妻的初始设定呢？怎么直接给升级成毒舌女王了？
而且这厌恶感，简直是刻在DNA里了啊！
“阿银……”
唐昊瘫坐在地，嘴唇哆嗦着，整个人像是被抽走了所有的精气神，眼中只剩下无尽的绝望与茫然。
他想不通。
他完全想不通！
为什么会这样？
他刚想爬起来，继续说些什么，试图唤醒阿银的记忆。
然而下一秒，对方的动作，差点没让他一口老血当场喷出来，直接昏死过去。
只见那位刚刚还站在花盆里，对他极尽鄙夷的蓝发仙子，忽然动了。
她无视了坐在地上的唐昊。
她那双笔直修长的美腿轻轻一迈，便优雅地从那个大号花盆里走了出来，稳稳地落在了柜台的桌面上。
然后。
在所有人震惊，唐昊近乎目呲欲裂的目光中。
这位蓝发仙子，根本没有丝毫的犹豫，径直朝着柜台后方那道身影，扑了过去！"
第257章 朱竹清风评被害，被开发到夜间教学了？,https://www.biquh.com/678_678189/66021618.html,"
“主人！”
一声清脆又欣喜的呼唤，清脆得如同山涧的百灵鸟。
刚刚化形，宛如蓝发仙子的阿银，没有丝毫的犹豫和矜持。
在所有人瞠目结舌的注视下，她像一只找到了归巢乳燕，欢快地扑向了柜台后方的身影。
林枫只感觉一阵香风扑面。
下一秒，一个温软、馨香、带着草木清新与磅礴生命气息的娇躯，便整个挂在了他的身上。
纤细的双臂紧紧环住林枫的脖子，那双被草叶裙摆覆盖的修长美腿。
更是直接缠在了林枫的腰上，整个人如同八爪鱼一般，严丝合缝地贴了上去。
她甚至还把那张绝美的小脸，在林枫的脸颊上不停地蹭来蹭去，嘴里发出满足而痴迷的嬉笑声。
“嘻嘻嘻~”
“主人的味道……好好闻……”
那姿态，那神情，哪里还有半分刚才那种高冷、厌恶，拒人于千里之外的蓝发仙子模样？
这分明就是一个粘人到了极点的小妖精！
林枫感受着怀中温软的触感和耳边少女的呢喃，嘴角不易察觉地抽了一下。
虽然手感和香味都无可挑剔，但这姿势是不是有点太奔放了？
店里还这么多人看着呢！
这一幕，让饭店里所有男性，全都下意识地转过了头，或者低下了脑袋。
心中默念：非礼勿视，非礼勿视！"
第257章 朱竹清风评被害，被开发到夜间教学了？,https://www.biquh.com/678_678189/66021618_2.html,"
前辈的私生活，是他们这些人的能看的吗？那是大不敬！
相较于男人们的“非礼勿视”，饭店里的女人们，却是一个个“怒目而视”！（某位啃猪蹄儿的除外）
滋啦——
比比东的双手，紧紧攥着腿上的永恒黑丝，指甲在上面抠出破洞来都没有察觉。
她那双紫晶般的美眸里，几乎要喷出血来！
胡列娜的指甲，深深地掐进了自己的掌心，脸上那妩媚的笑容早已消失不见，只剩下咬牙切齿的嫉妒。
朱竹云和朱竹清姐妹俩，也是死死盯着那个挂在林枫身上的身影，眼神复杂到了极点。
她们四个人的心中，此刻正不约而同地，发出着同一阵土拨鼠般的疯狂尖叫。
啊啊啊啊啊！！！
又来一个！！！
还是一个这么不知羞耻，当众就敢往前辈怀里扑的臭女人！
你给我下来！
那个位置是我的！是我的！！！
“哼，”朱竹云终究是没忍住，酸溜溜地低声嘟囔了一句，“这棵破草，怎么就这么会讨主人欢心？这些黏人的手段，都是从哪学来的？”
她这话，纯粹是下意识的吐槽。
可谁也没想到。
那个正像无尾熊一样挂在林枫身上，拿脸蛋蹭个不停的阿银，动作忽然一顿，随后好奇地探出小脑袋。"
